literal	current_family	proposed_family	source	evidence	confidence	verdict	review_note
一丘之貉	idiom	chengyu	china-idiom	external-membership	medium	pending	
一事無成	idiom	chengyu	china-idiom	external-membership	medium	pending	
一仍舊貫	idiom	chengyu	china-idiom	external-membership	medium	pending	
一以貫之	idiom	chengyu	china-idiom	external-membership	medium	pending	
一來一往	idiom	chengyu	china-idiom	external-membership	medium	pending	
一來二去	idiom	chengyu	china-idiom	external-membership	medium	pending	
一刀兩斷	idiom	chengyu	china-idiom	external-membership	medium	pending	
一勞永逸	idiom	chengyu	china-idiom	external-membership	medium	pending	
一口咬定	idiom	chengyu	china-idiom	external-membership	medium	pending	
一吐為快	idiom	chengyu	china-idiom	external-membership	medium	pending	
一命嗚呼	idiom	chengyu	china-idiom	external-membership	medium	pending	
一哄而上	idiom	chengyu	china-idiom	external-membership	medium	pending	
一唱一和	idiom	chengyu	china-idiom	external-membership	medium	pending	
一塵不染	idiom	chengyu	china-idiom	external-membership	medium	pending	
一夫當關	idiom	chengyu	china-idiom	external-membership	medium	pending	
一如既往	idiom	chengyu	china-idiom	external-membership	medium	pending	
一孔之見	idiom	chengyu	china-idiom	external-membership	medium	pending	
一官半職	idiom	chengyu	china-idiom	external-membership	medium	pending	
一己之私	idiom	chengyu	china-idiom	external-membership	medium	pending	
一己之見	idiom	chengyu	china-idiom	external-membership	medium	pending	
一帆風順	idiom	chengyu	china-idiom	external-membership	medium	pending	
一席之地	idiom	chengyu	china-idiom	external-membership	medium	pending	
一年一度	idiom	chengyu	china-idiom	external-membership	medium	pending	
一往無前	idiom	chengyu	china-idiom	external-membership	medium	pending	
一得之愚	idiom	chengyu	china-idiom	external-membership	medium	pending	
一心一德	idiom	chengyu	china-idiom	external-membership	medium	pending	
一心一意	idiom	chengyu	china-idiom	external-membership	medium	pending	
一意孤行	idiom	chengyu	china-idiom	external-membership	medium	pending	
一應俱全	idiom	chengyu	china-idiom	external-membership	medium	pending	
一成不變	idiom	chengyu	china-idiom	external-membership	medium	pending	
一手一腳	idiom	chengyu	china-idiom	external-membership	medium	pending	
一手一足	idiom	chengyu	china-idiom	external-membership	medium	pending	
一手遮天	idiom	chengyu	china-idiom	external-membership	medium	pending	
一掃而光	idiom	chengyu	china-idiom	external-membership	medium	pending	
一掃而空	idiom	chengyu	china-idiom	external-membership	medium	pending	
一文不值	idiom	chengyu	china-idiom	external-membership	medium	pending	
一星半點	idiom	chengyu	china-idiom	external-membership	medium	pending	
一時三刻	idiom	chengyu	china-idiom	external-membership	medium	pending	
一望無垠	idiom	chengyu	china-idiom	external-membership	medium	pending	
一望無邊	idiom	chengyu	china-idiom	external-membership	medium	pending	
一望無際	idiom	chengyu	china-idiom	external-membership	medium	pending	
一本正經	idiom	chengyu	china-idiom	external-membership	medium	pending	
一枕黃粱	idiom	chengyu	china-idiom	external-membership	medium	pending	
一柱擎天	idiom	chengyu	china-idiom	external-membership	medium	pending	
一概而論	idiom	chengyu	china-idiom	external-membership	medium	pending	
一毛不拔	idiom	chengyu	china-idiom	external-membership	medium	pending	
一氣呵成	idiom	chengyu	china-idiom	external-membership	medium	pending	
一決勝負	idiom	chengyu	china-idiom	external-membership	medium	pending	
一決雌雄	idiom	chengyu	china-idiom	external-membership	medium	pending	
一清二白	idiom	chengyu	china-idiom	external-membership	medium	pending	
一潭死水	idiom	chengyu	china-idiom	external-membership	medium	pending	
一無所得	idiom	chengyu	china-idiom	external-membership	medium	pending	
一無所有	idiom	chengyu	china-idiom	external-membership	medium	pending	
一無所獲	idiom	chengyu	china-idiom	external-membership	medium	pending	
一無所知	idiom	chengyu	china-idiom	external-membership	medium	pending	
一無所長	idiom	chengyu	china-idiom	external-membership	medium	pending	
一無是處	idiom	chengyu	china-idiom	external-membership	medium	pending	
一片丹心	idiom	chengyu	china-idiom	external-membership	medium	pending	
一病不起	idiom	chengyu	china-idiom	external-membership	medium	pending	
一盤散沙	idiom	chengyu	china-idiom	external-membership	medium	pending	
一目十行	idiom	chengyu	china-idiom	external-membership	medium	pending	
一目瞭然	idiom	chengyu	china-idiom	external-membership	medium	pending	
一相情願	idiom	chengyu	china-idiom	external-membership	medium	pending	
一知半解	idiom	chengyu	china-idiom	external-membership	medium	pending	
一石二鳥	idiom	chengyu	china-idiom	external-membership	medium	pending	
一笑了之	idiom	chengyu	china-idiom	external-membership	medium	pending	
一筆勾銷	idiom	chengyu	china-idiom	external-membership	medium	pending	
一箭雙鵰	idiom	chengyu	china-idiom	external-membership	medium	pending	
一籌莫展	idiom	chengyu	china-idiom	external-membership	medium	pending	
一紙空文	idiom	chengyu	china-idiom	external-membership	medium	pending	
一絲不苟	idiom	chengyu	china-idiom	external-membership	medium	pending	
一網打盡	idiom	chengyu	china-idiom	external-membership	medium	pending	
一脈相傳	idiom	chengyu	china-idiom	external-membership	medium	pending	
一脈相承	idiom	chengyu	china-idiom	external-membership	medium	pending	
一臂之力	idiom	chengyu	china-idiom	external-membership	medium	pending	
一舉兩得	idiom	chengyu	china-idiom	external-membership	medium	pending	
一舉成名	idiom	chengyu	china-idiom	external-membership	medium	pending	
一落千丈	idiom	chengyu	china-idiom	external-membership	medium	pending	
一葉知秋	idiom	chengyu	china-idiom	external-membership	medium	pending	
一葉障目	idiom	chengyu	china-idiom	external-membership	medium	pending	
一衣帶水	idiom	chengyu	china-idiom	external-membership	medium	pending	
一表人材	idiom	chengyu	china-idiom	external-membership	medium	pending	
一見傾心	idiom	chengyu	china-idiom	external-membership	medium	pending	
一見鍾情	idiom	chengyu	china-idiom	external-membership	medium	pending	
一視同仁	idiom	chengyu	china-idiom	external-membership	medium	pending	
一覽無餘	idiom	chengyu	china-idiom	external-membership	medium	pending	
一觸即潰	idiom	chengyu	china-idiom	external-membership	medium	pending	
一言一行	idiom	chengyu	china-idiom	external-membership	medium	pending	
一言不發	idiom	chengyu	china-idiom	external-membership	medium	pending	
一言以蔽之	idiom	chengyu	china-idiom	external-membership	medium	pending	
一言為定	idiom	chengyu	china-idiom	external-membership	medium	pending	
一言難盡	idiom	chengyu	china-idiom	external-membership	medium	pending	
一語中的	idiom	chengyu	china-idiom	external-membership	medium	pending	
一語破的	idiom	chengyu	china-idiom	external-membership	medium	pending	
一語道破	idiom	chengyu	china-idiom	external-membership	medium	pending	
一路平安	idiom	chengyu	china-idiom	external-membership	medium	pending	
一路風塵	idiom	chengyu	china-idiom	external-membership	medium	pending	
一蹴而就	idiom	chengyu	china-idiom	external-membership	medium	pending	
一蹶不振	idiom	chengyu	china-idiom	external-membership	medium	pending	
一身兩役	idiom	chengyu	china-idiom	external-membership	medium	pending	
一身是膽	idiom	chengyu	china-idiom	external-membership	medium	pending	
一針見血	idiom	chengyu	china-idiom	external-membership	medium	pending	
一錘定音	idiom	chengyu	china-idiom	external-membership	medium	pending	
一長一短	idiom	chengyu	china-idiom	external-membership	medium	pending	
一門心思	idiom	chengyu	china-idiom	external-membership	medium	pending	
一面之交	idiom	chengyu	china-idiom	external-membership	medium	pending	
一面之緣	idiom	chengyu	china-idiom	external-membership	medium	pending	
一面之詞	idiom	chengyu	china-idiom	external-membership	medium	pending	
一顰一笑	idiom	chengyu	china-idiom	external-membership	medium	pending	
一飛沖天	idiom	chengyu	china-idiom	external-membership	medium	pending	
一馬平川	idiom	chengyu	china-idiom	external-membership	medium	pending	
一馬當先	idiom	chengyu	china-idiom	external-membership	medium	pending	
一鳴驚人	idiom	chengyu	china-idiom	external-membership	medium	pending	
一點一滴	idiom	chengyu	china-idiom	external-membership	medium	pending	
一鼓作氣	idiom	chengyu	china-idiom	external-membership	medium	pending	
七情六慾	idiom	chengyu	china-idiom	external-membership	medium	pending	
七擒七縱	idiom	chengyu	china-idiom	external-membership	medium	pending	
七老八十	idiom	chengyu	china-idiom	external-membership	medium	pending	
七高八低	idiom	chengyu	china-idiom	external-membership	medium	pending	
三人成虎	idiom	chengyu	china-idiom	external-membership	medium	pending	
三令五申	idiom	chengyu	china-idiom	external-membership	medium	pending	
三十而立	idiom	chengyu	china-idiom	external-membership	medium	pending	
三妻四妾	idiom	chengyu	china-idiom	external-membership	medium	pending	
三姑六婆	idiom	chengyu	china-idiom	external-membership	medium	pending	
三年五載	idiom	chengyu	china-idiom	external-membership	medium	pending	
三從四德	idiom	chengyu	china-idiom	external-membership	medium	pending	
三心二意	idiom	chengyu	china-idiom	external-membership	medium	pending	
三心兩意	idiom	chengyu	china-idiom	external-membership	medium	pending	
三教九流	idiom	chengyu	china-idiom	external-membership	medium	pending	
三更半夜	idiom	chengyu	china-idiom	external-membership	medium	pending	
三番五次	idiom	chengyu	china-idiom	external-membership	medium	pending	
三皇五帝	idiom	chengyu	china-idiom	external-membership	medium	pending	
三綱五常	idiom	chengyu	china-idiom	external-membership	medium	pending	
三緘其口	idiom	chengyu	china-idiom	external-membership	medium	pending	
三言兩語	idiom	chengyu	china-idiom	external-membership	medium	pending	
三足鼎立	idiom	chengyu	china-idiom	external-membership	medium	pending	
三陽開泰	idiom	chengyu	china-idiom	external-membership	medium	pending	
三頭六臂	idiom	chengyu	china-idiom	external-membership	medium	pending	
上方寶劍	idiom	chengyu	china-idiom	external-membership	medium	pending	
下車伊始	idiom	chengyu	china-idiom	external-membership	medium	pending	
不三不四	idiom	chengyu	china-idiom	external-membership	medium	pending	
不乾不淨	idiom	chengyu	china-idiom	external-membership	medium	pending	
不了了之	idiom	chengyu	china-idiom	external-membership	medium	pending	
不亦樂乎	idiom	chengyu	china-idiom	external-membership	medium	pending	
不以為然	idiom	chengyu	china-idiom	external-membership	medium	pending	
不依不饒	idiom	chengyu	china-idiom	external-membership	medium	pending	
不修邊幅	idiom	chengyu	china-idiom	external-membership	medium	pending	
不假思索	idiom	chengyu	china-idiom	external-membership	medium	pending	
不冷不熱	idiom	chengyu	china-idiom	external-membership	medium	pending	
不分伯仲	idiom	chengyu	china-idiom	external-membership	medium	pending	
不分彼此	idiom	chengyu	china-idiom	external-membership	medium	pending	
不分皂白	idiom	chengyu	china-idiom	external-membership	medium	pending	
不動聲色	idiom	chengyu	china-idiom	external-membership	medium	pending	
不勞而獲	idiom	chengyu	china-idiom	external-membership	medium	pending	
不卑不亢	idiom	chengyu	china-idiom	external-membership	medium	pending	
不可一世	idiom	chengyu	china-idiom	external-membership	medium	pending	
不可告人	idiom	chengyu	china-idiom	external-membership	medium	pending	
不可收拾	idiom	chengyu	china-idiom	external-membership	medium	pending	
不可救藥	idiom	chengyu	china-idiom	external-membership	medium	pending	
不可理喻	idiom	chengyu	china-idiom	external-membership	medium	pending	
不咎既往	idiom	chengyu	china-idiom	external-membership	medium	pending	
不堪一擊	idiom	chengyu	china-idiom	external-membership	medium	pending	
不堪入耳	idiom	chengyu	china-idiom	external-membership	medium	pending	
不堪設想	idiom	chengyu	china-idiom	external-membership	medium	pending	
不失時機	idiom	chengyu	china-idiom	external-membership	medium	pending	
不學無術	idiom	chengyu	china-idiom	external-membership	medium	pending	
不安於室	idiom	chengyu	china-idiom	external-membership	medium	pending	
不屑一顧	idiom	chengyu	china-idiom	external-membership	medium	pending	
不平則鳴	idiom	chengyu	china-idiom	external-membership	medium	pending	
不得要領	idiom	chengyu	china-idiom	external-membership	medium	pending	
不情之請	idiom	chengyu	china-idiom	external-membership	medium	pending	
不惑之年	idiom	chengyu	china-idiom	external-membership	medium	pending	
不惜工本	idiom	chengyu	china-idiom	external-membership	medium	pending	
不慌不忙	idiom	chengyu	china-idiom	external-membership	medium	pending	
不懷好意	idiom	chengyu	china-idiom	external-membership	medium	pending	
不拘一格	idiom	chengyu	china-idiom	external-membership	medium	pending	
不拘小節	idiom	chengyu	china-idiom	external-membership	medium	pending	
不擇手段	idiom	chengyu	china-idiom	external-membership	medium	pending	
不正之風	idiom	chengyu	china-idiom	external-membership	medium	pending	
不毛之地	idiom	chengyu	china-idiom	external-membership	medium	pending	
不求甚解	idiom	chengyu	china-idiom	external-membership	medium	pending	
不治之症	idiom	chengyu	china-idiom	external-membership	medium	pending	
不為已甚	idiom	chengyu	china-idiom	external-membership	medium	pending	
不甚了了	idiom	chengyu	china-idiom	external-membership	medium	pending	
不由自主	idiom	chengyu	china-idiom	external-membership	medium	pending	
不疾不徐	idiom	chengyu	china-idiom	external-membership	medium	pending	
不知死活	idiom	chengyu	china-idiom	external-membership	medium	pending	
不知輕重	idiom	chengyu	china-idiom	external-membership	medium	pending	
不知進退	idiom	chengyu	china-idiom	external-membership	medium	pending	
不破不立	idiom	chengyu	china-idiom	external-membership	medium	pending	
不祧之祖	idiom	chengyu	china-idiom	external-membership	medium	pending	
不稂不莠	idiom	chengyu	china-idiom	external-membership	medium	pending	
不管不顧	idiom	chengyu	china-idiom	external-membership	medium	pending	
不約而同	idiom	chengyu	china-idiom	external-membership	medium	pending	
不絕於耳	idiom	chengyu	china-idiom	external-membership	medium	pending	
不置可否	idiom	chengyu	china-idiom	external-membership	medium	pending	
不聞不問	idiom	chengyu	china-idiom	external-membership	medium	pending	
不能自已	idiom	chengyu	china-idiom	external-membership	medium	pending	
不苟言笑	idiom	chengyu	china-idiom	external-membership	medium	pending	
不藥而癒	idiom	chengyu	china-idiom	external-membership	medium	pending	
不見天日	idiom	chengyu	china-idiom	external-membership	medium	pending	
不言而喻	idiom	chengyu	china-idiom	external-membership	medium	pending	
不謀而合	idiom	chengyu	china-idiom	external-membership	medium	pending	
不識好歹	idiom	chengyu	china-idiom	external-membership	medium	pending	
不識抬舉	idiom	chengyu	china-idiom	external-membership	medium	pending	
不識泰山	idiom	chengyu	china-idiom	external-membership	medium	pending	
不負眾望	idiom	chengyu	china-idiom	external-membership	medium	pending	
不費吹灰之力	idiom	chengyu	china-idiom	external-membership	medium	pending	
不足掛齒	idiom	chengyu	china-idiom	external-membership	medium	pending	
不足為奇	idiom	chengyu	china-idiom	external-membership	medium	pending	
不足為憑	idiom	chengyu	china-idiom	external-membership	medium	pending	
不足為訓	idiom	chengyu	china-idiom	external-membership	medium	pending	
不逞之徒	idiom	chengyu	china-idiom	external-membership	medium	pending	
不進則退	idiom	chengyu	china-idiom	external-membership	medium	pending	
不違農時	idiom	chengyu	china-idiom	external-membership	medium	pending	
不避艱險	idiom	chengyu	china-idiom	external-membership	medium	pending	
不顧一切	idiom	chengyu	china-idiom	external-membership	medium	pending	
世態炎涼	idiom	chengyu	china-idiom	external-membership	medium	pending	
世風日下	idiom	chengyu	china-idiom	external-membership	medium	pending	
丟人現眼	idiom	chengyu	china-idiom	external-membership	medium	pending	
丟卒保車	idiom	chengyu	china-idiom	external-membership	medium	pending	
丟盔卸甲	idiom	chengyu	china-idiom	external-membership	medium	pending	
並行不悖	idiom	chengyu	china-idiom	external-membership	medium	pending	
中庸之道	idiom	chengyu	china-idiom	external-membership	medium	pending	
中飽私囊	idiom	chengyu	china-idiom	external-membership	medium	pending	
串通一氣	idiom	chengyu	china-idiom	external-membership	medium	pending	
久別重逢	idiom	chengyu	china-idiom	external-membership	medium	pending	
久病成醫	idiom	chengyu	china-idiom	external-membership	medium	pending	
久負盛名	idiom	chengyu	china-idiom	external-membership	medium	pending	
乍暖還寒	idiom	chengyu	china-idiom	external-membership	medium	pending	
乘人之危	idiom	chengyu	china-idiom	external-membership	medium	pending	
乘興而來	idiom	chengyu	china-idiom	external-membership	medium	pending	
乘虛而入	idiom	chengyu	china-idiom	external-membership	medium	pending	
乘風破浪	idiom	chengyu	china-idiom	external-membership	medium	pending	
乘龍快婿	idiom	chengyu	china-idiom	external-membership	medium	pending	
九九歸一	idiom	chengyu	china-idiom	external-membership	medium	pending	
九五之尊	idiom	chengyu	china-idiom	external-membership	medium	pending	
九泉之下	idiom	chengyu	china-idiom	external-membership	medium	pending	
九霄雲外	idiom	chengyu	china-idiom	external-membership	medium	pending	
乞哀告憐	idiom	chengyu	china-idiom	external-membership	medium	pending	
乳臭未乾	idiom	chengyu	china-idiom	external-membership	medium	pending	
乾柴烈火	idiom	chengyu	china-idiom	external-membership	medium	pending	
亂臣賊子	idiom	chengyu	china-idiom	external-membership	medium	pending	
亂點鴛鴦	idiom	chengyu	china-idiom	external-membership	medium	pending	
予取予攜	idiom	chengyu	china-idiom	external-membership	medium	pending	
予取予求	idiom	chengyu	china-idiom	external-membership	medium	pending	
事不關己	idiom	chengyu	china-idiom	external-membership	medium	pending	
事出有因	idiom	chengyu	china-idiom	external-membership	medium	pending	
事半功倍	idiom	chengyu	china-idiom	external-membership	medium	pending	
事必躬親	idiom	chengyu	china-idiom	external-membership	medium	pending	
事過境遷	idiom	chengyu	china-idiom	external-membership	medium	pending	
二話不説	idiom	chengyu	china-idiom	external-membership	medium	pending	
互通有無	idiom	chengyu	china-idiom	external-membership	medium	pending	
五味俱全	idiom	chengyu	china-idiom	external-membership	medium	pending	
五彩繽紛	idiom	chengyu	china-idiom	external-membership	medium	pending	
五日京兆	idiom	chengyu	china-idiom	external-membership	medium	pending	
五毒俱全	idiom	chengyu	china-idiom	external-membership	medium	pending	
五臟六腑	idiom	chengyu	china-idiom	external-membership	medium	pending	
五花八門	idiom	chengyu	china-idiom	external-membership	medium	pending	
五花大綁	idiom	chengyu	china-idiom	external-membership	medium	pending	
五顏六色	idiom	chengyu	china-idiom	external-membership	medium	pending	
井井有條	idiom	chengyu	china-idiom	external-membership	medium	pending	
井然有序	idiom	chengyu	china-idiom	external-membership	medium	pending	
亙古未有	idiom	chengyu	china-idiom	external-membership	medium	pending	
亡命之徒	idiom	chengyu	china-idiom	external-membership	medium	pending	
亡國滅種	idiom	chengyu	china-idiom	external-membership	medium	pending	
亡羊補牢	idiom	chengyu	china-idiom	external-membership	medium	pending	
交相輝映	idiom	chengyu	china-idiom	external-membership	medium	pending	
亦步亦趨	idiom	chengyu	china-idiom	external-membership	medium	pending	
亦莊亦諧	idiom	chengyu	china-idiom	external-membership	medium	pending	
亭亭玉立	idiom	chengyu	china-idiom	external-membership	medium	pending	
亭台樓閣	idiom	chengyu	china-idiom	external-membership	medium	pending	
人中之龍	idiom	chengyu	china-idiom	external-membership	medium	pending	
人云亦云	idiom	chengyu	china-idiom	external-membership	medium	pending	
人亡物在	idiom	chengyu	china-idiom	external-membership	medium	pending	
人傑地靈	idiom	chengyu	china-idiom	external-membership	medium	pending	
人去樓空	idiom	chengyu	china-idiom	external-membership	medium	pending	
人各有志	idiom	chengyu	china-idiom	external-membership	medium	pending	
人多勢眾	idiom	chengyu	china-idiom	external-membership	medium	pending	
人定勝天	idiom	chengyu	china-idiom	external-membership	medium	pending	
人心不古	idiom	chengyu	china-idiom	external-membership	medium	pending	
人心叵測	idiom	chengyu	china-idiom	external-membership	medium	pending	
人情世故	idiom	chengyu	china-idiom	external-membership	medium	pending	
人情冷暖	idiom	chengyu	china-idiom	external-membership	medium	pending	
人所共知	idiom	chengyu	china-idiom	external-membership	medium	pending	
人浮於事	idiom	chengyu	china-idiom	external-membership	medium	pending	
人滿為患	idiom	chengyu	china-idiom	external-membership	medium	pending	
人琴俱亡	idiom	chengyu	china-idiom	external-membership	medium	pending	
人生如夢	idiom	chengyu	china-idiom	external-membership	medium	pending	
人神共憤	idiom	chengyu	china-idiom	external-membership	medium	pending	
人聲鼎沸	idiom	chengyu	china-idiom	external-membership	medium	pending	
人財兩空	idiom	chengyu	china-idiom	external-membership	medium	pending	
人跡罕至	idiom	chengyu	china-idiom	external-membership	medium	pending	
人非草木	idiom	chengyu	china-idiom	external-membership	medium	pending	
人面桃花	idiom	chengyu	china-idiom	external-membership	medium	pending	
人面獸心	idiom	chengyu	china-idiom	external-membership	medium	pending	
仁人志士	idiom	chengyu	china-idiom	external-membership	medium	pending	
仁義道德	idiom	chengyu	china-idiom	external-membership	medium	pending	
今生今世	idiom	chengyu	china-idiom	external-membership	medium	pending	
今非昔比	idiom	chengyu	china-idiom	external-membership	medium	pending	
仗勢欺人	idiom	chengyu	china-idiom	external-membership	medium	pending	
仗義執言	idiom	chengyu	china-idiom	external-membership	medium	pending	
付之一炬	idiom	chengyu	china-idiom	external-membership	medium	pending	
付之東流	idiom	chengyu	china-idiom	external-membership	medium	pending	
付諸東流	idiom	chengyu	china-idiom	external-membership	medium	pending	
代代相傳	idiom	chengyu	china-idiom	external-membership	medium	pending	
令人髮指	idiom	chengyu	china-idiom	external-membership	medium	pending	
以假亂真	idiom	chengyu	china-idiom	external-membership	medium	pending	
以偏概全	idiom	chengyu	china-idiom	external-membership	medium	pending	
以儆效尤	idiom	chengyu	china-idiom	external-membership	medium	pending	
以卵擊石	idiom	chengyu	china-idiom	external-membership	medium	pending	
以德服人	idiom	chengyu	china-idiom	external-membership	medium	pending	
以柔克剛	idiom	chengyu	china-idiom	external-membership	medium	pending	
以權謀私	idiom	chengyu	china-idiom	external-membership	medium	pending	
以此類推	idiom	chengyu	china-idiom	external-membership	medium	pending	
以毒攻毒	idiom	chengyu	china-idiom	external-membership	medium	pending	
以訛傳訛	idiom	chengyu	china-idiom	external-membership	medium	pending	
以貌取人	idiom	chengyu	china-idiom	external-membership	medium	pending	
以身殉職	idiom	chengyu	china-idiom	external-membership	medium	pending	
伉儷情深	idiom	chengyu	china-idiom	external-membership	medium	pending	
伸手不見五指	idiom	chengyu	china-idiom	external-membership	medium	pending	
似曾相識	idiom	chengyu	china-idiom	external-membership	medium	pending	
低首下心	idiom	chengyu	china-idiom	external-membership	medium	pending	
何足掛齒	idiom	chengyu	china-idiom	external-membership	medium	pending	
佛口蛇心	idiom	chengyu	china-idiom	external-membership	medium	pending	
侃侃而談	idiom	chengyu	china-idiom	external-membership	medium	pending	
來之不易	idiom	chengyu	china-idiom	external-membership	medium	pending	
來去無蹤	idiom	chengyu	china-idiom	external-membership	medium	pending	
來回來去	idiom	chengyu	china-idiom	external-membership	medium	pending	
來日方長	idiom	chengyu	china-idiom	external-membership	medium	pending	
來者不善	idiom	chengyu	china-idiom	external-membership	medium	pending	
來者不拒	idiom	chengyu	china-idiom	external-membership	medium	pending	
依山傍水	idiom	chengyu	china-idiom	external-membership	medium	pending	
依然如故	idiom	chengyu	china-idiom	external-membership	medium	pending	
俗不可耐	idiom	chengyu	china-idiom	external-membership	medium	pending	
俯仰之間	idiom	chengyu	china-idiom	external-membership	medium	pending	
倒打一耙	idiom	chengyu	china-idiom	external-membership	medium	pending	
倒果為因	idiom	chengyu	china-idiom	external-membership	medium	pending	
倒海翻江	idiom	chengyu	china-idiom	external-membership	medium	pending	
倒背如流	idiom	chengyu	china-idiom	external-membership	medium	pending	
倒行逆施	idiom	chengyu	china-idiom	external-membership	medium	pending	
借刀殺人	idiom	chengyu	china-idiom	external-membership	medium	pending	
借屍還魂	idiom	chengyu	china-idiom	external-membership	medium	pending	
借花獻佛	idiom	chengyu	china-idiom	external-membership	medium	pending	
偃旗息鼓	idiom	chengyu	china-idiom	external-membership	medium	pending	
假手於人	idiom	chengyu	china-idiom	external-membership	medium	pending	
健步如飛	idiom	chengyu	china-idiom	external-membership	medium	pending	
偷偷摸摸	idiom	chengyu	china-idiom	external-membership	medium	pending	
偷合苟容	idiom	chengyu	china-idiom	external-membership	medium	pending	
偷天換日	idiom	chengyu	china-idiom	external-membership	medium	pending	
偷雞摸狗	idiom	chengyu	china-idiom	external-membership	medium	pending	
債台高築	idiom	chengyu	china-idiom	external-membership	medium	pending	
傷心慘目	idiom	chengyu	china-idiom	external-membership	medium	pending	
傻頭傻腦	idiom	chengyu	china-idiom	external-membership	medium	pending	
傾國傾城	idiom	chengyu	china-idiom	external-membership	medium	pending	
傾城傾國	idiom	chengyu	china-idiom	external-membership	medium	pending	
傾巢而出	idiom	chengyu	china-idiom	external-membership	medium	pending	
傾心吐膽	idiom	chengyu	china-idiom	external-membership	medium	pending	
像模像樣	idiom	chengyu	china-idiom	external-membership	medium	pending	
僧多粥少	idiom	chengyu	china-idiom	external-membership	medium	pending	
價廉物美	idiom	chengyu	china-idiom	external-membership	medium	pending	
儀態萬千	idiom	chengyu	china-idiom	external-membership	medium	pending	
儀態萬方	idiom	chengyu	china-idiom	external-membership	medium	pending	
優勝劣敗	idiom	chengyu	china-idiom	external-membership	medium	pending	
元元本本	idiom	chengyu	china-idiom	external-membership	medium	pending	
兄弟鬩牆	idiom	chengyu	china-idiom	external-membership	medium	pending	
充耳不聞	idiom	chengyu	china-idiom	external-membership	medium	pending	
先禮後兵	idiom	chengyu	china-idiom	external-membership	medium	pending	
先見之明	idiom	chengyu	china-idiom	external-membership	medium	pending	
光前裕後	idiom	chengyu	china-idiom	external-membership	medium	pending	
光天化日	idiom	chengyu	china-idiom	external-membership	medium	pending	
光宗耀祖	idiom	chengyu	china-idiom	external-membership	medium	pending	
光怪陸離	idiom	chengyu	china-idiom	external-membership	medium	pending	
光明磊落	idiom	chengyu	china-idiom	external-membership	medium	pending	
光芒萬丈	idiom	chengyu	china-idiom	external-membership	medium	pending	
光陰似箭	idiom	chengyu	china-idiom	external-membership	medium	pending	
光陰荏苒	idiom	chengyu	china-idiom	external-membership	medium	pending	
光風霽月	idiom	chengyu	china-idiom	external-membership	medium	pending	
克己奉公	idiom	chengyu	china-idiom	external-membership	medium	pending	
克己復禮	idiom	chengyu	china-idiom	external-membership	medium	pending	
克敵制勝	idiom	chengyu	china-idiom	external-membership	medium	pending	
免開尊口	idiom	chengyu	china-idiom	external-membership	medium	pending	
兔死狐悲	idiom	chengyu	china-idiom	external-membership	medium	pending	
兢兢業業	idiom	chengyu	china-idiom	external-membership	medium	pending	
入土為安	idiom	chengyu	china-idiom	external-membership	medium	pending	
全力以赴	idiom	chengyu	china-idiom	external-membership	medium	pending	
全始全終	idiom	chengyu	china-idiom	external-membership	medium	pending	
全心全意	idiom	chengyu	china-idiom	external-membership	medium	pending	
全軍覆沒	idiom	chengyu	china-idiom	external-membership	medium	pending	
兩小無猜	idiom	chengyu	china-idiom	external-membership	medium	pending	
兩手空空	idiom	chengyu	china-idiom	external-membership	medium	pending	
兩敗俱傷	idiom	chengyu	china-idiom	external-membership	medium	pending	
兩相情願	idiom	chengyu	china-idiom	external-membership	medium	pending	
兩肋插刀	idiom	chengyu	china-idiom	external-membership	medium	pending	
兩虎相爭	idiom	chengyu	china-idiom	external-membership	medium	pending	
兩袖清風	idiom	chengyu	china-idiom	external-membership	medium	pending	
兩面三刀	idiom	chengyu	china-idiom	external-membership	medium	pending	
八仙過海	idiom	chengyu	china-idiom	external-membership	medium	pending	
公事公辦	idiom	chengyu	china-idiom	external-membership	medium	pending	
公報私仇	idiom	chengyu	china-idiom	external-membership	medium	pending	
六根清淨	idiom	chengyu	china-idiom	external-membership	medium	pending	
六親無靠	idiom	chengyu	china-idiom	external-membership	medium	pending	
兵不厭詐	idiom	chengyu	china-idiom	external-membership	medium	pending	
兵戎相見	idiom	chengyu	china-idiom	external-membership	medium	pending	
兵臨城下	idiom	chengyu	china-idiom	external-membership	medium	pending	
其貌不揚	idiom	chengyu	china-idiom	external-membership	medium	pending	
兼而有之	idiom	chengyu	china-idiom	external-membership	medium	pending	
冠冕堂皇	idiom	chengyu	china-idiom	external-membership	medium	pending	
冥思苦索	idiom	chengyu	china-idiom	external-membership	medium	pending	
冰肌玉骨	idiom	chengyu	china-idiom	external-membership	medium	pending	
冰雪聰明	idiom	chengyu	china-idiom	external-membership	medium	pending	
冷嘲熱諷	idiom	chengyu	china-idiom	external-membership	medium	pending	
冷暖自知	idiom	chengyu	china-idiom	external-membership	medium	pending	
冷眼旁觀	idiom	chengyu	china-idiom	external-membership	medium	pending	
冷若冰霜	idiom	chengyu	china-idiom	external-membership	medium	pending	
凡夫俗子	idiom	chengyu	china-idiom	external-membership	medium	pending	
凶多吉少	idiom	chengyu	china-idiom	external-membership	medium	pending	
出人意料	idiom	chengyu	china-idiom	external-membership	medium	pending	
出人頭地	idiom	chengyu	china-idiom	external-membership	medium	pending	
出口成章	idiom	chengyu	china-idiom	external-membership	medium	pending	
出將入相	idiom	chengyu	china-idiom	external-membership	medium	pending	
出師不利	idiom	chengyu	china-idiom	external-membership	medium	pending	
出水芙蓉	idiom	chengyu	china-idiom	external-membership	medium	pending	
出沒無常	idiom	chengyu	china-idiom	external-membership	medium	pending	
出爾反爾	idiom	chengyu	china-idiom	external-membership	medium	pending	
出神入化	idiom	chengyu	china-idiom	external-membership	medium	pending	
出謀劃策	idiom	chengyu	china-idiom	external-membership	medium	pending	
出類拔萃	idiom	chengyu	china-idiom	external-membership	medium	pending	
刀光劍影	idiom	chengyu	china-idiom	external-membership	medium	pending	
分文不值	idiom	chengyu	china-idiom	external-membership	medium	pending	
分文不取	idiom	chengyu	china-idiom	external-membership	medium	pending	
分道揚鑣	idiom	chengyu	china-idiom	external-membership	medium	pending	
切磋琢磨	idiom	chengyu	china-idiom	external-membership	medium	pending	
初出茅廬	idiom	chengyu	china-idiom	external-membership	medium	pending	
初露鋒芒	idiom	chengyu	china-idiom	external-membership	medium	pending	
初露頭角	idiom	chengyu	china-idiom	external-membership	medium	pending	
判若兩人	idiom	chengyu	china-idiom	external-membership	medium	pending	
判若雲泥	idiom	chengyu	china-idiom	external-membership	medium	pending	
別來無恙	idiom	chengyu	china-idiom	external-membership	medium	pending	
別有洞天	idiom	chengyu	china-idiom	external-membership	medium	pending	
別有用心	idiom	chengyu	china-idiom	external-membership	medium	pending	
刨根問底	idiom	chengyu	china-idiom	external-membership	medium	pending	
刻不容緩	idiom	chengyu	china-idiom	external-membership	medium	pending	
削足適履	idiom	chengyu	china-idiom	external-membership	medium	pending	
前仰後合	idiom	chengyu	china-idiom	external-membership	medium	pending	
前倨後恭	idiom	chengyu	china-idiom	external-membership	medium	pending	
前所未有	idiom	chengyu	china-idiom	external-membership	medium	pending	
剖腹藏珠	idiom	chengyu	china-idiom	external-membership	medium	pending	
剛愎自用	idiom	chengyu	china-idiom	external-membership	medium	pending	
剛柔相濟	idiom	chengyu	china-idiom	external-membership	medium	pending	
剪草除根	idiom	chengyu	china-idiom	external-membership	medium	pending	
劈風斬浪	idiom	chengyu	china-idiom	external-membership	medium	pending	
劍拔弩張	idiom	chengyu	china-idiom	external-membership	medium	pending	
力所能及	idiom	chengyu	china-idiom	external-membership	medium	pending	
力挽狂瀾	idiom	chengyu	china-idiom	external-membership	medium	pending	
力排眾議	idiom	chengyu	china-idiom	external-membership	medium	pending	
力透紙背	idiom	chengyu	china-idiom	external-membership	medium	pending	
功德圓滿	idiom	chengyu	china-idiom	external-membership	medium	pending	
功德無量	idiom	chengyu	china-idiom	external-membership	medium	pending	
功成不居	idiom	chengyu	china-idiom	external-membership	medium	pending	
功成名就	idiom	chengyu	china-idiom	external-membership	medium	pending	
功成身退	idiom	chengyu	china-idiom	external-membership	medium	pending	
功敗垂成	idiom	chengyu	china-idiom	external-membership	medium	pending	
加人一等	idiom	chengyu	china-idiom	external-membership	medium	pending	
加油添醋	idiom	chengyu	china-idiom	external-membership	medium	pending	
勃然大怒	idiom	chengyu	china-idiom	external-membership	medium	pending	
勇冠三軍	idiom	chengyu	china-idiom	external-membership	medium	pending	
動人心魄	idiom	chengyu	china-idiom	external-membership	medium	pending	
動魄驚心	idiom	chengyu	china-idiom	external-membership	medium	pending	
勞民傷財	idiom	chengyu	china-idiom	external-membership	medium	pending	
勞燕分飛	idiom	chengyu	china-idiom	external-membership	medium	pending	
勞逸結合	idiom	chengyu	china-idiom	external-membership	medium	pending	
勢不兩立	idiom	chengyu	china-idiom	external-membership	medium	pending	
勢不可當	idiom	chengyu	china-idiom	external-membership	medium	pending	
勢在必行	idiom	chengyu	china-idiom	external-membership	medium	pending	
勤能補拙	idiom	chengyu	china-idiom	external-membership	medium	pending	
化為烏有	idiom	chengyu	china-idiom	external-membership	medium	pending	
化險為夷	idiom	chengyu	china-idiom	external-membership	medium	pending	
匪夷所思	idiom	chengyu	china-idiom	external-membership	medium	pending	
匹夫之勇	idiom	chengyu	china-idiom	external-membership	medium	pending	
區區小事	idiom	chengyu	china-idiom	external-membership	medium	pending	
十之八九	idiom	chengyu	china-idiom	external-membership	medium	pending	
十年寒窗	idiom	chengyu	china-idiom	external-membership	medium	pending	
十惡不赦	idiom	chengyu	china-idiom	external-membership	medium	pending	
十指連心	idiom	chengyu	china-idiom	external-membership	medium	pending	
十有八九	idiom	chengyu	china-idiom	external-membership	medium	pending	
十萬火急	idiom	chengyu	china-idiom	external-membership	medium	pending	
千依百順	idiom	chengyu	china-idiom	external-membership	medium	pending	
千刀萬剮	idiom	chengyu	china-idiom	external-membership	medium	pending	
千呼萬喚	idiom	chengyu	china-idiom	external-membership	medium	pending	
千夫所指	idiom	chengyu	china-idiom	external-membership	medium	pending	
千姿百態	idiom	chengyu	china-idiom	external-membership	medium	pending	
千家萬户	idiom	chengyu	china-idiom	external-membership	medium	pending	
千山萬水	idiom	chengyu	china-idiom	external-membership	medium	pending	
千真萬確	idiom	chengyu	china-idiom	external-membership	medium	pending	
千篇一律	idiom	chengyu	china-idiom	external-membership	medium	pending	
千里迢迢	idiom	chengyu	china-idiom	external-membership	medium	pending	
升堂入室	idiom	chengyu	china-idiom	external-membership	medium	pending	
升官發財	idiom	chengyu	china-idiom	external-membership	medium	pending	
半信半疑	idiom	chengyu	china-idiom	external-membership	medium	pending	
半壁江山	idiom	chengyu	china-idiom	external-membership	medium	pending	
半壁河山	idiom	chengyu	china-idiom	external-membership	medium	pending	
半夜三更	idiom	chengyu	china-idiom	external-membership	medium	pending	
半推半就	idiom	chengyu	china-idiom	external-membership	medium	pending	
半斤八兩	idiom	chengyu	china-idiom	external-membership	medium	pending	
半死不活	idiom	chengyu	china-idiom	external-membership	medium	pending	
半途而廢	idiom	chengyu	china-idiom	external-membership	medium	pending	
卓爾不羣	idiom	chengyu	china-idiom	external-membership	medium	pending	
南箕北斗	idiom	chengyu	china-idiom	external-membership	medium	pending	
南轅北轍	idiom	chengyu	china-idiom	external-membership	medium	pending	
博學多才	idiom	chengyu	china-idiom	external-membership	medium	pending	
卧薪嚐膽	idiom	chengyu	china-idiom	external-membership	medium	pending	
危在旦夕	idiom	chengyu	china-idiom	external-membership	medium	pending	
危機四伏	idiom	chengyu	china-idiom	external-membership	medium	pending	
即景生情	idiom	chengyu	china-idiom	external-membership	medium	pending	
即興之作	idiom	chengyu	china-idiom	external-membership	medium	pending	
卿卿我我	idiom	chengyu	china-idiom	external-membership	medium	pending	
厝火積薪	idiom	chengyu	china-idiom	external-membership	medium	pending	
原原本本	idiom	chengyu	china-idiom	external-membership	medium	pending	
原封不動	idiom	chengyu	china-idiom	external-membership	medium	pending	
去粗取精	idiom	chengyu	china-idiom	external-membership	medium	pending	
參差不齊	idiom	chengyu	china-idiom	external-membership	medium	pending	
及時行樂	idiom	chengyu	china-idiom	external-membership	medium	pending	
反客為主	idiom	chengyu	china-idiom	external-membership	medium	pending	
反敗為勝	idiom	chengyu	china-idiom	external-membership	medium	pending	
反璞歸真	idiom	chengyu	china-idiom	external-membership	medium	pending	
反目成仇	idiom	chengyu	china-idiom	external-membership	medium	pending	
反覆無常	idiom	chengyu	china-idiom	external-membership	medium	pending	
口不擇言	idiom	chengyu	china-idiom	external-membership	medium	pending	
口乾舌燥	idiom	chengyu	china-idiom	external-membership	medium	pending	
口口聲聲	idiom	chengyu	china-idiom	external-membership	medium	pending	
口服心服	idiom	chengyu	china-idiom	external-membership	medium	pending	
口若懸河	idiom	chengyu	china-idiom	external-membership	medium	pending	
口誅筆伐	idiom	chengyu	china-idiom	external-membership	medium	pending	
口齒伶俐	idiom	chengyu	china-idiom	external-membership	medium	pending	
古往今來	idiom	chengyu	china-idiom	external-membership	medium	pending	
古色古香	idiom	chengyu	china-idiom	external-membership	medium	pending	
另眼相看	idiom	chengyu	china-idiom	external-membership	medium	pending	
另闢蹊徑	idiom	chengyu	china-idiom	external-membership	medium	pending	
只爭朝夕	idiom	chengyu	china-idiom	external-membership	medium	pending	
叫苦連天	idiom	chengyu	china-idiom	external-membership	medium	pending	
可有可無	idiom	chengyu	china-idiom	external-membership	medium	pending	
可歌可泣	idiom	chengyu	china-idiom	external-membership	medium	pending	
可見一斑	idiom	chengyu	china-idiom	external-membership	medium	pending	
叱吒風雲	idiom	chengyu	china-idiom	external-membership	medium	pending	
司空見慣	idiom	chengyu	china-idiom	external-membership	medium	pending	
吃啞巴虧	idiom	chengyu	china-idiom	external-membership	medium	pending	
吃裏爬外	idiom	chengyu	china-idiom	external-membership	medium	pending	
各取所需	idiom	chengyu	china-idiom	external-membership	medium	pending	
各執一詞	idiom	chengyu	china-idiom	external-membership	medium	pending	
各就各位	idiom	chengyu	china-idiom	external-membership	medium	pending	
各抒己見	idiom	chengyu	china-idiom	external-membership	medium	pending	
各持己見	idiom	chengyu	china-idiom	external-membership	medium	pending	
各有所好	idiom	chengyu	china-idiom	external-membership	medium	pending	
各有所長	idiom	chengyu	china-idiom	external-membership	medium	pending	
各盡所能	idiom	chengyu	china-idiom	external-membership	medium	pending	
各自為政	idiom	chengyu	china-idiom	external-membership	medium	pending	
各色各樣	idiom	chengyu	china-idiom	external-membership	medium	pending	
吊兒郎當	idiom	chengyu	china-idiom	external-membership	medium	pending	
同出一轍	idiom	chengyu	china-idiom	external-membership	medium	pending	
同工異曲	idiom	chengyu	china-idiom	external-membership	medium	pending	
同歸於盡	idiom	chengyu	china-idiom	external-membership	medium	pending	
同氣連枝	idiom	chengyu	china-idiom	external-membership	medium	pending	
同流合污	idiom	chengyu	china-idiom	external-membership	medium	pending	
同牀共枕	idiom	chengyu	china-idiom	external-membership	medium	pending	
同生共死	idiom	chengyu	china-idiom	external-membership	medium	pending	
名不副實	idiom	chengyu	china-idiom	external-membership	medium	pending	
名不符實	idiom	chengyu	china-idiom	external-membership	medium	pending	
名利雙收	idiom	chengyu	china-idiom	external-membership	medium	pending	
名副其實	idiom	chengyu	china-idiom	external-membership	medium	pending	
名噪一時	idiom	chengyu	china-idiom	external-membership	medium	pending	
名揚四海	idiom	chengyu	china-idiom	external-membership	medium	pending	
名正言順	idiom	chengyu	china-idiom	external-membership	medium	pending	
名符其實	idiom	chengyu	china-idiom	external-membership	medium	pending	
名繮利鎖	idiom	chengyu	china-idiom	external-membership	medium	pending	
名聞遐邇	idiom	chengyu	china-idiom	external-membership	medium	pending	
吐氣揚眉	idiom	chengyu	china-idiom	external-membership	medium	pending	
君子之交	idiom	chengyu	china-idiom	external-membership	medium	pending	
吞吞吐吐	idiom	chengyu	china-idiom	external-membership	medium	pending	
吞雲吐霧	idiom	chengyu	china-idiom	external-membership	medium	pending	
吟風弄月	idiom	chengyu	china-idiom	external-membership	medium	pending	
含垢忍辱	idiom	chengyu	china-idiom	external-membership	medium	pending	
含情脈脈	idiom	chengyu	china-idiom	external-membership	medium	pending	
含笑九泉	idiom	chengyu	china-idiom	external-membership	medium	pending	
含糊其詞	idiom	chengyu	china-idiom	external-membership	medium	pending	
含糊其辭	idiom	chengyu	china-idiom	external-membership	medium	pending	
含飴弄孫	idiom	chengyu	china-idiom	external-membership	medium	pending	
吹灰之力	idiom	chengyu	china-idiom	external-membership	medium	pending	
吹糠見米	idiom	chengyu	china-idiom	external-membership	medium	pending	
呆若木雞	idiom	chengyu	china-idiom	external-membership	medium	pending	
呼來喝去	idiom	chengyu	china-idiom	external-membership	medium	pending	
命在旦夕	idiom	chengyu	china-idiom	external-membership	medium	pending	
咄咄怪事	idiom	chengyu	china-idiom	external-membership	medium	pending	
和氣生財	idiom	chengyu	china-idiom	external-membership	medium	pending	
和盤托出	idiom	chengyu	china-idiom	external-membership	medium	pending	
和而不同	idiom	chengyu	china-idiom	external-membership	medium	pending	
和藹可親	idiom	chengyu	china-idiom	external-membership	medium	pending	
和顏悦色	idiom	chengyu	china-idiom	external-membership	medium	pending	
和風細雨	idiom	chengyu	china-idiom	external-membership	medium	pending	
咫尺天涯	idiom	chengyu	china-idiom	external-membership	medium	pending	
咬文嚼字	idiom	chengyu	china-idiom	external-membership	medium	pending	
咬牙切齒	idiom	chengyu	china-idiom	external-membership	medium	pending	
咬緊牙關	idiom	chengyu	china-idiom	external-membership	medium	pending	
品學兼優	idiom	chengyu	china-idiom	external-membership	medium	pending	
品頭論足	idiom	chengyu	china-idiom	external-membership	medium	pending	
哭哭啼啼	idiom	chengyu	china-idiom	external-membership	medium	pending	
哼哼唧唧	idiom	chengyu	china-idiom	external-membership	medium	pending	
唇亡齒寒	idiom	chengyu	china-idiom	external-membership	medium	pending	
唱對台戲	idiom	chengyu	china-idiom	external-membership	medium	pending	
唸唸有詞	idiom	chengyu	china-idiom	external-membership	medium	pending	
唾手可得	idiom	chengyu	china-idiom	external-membership	medium	pending	
問寒問暖	idiom	chengyu	china-idiom	external-membership	medium	pending	
問心無愧	idiom	chengyu	china-idiom	external-membership	medium	pending	
問柳尋花	idiom	chengyu	china-idiom	external-membership	medium	pending	
問長問短	idiom	chengyu	china-idiom	external-membership	medium	pending	
問鼎中原	idiom	chengyu	china-idiom	external-membership	medium	pending	
啞口無言	idiom	chengyu	china-idiom	external-membership	medium	pending	
啞然失笑	idiom	chengyu	china-idiom	external-membership	medium	pending	
啼笑皆非	idiom	chengyu	china-idiom	external-membership	medium	pending	
喃喃自語	idiom	chengyu	china-idiom	external-membership	medium	pending	
善始善終	idiom	chengyu	china-idiom	external-membership	medium	pending	
善有善報	idiom	chengyu	china-idiom	external-membership	medium	pending	
喜怒無常	idiom	chengyu	china-idiom	external-membership	medium	pending	
喜新厭舊	idiom	chengyu	china-idiom	external-membership	medium	pending	
喜氣洋洋	idiom	chengyu	china-idiom	external-membership	medium	pending	
喜眉笑眼	idiom	chengyu	china-idiom	external-membership	medium	pending	
喜笑顏開	idiom	chengyu	china-idiom	external-membership	medium	pending	
喝西北風	idiom	chengyu	china-idiom	external-membership	medium	pending	
喧賓奪主	idiom	chengyu	china-idiom	external-membership	medium	pending	
喪家之犬	idiom	chengyu	china-idiom	external-membership	medium	pending	
單刀直入	idiom	chengyu	china-idiom	external-membership	medium	pending	
單刀赴會	idiom	chengyu	china-idiom	external-membership	medium	pending	
嗚呼哀哉	idiom	chengyu	china-idiom	external-membership	medium	pending	
嗟來之食	idiom	chengyu	china-idiom	external-membership	medium	pending	
嘁嘁喳喳	idiom	chengyu	china-idiom	external-membership	medium	pending	
嘮嘮叨叨	idiom	chengyu	china-idiom	external-membership	medium	pending	
噬臍莫及	idiom	chengyu	china-idiom	external-membership	medium	pending	
嚴刑峻法	idiom	chengyu	china-idiom	external-membership	medium	pending	
嚴懲不貸	idiom	chengyu	china-idiom	external-membership	medium	pending	
嚴於律己	idiom	chengyu	china-idiom	external-membership	medium	pending	
嚴絲合縫	idiom	chengyu	china-idiom	external-membership	medium	pending	
四分五裂	idiom	chengyu	china-idiom	external-membership	medium	pending	
四海一家	idiom	chengyu	china-idiom	external-membership	medium	pending	
四腳朝天	idiom	chengyu	china-idiom	external-membership	medium	pending	
四面八方	idiom	chengyu	china-idiom	external-membership	medium	pending	
回光反照	idiom	chengyu	china-idiom	external-membership	medium	pending	
回眸一笑	idiom	chengyu	china-idiom	external-membership	medium	pending	
因人成事	idiom	chengyu	china-idiom	external-membership	medium	pending	
因小失大	idiom	chengyu	china-idiom	external-membership	medium	pending	
因循守舊	idiom	chengyu	china-idiom	external-membership	medium	pending	
因材施教	idiom	chengyu	china-idiom	external-membership	medium	pending	
因果報應	idiom	chengyu	china-idiom	external-membership	medium	pending	
囤積居奇	idiom	chengyu	china-idiom	external-membership	medium	pending	
固執己見	idiom	chengyu	china-idiom	external-membership	medium	pending	
國泰民安	idiom	chengyu	china-idiom	external-membership	medium	pending	
圓鑿方枘	idiom	chengyu	china-idiom	external-membership	medium	pending	
土生土長	idiom	chengyu	china-idiom	external-membership	medium	pending	
土豪劣紳	idiom	chengyu	china-idiom	external-membership	medium	pending	
在劫難逃	idiom	chengyu	china-idiom	external-membership	medium	pending	
在天之靈	idiom	chengyu	china-idiom	external-membership	medium	pending	
在所難免	idiom	chengyu	china-idiom	external-membership	medium	pending	
地主之誼	idiom	chengyu	china-idiom	external-membership	medium	pending	
地老天荒	idiom	chengyu	china-idiom	external-membership	medium	pending	
地覆天翻	idiom	chengyu	china-idiom	external-membership	medium	pending	
地靈人傑	idiom	chengyu	china-idiom	external-membership	medium	pending	
坐井觀天	idiom	chengyu	china-idiom	external-membership	medium	pending	
坐享其成	idiom	chengyu	china-idiom	external-membership	medium	pending	
坐以待斃	idiom	chengyu	china-idiom	external-membership	medium	pending	
坐卧不寧	idiom	chengyu	china-idiom	external-membership	medium	pending	
坐失良機	idiom	chengyu	china-idiom	external-membership	medium	pending	
坐收漁利	idiom	chengyu	china-idiom	external-membership	medium	pending	
坑蒙拐騙	idiom	chengyu	china-idiom	external-membership	medium	pending	
垂暮之年	idiom	chengyu	china-idiom	external-membership	medium	pending	
垂頭喪氣	idiom	chengyu	china-idiom	external-membership	medium	pending	
執迷不悟	idiom	chengyu	china-idiom	external-membership	medium	pending	
堂堂正正	idiom	chengyu	china-idiom	external-membership	medium	pending	
堂而皇之	idiom	chengyu	china-idiom	external-membership	medium	pending	
堅不可摧	idiom	chengyu	china-idiom	external-membership	medium	pending	
堅壁清野	idiom	chengyu	china-idiom	external-membership	medium	pending	
堅持不渝	idiom	chengyu	china-idiom	external-membership	medium	pending	
堅貞不屈	idiom	chengyu	china-idiom	external-membership	medium	pending	
堅貞不渝	idiom	chengyu	china-idiom	external-membership	medium	pending	
堆積如山	idiom	chengyu	china-idiom	external-membership	medium	pending	
堯天舜日	idiom	chengyu	china-idiom	external-membership	medium	pending	
塞翁失馬	idiom	chengyu	china-idiom	external-membership	medium	pending	
墨守成規	idiom	chengyu	china-idiom	external-membership	medium	pending	
壯志凌雲	idiom	chengyu	china-idiom	external-membership	medium	pending	
壽終正寢	idiom	chengyu	china-idiom	external-membership	medium	pending	
外剛內柔	idiom	chengyu	china-idiom	external-membership	medium	pending	
外圓內方	idiom	chengyu	china-idiom	external-membership	medium	pending	
外強中乾	idiom	chengyu	china-idiom	external-membership	medium	pending	
外柔內剛	idiom	chengyu	china-idiom	external-membership	medium	pending	
多事之秋	idiom	chengyu	china-idiom	external-membership	medium	pending	
多嘴多舌	idiom	chengyu	china-idiom	external-membership	medium	pending	
多才多藝	idiom	chengyu	china-idiom	external-membership	medium	pending	
多難興邦	idiom	chengyu	china-idiom	external-membership	medium	pending	
夜以繼日	idiom	chengyu	china-idiom	external-membership	medium	pending	
夜深人靜	idiom	chengyu	china-idiom	external-membership	medium	pending	
夜長夢多	idiom	chengyu	china-idiom	external-membership	medium	pending	
夢寐以求	idiom	chengyu	china-idiom	external-membership	medium	pending	
夢幻泡影	idiom	chengyu	china-idiom	external-membership	medium	pending	
大公無私	idiom	chengyu	china-idiom	external-membership	medium	pending	
大刀闊斧	idiom	chengyu	china-idiom	external-membership	medium	pending	
大勢已去	idiom	chengyu	china-idiom	external-membership	medium	pending	
大勢所趨	idiom	chengyu	china-idiom	external-membership	medium	pending	
大吃一驚	idiom	chengyu	china-idiom	external-membership	medium	pending	
大吉大利	idiom	chengyu	china-idiom	external-membership	medium	pending	
大吹大擂	idiom	chengyu	china-idiom	external-membership	medium	pending	
大呼小叫	idiom	chengyu	china-idiom	external-membership	medium	pending	
大喊大叫	idiom	chengyu	china-idiom	external-membership	medium	pending	
大塊朵頤	idiom	chengyu	china-idiom	external-membership	medium	pending	
大大咧咧	idiom	chengyu	china-idiom	external-membership	medium	pending	
大失所望	idiom	chengyu	china-idiom	external-membership	medium	pending	
大展宏圖	idiom	chengyu	china-idiom	external-membership	medium	pending	
大庭廣眾	idiom	chengyu	china-idiom	external-membership	medium	pending	
大廈將傾	idiom	chengyu	china-idiom	external-membership	medium	pending	
大張旗鼓	idiom	chengyu	china-idiom	external-membership	medium	pending	
大徹大悟	idiom	chengyu	china-idiom	external-membership	medium	pending	
大惑不解	idiom	chengyu	china-idiom	external-membership	medium	pending	
大手大腳	idiom	chengyu	china-idiom	external-membership	medium	pending	
大搖大擺	idiom	chengyu	china-idiom	external-membership	medium	pending	
大放厥詞	idiom	chengyu	china-idiom	external-membership	medium	pending	
大是大非	idiom	chengyu	china-idiom	external-membership	medium	pending	
大智若愚	idiom	chengyu	china-idiom	external-membership	medium	pending	
大有人在	idiom	chengyu	china-idiom	external-membership	medium	pending	
大有可為	idiom	chengyu	china-idiom	external-membership	medium	pending	
大有文章	idiom	chengyu	china-idiom	external-membership	medium	pending	
大材小用	idiom	chengyu	china-idiom	external-membership	medium	pending	
大模大樣	idiom	chengyu	china-idiom	external-membership	medium	pending	
大獲全勝	idiom	chengyu	china-idiom	external-membership	medium	pending	
大發慈悲	idiom	chengyu	china-idiom	external-membership	medium	pending	
大相徑庭	idiom	chengyu	china-idiom	external-membership	medium	pending	
大紅大紫	idiom	chengyu	china-idiom	external-membership	medium	pending	
大紅大綠	idiom	chengyu	china-idiom	external-membership	medium	pending	
大而化之	idiom	chengyu	china-idiom	external-membership	medium	pending	
大腹便便	idiom	chengyu	china-idiom	external-membership	medium	pending	
大興土木	idiom	chengyu	china-idiom	external-membership	medium	pending	
大街小巷	idiom	chengyu	china-idiom	external-membership	medium	pending	
大言不慚	idiom	chengyu	china-idiom	external-membership	medium	pending	
大起大落	idiom	chengyu	china-idiom	external-membership	medium	pending	
大醇小疵	idiom	chengyu	china-idiom	external-membership	medium	pending	
大錯特錯	idiom	chengyu	china-idiom	external-membership	medium	pending	
大雅之堂	idiom	chengyu	china-idiom	external-membership	medium	pending	
大難臨頭	idiom	chengyu	china-idiom	external-membership	medium	pending	
大顯身手	idiom	chengyu	china-idiom	external-membership	medium	pending	
大驚失色	idiom	chengyu	china-idiom	external-membership	medium	pending	
大驚小怪	idiom	chengyu	china-idiom	external-membership	medium	pending	
天下一家	idiom	chengyu	china-idiom	external-membership	medium	pending	
天下無敵	idiom	chengyu	china-idiom	external-membership	medium	pending	
天下無雙	idiom	chengyu	china-idiom	external-membership	medium	pending	
天之驕子	idiom	chengyu	china-idiom	external-membership	medium	pending	
天作之合	idiom	chengyu	china-idiom	external-membership	medium	pending	
天兵天將	idiom	chengyu	china-idiom	external-membership	medium	pending	
天各一方	idiom	chengyu	china-idiom	external-membership	medium	pending	
天地不容	idiom	chengyu	china-idiom	external-membership	medium	pending	
天塌地陷	idiom	chengyu	china-idiom	external-membership	medium	pending	
天壤之別	idiom	chengyu	china-idiom	external-membership	medium	pending	
天外有天	idiom	chengyu	china-idiom	external-membership	medium	pending	
天女散花	idiom	chengyu	china-idiom	external-membership	medium	pending	
天姿國色	idiom	chengyu	china-idiom	external-membership	medium	pending	
天寒地凍	idiom	chengyu	china-idiom	external-membership	medium	pending	
天崩地裂	idiom	chengyu	china-idiom	external-membership	medium	pending	
天府之國	idiom	chengyu	china-idiom	external-membership	medium	pending	
天怒人怨	idiom	chengyu	china-idiom	external-membership	medium	pending	
天打雷劈	idiom	chengyu	china-idiom	external-membership	medium	pending	
天搖地動	idiom	chengyu	china-idiom	external-membership	medium	pending	
天方夜譚	idiom	chengyu	china-idiom	external-membership	medium	pending	
天朗氣清	idiom	chengyu	china-idiom	external-membership	medium	pending	
天涯海角	idiom	chengyu	china-idiom	external-membership	medium	pending	
天淵之別	idiom	chengyu	china-idiom	external-membership	medium	pending	
天生麗質	idiom	chengyu	china-idiom	external-membership	medium	pending	
天網恢恢	idiom	chengyu	china-idiom	external-membership	medium	pending	
天荒地老	idiom	chengyu	china-idiom	external-membership	medium	pending	
天誅地滅	idiom	chengyu	china-idiom	external-membership	medium	pending	
天造地設	idiom	chengyu	china-idiom	external-membership	medium	pending	
天長日久	idiom	chengyu	china-idiom	external-membership	medium	pending	
天香國色	idiom	chengyu	china-idiom	external-membership	medium	pending	
天馬行空	idiom	chengyu	china-idiom	external-membership	medium	pending	
天高地厚	idiom	chengyu	china-idiom	external-membership	medium	pending	
太平盛世	idiom	chengyu	china-idiom	external-membership	medium	pending	
失之交臂	idiom	chengyu	china-idiom	external-membership	medium	pending	
失道寡助	idiom	chengyu	china-idiom	external-membership	medium	pending	
夾七夾八	idiom	chengyu	china-idiom	external-membership	medium	pending	
奇文共賞	idiom	chengyu	china-idiom	external-membership	medium	pending	
奇花異草	idiom	chengyu	china-idiom	external-membership	medium	pending	
奇談怪論	idiom	chengyu	china-idiom	external-membership	medium	pending	
奮筆疾書	idiom	chengyu	china-idiom	external-membership	medium	pending	
女媧補天	idiom	chengyu	china-idiom	external-membership	medium	pending	
好事之徒	idiom	chengyu	china-idiom	external-membership	medium	pending	
好勇鬥狠	idiom	chengyu	china-idiom	external-membership	medium	pending	
好大喜功	idiom	chengyu	china-idiom	external-membership	medium	pending	
好景不長	idiom	chengyu	china-idiom	external-membership	medium	pending	
好聲好氣	idiom	chengyu	china-idiom	external-membership	medium	pending	
好言好語	idiom	chengyu	china-idiom	external-membership	medium	pending	
好説歹説	idiom	chengyu	china-idiom	external-membership	medium	pending	
好逸惡勞	idiom	chengyu	china-idiom	external-membership	medium	pending	
如出一轍	idiom	chengyu	china-idiom	external-membership	medium	pending	
如坐針氈	idiom	chengyu	china-idiom	external-membership	medium	pending	
如履平地	idiom	chengyu	china-idiom	external-membership	medium	pending	
如履薄冰	idiom	chengyu	china-idiom	external-membership	medium	pending	
如意算盤	idiom	chengyu	china-idiom	external-membership	medium	pending	
如此而已	idiom	chengyu	china-idiom	external-membership	medium	pending	
如火如荼	idiom	chengyu	china-idiom	external-membership	medium	pending	
如痴如醉	idiom	chengyu	china-idiom	external-membership	medium	pending	
如箭在弦	idiom	chengyu	china-idiom	external-membership	medium	pending	
如蟻附羶	idiom	chengyu	china-idiom	external-membership	medium	pending	
如醉如痴	idiom	chengyu	china-idiom	external-membership	medium	pending	
如釋重負	idiom	chengyu	china-idiom	external-membership	medium	pending	
如願以償	idiom	chengyu	china-idiom	external-membership	medium	pending	
如魚得水	idiom	chengyu	china-idiom	external-membership	medium	pending	
妖言惑眾	idiom	chengyu	china-idiom	external-membership	medium	pending	
妙手回春	idiom	chengyu	china-idiom	external-membership	medium	pending	
妙手空空	idiom	chengyu	china-idiom	external-membership	medium	pending	
妻兒老小	idiom	chengyu	china-idiom	external-membership	medium	pending	
始亂終棄	idiom	chengyu	china-idiom	external-membership	medium	pending	
始終如一	idiom	chengyu	china-idiom	external-membership	medium	pending	
姍姍來遲	idiom	chengyu	china-idiom	external-membership	medium	pending	
姑妄聽之	idiom	chengyu	china-idiom	external-membership	medium	pending	
姑息養奸	idiom	chengyu	china-idiom	external-membership	medium	pending	
威武不屈	idiom	chengyu	china-idiom	external-membership	medium	pending	
威震天下	idiom	chengyu	china-idiom	external-membership	medium	pending	
威風八面	idiom	chengyu	china-idiom	external-membership	medium	pending	
威風凜凜	idiom	chengyu	china-idiom	external-membership	medium	pending	
娓娓而談	idiom	chengyu	china-idiom	external-membership	medium	pending	
婆婆媽媽	idiom	chengyu	china-idiom	external-membership	medium	pending	
婦人之仁	idiom	chengyu	china-idiom	external-membership	medium	pending	
嫁狗隨狗	idiom	chengyu	china-idiom	external-membership	medium	pending	
嫉惡如仇	idiom	chengyu	china-idiom	external-membership	medium	pending	
嫉賢妒能	idiom	chengyu	china-idiom	external-membership	medium	pending	
嫌貧愛富	idiom	chengyu	china-idiom	external-membership	medium	pending	
嬉皮笑臉	idiom	chengyu	china-idiom	external-membership	medium	pending	
嬉笑怒罵	idiom	chengyu	china-idiom	external-membership	medium	pending	
嬌生慣養	idiom	chengyu	china-idiom	external-membership	medium	pending	
子子孫孫	idiom	chengyu	china-idiom	external-membership	medium	pending	
孑然一身	idiom	chengyu	china-idiom	external-membership	medium	pending	
孔孟之道	idiom	chengyu	china-idiom	external-membership	medium	pending	
字字珠玉	idiom	chengyu	china-idiom	external-membership	medium	pending	
字字珠璣	idiom	chengyu	china-idiom	external-membership	medium	pending	
字正腔圓	idiom	chengyu	china-idiom	external-membership	medium	pending	
孟母三遷	idiom	chengyu	china-idiom	external-membership	medium	pending	
孤家寡人	idiom	chengyu	china-idiom	external-membership	medium	pending	
孤立無援	idiom	chengyu	china-idiom	external-membership	medium	pending	
孤苦伶仃	idiom	chengyu	china-idiom	external-membership	medium	pending	
孤軍奮戰	idiom	chengyu	china-idiom	external-membership	medium	pending	
孤陋寡聞	idiom	chengyu	china-idiom	external-membership	medium	pending	
學以致用	idiom	chengyu	china-idiom	external-membership	medium	pending	
學富五車	idiom	chengyu	china-idiom	external-membership	medium	pending	
學無止境	idiom	chengyu	china-idiom	external-membership	medium	pending	
守口如瓶	idiom	chengyu	china-idiom	external-membership	medium	pending	
守身如玉	idiom	chengyu	china-idiom	external-membership	medium	pending	
安分守己	idiom	chengyu	china-idiom	external-membership	medium	pending	
安安穩穩	idiom	chengyu	china-idiom	external-membership	medium	pending	
安居樂業	idiom	chengyu	china-idiom	external-membership	medium	pending	
完好無缺	idiom	chengyu	china-idiom	external-membership	medium	pending	
官報私仇	idiom	chengyu	china-idiom	external-membership	medium	pending	
官樣文章	idiom	chengyu	china-idiom	external-membership	medium	pending	
官逼民反	idiom	chengyu	china-idiom	external-membership	medium	pending	
家喻户曉	idiom	chengyu	china-idiom	external-membership	medium	pending	
家破人亡	idiom	chengyu	china-idiom	external-membership	medium	pending	
寄人籬下	idiom	chengyu	china-idiom	external-membership	medium	pending	
寅吃卯糧	idiom	chengyu	china-idiom	external-membership	medium	pending	
密密層層	idiom	chengyu	china-idiom	external-membership	medium	pending	
密鑼緊鼓	idiom	chengyu	china-idiom	external-membership	medium	pending	
富國強兵	idiom	chengyu	china-idiom	external-membership	medium	pending	
富貴榮華	idiom	chengyu	china-idiom	external-membership	medium	pending	
富貴逼人	idiom	chengyu	china-idiom	external-membership	medium	pending	
察察為明	idiom	chengyu	china-idiom	external-membership	medium	pending	
察言觀色	idiom	chengyu	china-idiom	external-membership	medium	pending	
寡廉鮮恥	idiom	chengyu	china-idiom	external-membership	medium	pending	
寥寥無幾	idiom	chengyu	china-idiom	external-membership	medium	pending	
實事求是	idiom	chengyu	china-idiom	external-membership	medium	pending	
實至名歸	idiom	chengyu	china-idiom	external-membership	medium	pending	
寧缺勿濫	idiom	chengyu	china-idiom	external-membership	medium	pending	
寧缺毋濫	idiom	chengyu	china-idiom	external-membership	medium	pending	
寬宏大量	idiom	chengyu	china-idiom	external-membership	medium	pending	
寶刀未老	idiom	chengyu	china-idiom	external-membership	medium	pending	
寸土必爭	idiom	chengyu	china-idiom	external-membership	medium	pending	
寸步不讓	idiom	chengyu	china-idiom	external-membership	medium	pending	
寸步難行	idiom	chengyu	china-idiom	external-membership	medium	pending	
寸草不生	idiom	chengyu	china-idiom	external-membership	medium	pending	
將信將疑	idiom	chengyu	china-idiom	external-membership	medium	pending	
將功補過	idiom	chengyu	china-idiom	external-membership	medium	pending	
將功贖罪	idiom	chengyu	china-idiom	external-membership	medium	pending	
將心比心	idiom	chengyu	china-idiom	external-membership	medium	pending	
將計就計	idiom	chengyu	china-idiom	external-membership	medium	pending	
將門虎子	idiom	chengyu	china-idiom	external-membership	medium	pending	
尋歡作樂	idiom	chengyu	china-idiom	external-membership	medium	pending	
對症下藥	idiom	chengyu	china-idiom	external-membership	medium	pending	
對答如流	idiom	chengyu	china-idiom	external-membership	medium	pending	
對簿公堂	idiom	chengyu	china-idiom	external-membership	medium	pending	
對酒當歌	idiom	chengyu	china-idiom	external-membership	medium	pending	
小恩小惠	idiom	chengyu	china-idiom	external-membership	medium	pending	
小肚雞腸	idiom	chengyu	china-idiom	external-membership	medium	pending	
小題大作	idiom	chengyu	china-idiom	external-membership	medium	pending	
小題大做	idiom	chengyu	china-idiom	external-membership	medium	pending	
小鳥依人	idiom	chengyu	china-idiom	external-membership	medium	pending	
少不更事	idiom	chengyu	china-idiom	external-membership	medium	pending	
少年老成	idiom	chengyu	china-idiom	external-membership	medium	pending	
尖嘴猴腮	idiom	chengyu	china-idiom	external-membership	medium	pending	
就事論事	idiom	chengyu	china-idiom	external-membership	medium	pending	
就地取材	idiom	chengyu	china-idiom	external-membership	medium	pending	
就地正法	idiom	chengyu	china-idiom	external-membership	medium	pending	
尾大不掉	idiom	chengyu	china-idiom	external-membership	medium	pending	
居安思危	idiom	chengyu	china-idiom	external-membership	medium	pending	
居心不良	idiom	chengyu	china-idiom	external-membership	medium	pending	
屈指可數	idiom	chengyu	china-idiom	external-membership	medium	pending	
屍橫遍野	idiom	chengyu	china-idiom	external-membership	medium	pending	
屏氣凝神	idiom	chengyu	china-idiom	external-membership	medium	pending	
展翅高飛	idiom	chengyu	china-idiom	external-membership	medium	pending	
屢戰屢敗	idiom	chengyu	china-idiom	external-membership	medium	pending	
屢見不鮮	idiom	chengyu	china-idiom	external-membership	medium	pending	
屢試不爽	idiom	chengyu	china-idiom	external-membership	medium	pending	
層出不窮	idiom	chengyu	china-idiom	external-membership	medium	pending	
履舄交錯	idiom	chengyu	china-idiom	external-membership	medium	pending	
屬垣有耳	idiom	chengyu	china-idiom	external-membership	medium	pending	
山光水色	idiom	chengyu	china-idiom	external-membership	medium	pending	
山崩地裂	idiom	chengyu	china-idiom	external-membership	medium	pending	
山明水秀	idiom	chengyu	china-idiom	external-membership	medium	pending	
山盟海誓	idiom	chengyu	china-idiom	external-membership	medium	pending	
山長水遠	idiom	chengyu	china-idiom	external-membership	medium	pending	
崇洋媚外	idiom	chengyu	china-idiom	external-membership	medium	pending	
崢嶸歲月	idiom	chengyu	china-idiom	external-membership	medium	pending	
巍然屹立	idiom	chengyu	china-idiom	external-membership	medium	pending	
工力悉敵	idiom	chengyu	china-idiom	external-membership	medium	pending	
左右開弓	idiom	chengyu	china-idiom	external-membership	medium	pending	
左思右想	idiom	chengyu	china-idiom	external-membership	medium	pending	
左擁右抱	idiom	chengyu	china-idiom	external-membership	medium	pending	
左道旁門	idiom	chengyu	china-idiom	external-membership	medium	pending	
左鄰右舍	idiom	chengyu	china-idiom	external-membership	medium	pending	
巧奪天工	idiom	chengyu	china-idiom	external-membership	medium	pending	
巾幗英雄	idiom	chengyu	china-idiom	external-membership	medium	pending	
師出有名	idiom	chengyu	china-idiom	external-membership	medium	pending	
席地而坐	idiom	chengyu	china-idiom	external-membership	medium	pending	
常年累月	idiom	chengyu	china-idiom	external-membership	medium	pending	
幡然悔悟	idiom	chengyu	china-idiom	external-membership	medium	pending	
平分秋色	idiom	chengyu	china-idiom	external-membership	medium	pending	
平心而論	idiom	chengyu	china-idiom	external-membership	medium	pending	
平心靜氣	idiom	chengyu	china-idiom	external-membership	medium	pending	
平步青雲	idiom	chengyu	china-idiom	external-membership	medium	pending	
平淡無奇	idiom	chengyu	china-idiom	external-membership	medium	pending	
平白無故	idiom	chengyu	china-idiom	external-membership	medium	pending	
平鋪直敍	idiom	chengyu	china-idiom	external-membership	medium	pending	
年復一年	idiom	chengyu	china-idiom	external-membership	medium	pending	
庖丁解牛	idiom	chengyu	china-idiom	external-membership	medium	pending	
度日如年	idiom	chengyu	china-idiom	external-membership	medium	pending	
座無虛席	idiom	chengyu	china-idiom	external-membership	medium	pending	
康莊大道	idiom	chengyu	china-idiom	external-membership	medium	pending	
廢寢忘食	idiom	chengyu	china-idiom	external-membership	medium	pending	
廣開言路	idiom	chengyu	china-idiom	external-membership	medium	pending	
延年益壽	idiom	chengyu	china-idiom	external-membership	medium	pending	
建功立業	idiom	chengyu	china-idiom	external-membership	medium	pending	
弄虛作假	idiom	chengyu	china-idiom	external-membership	medium	pending	
引人入勝	idiom	chengyu	china-idiom	external-membership	medium	pending	
引以為戒	idiom	chengyu	china-idiom	external-membership	medium	pending	
引火燒身	idiom	chengyu	china-idiom	external-membership	medium	pending	
引狼入室	idiom	chengyu	china-idiom	external-membership	medium	pending	
弦外之音	idiom	chengyu	china-idiom	external-membership	medium	pending	
弱不禁風	idiom	chengyu	china-idiom	external-membership	medium	pending	
弱肉強食	idiom	chengyu	china-idiom	external-membership	medium	pending	
張口結舌	idiom	chengyu	china-idiom	external-membership	medium	pending	
張燈結綵	idiom	chengyu	china-idiom	external-membership	medium	pending	
張牙舞爪	idiom	chengyu	china-idiom	external-membership	medium	pending	
強人所難	idiom	chengyu	china-idiom	external-membership	medium	pending	
強加於人	idiom	chengyu	china-idiom	external-membership	medium	pending	
強弩之末	idiom	chengyu	china-idiom	external-membership	medium	pending	
彈丸之地	idiom	chengyu	china-idiom	external-membership	medium	pending	
彈指之間	idiom	chengyu	china-idiom	external-membership	medium	pending	
彌天大謊	idiom	chengyu	china-idiom	external-membership	medium	pending	
形單影隻	idiom	chengyu	china-idiom	external-membership	medium	pending	
彬彬有禮	idiom	chengyu	china-idiom	external-membership	medium	pending	
影影綽綽	idiom	chengyu	china-idiom	external-membership	medium	pending	
彼此彼此	idiom	chengyu	china-idiom	external-membership	medium	pending	
待價而沽	idiom	chengyu	china-idiom	external-membership	medium	pending	
後悔莫及	idiom	chengyu	china-idiom	external-membership	medium	pending	
後患無窮	idiom	chengyu	china-idiom	external-membership	medium	pending	
後會有期	idiom	chengyu	china-idiom	external-membership	medium	pending	
後繼有人	idiom	chengyu	china-idiom	external-membership	medium	pending	
後起之秀	idiom	chengyu	china-idiom	external-membership	medium	pending	
後顧之憂	idiom	chengyu	china-idiom	external-membership	medium	pending	
徐娘半老	idiom	chengyu	china-idiom	external-membership	medium	pending	
徒勞無功	idiom	chengyu	china-idiom	external-membership	medium	pending	
徒子徒孫	idiom	chengyu	china-idiom	external-membership	medium	pending	
得心應手	idiom	chengyu	china-idiom	external-membership	medium	pending	
得過且過	idiom	chengyu	china-idiom	external-membership	medium	pending	
得隴望蜀	idiom	chengyu	china-idiom	external-membership	medium	pending	
從容不迫	idiom	chengyu	china-idiom	external-membership	medium	pending	
從心所欲	idiom	chengyu	china-idiom	external-membership	medium	pending	
從諫如流	idiom	chengyu	china-idiom	external-membership	medium	pending	
從長計議	idiom	chengyu	china-idiom	external-membership	medium	pending	
從頭到尾	idiom	chengyu	china-idiom	external-membership	medium	pending	
循規蹈矩	idiom	chengyu	china-idiom	external-membership	medium	pending	
德才兼備	idiom	chengyu	china-idiom	external-membership	medium	pending	
德藝雙馨	idiom	chengyu	china-idiom	external-membership	medium	pending	
徹頭徹尾	idiom	chengyu	china-idiom	external-membership	medium	pending	
心中有數	idiom	chengyu	china-idiom	external-membership	medium	pending	
心力交瘁	idiom	chengyu	china-idiom	external-membership	medium	pending	
心如刀割	idiom	chengyu	china-idiom	external-membership	medium	pending	
心如刀絞	idiom	chengyu	china-idiom	external-membership	medium	pending	
心如止水	idiom	chengyu	china-idiom	external-membership	medium	pending	
心如死灰	idiom	chengyu	china-idiom	external-membership	medium	pending	
心安理得	idiom	chengyu	china-idiom	external-membership	medium	pending	
心寬體胖	idiom	chengyu	china-idiom	external-membership	medium	pending	
心平氣和	idiom	chengyu	china-idiom	external-membership	medium	pending	
心急火燎	idiom	chengyu	china-idiom	external-membership	medium	pending	
心悦誠服	idiom	chengyu	china-idiom	external-membership	medium	pending	
心懷鬼胎	idiom	chengyu	china-idiom	external-membership	medium	pending	
心有餘悸	idiom	chengyu	china-idiom	external-membership	medium	pending	
心浮氣躁	idiom	chengyu	china-idiom	external-membership	medium	pending	
心滿意足	idiom	chengyu	china-idiom	external-membership	medium	pending	
心潮澎湃	idiom	chengyu	china-idiom	external-membership	medium	pending	
心無旁騖	idiom	chengyu	china-idiom	external-membership	medium	pending	
心猿意馬	idiom	chengyu	china-idiom	external-membership	medium	pending	
心甘情願	idiom	chengyu	china-idiom	external-membership	medium	pending	
心腹之患	idiom	chengyu	china-idiom	external-membership	medium	pending	
心腹大患	idiom	chengyu	china-idiom	external-membership	medium	pending	
心術不正	idiom	chengyu	china-idiom	external-membership	medium	pending	
心馳神往	idiom	chengyu	china-idiom	external-membership	medium	pending	
心驚膽顫	idiom	chengyu	china-idiom	external-membership	medium	pending	
心高氣傲	idiom	chengyu	china-idiom	external-membership	medium	pending	
必爭之地	idiom	chengyu	china-idiom	external-membership	medium	pending	
必由之路	idiom	chengyu	china-idiom	external-membership	medium	pending	
忍氣吞聲	idiom	chengyu	china-idiom	external-membership	medium	pending	
忍辱負重	idiom	chengyu	china-idiom	external-membership	medium	pending	
志同道合	idiom	chengyu	china-idiom	external-membership	medium	pending	
志在千里	idiom	chengyu	china-idiom	external-membership	medium	pending	
志得意滿	idiom	chengyu	china-idiom	external-membership	medium	pending	
忘乎所以	idiom	chengyu	china-idiom	external-membership	medium	pending	
忘恩負義	idiom	chengyu	china-idiom	external-membership	medium	pending	
忙忙碌碌	idiom	chengyu	china-idiom	external-membership	medium	pending	
忙裏偷閒	idiom	chengyu	china-idiom	external-membership	medium	pending	
忠心耿耿	idiom	chengyu	china-idiom	external-membership	medium	pending	
忠肝義膽	idiom	chengyu	china-idiom	external-membership	medium	pending	
忠言逆耳	idiom	chengyu	china-idiom	external-membership	medium	pending	
忠貞不渝	idiom	chengyu	china-idiom	external-membership	medium	pending	
快人快語	idiom	chengyu	china-idiom	external-membership	medium	pending	
快步流星	idiom	chengyu	china-idiom	external-membership	medium	pending	
念茲在茲	idiom	chengyu	china-idiom	external-membership	medium	pending	
忽冷忽熱	idiom	chengyu	china-idiom	external-membership	medium	pending	
忿忿不平	idiom	chengyu	china-idiom	external-membership	medium	pending	
怒火中燒	idiom	chengyu	china-idiom	external-membership	medium	pending	
怒髮衝冠	idiom	chengyu	china-idiom	external-membership	medium	pending	
怙惡不悛	idiom	chengyu	china-idiom	external-membership	medium	pending	
思前想後	idiom	chengyu	china-idiom	external-membership	medium	pending	
怡然自得	idiom	chengyu	china-idiom	external-membership	medium	pending	
急不及待	idiom	chengyu	china-idiom	external-membership	medium	pending	
急人之難	idiom	chengyu	china-idiom	external-membership	medium	pending	
怨天尤人	idiom	chengyu	china-idiom	external-membership	medium	pending	
怪力亂神	idiom	chengyu	china-idiom	external-membership	medium	pending	
怪模怪樣	idiom	chengyu	china-idiom	external-membership	medium	pending	
怪聲怪氣	idiom	chengyu	china-idiom	external-membership	medium	pending	
怪誕不經	idiom	chengyu	china-idiom	external-membership	medium	pending	
怯聲怯氣	idiom	chengyu	china-idiom	external-membership	medium	pending	
怵目驚心	idiom	chengyu	china-idiom	external-membership	medium	pending	
恃強凌弱	idiom	chengyu	china-idiom	external-membership	medium	pending	
恃才傲物	idiom	chengyu	china-idiom	external-membership	medium	pending	
恍如隔世	idiom	chengyu	china-idiom	external-membership	medium	pending	
恩將仇報	idiom	chengyu	china-idiom	external-membership	medium	pending	
恩斷義絕	idiom	chengyu	china-idiom	external-membership	medium	pending	
恬不知恥	idiom	chengyu	china-idiom	external-membership	medium	pending	
息事寧人	idiom	chengyu	china-idiom	external-membership	medium	pending	
息息相關	idiom	chengyu	china-idiom	external-membership	medium	pending	
恰如其分	idiom	chengyu	china-idiom	external-membership	medium	pending	
悔不當初	idiom	chengyu	china-idiom	external-membership	medium	pending	
悔之晚矣	idiom	chengyu	china-idiom	external-membership	medium	pending	
悠哉遊哉	idiom	chengyu	china-idiom	external-membership	medium	pending	
患難之交	idiom	chengyu	china-idiom	external-membership	medium	pending	
患難與共	idiom	chengyu	china-idiom	external-membership	medium	pending	
悲喜交集	idiom	chengyu	china-idiom	external-membership	medium	pending	
悲憤填膺	idiom	chengyu	china-idiom	external-membership	medium	pending	
悲歡離合	idiom	chengyu	china-idiom	external-membership	medium	pending	
悶悶不樂	idiom	chengyu	china-idiom	external-membership	medium	pending	
情不自禁	idiom	chengyu	china-idiom	external-membership	medium	pending	
情同手足	idiom	chengyu	china-idiom	external-membership	medium	pending	
情意綿綿	idiom	chengyu	china-idiom	external-membership	medium	pending	
情投意合	idiom	chengyu	china-idiom	external-membership	medium	pending	
情文並茂	idiom	chengyu	china-idiom	external-membership	medium	pending	
情真意切	idiom	chengyu	china-idiom	external-membership	medium	pending	
情竇初開	idiom	chengyu	china-idiom	external-membership	medium	pending	
惜墨如金	idiom	chengyu	china-idiom	external-membership	medium	pending	
惟利是圖	idiom	chengyu	china-idiom	external-membership	medium	pending	
惡有惡報	idiom	chengyu	china-idiom	external-membership	medium	pending	
惡語傷人	idiom	chengyu	china-idiom	external-membership	medium	pending	
想方設法	idiom	chengyu	china-idiom	external-membership	medium	pending	
惶惶不安	idiom	chengyu	china-idiom	external-membership	medium	pending	
惺惺作態	idiom	chengyu	china-idiom	external-membership	medium	pending	
惺惺相惜	idiom	chengyu	china-idiom	external-membership	medium	pending	
愁眉苦臉	idiom	chengyu	china-idiom	external-membership	medium	pending	
愁雲慘霧	idiom	chengyu	china-idiom	external-membership	medium	pending	
意味深長	idiom	chengyu	china-idiom	external-membership	medium	pending	
意料之外	idiom	chengyu	china-idiom	external-membership	medium	pending	
愛民如子	idiom	chengyu	china-idiom	external-membership	medium	pending	
感同身受	idiom	chengyu	china-idiom	external-membership	medium	pending	
愣頭愣腦	idiom	chengyu	china-idiom	external-membership	medium	pending	
慈眉善目	idiom	chengyu	china-idiom	external-membership	medium	pending	
慌慌張張	idiom	chengyu	china-idiom	external-membership	medium	pending	
慕名而來	idiom	chengyu	china-idiom	external-membership	medium	pending	
慘不忍睹	idiom	chengyu	china-idiom	external-membership	medium	pending	
慢條斯理	idiom	chengyu	china-idiom	external-membership	medium	pending	
憂心忡忡	idiom	chengyu	china-idiom	external-membership	medium	pending	
憤憤不平	idiom	chengyu	china-idiom	external-membership	medium	pending	
應付自如	idiom	chengyu	china-idiom	external-membership	medium	pending	
應接不暇	idiom	chengyu	china-idiom	external-membership	medium	pending	
應運而生	idiom	chengyu	china-idiom	external-membership	medium	pending	
懲一儆百	idiom	chengyu	china-idiom	external-membership	medium	pending	
懲一警百	idiom	chengyu	china-idiom	external-membership	medium	pending	
懷璧其罪	idiom	chengyu	china-idiom	external-membership	medium	pending	
懸樑刺股	idiom	chengyu	china-idiom	external-membership	medium	pending	
懸而未決	idiom	chengyu	china-idiom	external-membership	medium	pending	
戎馬生涯	idiom	chengyu	china-idiom	external-membership	medium	pending	
成千上萬	idiom	chengyu	china-idiom	external-membership	medium	pending	
成千成萬	idiom	chengyu	china-idiom	external-membership	medium	pending	
成家立業	idiom	chengyu	china-idiom	external-membership	medium	pending	
成年累月	idiom	chengyu	china-idiom	external-membership	medium	pending	
成羣結隊	idiom	chengyu	china-idiom	external-membership	medium	pending	
成雙成對	idiom	chengyu	china-idiom	external-membership	medium	pending	
我見猶憐	idiom	chengyu	china-idiom	external-membership	medium	pending	
戒驕戒躁	idiom	chengyu	china-idiom	external-membership	medium	pending	
截然不同	idiom	chengyu	china-idiom	external-membership	medium	pending	
戰火紛飛	idiom	chengyu	china-idiom	external-membership	medium	pending	
戰無不勝	idiom	chengyu	china-idiom	external-membership	medium	pending	
戴月披星	idiom	chengyu	china-idiom	external-membership	medium	pending	
戴盆望天	idiom	chengyu	china-idiom	external-membership	medium	pending	
戴罪立功	idiom	chengyu	china-idiom	external-membership	medium	pending	
户樞不蠹	idiom	chengyu	china-idiom	external-membership	medium	pending	
所作所為	idiom	chengyu	china-idiom	external-membership	medium	pending	
所剩無幾	idiom	chengyu	china-idiom	external-membership	medium	pending	
所向無敵	idiom	chengyu	china-idiom	external-membership	medium	pending	
所見所聞	idiom	chengyu	china-idiom	external-membership	medium	pending	
所見略同	idiom	chengyu	china-idiom	external-membership	medium	pending	
手下留情	idiom	chengyu	china-idiom	external-membership	medium	pending	
手到病除	idiom	chengyu	china-idiom	external-membership	medium	pending	
手忙腳亂	idiom	chengyu	china-idiom	external-membership	medium	pending	
手急眼快	idiom	chengyu	china-idiom	external-membership	medium	pending	
手無寸鐵	idiom	chengyu	china-idiom	external-membership	medium	pending	
手無縛雞之力	idiom	chengyu	china-idiom	external-membership	medium	pending	
手足無措	idiom	chengyu	china-idiom	external-membership	medium	pending	
才疏學淺	idiom	chengyu	china-idiom	external-membership	medium	pending	
才華橫溢	idiom	chengyu	china-idiom	external-membership	medium	pending	
才貌雙全	idiom	chengyu	china-idiom	external-membership	medium	pending	
打成一片	idiom	chengyu	china-idiom	external-membership	medium	pending	
打抱不平	idiom	chengyu	china-idiom	external-membership	medium	pending	
打落水狗	idiom	chengyu	china-idiom	external-membership	medium	pending	
打鐵趁熱	idiom	chengyu	china-idiom	external-membership	medium	pending	
扭扭捏捏	idiom	chengyu	china-idiom	external-membership	medium	pending	
扭轉乾坤	idiom	chengyu	china-idiom	external-membership	medium	pending	
扶危濟困	idiom	chengyu	china-idiom	external-membership	medium	pending	
承上啓下	idiom	chengyu	china-idiom	external-membership	medium	pending	
承先啓後	idiom	chengyu	china-idiom	external-membership	medium	pending	
抓耳撓腮	idiom	chengyu	china-idiom	external-membership	medium	pending	
投其所好	idiom	chengyu	china-idiom	external-membership	medium	pending	
投桃報李	idiom	chengyu	china-idiom	external-membership	medium	pending	
投機倒把	idiom	chengyu	china-idiom	external-membership	medium	pending	
投石問路	idiom	chengyu	china-idiom	external-membership	medium	pending	
投筆從戎	idiom	chengyu	china-idiom	external-membership	medium	pending	
投鞭斷流	idiom	chengyu	china-idiom	external-membership	medium	pending	
投鼠忌器	idiom	chengyu	china-idiom	external-membership	medium	pending	
披星戴月	idiom	chengyu	china-idiom	external-membership	medium	pending	
披麻戴孝	idiom	chengyu	china-idiom	external-membership	medium	pending	
抱殘守缺	idiom	chengyu	china-idiom	external-membership	medium	pending	
抱薪救火	idiom	chengyu	china-idiom	external-membership	medium	pending	
抱頭痛哭	idiom	chengyu	china-idiom	external-membership	medium	pending	
抽絲剝繭	idiom	chengyu	china-idiom	external-membership	medium	pending	
拂袖而去	idiom	chengyu	china-idiom	external-membership	medium	pending	
拈花惹草	idiom	chengyu	china-idiom	external-membership	medium	pending	
拈輕怕重	idiom	chengyu	china-idiom	external-membership	medium	pending	
拉幫結派	idiom	chengyu	china-idiom	external-membership	medium	pending	
拉拉扯扯	idiom	chengyu	china-idiom	external-membership	medium	pending	
拋磚引玉	idiom	chengyu	china-idiom	external-membership	medium	pending	
拍手稱快	idiom	chengyu	china-idiom	external-membership	medium	pending	
拒之門外	idiom	chengyu	china-idiom	external-membership	medium	pending	
拙嘴笨舌	idiom	chengyu	china-idiom	external-membership	medium	pending	
招財進寶	idiom	chengyu	china-idiom	external-membership	medium	pending	
招風惹草	idiom	chengyu	china-idiom	external-membership	medium	pending	
拭目以待	idiom	chengyu	china-idiom	external-membership	medium	pending	
拳打腳踢	idiom	chengyu	china-idiom	external-membership	medium	pending	
拼死拼活	idiom	chengyu	china-idiom	external-membership	medium	pending	
拾人牙慧	idiom	chengyu	china-idiom	external-membership	medium	pending	
拾金不昧	idiom	chengyu	china-idiom	external-membership	medium	pending	
拿腔作勢	idiom	chengyu	china-idiom	external-membership	medium	pending	
持之有故	idiom	chengyu	china-idiom	external-membership	medium	pending	
指名道姓	idiom	chengyu	china-idiom	external-membership	medium	pending	
指手劃腳	idiom	chengyu	china-idiom	external-membership	medium	pending	
指手畫腳	idiom	chengyu	china-idiom	external-membership	medium	pending	
指日可待	idiom	chengyu	china-idiom	external-membership	medium	pending	
指腹為婚	idiom	chengyu	china-idiom	external-membership	medium	pending	
指雞罵狗	idiom	chengyu	china-idiom	external-membership	medium	pending	
按兵不動	idiom	chengyu	china-idiom	external-membership	medium	pending	
按捺不住	idiom	chengyu	china-idiom	external-membership	medium	pending	
按步就班	idiom	chengyu	china-idiom	external-membership	medium	pending	
按部就班	idiom	chengyu	china-idiom	external-membership	medium	pending	
挑三揀四	idiom	chengyu	china-idiom	external-membership	medium	pending	
挑肥揀瘦	idiom	chengyu	china-idiom	external-membership	medium	pending	
挖肉補瘡	idiom	chengyu	china-idiom	external-membership	medium	pending	
挨家挨户	idiom	chengyu	china-idiom	external-membership	medium	pending	
挨門挨户	idiom	chengyu	china-idiom	external-membership	medium	pending	
振振有詞	idiom	chengyu	china-idiom	external-membership	medium	pending	
振振有辭	idiom	chengyu	china-idiom	external-membership	medium	pending	
捕風捉影	idiom	chengyu	china-idiom	external-membership	medium	pending	
捨己救人	idiom	chengyu	china-idiom	external-membership	medium	pending	
捨我其誰	idiom	chengyu	china-idiom	external-membership	medium	pending	
捫心自問	idiom	chengyu	china-idiom	external-membership	medium	pending	
捷足先登	idiom	chengyu	china-idiom	external-membership	medium	pending	
掀風鼓浪	idiom	chengyu	china-idiom	external-membership	medium	pending	
掂斤播兩	idiom	chengyu	china-idiom	external-membership	medium	pending	
掃地出門	idiom	chengyu	china-idiom	external-membership	medium	pending	
授人以柄	idiom	chengyu	china-idiom	external-membership	medium	pending	
授受不親	idiom	chengyu	china-idiom	external-membership	medium	pending	
掉以輕心	idiom	chengyu	china-idiom	external-membership	medium	pending	
排山倒海	idiom	chengyu	china-idiom	external-membership	medium	pending	
探賾索隱	idiom	chengyu	china-idiom	external-membership	medium	pending	
探頭探腦	idiom	chengyu	china-idiom	external-membership	medium	pending	
接踵而來	idiom	chengyu	china-idiom	external-membership	medium	pending	
接踵而至	idiom	chengyu	china-idiom	external-membership	medium	pending	
推本溯源	idiom	chengyu	china-idiom	external-membership	medium	pending	
推濤作浪	idiom	chengyu	china-idiom	external-membership	medium	pending	
推陳出新	idiom	chengyu	china-idiom	external-membership	medium	pending	
措手不及	idiom	chengyu	china-idiom	external-membership	medium	pending	
提心吊膽	idiom	chengyu	china-idiom	external-membership	medium	pending	
提綱挈領	idiom	chengyu	china-idiom	external-membership	medium	pending	
插科打諢	idiom	chengyu	china-idiom	external-membership	medium	pending	
揚眉吐氣	idiom	chengyu	china-idiom	external-membership	medium	pending	
揚長而去	idiom	chengyu	china-idiom	external-membership	medium	pending	
揭竿而起	idiom	chengyu	china-idiom	external-membership	medium	pending	
揮金如土	idiom	chengyu	china-idiom	external-membership	medium	pending	
損公肥私	idiom	chengyu	china-idiom	external-membership	medium	pending	
搔首弄姿	idiom	chengyu	china-idiom	external-membership	medium	pending	
搖搖欲墜	idiom	chengyu	china-idiom	external-membership	medium	pending	
搖頭晃腦	idiom	chengyu	china-idiom	external-membership	medium	pending	
搖鵝毛扇	idiom	chengyu	china-idiom	external-membership	medium	pending	
搜腸刮肚	idiom	chengyu	china-idiom	external-membership	medium	pending	
搬弄是非	idiom	chengyu	china-idiom	external-membership	medium	pending	
撥雲見日	idiom	chengyu	china-idiom	external-membership	medium	pending	
撫躬自問	idiom	chengyu	china-idiom	external-membership	medium	pending	
擒賊擒王	idiom	chengyu	china-idiom	external-membership	medium	pending	
據為己有	idiom	chengyu	china-idiom	external-membership	medium	pending	
據理力爭	idiom	chengyu	china-idiom	external-membership	medium	pending	
擠眉弄眼	idiom	chengyu	china-idiom	external-membership	medium	pending	
擢髮難數	idiom	chengyu	china-idiom	external-membership	medium	pending	
擲地有聲	idiom	chengyu	china-idiom	external-membership	medium	pending	
支吾其詞	idiom	chengyu	china-idiom	external-membership	medium	pending	
支支吾吾	idiom	chengyu	china-idiom	external-membership	medium	pending	
支離破碎	idiom	chengyu	china-idiom	external-membership	medium	pending	
收之桑榆	idiom	chengyu	china-idiom	external-membership	medium	pending	
改名換姓	idiom	chengyu	china-idiom	external-membership	medium	pending	
改弦易轍	idiom	chengyu	china-idiom	external-membership	medium	pending	
改換門庭	idiom	chengyu	china-idiom	external-membership	medium	pending	
改朝換代	idiom	chengyu	china-idiom	external-membership	medium	pending	
改邪歸正	idiom	chengyu	china-idiom	external-membership	medium	pending	
攻城略地	idiom	chengyu	china-idiom	external-membership	medium	pending	
放任自流	idiom	chengyu	china-idiom	external-membership	medium	pending	
放浪不羈	idiom	chengyu	china-idiom	external-membership	medium	pending	
放蕩不羈	idiom	chengyu	china-idiom	external-membership	medium	pending	
政通人和	idiom	chengyu	china-idiom	external-membership	medium	pending	
故態復萌	idiom	chengyu	china-idiom	external-membership	medium	pending	
故技重演	idiom	chengyu	china-idiom	external-membership	medium	pending	
故步自封	idiom	chengyu	china-idiom	external-membership	medium	pending	
救死扶傷	idiom	chengyu	china-idiom	external-membership	medium	pending	
救火揚沸	idiom	chengyu	china-idiom	external-membership	medium	pending	
救苦救難	idiom	chengyu	china-idiom	external-membership	medium	pending	
敗興而歸	idiom	chengyu	china-idiom	external-membership	medium	pending	
教學相長	idiom	chengyu	china-idiom	external-membership	medium	pending	
敢作敢為	idiom	chengyu	china-idiom	external-membership	medium	pending	
敢作敢當	idiom	chengyu	china-idiom	external-membership	medium	pending	
敬而遠之	idiom	chengyu	china-idiom	external-membership	medium	pending	
敲山震虎	idiom	chengyu	china-idiom	external-membership	medium	pending	
敲鑼打鼓	idiom	chengyu	china-idiom	external-membership	medium	pending	
整裝待發	idiom	chengyu	china-idiom	external-membership	medium	pending	
敵眾我寡	idiom	chengyu	china-idiom	external-membership	medium	pending	
敷衍塞責	idiom	chengyu	china-idiom	external-membership	medium	pending	
數一數二	idiom	chengyu	china-idiom	external-membership	medium	pending	
數米而炊	idiom	chengyu	china-idiom	external-membership	medium	pending	
文人相輕	idiom	chengyu	china-idiom	external-membership	medium	pending	
文如其人	idiom	chengyu	china-idiom	external-membership	medium	pending	
文山會海	idiom	chengyu	china-idiom	external-membership	medium	pending	
文房四寶	idiom	chengyu	china-idiom	external-membership	medium	pending	
文武兼備	idiom	chengyu	china-idiom	external-membership	medium	pending	
文武雙全	idiom	chengyu	china-idiom	external-membership	medium	pending	
文治武功	idiom	chengyu	china-idiom	external-membership	medium	pending	
文質彬彬	idiom	chengyu	china-idiom	external-membership	medium	pending	
文過飾非	idiom	chengyu	china-idiom	external-membership	medium	pending	
文風不動	idiom	chengyu	china-idiom	external-membership	medium	pending	
斑駁陸離	idiom	chengyu	china-idiom	external-membership	medium	pending	
斤斤計較	idiom	chengyu	china-idiom	external-membership	medium	pending	
斬草除根	idiom	chengyu	china-idiom	external-membership	medium	pending	
斬釘截鐵	idiom	chengyu	china-idiom	external-membership	medium	pending	
新人新事	idiom	chengyu	china-idiom	external-membership	medium	pending	
新來乍到	idiom	chengyu	china-idiom	external-membership	medium	pending	
新婚燕爾	idiom	chengyu	china-idiom	external-membership	medium	pending	
斷壁殘垣	idiom	chengyu	china-idiom	external-membership	medium	pending	
斷線風箏	idiom	chengyu	china-idiom	external-membership	medium	pending	
斷袖之癖	idiom	chengyu	china-idiom	external-membership	medium	pending	
方寸已亂	idiom	chengyu	china-idiom	external-membership	medium	pending	
方興未艾	idiom	chengyu	china-idiom	external-membership	medium	pending	
於事無補	idiom	chengyu	china-idiom	external-membership	medium	pending	
於心何忍	idiom	chengyu	china-idiom	external-membership	medium	pending	
旁門左道	idiom	chengyu	china-idiom	external-membership	medium	pending	
旅進旅退	idiom	chengyu	china-idiom	external-membership	medium	pending	
旋轉乾坤	idiom	chengyu	china-idiom	external-membership	medium	pending	
旗開得勝	idiom	chengyu	china-idiom	external-membership	medium	pending	
既成事實	idiom	chengyu	china-idiom	external-membership	medium	pending	
日上三竿	idiom	chengyu	china-idiom	external-membership	medium	pending	
日以繼夜	idiom	chengyu	china-idiom	external-membership	medium	pending	
日夜兼程	idiom	chengyu	china-idiom	external-membership	medium	pending	
日復一日	idiom	chengyu	china-idiom	external-membership	medium	pending	
日新月異	idiom	chengyu	china-idiom	external-membership	medium	pending	
日日夜夜	idiom	chengyu	china-idiom	external-membership	medium	pending	
日月如梭	idiom	chengyu	china-idiom	external-membership	medium	pending	
日落西山	idiom	chengyu	china-idiom	external-membership	medium	pending	
日薄西山	idiom	chengyu	china-idiom	external-membership	medium	pending	
早出晚歸	idiom	chengyu	china-idiom	external-membership	medium	pending	
昂首挺胸	idiom	chengyu	china-idiom	external-membership	medium	pending	
明來暗往	idiom	chengyu	china-idiom	external-membership	medium	pending	
明哲保身	idiom	chengyu	china-idiom	external-membership	medium	pending	
明媒正娶	idiom	chengyu	china-idiom	external-membership	medium	pending	
明察秋毫	idiom	chengyu	china-idiom	external-membership	medium	pending	
明心見性	idiom	chengyu	china-idiom	external-membership	medium	pending	
明明白白	idiom	chengyu	china-idiom	external-membership	medium	pending	
明月清風	idiom	chengyu	china-idiom	external-membership	medium	pending	
明查暗訪	idiom	chengyu	china-idiom	external-membership	medium	pending	
明火執仗	idiom	chengyu	china-idiom	external-membership	medium	pending	
明珠投暗	idiom	chengyu	china-idiom	external-membership	medium	pending	
明窗淨几	idiom	chengyu	china-idiom	external-membership	medium	pending	
明辨是非	idiom	chengyu	china-idiom	external-membership	medium	pending	
昏昏欲睡	idiom	chengyu	china-idiom	external-membership	medium	pending	
昏昏沉沉	idiom	chengyu	china-idiom	external-membership	medium	pending	
易如反掌	idiom	chengyu	china-idiom	external-membership	medium	pending	
星星之火	idiom	chengyu	china-idiom	external-membership	medium	pending	
星星點點	idiom	chengyu	china-idiom	external-membership	medium	pending	
星火燎原	idiom	chengyu	china-idiom	external-membership	medium	pending	
春意盎然	idiom	chengyu	china-idiom	external-membership	medium	pending	
春花秋月	idiom	chengyu	china-idiom	external-membership	medium	pending	
春華秋實	idiom	chengyu	china-idiom	external-membership	medium	pending	
春風一度	idiom	chengyu	china-idiom	external-membership	medium	pending	
春風化雨	idiom	chengyu	china-idiom	external-membership	medium	pending	
是是非非	idiom	chengyu	china-idiom	external-membership	medium	pending	
時不再來	idiom	chengyu	china-idiom	external-membership	medium	pending	
時過境遷	idiom	chengyu	china-idiom	external-membership	medium	pending	
晨鐘暮鼓	idiom	chengyu	china-idiom	external-membership	medium	pending	
普天之下	idiom	chengyu	china-idiom	external-membership	medium	pending	
智勇雙全	idiom	chengyu	china-idiom	external-membership	medium	pending	
暈頭轉向	idiom	chengyu	china-idiom	external-membership	medium	pending	
暗度陳倉	idiom	chengyu	china-idiom	external-membership	medium	pending	
暗渡陳倉	idiom	chengyu	china-idiom	external-membership	medium	pending	
暗無天日	idiom	chengyu	china-idiom	external-membership	medium	pending	
暗箭傷人	idiom	chengyu	china-idiom	external-membership	medium	pending	
暗香疏影	idiom	chengyu	china-idiom	external-membership	medium	pending	
暢通無阻	idiom	chengyu	china-idiom	external-membership	medium	pending	
暴殄天物	idiom	chengyu	china-idiom	external-membership	medium	pending	
暴露無遺	idiom	chengyu	china-idiom	external-membership	medium	pending	
曇花一現	idiom	chengyu	china-idiom	external-membership	medium	pending	
曲徑通幽	idiom	chengyu	china-idiom	external-membership	medium	pending	
更弦易轍	idiom	chengyu	china-idiom	external-membership	medium	pending	
書香門第	idiom	chengyu	china-idiom	external-membership	medium	pending	
曾經滄海	idiom	chengyu	china-idiom	external-membership	medium	pending	
月圓花好	idiom	chengyu	china-idiom	external-membership	medium	pending	
月白風清	idiom	chengyu	china-idiom	external-membership	medium	pending	
月黑風高	idiom	chengyu	china-idiom	external-membership	medium	pending	
有來有往	idiom	chengyu	china-idiom	external-membership	medium	pending	
有備無患	idiom	chengyu	china-idiom	external-membership	medium	pending	
有勇有謀	idiom	chengyu	china-idiom	external-membership	medium	pending	
有勇無謀	idiom	chengyu	china-idiom	external-membership	medium	pending	
有口皆碑	idiom	chengyu	china-idiom	external-membership	medium	pending	
有嘴無心	idiom	chengyu	china-idiom	external-membership	medium	pending	
有始有終	idiom	chengyu	china-idiom	external-membership	medium	pending	
有始無終	idiom	chengyu	china-idiom	external-membership	medium	pending	
有心無力	idiom	chengyu	china-idiom	external-membership	medium	pending	
有志竟成	idiom	chengyu	china-idiom	external-membership	medium	pending	
有恃無恐	idiom	chengyu	china-idiom	external-membership	medium	pending	
有教無類	idiom	chengyu	china-idiom	external-membership	medium	pending	
有朝一日	idiom	chengyu	china-idiom	external-membership	medium	pending	
有條有理	idiom	chengyu	china-idiom	external-membership	medium	pending	
有氣無力	idiom	chengyu	china-idiom	external-membership	medium	pending	
有生之年	idiom	chengyu	china-idiom	external-membership	medium	pending	
有目共賞	idiom	chengyu	china-idiom	external-membership	medium	pending	
有眼無珠	idiom	chengyu	china-idiom	external-membership	medium	pending	
有血有肉	idiom	chengyu	china-idiom	external-membership	medium	pending	
有言在先	idiom	chengyu	china-idiom	external-membership	medium	pending	
有識之士	idiom	chengyu	china-idiom	external-membership	medium	pending	
有錢有勢	idiom	chengyu	china-idiom	external-membership	medium	pending	
有頭有臉	idiom	chengyu	china-idiom	external-membership	medium	pending	
有頭無尾	idiom	chengyu	china-idiom	external-membership	medium	pending	
朋比為奸	idiom	chengyu	china-idiom	external-membership	medium	pending	
朗朗上口	idiom	chengyu	china-idiom	external-membership	medium	pending	
望其項背	idiom	chengyu	china-idiom	external-membership	medium	pending	
望塵莫及	idiom	chengyu	china-idiom	external-membership	medium	pending	
望子成龍	idiom	chengyu	china-idiom	external-membership	medium	pending	
望文生義	idiom	chengyu	china-idiom	external-membership	medium	pending	
望梅止渴	idiom	chengyu	china-idiom	external-membership	medium	pending	
望洋興嘆	idiom	chengyu	china-idiom	external-membership	medium	pending	
望穿秋水	idiom	chengyu	china-idiom	external-membership	medium	pending	
望而卻步	idiom	chengyu	china-idiom	external-membership	medium	pending	
望聞問切	idiom	chengyu	china-idiom	external-membership	medium	pending	
望風捕影	idiom	chengyu	china-idiom	external-membership	medium	pending	
望風而逃	idiom	chengyu	china-idiom	external-membership	medium	pending	
朝三暮四	idiom	chengyu	china-idiom	external-membership	medium	pending	
朝夕相處	idiom	chengyu	china-idiom	external-membership	medium	pending	
朝思暮想	idiom	chengyu	china-idiom	external-membership	medium	pending	
朝朝暮暮	idiom	chengyu	china-idiom	external-membership	medium	pending	
朝氣蓬勃	idiom	chengyu	china-idiom	external-membership	medium	pending	
期期艾艾	idiom	chengyu	china-idiom	external-membership	medium	pending	
木已成舟	idiom	chengyu	china-idiom	external-membership	medium	pending	
未卜先知	idiom	chengyu	china-idiom	external-membership	medium	pending	
未雨綢繆	idiom	chengyu	china-idiom	external-membership	medium	pending	
本性難移	idiom	chengyu	china-idiom	external-membership	medium	pending	
本鄉本土	idiom	chengyu	china-idiom	external-membership	medium	pending	
朽木糞土	idiom	chengyu	china-idiom	external-membership	medium	pending	
杜鵑啼血	idiom	chengyu	china-idiom	external-membership	medium	pending	
束手就擒	idiom	chengyu	china-idiom	external-membership	medium	pending	
束手束腳	idiom	chengyu	china-idiom	external-membership	medium	pending	
束手無策	idiom	chengyu	china-idiom	external-membership	medium	pending	
杯弓蛇影	idiom	chengyu	china-idiom	external-membership	medium	pending	
杯水車薪	idiom	chengyu	china-idiom	external-membership	medium	pending	
東奔西跑	idiom	chengyu	china-idiom	external-membership	medium	pending	
東拼西湊	idiom	chengyu	china-idiom	external-membership	medium	pending	
東施效顰	idiom	chengyu	china-idiom	external-membership	medium	pending	
杳無人跡	idiom	chengyu	china-idiom	external-membership	medium	pending	
板上釘釘	idiom	chengyu	china-idiom	external-membership	medium	pending	
枉費心機	idiom	chengyu	china-idiom	external-membership	medium	pending	
林林總總	idiom	chengyu	china-idiom	external-membership	medium	pending	
果不其然	idiom	chengyu	china-idiom	external-membership	medium	pending	
枯燥無味	idiom	chengyu	china-idiom	external-membership	medium	pending	
柳暗花明	idiom	chengyu	china-idiom	external-membership	medium	pending	
柴米油鹽	idiom	chengyu	china-idiom	external-membership	medium	pending	
格格不入	idiom	chengyu	china-idiom	external-membership	medium	pending	
格殺勿論	idiom	chengyu	china-idiom	external-membership	medium	pending	
桀驁不馴	idiom	chengyu	china-idiom	external-membership	medium	pending	
桃紅柳綠	idiom	chengyu	china-idiom	external-membership	medium	pending	
條分縷析	idiom	chengyu	china-idiom	external-membership	medium	pending	
條條框框	idiom	chengyu	china-idiom	external-membership	medium	pending	
棄惡從善	idiom	chengyu	china-idiom	external-membership	medium	pending	
棄邪歸正	idiom	chengyu	china-idiom	external-membership	medium	pending	
棋逢敵手	idiom	chengyu	china-idiom	external-membership	medium	pending	
棋高一着	idiom	chengyu	china-idiom	external-membership	medium	pending	
森羅萬象	idiom	chengyu	china-idiom	external-membership	medium	pending	
楚楚動人	idiom	chengyu	china-idiom	external-membership	medium	pending	
概莫能外	idiom	chengyu	china-idiom	external-membership	medium	pending	
榮宗耀祖	idiom	chengyu	china-idiom	external-membership	medium	pending	
榮華富貴	idiom	chengyu	china-idiom	external-membership	medium	pending	
槍林彈雨	idiom	chengyu	china-idiom	external-membership	medium	pending	
樂在其中	idiom	chengyu	china-idiom	external-membership	medium	pending	
樂極生悲	idiom	chengyu	china-idiom	external-membership	medium	pending	
樑上君子	idiom	chengyu	china-idiom	external-membership	medium	pending	
標新立異	idiom	chengyu	china-idiom	external-membership	medium	pending	
樹大根深	idiom	chengyu	china-idiom	external-membership	medium	pending	
機不可失	idiom	chengyu	china-idiom	external-membership	medium	pending	
機關算盡	idiom	chengyu	china-idiom	external-membership	medium	pending	
橫説豎説	idiom	chengyu	china-idiom	external-membership	medium	pending	
橫躺豎卧	idiom	chengyu	china-idiom	external-membership	medium	pending	
櫛風沐雨	idiom	chengyu	china-idiom	external-membership	medium	pending	
權宜之計	idiom	chengyu	china-idiom	external-membership	medium	pending	
欣欣向榮	idiom	chengyu	china-idiom	external-membership	medium	pending	
欲蓋彌彰	idiom	chengyu	china-idiom	external-membership	medium	pending	
欺上瞞下	idiom	chengyu	china-idiom	external-membership	medium	pending	
欺世盜名	idiom	chengyu	china-idiom	external-membership	medium	pending	
欺善怕惡	idiom	chengyu	china-idiom	external-membership	medium	pending	
欺軟怕硬	idiom	chengyu	china-idiom	external-membership	medium	pending	
歌舞昇平	idiom	chengyu	china-idiom	external-membership	medium	pending	
歡呼雀躍	idiom	chengyu	china-idiom	external-membership	medium	pending	
歡喜冤家	idiom	chengyu	china-idiom	external-membership	medium	pending	
歡聲雷動	idiom	chengyu	china-idiom	external-membership	medium	pending	
正中下懷	idiom	chengyu	china-idiom	external-membership	medium	pending	
正正經經	idiom	chengyu	china-idiom	external-membership	medium	pending	
正經八百	idiom	chengyu	china-idiom	external-membership	medium	pending	
此起彼伏	idiom	chengyu	china-idiom	external-membership	medium	pending	
此起彼落	idiom	chengyu	china-idiom	external-membership	medium	pending	
步步高昇	idiom	chengyu	china-idiom	external-membership	medium	pending	
歷歷在目	idiom	chengyu	china-idiom	external-membership	medium	pending	
歸根到底	idiom	chengyu	china-idiom	external-membership	medium	pending	
歸根結底	idiom	chengyu	china-idiom	external-membership	medium	pending	
歸根結蒂	idiom	chengyu	china-idiom	external-membership	medium	pending	
死不瞑目	idiom	chengyu	china-idiom	external-membership	medium	pending	
死不足惜	idiom	chengyu	china-idiom	external-membership	medium	pending	
死乞白賴	idiom	chengyu	china-idiom	external-membership	medium	pending	
死於非命	idiom	chengyu	china-idiom	external-membership	medium	pending	
死氣沉沉	idiom	chengyu	china-idiom	external-membership	medium	pending	
死無對證	idiom	chengyu	china-idiom	external-membership	medium	pending	
死而復生	idiom	chengyu	china-idiom	external-membership	medium	pending	
死而無悔	idiom	chengyu	china-idiom	external-membership	medium	pending	
死裏逃生	idiom	chengyu	china-idiom	external-membership	medium	pending	
殃及池魚	idiom	chengyu	china-idiom	external-membership	medium	pending	
殘缺不全	idiom	chengyu	china-idiom	external-membership	medium	pending	
殘花敗柳	idiom	chengyu	china-idiom	external-membership	medium	pending	
殫精竭慮	idiom	chengyu	china-idiom	external-membership	medium	pending	
殺一儆百	idiom	chengyu	china-idiom	external-membership	medium	pending	
殺人放火	idiom	chengyu	china-idiom	external-membership	medium	pending	
殺人滅口	idiom	chengyu	china-idiom	external-membership	medium	pending	
殺身之禍	idiom	chengyu	china-idiom	external-membership	medium	pending	
殺雞儆猴	idiom	chengyu	china-idiom	external-membership	medium	pending	
殺雞嚇猴	idiom	chengyu	china-idiom	external-membership	medium	pending	
比比皆是	idiom	chengyu	china-idiom	external-membership	medium	pending	
比翼雙飛	idiom	chengyu	china-idiom	external-membership	medium	pending	
比翼齊飛	idiom	chengyu	china-idiom	external-membership	medium	pending	
毛手毛腳	idiom	chengyu	china-idiom	external-membership	medium	pending	
民脂民膏	idiom	chengyu	china-idiom	external-membership	medium	pending	
氣勢磅礴	idiom	chengyu	china-idiom	external-membership	medium	pending	
氣宇軒昂	idiom	chengyu	china-idiom	external-membership	medium	pending	
氣息奄奄	idiom	chengyu	china-idiom	external-membership	medium	pending	
水乳交融	idiom	chengyu	china-idiom	external-membership	medium	pending	
水到渠成	idiom	chengyu	china-idiom	external-membership	medium	pending	
水土不服	idiom	chengyu	china-idiom	external-membership	medium	pending	
水天一色	idiom	chengyu	china-idiom	external-membership	medium	pending	
水深火熱	idiom	chengyu	china-idiom	external-membership	medium	pending	
水火無情	idiom	chengyu	china-idiom	external-membership	medium	pending	
水米無交	idiom	chengyu	china-idiom	external-membership	medium	pending	
永垂不朽	idiom	chengyu	china-idiom	external-membership	medium	pending	
永無寧日	idiom	chengyu	china-idiom	external-membership	medium	pending	
永無止境	idiom	chengyu	china-idiom	external-membership	medium	pending	
永生永世	idiom	chengyu	china-idiom	external-membership	medium	pending	
求之不得	idiom	chengyu	china-idiom	external-membership	medium	pending	
求同存異	idiom	chengyu	china-idiom	external-membership	medium	pending	
求田問舍	idiom	chengyu	china-idiom	external-membership	medium	pending	
求賢若渴	idiom	chengyu	china-idiom	external-membership	medium	pending	
汗牛充棟	idiom	chengyu	china-idiom	external-membership	medium	pending	
江郎才盡	idiom	chengyu	china-idiom	external-membership	medium	pending	
池魚之殃	idiom	chengyu	china-idiom	external-membership	medium	pending	
決勝千里	idiom	chengyu	china-idiom	external-membership	medium	pending	
沒完沒了	idiom	chengyu	china-idiom	external-membership	medium	pending	
沒日沒夜	idiom	chengyu	china-idiom	external-membership	medium	pending	
河東獅吼	idiom	chengyu	china-idiom	external-membership	medium	pending	
油煎火燎	idiom	chengyu	china-idiom	external-membership	medium	pending	
油鹽醬醋	idiom	chengyu	china-idiom	external-membership	medium	pending	
治病救人	idiom	chengyu	china-idiom	external-membership	medium	pending	
沾花惹草	idiom	chengyu	china-idiom	external-membership	medium	pending	
泛泛之交	idiom	chengyu	china-idiom	external-membership	medium	pending	
波譎雲詭	idiom	chengyu	china-idiom	external-membership	medium	pending	
泣不成聲	idiom	chengyu	china-idiom	external-membership	medium	pending	
泰山壓頂	idiom	chengyu	china-idiom	external-membership	medium	pending	
泰山鴻毛	idiom	chengyu	china-idiom	external-membership	medium	pending	
洋洋自得	idiom	chengyu	china-idiom	external-membership	medium	pending	
洋為中用	idiom	chengyu	china-idiom	external-membership	medium	pending	
洗心革面	idiom	chengyu	china-idiom	external-membership	medium	pending	
洗手不幹	idiom	chengyu	china-idiom	external-membership	medium	pending	
洗耳恭聽	idiom	chengyu	china-idiom	external-membership	medium	pending	
洛陽紙貴	idiom	chengyu	china-idiom	external-membership	medium	pending	
洞天福地	idiom	chengyu	china-idiom	external-membership	medium	pending	
洞房花燭	idiom	chengyu	china-idiom	external-membership	medium	pending	
洪水猛獸	idiom	chengyu	china-idiom	external-membership	medium	pending	
活蹦亂跳	idiom	chengyu	china-idiom	external-membership	medium	pending	
活靈活現	idiom	chengyu	china-idiom	external-membership	medium	pending	
活龍活現	idiom	chengyu	china-idiom	external-membership	medium	pending	
流星趕月	idiom	chengyu	china-idiom	external-membership	medium	pending	
流水無情	idiom	chengyu	china-idiom	external-membership	medium	pending	
流連忘返	idiom	chengyu	china-idiom	external-membership	medium	pending	
浩浩蕩蕩	idiom	chengyu	china-idiom	external-membership	medium	pending	
浩然之氣	idiom	chengyu	china-idiom	external-membership	medium	pending	
浪子回頭	idiom	chengyu	china-idiom	external-membership	medium	pending	
浮光掠影	idiom	chengyu	china-idiom	external-membership	medium	pending	
浮想聯翩	idiom	chengyu	china-idiom	external-membership	medium	pending	
海市蜃樓	idiom	chengyu	china-idiom	external-membership	medium	pending	
海枯石爛	idiom	chengyu	china-idiom	external-membership	medium	pending	
海納百川	idiom	chengyu	china-idiom	external-membership	medium	pending	
海角天涯	idiom	chengyu	china-idiom	external-membership	medium	pending	
海誓山盟	idiom	chengyu	china-idiom	external-membership	medium	pending	
海闊天空	idiom	chengyu	china-idiom	external-membership	medium	pending	
涇渭分明	idiom	chengyu	china-idiom	external-membership	medium	pending	
消聲匿跡	idiom	chengyu	china-idiom	external-membership	medium	pending	
涎皮賴臉	idiom	chengyu	china-idiom	external-membership	medium	pending	
涸澤而漁	idiom	chengyu	china-idiom	external-membership	medium	pending	
淋漓盡致	idiom	chengyu	china-idiom	external-membership	medium	pending	
淚流滿面	idiom	chengyu	china-idiom	external-membership	medium	pending	
淡妝濃抹	idiom	chengyu	china-idiom	external-membership	medium	pending	
淡而無味	idiom	chengyu	china-idiom	external-membership	medium	pending	
淪肌浹髓	idiom	chengyu	china-idiom	external-membership	medium	pending	
深入人心	idiom	chengyu	china-idiom	external-membership	medium	pending	
深居簡出	idiom	chengyu	china-idiom	external-membership	medium	pending	
深藏若虛	idiom	chengyu	china-idiom	external-membership	medium	pending	
混水摸魚	idiom	chengyu	china-idiom	external-membership	medium	pending	
混淆視聽	idiom	chengyu	china-idiom	external-membership	medium	pending	
混混沌沌	idiom	chengyu	china-idiom	external-membership	medium	pending	
淺嘗輒止	idiom	chengyu	china-idiom	external-membership	medium	pending	
添油加醋	idiom	chengyu	china-idiom	external-membership	medium	pending	
添磚加瓦	idiom	chengyu	china-idiom	external-membership	medium	pending	
清心寡慾	idiom	chengyu	china-idiom	external-membership	medium	pending	
清水衙門	idiom	chengyu	china-idiom	external-membership	medium	pending	
清湯寡水	idiom	chengyu	china-idiom	external-membership	medium	pending	
清風兩袖	idiom	chengyu	china-idiom	external-membership	medium	pending	
清風明月	idiom	chengyu	china-idiom	external-membership	medium	pending	
温文爾雅	idiom	chengyu	china-idiom	external-membership	medium	pending	
渺無人煙	idiom	chengyu	china-idiom	external-membership	medium	pending	
渺無音信	idiom	chengyu	china-idiom	external-membership	medium	pending	
渾水摸魚	idiom	chengyu	china-idiom	external-membership	medium	pending	
渾渾噩噩	idiom	chengyu	china-idiom	external-membership	medium	pending	
渾然一體	idiom	chengyu	china-idiom	external-membership	medium	pending	
渾然天成	idiom	chengyu	china-idiom	external-membership	medium	pending	
渾身解數	idiom	chengyu	china-idiom	external-membership	medium	pending	
渾金璞玉	idiom	chengyu	china-idiom	external-membership	medium	pending	
源源不斷	idiom	chengyu	china-idiom	external-membership	medium	pending	
源源不絕	idiom	chengyu	china-idiom	external-membership	medium	pending	
源遠流長	idiom	chengyu	china-idiom	external-membership	medium	pending	
溢於言表	idiom	chengyu	china-idiom	external-membership	medium	pending	
滄海遺珠	idiom	chengyu	china-idiom	external-membership	medium	pending	
滑頭滑腦	idiom	chengyu	china-idiom	external-membership	medium	pending	
滔天大罪	idiom	chengyu	china-idiom	external-membership	medium	pending	
滔滔不絕	idiom	chengyu	china-idiom	external-membership	medium	pending	
滾瓜爛熟	idiom	chengyu	china-idiom	external-membership	medium	pending	
滿園春色	idiom	chengyu	china-idiom	external-membership	medium	pending	
滿城風雨	idiom	chengyu	china-idiom	external-membership	medium	pending	
滿山遍野	idiom	chengyu	china-idiom	external-membership	medium	pending	
滿打滿算	idiom	chengyu	china-idiom	external-membership	medium	pending	
滿盤皆輸	idiom	chengyu	china-idiom	external-membership	medium	pending	
滿目瘡痍	idiom	chengyu	china-idiom	external-membership	medium	pending	
滿載而歸	idiom	chengyu	china-idiom	external-membership	medium	pending	
漁人之利	idiom	chengyu	china-idiom	external-membership	medium	pending	
漆黑一團	idiom	chengyu	china-idiom	external-membership	medium	pending	
漫不經心	idiom	chengyu	china-idiom	external-membership	medium	pending	
漫無邊際	idiom	chengyu	china-idiom	external-membership	medium	pending	
漸入佳境	idiom	chengyu	china-idiom	external-membership	medium	pending	
潑冷水	idiom	chengyu	china-idiom	external-membership	medium	pending	
潑婦罵街	idiom	chengyu	china-idiom	external-membership	medium	pending	
潔身自好	idiom	chengyu	china-idiom	external-membership	medium	pending	
潔身自愛	idiom	chengyu	china-idiom	external-membership	medium	pending	
潸然淚下	idiom	chengyu	china-idiom	external-membership	medium	pending	
濃墨重彩	idiom	chengyu	china-idiom	external-membership	medium	pending	
濃眉大眼	idiom	chengyu	china-idiom	external-membership	medium	pending	
濟困扶危	idiom	chengyu	china-idiom	external-membership	medium	pending	
濟濟一堂	idiom	chengyu	china-idiom	external-membership	medium	pending	
火上加油	idiom	chengyu	china-idiom	external-membership	medium	pending	
火中取栗	idiom	chengyu	china-idiom	external-membership	medium	pending	
火急火燎	idiom	chengyu	china-idiom	external-membership	medium	pending	
火樹銀花	idiom	chengyu	china-idiom	external-membership	medium	pending	
火海刀山	idiom	chengyu	china-idiom	external-membership	medium	pending	
火燒火燎	idiom	chengyu	china-idiom	external-membership	medium	pending	
火燒眉毛	idiom	chengyu	china-idiom	external-membership	medium	pending	
火眼金睛	idiom	chengyu	china-idiom	external-membership	medium	pending	
灰心喪氣	idiom	chengyu	china-idiom	external-membership	medium	pending	
灰飛煙滅	idiom	chengyu	china-idiom	external-membership	medium	pending	
炒買炒賣	idiom	chengyu	china-idiom	external-membership	medium	pending	
炙手可熱	idiom	chengyu	china-idiom	external-membership	medium	pending	
為人作嫁	idiom	chengyu	china-idiom	external-membership	medium	pending	
為富不仁	idiom	chengyu	china-idiom	external-membership	medium	pending	
焚書坑儒	idiom	chengyu	china-idiom	external-membership	medium	pending	
焚琴煮鶴	idiom	chengyu	china-idiom	external-membership	medium	pending	
無人問津	idiom	chengyu	china-idiom	external-membership	medium	pending	
無可奈何	idiom	chengyu	china-idiom	external-membership	medium	pending	
無可置疑	idiom	chengyu	china-idiom	external-membership	medium	pending	
無地自容	idiom	chengyu	china-idiom	external-membership	medium	pending	
無孔不入	idiom	chengyu	china-idiom	external-membership	medium	pending	
無師自通	idiom	chengyu	china-idiom	external-membership	medium	pending	
無庸置疑	idiom	chengyu	china-idiom	external-membership	medium	pending	
無影無蹤	idiom	chengyu	china-idiom	external-membership	medium	pending	
無惡不作	idiom	chengyu	china-idiom	external-membership	medium	pending	
無所不在	idiom	chengyu	china-idiom	external-membership	medium	pending	
無所不能	idiom	chengyu	china-idiom	external-membership	medium	pending	
無所不至	idiom	chengyu	china-idiom	external-membership	medium	pending	
無所作為	idiom	chengyu	china-idiom	external-membership	medium	pending	
無拘無束	idiom	chengyu	china-idiom	external-membership	medium	pending	
無機可乘	idiom	chengyu	china-idiom	external-membership	medium	pending	
無法無天	idiom	chengyu	china-idiom	external-membership	medium	pending	
無濟於事	idiom	chengyu	china-idiom	external-membership	medium	pending	
無牽無掛	idiom	chengyu	china-idiom	external-membership	medium	pending	
無病呻吟	idiom	chengyu	china-idiom	external-membership	medium	pending	
無的放矢	idiom	chengyu	china-idiom	external-membership	medium	pending	
無私有弊	idiom	chengyu	china-idiom	external-membership	medium	pending	
無稽之談	idiom	chengyu	china-idiom	external-membership	medium	pending	
無窮無盡	idiom	chengyu	china-idiom	external-membership	medium	pending	
無米之炊	idiom	chengyu	china-idiom	external-membership	medium	pending	
無緣無故	idiom	chengyu	china-idiom	external-membership	medium	pending	
無聲無息	idiom	chengyu	china-idiom	external-membership	medium	pending	
無補於事	idiom	chengyu	china-idiom	external-membership	medium	pending	
無計可施	idiom	chengyu	china-idiom	external-membership	medium	pending	
無足輕重	idiom	chengyu	china-idiom	external-membership	medium	pending	
無遠弗屆	idiom	chengyu	china-idiom	external-membership	medium	pending	
無邊無際	idiom	chengyu	china-idiom	external-membership	medium	pending	
無關痛癢	idiom	chengyu	china-idiom	external-membership	medium	pending	
煙消雲散	idiom	chengyu	china-idiom	external-membership	medium	pending	
煞有介事	idiom	chengyu	china-idiom	external-membership	medium	pending	
煢煢孑立	idiom	chengyu	china-idiom	external-membership	medium	pending	
煥然一新	idiom	chengyu	china-idiom	external-membership	medium	pending	
照本宣科	idiom	chengyu	china-idiom	external-membership	medium	pending	
煮豆燃萁	idiom	chengyu	china-idiom	external-membership	medium	pending	
熟能生巧	idiom	chengyu	china-idiom	external-membership	medium	pending	
熟門熟路	idiom	chengyu	china-idiom	external-membership	medium	pending	
熱情洋溢	idiom	chengyu	china-idiom	external-membership	medium	pending	
燈紅酒綠	idiom	chengyu	china-idiom	external-membership	medium	pending	
爬山涉水	idiom	chengyu	china-idiom	external-membership	medium	pending	
爭分奪秒	idiom	chengyu	china-idiom	external-membership	medium	pending	
爭名奪利	idiom	chengyu	china-idiom	external-membership	medium	pending	
爭強好勝	idiom	chengyu	china-idiom	external-membership	medium	pending	
爭權奪利	idiom	chengyu	china-idiom	external-membership	medium	pending	
片甲不存	idiom	chengyu	china-idiom	external-membership	medium	pending	
片甲不留	idiom	chengyu	china-idiom	external-membership	medium	pending	
牙牙學語	idiom	chengyu	china-idiom	external-membership	medium	pending	
牛頭馬面	idiom	chengyu	china-idiom	external-membership	medium	pending	
牛高馬大	idiom	chengyu	china-idiom	external-membership	medium	pending	
牛鬼蛇神	idiom	chengyu	china-idiom	external-membership	medium	pending	
物極必反	idiom	chengyu	china-idiom	external-membership	medium	pending	
物歸原主	idiom	chengyu	china-idiom	external-membership	medium	pending	
物盡其用	idiom	chengyu	china-idiom	external-membership	medium	pending	
物競天擇	idiom	chengyu	china-idiom	external-membership	medium	pending	
特立獨行	idiom	chengyu	china-idiom	external-membership	medium	pending	
犁庭掃閭	idiom	chengyu	china-idiom	external-membership	medium	pending	
犬馬之勞	idiom	chengyu	china-idiom	external-membership	medium	pending	
狗仗人勢	idiom	chengyu	china-idiom	external-membership	medium	pending	
狗尾續貂	idiom	chengyu	china-idiom	external-membership	medium	pending	
狗急跳牆	idiom	chengyu	china-idiom	external-membership	medium	pending	
狗血噴頭	idiom	chengyu	china-idiom	external-membership	medium	pending	
狗血淋頭	idiom	chengyu	china-idiom	external-membership	medium	pending	
狡兔三窟	idiom	chengyu	china-idiom	external-membership	medium	pending	
狼心狗肺	idiom	chengyu	china-idiom	external-membership	medium	pending	
狼狽為奸	idiom	chengyu	china-idiom	external-membership	medium	pending	
猝不及防	idiom	chengyu	china-idiom	external-membership	medium	pending	
猴年馬月	idiom	chengyu	china-idiom	external-membership	medium	pending	
獨一無二	idiom	chengyu	china-idiom	external-membership	medium	pending	
獨來獨往	idiom	chengyu	china-idiom	external-membership	medium	pending	
獨到之處	idiom	chengyu	china-idiom	external-membership	medium	pending	
獨夫民賊	idiom	chengyu	china-idiom	external-membership	medium	pending	
獨往獨來	idiom	chengyu	china-idiom	external-membership	medium	pending	
獨斷獨行	idiom	chengyu	china-idiom	external-membership	medium	pending	
獨樹一幟	idiom	chengyu	china-idiom	external-membership	medium	pending	
獨當一面	idiom	chengyu	china-idiom	external-membership	medium	pending	
獨闢蹊徑	idiom	chengyu	china-idiom	external-membership	medium	pending	
獨霸一方	idiom	chengyu	china-idiom	external-membership	medium	pending	
玄之又玄	idiom	chengyu	china-idiom	external-membership	medium	pending	
率爾操觚	idiom	chengyu	china-idiom	external-membership	medium	pending	
玉樹臨風	idiom	chengyu	china-idiom	external-membership	medium	pending	
玉液瓊漿	idiom	chengyu	china-idiom	external-membership	medium	pending	
玉潔冰清	idiom	chengyu	china-idiom	external-membership	medium	pending	
玉石俱焚	idiom	chengyu	china-idiom	external-membership	medium	pending	
玉葉金枝	idiom	chengyu	china-idiom	external-membership	medium	pending	
玩世不恭	idiom	chengyu	china-idiom	external-membership	medium	pending	
玩火自焚	idiom	chengyu	china-idiom	external-membership	medium	pending	
玩物喪志	idiom	chengyu	china-idiom	external-membership	medium	pending	
玲瓏剔透	idiom	chengyu	china-idiom	external-membership	medium	pending	
珠聯璧合	idiom	chengyu	china-idiom	external-membership	medium	pending	
班師回朝	idiom	chengyu	china-idiom	external-membership	medium	pending	
班門弄斧	idiom	chengyu	china-idiom	external-membership	medium	pending	
理屈詞窮	idiom	chengyu	china-idiom	external-membership	medium	pending	
理直氣壯	idiom	chengyu	china-idiom	external-membership	medium	pending	
璀璨奪目	idiom	chengyu	china-idiom	external-membership	medium	pending	
璞玉渾金	idiom	chengyu	china-idiom	external-membership	medium	pending	
瓊枝玉葉	idiom	chengyu	china-idiom	external-membership	medium	pending	
瓜田李下	idiom	chengyu	china-idiom	external-membership	medium	pending	
甕聲甕氣	idiom	chengyu	china-idiom	external-membership	medium	pending	
甜言蜜語	idiom	chengyu	china-idiom	external-membership	medium	pending	
甜酸苦辣	idiom	chengyu	china-idiom	external-membership	medium	pending	
生搬硬套	idiom	chengyu	china-idiom	external-membership	medium	pending	
生機勃勃	idiom	chengyu	china-idiom	external-membership	medium	pending	
生死之交	idiom	chengyu	china-idiom	external-membership	medium	pending	
生死攸關	idiom	chengyu	china-idiom	external-membership	medium	pending	
生死未卜	idiom	chengyu	china-idiom	external-membership	medium	pending	
生死與共	idiom	chengyu	china-idiom	external-membership	medium	pending	
生死關頭	idiom	chengyu	china-idiom	external-membership	medium	pending	
生殺予奪	idiom	chengyu	china-idiom	external-membership	medium	pending	
生氣勃勃	idiom	chengyu	china-idiom	external-membership	medium	pending	
生生不息	idiom	chengyu	china-idiom	external-membership	medium	pending	
生生世世	idiom	chengyu	china-idiom	external-membership	medium	pending	
生老病死	idiom	chengyu	china-idiom	external-membership	medium	pending	
生花之筆	idiom	chengyu	china-idiom	external-membership	medium	pending	
生財之道	idiom	chengyu	china-idiom	external-membership	medium	pending	
生離死別	idiom	chengyu	china-idiom	external-membership	medium	pending	
生龍活虎	idiom	chengyu	china-idiom	external-membership	medium	pending	
用兵如神	idiom	chengyu	china-idiom	external-membership	medium	pending	
用心良苦	idiom	chengyu	china-idiom	external-membership	medium	pending	
用武之地	idiom	chengyu	china-idiom	external-membership	medium	pending	
由來已久	idiom	chengyu	china-idiom	external-membership	medium	pending	
由淺入深	idiom	chengyu	china-idiom	external-membership	medium	pending	
由表及裏	idiom	chengyu	china-idiom	external-membership	medium	pending	
男尊女卑	idiom	chengyu	china-idiom	external-membership	medium	pending	
男盜女娼	idiom	chengyu	china-idiom	external-membership	medium	pending	
男耕女織	idiom	chengyu	china-idiom	external-membership	medium	pending	
畏縮不前	idiom	chengyu	china-idiom	external-membership	medium	pending	
畏首畏尾	idiom	chengyu	china-idiom	external-membership	medium	pending	
畢恭畢敬	idiom	chengyu	china-idiom	external-membership	medium	pending	
略見一斑	idiom	chengyu	china-idiom	external-membership	medium	pending	
略識之無	idiom	chengyu	china-idiom	external-membership	medium	pending	
略跡原情	idiom	chengyu	china-idiom	external-membership	medium	pending	
畫蛇添足	idiom	chengyu	china-idiom	external-membership	medium	pending	
畫龍點睛	idiom	chengyu	china-idiom	external-membership	medium	pending	
異口同聲	idiom	chengyu	china-idiom	external-membership	medium	pending	
異想天開	idiom	chengyu	china-idiom	external-membership	medium	pending	
異端邪説	idiom	chengyu	china-idiom	external-membership	medium	pending	
異軍突起	idiom	chengyu	china-idiom	external-membership	medium	pending	
當仁不讓	idiom	chengyu	china-idiom	external-membership	medium	pending	
當家作主	idiom	chengyu	china-idiom	external-membership	medium	pending	
當耳邊風	idiom	chengyu	china-idiom	external-membership	medium	pending	
當頭棒喝	idiom	chengyu	china-idiom	external-membership	medium	pending	
疲於奔命	idiom	chengyu	china-idiom	external-membership	medium	pending	
疾風勁草	idiom	chengyu	china-idiom	external-membership	medium	pending	
疾風暴雨	idiom	chengyu	china-idiom	external-membership	medium	pending	
病從口入	idiom	chengyu	china-idiom	external-membership	medium	pending	
病病歪歪	idiom	chengyu	china-idiom	external-membership	medium	pending	
痛不欲生	idiom	chengyu	china-idiom	external-membership	medium	pending	
痛入骨髓	idiom	chengyu	china-idiom	external-membership	medium	pending	
痛哭流涕	idiom	chengyu	china-idiom	external-membership	medium	pending	
痛定思痛	idiom	chengyu	china-idiom	external-membership	medium	pending	
痛快淋漓	idiom	chengyu	china-idiom	external-membership	medium	pending	
痛改前非	idiom	chengyu	china-idiom	external-membership	medium	pending	
痴心妄想	idiom	chengyu	china-idiom	external-membership	medium	pending	
登堂入室	idiom	chengyu	china-idiom	external-membership	medium	pending	
發揚光大	idiom	chengyu	china-idiom	external-membership	medium	pending	
白山黑水	idiom	chengyu	china-idiom	external-membership	medium	pending	
白日見鬼	idiom	chengyu	china-idiom	external-membership	medium	pending	
白璧無瑕	idiom	chengyu	china-idiom	external-membership	medium	pending	
白紙黑字	idiom	chengyu	china-idiom	external-membership	medium	pending	
白雪皚皚	idiom	chengyu	china-idiom	external-membership	medium	pending	
白頭偕老	idiom	chengyu	china-idiom	external-membership	medium	pending	
白頭到老	idiom	chengyu	china-idiom	external-membership	medium	pending	
白駒過隙	idiom	chengyu	china-idiom	external-membership	medium	pending	
百口莫辯	idiom	chengyu	china-idiom	external-membership	medium	pending	
百家爭鳴	idiom	chengyu	china-idiom	external-membership	medium	pending	
百密一疏	idiom	chengyu	china-idiom	external-membership	medium	pending	
百尺竿頭	idiom	chengyu	china-idiom	external-membership	medium	pending	
百年大計	idiom	chengyu	china-idiom	external-membership	medium	pending	
百年好合	idiom	chengyu	china-idiom	external-membership	medium	pending	
百年樹人	idiom	chengyu	china-idiom	external-membership	medium	pending	
百戰百勝	idiom	chengyu	china-idiom	external-membership	medium	pending	
百折不回	idiom	chengyu	china-idiom	external-membership	medium	pending	
百無一失	idiom	chengyu	china-idiom	external-membership	medium	pending	
百無禁忌	idiom	chengyu	china-idiom	external-membership	medium	pending	
百花齊放	idiom	chengyu	china-idiom	external-membership	medium	pending	
皇天后土	idiom	chengyu	china-idiom	external-membership	medium	pending	
皇親國戚	idiom	chengyu	china-idiom	external-membership	medium	pending	
皓首窮經	idiom	chengyu	china-idiom	external-membership	medium	pending	
盛情難卻	idiom	chengyu	china-idiom	external-membership	medium	pending	
盜亦有道	idiom	chengyu	china-idiom	external-membership	medium	pending	
盡力而為	idiom	chengyu	china-idiom	external-membership	medium	pending	
盡心盡力	idiom	chengyu	china-idiom	external-membership	medium	pending	
監守自盜	idiom	chengyu	china-idiom	external-membership	medium	pending	
盤根究底	idiom	chengyu	china-idiom	external-membership	medium	pending	
目不窺園	idiom	chengyu	china-idiom	external-membership	medium	pending	
目不見睫	idiom	chengyu	china-idiom	external-membership	medium	pending	
目不識丁	idiom	chengyu	china-idiom	external-membership	medium	pending	
目無全牛	idiom	chengyu	china-idiom	external-membership	medium	pending	
目無法紀	idiom	chengyu	china-idiom	external-membership	medium	pending	
目空一切	idiom	chengyu	china-idiom	external-membership	medium	pending	
盲人摸象	idiom	chengyu	china-idiom	external-membership	medium	pending	
盲人瞎馬	idiom	chengyu	china-idiom	external-membership	medium	pending	
直截了當	idiom	chengyu	china-idiom	external-membership	medium	pending	
直抒己見	idiom	chengyu	china-idiom	external-membership	medium	pending	
直搗黃龍	idiom	chengyu	china-idiom	external-membership	medium	pending	
直言不諱	idiom	chengyu	china-idiom	external-membership	medium	pending	
相安無事	idiom	chengyu	china-idiom	external-membership	medium	pending	
相形見絀	idiom	chengyu	china-idiom	external-membership	medium	pending	
相映成趣	idiom	chengyu	china-idiom	external-membership	medium	pending	
相濡以沫	idiom	chengyu	china-idiom	external-membership	medium	pending	
相生相剋	idiom	chengyu	china-idiom	external-membership	medium	pending	
相輔相成	idiom	chengyu	china-idiom	external-membership	medium	pending	
眉來眼去	idiom	chengyu	china-idiom	external-membership	medium	pending	
眉清目秀	idiom	chengyu	china-idiom	external-membership	medium	pending	
眉開眼笑	idiom	chengyu	china-idiom	external-membership	medium	pending	
眉高眼低	idiom	chengyu	china-idiom	external-membership	medium	pending	
看朱成碧	idiom	chengyu	china-idiom	external-membership	medium	pending	
看風使舵	idiom	chengyu	china-idiom	external-membership	medium	pending	
真偽莫辨	idiom	chengyu	china-idiom	external-membership	medium	pending	
真刀真槍	idiom	chengyu	china-idiom	external-membership	medium	pending	
真心實意	idiom	chengyu	china-idiom	external-membership	medium	pending	
真心真意	idiom	chengyu	china-idiom	external-membership	medium	pending	
真情實意	idiom	chengyu	china-idiom	external-membership	medium	pending	
真憑實據	idiom	chengyu	china-idiom	external-membership	medium	pending	
真槍實彈	idiom	chengyu	china-idiom	external-membership	medium	pending	
真知灼見	idiom	chengyu	china-idiom	external-membership	medium	pending	
眼中釘	idiom	chengyu	china-idiom	external-membership	medium	pending	
眼疾手快	idiom	chengyu	china-idiom	external-membership	medium	pending	
眾叛親離	idiom	chengyu	china-idiom	external-membership	medium	pending	
眾口一詞	idiom	chengyu	china-idiom	external-membership	medium	pending	
眾所周知	idiom	chengyu	china-idiom	external-membership	medium	pending	
眾目昭彰	idiom	chengyu	china-idiom	external-membership	medium	pending	
睡眼惺忪	idiom	chengyu	china-idiom	external-membership	medium	pending	
瞎子摸象	idiom	chengyu	china-idiom	external-membership	medium	pending	
瞞上欺下	idiom	chengyu	china-idiom	external-membership	medium	pending	
瞞天過海	idiom	chengyu	china-idiom	external-membership	medium	pending	
瞞心昧己	idiom	chengyu	china-idiom	external-membership	medium	pending	
瞬息之間	idiom	chengyu	china-idiom	external-membership	medium	pending	
瞭如指掌	idiom	chengyu	china-idiom	external-membership	medium	pending	
瞭若指掌	idiom	chengyu	china-idiom	external-membership	medium	pending	
瞻前顧後	idiom	chengyu	china-idiom	external-membership	medium	pending	
矇在鼓裏	idiom	chengyu	china-idiom	external-membership	medium	pending	
矇混過關	idiom	chengyu	china-idiom	external-membership	medium	pending	
矢口否認	idiom	chengyu	china-idiom	external-membership	medium	pending	
矢口抵賴	idiom	chengyu	china-idiom	external-membership	medium	pending	
矢志不移	idiom	chengyu	china-idiom	external-membership	medium	pending	
知人之明	idiom	chengyu	china-idiom	external-membership	medium	pending	
知己知彼	idiom	chengyu	china-idiom	external-membership	medium	pending	
知易行難	idiom	chengyu	china-idiom	external-membership	medium	pending	
知書達禮	idiom	chengyu	china-idiom	external-membership	medium	pending	
知法犯法	idiom	chengyu	china-idiom	external-membership	medium	pending	
知無不言	idiom	chengyu	china-idiom	external-membership	medium	pending	
知足常樂	idiom	chengyu	china-idiom	external-membership	medium	pending	
知難而退	idiom	chengyu	china-idiom	external-membership	medium	pending	
短兵相接	idiom	chengyu	china-idiom	external-membership	medium	pending	
破涕為笑	idiom	chengyu	china-idiom	external-membership	medium	pending	
破竹之勢	idiom	chengyu	china-idiom	external-membership	medium	pending	
破罐破摔	idiom	chengyu	china-idiom	external-membership	medium	pending	
破舊立新	idiom	chengyu	china-idiom	external-membership	medium	pending	
砸鍋賣鐵	idiom	chengyu	china-idiom	external-membership	medium	pending	
碎屍萬段	idiom	chengyu	china-idiom	external-membership	medium	pending	
碩大無朋	idiom	chengyu	china-idiom	external-membership	medium	pending	
碩大無比	idiom	chengyu	china-idiom	external-membership	medium	pending	
磕頭碰腦	idiom	chengyu	china-idiom	external-membership	medium	pending	
磨拳擦掌	idiom	chengyu	china-idiom	external-membership	medium	pending	
磨杵成針	idiom	chengyu	china-idiom	external-membership	medium	pending	
礙手礙腳	idiom	chengyu	china-idiom	external-membership	medium	pending	
神乎其技	idiom	chengyu	china-idiom	external-membership	medium	pending	
神乎其神	idiom	chengyu	china-idiom	external-membership	medium	pending	
神來之筆	idiom	chengyu	china-idiom	external-membership	medium	pending	
神出鬼沒	idiom	chengyu	china-idiom	external-membership	medium	pending	
神工鬼斧	idiom	chengyu	china-idiom	external-membership	medium	pending	
神差鬼使	idiom	chengyu	china-idiom	external-membership	medium	pending	
神清氣爽	idiom	chengyu	china-idiom	external-membership	medium	pending	
神色自若	idiom	chengyu	china-idiom	external-membership	medium	pending	
神通廣大	idiom	chengyu	china-idiom	external-membership	medium	pending	
禍不單行	idiom	chengyu	china-idiom	external-membership	medium	pending	
禍國殃民	idiom	chengyu	china-idiom	external-membership	medium	pending	
禍從口出	idiom	chengyu	china-idiom	external-membership	medium	pending	
禍起蕭牆	idiom	chengyu	china-idiom	external-membership	medium	pending	
福星高照	idiom	chengyu	china-idiom	external-membership	medium	pending	
福無雙至	idiom	chengyu	china-idiom	external-membership	medium	pending	
福至心靈	idiom	chengyu	china-idiom	external-membership	medium	pending	
禮儀之邦	idiom	chengyu	china-idiom	external-membership	medium	pending	
禮義廉恥	idiom	chengyu	china-idiom	external-membership	medium	pending	
秀色可餐	idiom	chengyu	china-idiom	external-membership	medium	pending	
秋後算賬	idiom	chengyu	china-idiom	external-membership	medium	pending	
秋水伊人	idiom	chengyu	china-idiom	external-membership	medium	pending	
秋高氣爽	idiom	chengyu	china-idiom	external-membership	medium	pending	
科頭跣足	idiom	chengyu	china-idiom	external-membership	medium	pending	
秘而不宣	idiom	chengyu	china-idiom	external-membership	medium	pending	
秦樓楚館	idiom	chengyu	china-idiom	external-membership	medium	pending	
秦鏡高懸	idiom	chengyu	china-idiom	external-membership	medium	pending	
移花接木	idiom	chengyu	china-idiom	external-membership	medium	pending	
稀奇古怪	idiom	chengyu	china-idiom	external-membership	medium	pending	
稍縱即逝	idiom	chengyu	china-idiom	external-membership	medium	pending	
稱兄道弟	idiom	chengyu	china-idiom	external-membership	medium	pending	
稱孤道寡	idiom	chengyu	china-idiom	external-membership	medium	pending	
積不相能	idiom	chengyu	china-idiom	external-membership	medium	pending	
積少成多	idiom	chengyu	china-idiom	external-membership	medium	pending	
積羽沉舟	idiom	chengyu	china-idiom	external-membership	medium	pending	
穩如泰山	idiom	chengyu	china-idiom	external-membership	medium	pending	
穩操勝券	idiom	chengyu	china-idiom	external-membership	medium	pending	
穩紮穩打	idiom	chengyu	china-idiom	external-membership	medium	pending	
空口無憑	idiom	chengyu	china-idiom	external-membership	medium	pending	
空洞無物	idiom	chengyu	china-idiom	external-membership	medium	pending	
空穴來風	idiom	chengyu	china-idiom	external-membership	medium	pending	
空空如也	idiom	chengyu	china-idiom	external-membership	medium	pending	
穿針引線	idiom	chengyu	china-idiom	external-membership	medium	pending	
突如其來	idiom	chengyu	china-idiom	external-membership	medium	pending	
窮兵黷武	idiom	chengyu	china-idiom	external-membership	medium	pending	
窮則思變	idiom	chengyu	china-idiom	external-membership	medium	pending	
窮奢極侈	idiom	chengyu	china-idiom	external-membership	medium	pending	
窮奢極欲	idiom	chengyu	china-idiom	external-membership	medium	pending	
窮山惡水	idiom	chengyu	china-idiom	external-membership	medium	pending	
窮源溯流	idiom	chengyu	china-idiom	external-membership	medium	pending	
窮當益堅	idiom	chengyu	china-idiom	external-membership	medium	pending	
窮途末路	idiom	chengyu	china-idiom	external-membership	medium	pending	
窮鄉僻壤	idiom	chengyu	china-idiom	external-membership	medium	pending	
竊玉偷香	idiom	chengyu	china-idiom	external-membership	medium	pending	
竊竊私語	idiom	chengyu	china-idiom	external-membership	medium	pending	
立地成佛	idiom	chengyu	china-idiom	external-membership	medium	pending	
立此存照	idiom	chengyu	china-idiom	external-membership	medium	pending	
立竿見影	idiom	chengyu	china-idiom	external-membership	medium	pending	
立足之地	idiom	chengyu	china-idiom	external-membership	medium	pending	
立身處世	idiom	chengyu	china-idiom	external-membership	medium	pending	
立錐之地	idiom	chengyu	china-idiom	external-membership	medium	pending	
童心未泯	idiom	chengyu	china-idiom	external-membership	medium	pending	
竹報平安	idiom	chengyu	china-idiom	external-membership	medium	pending	
竹籃打水	idiom	chengyu	china-idiom	external-membership	medium	pending	
笨嘴拙舌	idiom	chengyu	china-idiom	external-membership	medium	pending	
等因奉此	idiom	chengyu	china-idiom	external-membership	medium	pending	
等閒之輩	idiom	chengyu	china-idiom	external-membership	medium	pending	
算無遺策	idiom	chengyu	china-idiom	external-membership	medium	pending	
管中窺豹	idiom	chengyu	china-idiom	external-membership	medium	pending	
箭在弦上	idiom	chengyu	china-idiom	external-membership	medium	pending	
節哀順變	idiom	chengyu	china-idiom	external-membership	medium	pending	
節衣縮食	idiom	chengyu	china-idiom	external-membership	medium	pending	
篳路藍縷	idiom	chengyu	china-idiom	external-membership	medium	pending	
粉身碎骨	idiom	chengyu	china-idiom	external-membership	medium	pending	
粉飾太平	idiom	chengyu	china-idiom	external-membership	medium	pending	
粗茶淡飯	idiom	chengyu	china-idiom	external-membership	medium	pending	
粗製濫造	idiom	chengyu	china-idiom	external-membership	medium	pending	
精忠報國	idiom	chengyu	china-idiom	external-membership	medium	pending	
精神抖擻	idiom	chengyu	china-idiom	external-membership	medium	pending	
精耕細作	idiom	chengyu	china-idiom	external-membership	medium	pending	
精衞填海	idiom	chengyu	china-idiom	external-membership	medium	pending	
精雕細刻	idiom	chengyu	china-idiom	external-membership	medium	pending	
約定俗成	idiom	chengyu	china-idiom	external-membership	medium	pending	
約法三章	idiom	chengyu	china-idiom	external-membership	medium	pending	
紅杏出牆	idiom	chengyu	china-idiom	external-membership	medium	pending	
紅男綠女	idiom	chengyu	china-idiom	external-membership	medium	pending	
紅白喜事	idiom	chengyu	china-idiom	external-membership	medium	pending	
紅顏薄命	idiom	chengyu	china-idiom	external-membership	medium	pending	
紈絝子弟	idiom	chengyu	china-idiom	external-membership	medium	pending	
紋絲不動	idiom	chengyu	china-idiom	external-membership	medium	pending	
紙上談兵	idiom	chengyu	china-idiom	external-membership	medium	pending	
紛紛揚揚	idiom	chengyu	china-idiom	external-membership	medium	pending	
素昧平生	idiom	chengyu	china-idiom	external-membership	medium	pending	
細大不捐	idiom	chengyu	china-idiom	external-membership	medium	pending	
細微末節	idiom	chengyu	china-idiom	external-membership	medium	pending	
細枝末節	idiom	chengyu	china-idiom	external-membership	medium	pending	
細水長流	idiom	chengyu	china-idiom	external-membership	medium	pending	
終身大事	idiom	chengyu	china-idiom	external-membership	medium	pending	
結結巴巴	idiom	chengyu	china-idiom	external-membership	medium	pending	
絕世佳人	idiom	chengyu	china-idiom	external-membership	medium	pending	
絕處逢生	idiom	chengyu	china-idiom	external-membership	medium	pending	
絞盡腦汁	idiom	chengyu	china-idiom	external-membership	medium	pending	
絡繹不絕	idiom	chengyu	china-idiom	external-membership	medium	pending	
絮絮叨叨	idiom	chengyu	china-idiom	external-membership	medium	pending	
統籌兼顧	idiom	chengyu	china-idiom	external-membership	medium	pending	
經久不息	idiom	chengyu	china-idiom	external-membership	medium	pending	
經天緯地	idiom	chengyu	china-idiom	external-membership	medium	pending	
經驗之談	idiom	chengyu	china-idiom	external-membership	medium	pending	
綱舉目張	idiom	chengyu	china-idiom	external-membership	medium	pending	
網開三面	idiom	chengyu	china-idiom	external-membership	medium	pending	
綽綽有餘	idiom	chengyu	china-idiom	external-membership	medium	pending	
綿裏藏針	idiom	chengyu	china-idiom	external-membership	medium	pending	
緊鑼密鼓	idiom	chengyu	china-idiom	external-membership	medium	pending	
緩不濟急	idiom	chengyu	china-idiom	external-membership	medium	pending	
縱橫天下	idiom	chengyu	china-idiom	external-membership	medium	pending	
縱橫捭闔	idiom	chengyu	china-idiom	external-membership	medium	pending	
縱橫馳騁	idiom	chengyu	china-idiom	external-membership	medium	pending	
縱虎歸山	idiom	chengyu	china-idiom	external-membership	medium	pending	
繁文縟節	idiom	chengyu	china-idiom	external-membership	medium	pending	
繁榮昌盛	idiom	chengyu	china-idiom	external-membership	medium	pending	
繡花枕頭	idiom	chengyu	china-idiom	external-membership	medium	pending	
纏綿悱惻	idiom	chengyu	china-idiom	external-membership	medium	pending	
纖塵不染	idiom	chengyu	china-idiom	external-membership	medium	pending	
缺一不可	idiom	chengyu	china-idiom	external-membership	medium	pending	
罄竹難書	idiom	chengyu	china-idiom	external-membership	medium	pending	
罪魁禍首	idiom	chengyu	china-idiom	external-membership	medium	pending	
置之不理	idiom	chengyu	china-idiom	external-membership	medium	pending	
置之度外	idiom	chengyu	china-idiom	external-membership	medium	pending	
置身事外	idiom	chengyu	china-idiom	external-membership	medium	pending	
美不勝收	idiom	chengyu	china-idiom	external-membership	medium	pending	
美中不足	idiom	chengyu	china-idiom	external-membership	medium	pending	
美輪美奐	idiom	chengyu	china-idiom	external-membership	medium	pending	
羞人答答	idiom	chengyu	china-idiom	external-membership	medium	pending	
羣雄逐鹿	idiom	chengyu	china-idiom	external-membership	medium	pending	
義憤填膺	idiom	chengyu	china-idiom	external-membership	medium	pending	
義正詞嚴	idiom	chengyu	china-idiom	external-membership	medium	pending	
義薄雲天	idiom	chengyu	china-idiom	external-membership	medium	pending	
習非成是	idiom	chengyu	china-idiom	external-membership	medium	pending	
翩翩起舞	idiom	chengyu	china-idiom	external-membership	medium	pending	
翫忽職守	idiom	chengyu	china-idiom	external-membership	medium	pending	
翻山越嶺	idiom	chengyu	china-idiom	external-membership	medium	pending	
翻江倒海	idiom	chengyu	china-idiom	external-membership	medium	pending	
老奸巨猾	idiom	chengyu	china-idiom	external-membership	medium	pending	
老成持重	idiom	chengyu	china-idiom	external-membership	medium	pending	
老死不相往來	idiom	chengyu	china-idiom	external-membership	medium	pending	
老氣橫秋	idiom	chengyu	china-idiom	external-membership	medium	pending	
老淚縱橫	idiom	chengyu	china-idiom	external-membership	medium	pending	
老生常談	idiom	chengyu	china-idiom	external-membership	medium	pending	
老當益壯	idiom	chengyu	china-idiom	external-membership	medium	pending	
老謀深算	idiom	chengyu	china-idiom	external-membership	medium	pending	
而立之年	idiom	chengyu	china-idiom	external-membership	medium	pending	
耳濡目染	idiom	chengyu	china-idiom	external-membership	medium	pending	
耳目一新	idiom	chengyu	china-idiom	external-membership	medium	pending	
耳聽八方	idiom	chengyu	china-idiom	external-membership	medium	pending	
耳邊風	idiom	chengyu	china-idiom	external-membership	medium	pending	
耳鬢廝磨	idiom	chengyu	china-idiom	external-membership	medium	pending	
耿耿於懷	idiom	chengyu	china-idiom	external-membership	medium	pending	
聚訟紛紜	idiom	chengyu	china-idiom	external-membership	medium	pending	
聞名遐邇	idiom	chengyu	china-idiom	external-membership	medium	pending	
聞所未聞	idiom	chengyu	china-idiom	external-membership	medium	pending	
聞風而動	idiom	chengyu	china-idiom	external-membership	medium	pending	
聰明一世	idiom	chengyu	china-idiom	external-membership	medium	pending	
肅然起敬	idiom	chengyu	china-idiom	external-membership	medium	pending	
肆意妄為	idiom	chengyu	china-idiom	external-membership	medium	pending	
肉中刺	idiom	chengyu	china-idiom	external-membership	medium	pending	
肝腦塗地	idiom	chengyu	china-idiom	external-membership	medium	pending	
肩摩踵接	idiom	chengyu	china-idiom	external-membership	medium	pending	
肩摩轂擊	idiom	chengyu	china-idiom	external-membership	medium	pending	
肺腑之言	idiom	chengyu	china-idiom	external-membership	medium	pending	
背井離鄉	idiom	chengyu	china-idiom	external-membership	medium	pending	
背信棄義	idiom	chengyu	china-idiom	external-membership	medium	pending	
背城借一	idiom	chengyu	china-idiom	external-membership	medium	pending	
胡作非為	idiom	chengyu	china-idiom	external-membership	medium	pending	
胡説八道	idiom	chengyu	china-idiom	external-membership	medium	pending	
胯下之辱	idiom	chengyu	china-idiom	external-membership	medium	pending	
胸中無數	idiom	chengyu	china-idiom	external-membership	medium	pending	
胸懷大志	idiom	chengyu	china-idiom	external-membership	medium	pending	
胸無城府	idiom	chengyu	china-idiom	external-membership	medium	pending	
胸無大志	idiom	chengyu	china-idiom	external-membership	medium	pending	
能上能下	idiom	chengyu	china-idiom	external-membership	medium	pending	
能屈能伸	idiom	chengyu	china-idiom	external-membership	medium	pending	
能掐會算	idiom	chengyu	china-idiom	external-membership	medium	pending	
能文能武	idiom	chengyu	china-idiom	external-membership	medium	pending	
能者為師	idiom	chengyu	china-idiom	external-membership	medium	pending	
能言善辯	idiom	chengyu	china-idiom	external-membership	medium	pending	
脱口而出	idiom	chengyu	china-idiom	external-membership	medium	pending	
脱繮之馬	idiom	chengyu	china-idiom	external-membership	medium	pending	
腥風血雨	idiom	chengyu	china-idiom	external-membership	medium	pending	
腦滿腸肥	idiom	chengyu	china-idiom	external-membership	medium	pending	
腰纏萬貫	idiom	chengyu	china-idiom	external-membership	medium	pending	
腳踏實地	idiom	chengyu	china-idiom	external-membership	medium	pending	
腹背受敵	idiom	chengyu	china-idiom	external-membership	medium	pending	
膘肥體壯	idiom	chengyu	china-idiom	external-membership	medium	pending	
膽大心細	idiom	chengyu	china-idiom	external-membership	medium	pending	
膽小如鼠	idiom	chengyu	china-idiom	external-membership	medium	pending	
膽顫心驚	idiom	chengyu	china-idiom	external-membership	medium	pending	
臨危不懼	idiom	chengyu	china-idiom	external-membership	medium	pending	
臨危受命	idiom	chengyu	china-idiom	external-membership	medium	pending	
臨淵羨魚	idiom	chengyu	china-idiom	external-membership	medium	pending	
臨陣脱逃	idiom	chengyu	china-idiom	external-membership	medium	pending	
自不量力	idiom	chengyu	china-idiom	external-membership	medium	pending	
自以為是	idiom	chengyu	china-idiom	external-membership	medium	pending	
自作主張	idiom	chengyu	china-idiom	external-membership	medium	pending	
自作聰明	idiom	chengyu	china-idiom	external-membership	medium	pending	
自取滅亡	idiom	chengyu	china-idiom	external-membership	medium	pending	
自命不凡	idiom	chengyu	china-idiom	external-membership	medium	pending	
自尋煩惱	idiom	chengyu	china-idiom	external-membership	medium	pending	
自尋短見	idiom	chengyu	china-idiom	external-membership	medium	pending	
自得其樂	idiom	chengyu	china-idiom	external-membership	medium	pending	
自愧不如	idiom	chengyu	china-idiom	external-membership	medium	pending	
自慚形穢	idiom	chengyu	china-idiom	external-membership	medium	pending	
自成一格	idiom	chengyu	china-idiom	external-membership	medium	pending	
自我作古	idiom	chengyu	china-idiom	external-membership	medium	pending	
自掘墳墓	idiom	chengyu	china-idiom	external-membership	medium	pending	
自暴自棄	idiom	chengyu	china-idiom	external-membership	medium	pending	
自求多福	idiom	chengyu	china-idiom	external-membership	medium	pending	
自然而然	idiom	chengyu	china-idiom	external-membership	medium	pending	
自甘墮落	idiom	chengyu	china-idiom	external-membership	medium	pending	
自生自滅	idiom	chengyu	china-idiom	external-membership	medium	pending	
自由自在	idiom	chengyu	china-idiom	external-membership	medium	pending	
自相矛盾	idiom	chengyu	china-idiom	external-membership	medium	pending	
自相驚擾	idiom	chengyu	china-idiom	external-membership	medium	pending	
自知之明	idiom	chengyu	china-idiom	external-membership	medium	pending	
自私自利	idiom	chengyu	china-idiom	external-membership	medium	pending	
自行其是	idiom	chengyu	china-idiom	external-membership	medium	pending	
自覺自願	idiom	chengyu	china-idiom	external-membership	medium	pending	
自賣自誇	idiom	chengyu	china-idiom	external-membership	medium	pending	
自食其果	idiom	chengyu	china-idiom	external-membership	medium	pending	
自食其言	idiom	chengyu	china-idiom	external-membership	medium	pending	
與世無爭	idiom	chengyu	china-idiom	external-membership	medium	pending	
與世長辭	idiom	chengyu	china-idiom	external-membership	medium	pending	
與世隔絕	idiom	chengyu	china-idiom	external-membership	medium	pending	
與民同樂	idiom	chengyu	china-idiom	external-membership	medium	pending	
與眾不同	idiom	chengyu	china-idiom	external-membership	medium	pending	
興味索然	idiom	chengyu	china-idiom	external-membership	medium	pending	
興致勃勃	idiom	chengyu	china-idiom	external-membership	medium	pending	
興趣盎然	idiom	chengyu	china-idiom	external-membership	medium	pending	
舉一反三	idiom	chengyu	china-idiom	external-membership	medium	pending	
舉案齊眉	idiom	chengyu	china-idiom	external-membership	medium	pending	
舉棋不定	idiom	chengyu	china-idiom	external-membership	medium	pending	
舉目無親	idiom	chengyu	china-idiom	external-membership	medium	pending	
舉足輕重	idiom	chengyu	china-idiom	external-membership	medium	pending	
舉重若輕	idiom	chengyu	china-idiom	external-membership	medium	pending	
舐犢情深	idiom	chengyu	china-idiom	external-membership	medium	pending	
舞文弄墨	idiom	chengyu	china-idiom	external-membership	medium	pending	
船堅炮利	idiom	chengyu	china-idiom	external-membership	medium	pending	
良師益友	idiom	chengyu	china-idiom	external-membership	medium	pending	
良禽擇木	idiom	chengyu	china-idiom	external-membership	medium	pending	
良莠不齊	idiom	chengyu	china-idiom	external-membership	medium	pending	
良藥苦口	idiom	chengyu	china-idiom	external-membership	medium	pending	
良辰美景	idiom	chengyu	china-idiom	external-membership	medium	pending	
艱苦奮鬥	idiom	chengyu	china-idiom	external-membership	medium	pending	
艱難險阻	idiom	chengyu	china-idiom	external-membership	medium	pending	
色厲內荏	idiom	chengyu	china-idiom	external-membership	medium	pending	
芙蓉出水	idiom	chengyu	china-idiom	external-membership	medium	pending	
花容月貌	idiom	chengyu	china-idiom	external-membership	medium	pending	
花紅柳綠	idiom	chengyu	china-idiom	external-membership	medium	pending	
花花世界	idiom	chengyu	china-idiom	external-membership	medium	pending	
花花綠綠	idiom	chengyu	china-idiom	external-membership	medium	pending	
苛捐雜税	idiom	chengyu	china-idiom	external-membership	medium	pending	
若即若離	idiom	chengyu	china-idiom	external-membership	medium	pending	
若有所失	idiom	chengyu	china-idiom	external-membership	medium	pending	
若有所思	idiom	chengyu	china-idiom	external-membership	medium	pending	
若有若無	idiom	chengyu	china-idiom	external-membership	medium	pending	
若無其事	idiom	chengyu	china-idiom	external-membership	medium	pending	
苦不堪言	idiom	chengyu	china-idiom	external-membership	medium	pending	
苦中作樂	idiom	chengyu	china-idiom	external-membership	medium	pending	
苦口良藥	idiom	chengyu	china-idiom	external-membership	medium	pending	
苦心孤詣	idiom	chengyu	china-idiom	external-membership	medium	pending	
苦心經營	idiom	chengyu	china-idiom	external-membership	medium	pending	
苦思冥想	idiom	chengyu	china-idiom	external-membership	medium	pending	
英雄氣短	idiom	chengyu	china-idiom	external-membership	medium	pending	
茫然若失	idiom	chengyu	china-idiom	external-membership	medium	pending	
茶飯無心	idiom	chengyu	china-idiom	external-membership	medium	pending	
茶餘酒後	idiom	chengyu	china-idiom	external-membership	medium	pending	
茶餘飯後	idiom	chengyu	china-idiom	external-membership	medium	pending	
茹毛飲血	idiom	chengyu	china-idiom	external-membership	medium	pending	
草木皆兵	idiom	chengyu	china-idiom	external-membership	medium	pending	
草草了事	idiom	chengyu	china-idiom	external-membership	medium	pending	
草菅人命	idiom	chengyu	china-idiom	external-membership	medium	pending	
荒時暴月	idiom	chengyu	china-idiom	external-membership	medium	pending	
荒淫無度	idiom	chengyu	china-idiom	external-membership	medium	pending	
荷槍實彈	idiom	chengyu	china-idiom	external-membership	medium	pending	
莫測高深	idiom	chengyu	china-idiom	external-membership	medium	pending	
莫衷一是	idiom	chengyu	china-idiom	external-membership	medium	pending	
莫逆之交	idiom	chengyu	china-idiom	external-membership	medium	pending	
華而不實	idiom	chengyu	china-idiom	external-membership	medium	pending	
萬世師表	idiom	chengyu	china-idiom	external-membership	medium	pending	
萬全之策	idiom	chengyu	china-idiom	external-membership	medium	pending	
萬全之計	idiom	chengyu	china-idiom	external-membership	medium	pending	
萬夫不當	idiom	chengyu	china-idiom	external-membership	medium	pending	
萬家燈火	idiom	chengyu	china-idiom	external-membership	medium	pending	
萬死一生	idiom	chengyu	china-idiom	external-membership	medium	pending	
萬水千山	idiom	chengyu	china-idiom	external-membership	medium	pending	
萬物之靈	idiom	chengyu	china-idiom	external-membership	medium	pending	
萬箭穿心	idiom	chengyu	china-idiom	external-membership	medium	pending	
落地生根	idiom	chengyu	china-idiom	external-membership	medium	pending	
落花流水	idiom	chengyu	china-idiom	external-membership	medium	pending	
落荒而逃	idiom	chengyu	china-idiom	external-membership	medium	pending	
落葉歸根	idiom	chengyu	china-idiom	external-membership	medium	pending	
著書立説	idiom	chengyu	china-idiom	external-membership	medium	pending	
蒼白無力	idiom	chengyu	china-idiom	external-membership	medium	pending	
蓋棺定論	idiom	chengyu	china-idiom	external-membership	medium	pending	
蓋棺論定	idiom	chengyu	china-idiom	external-membership	medium	pending	
蓬蓽生輝	idiom	chengyu	china-idiom	external-membership	medium	pending	
蔚為大觀	idiom	chengyu	china-idiom	external-membership	medium	pending	
蔚然成風	idiom	chengyu	china-idiom	external-membership	medium	pending	
蕩氣迴腸	idiom	chengyu	china-idiom	external-membership	medium	pending	
蕩然無存	idiom	chengyu	china-idiom	external-membership	medium	pending	
薪盡火傳	idiom	chengyu	china-idiom	external-membership	medium	pending	
藏垢納污	idiom	chengyu	china-idiom	external-membership	medium	pending	
藏污納垢	idiom	chengyu	china-idiom	external-membership	medium	pending	
藏頭露尾	idiom	chengyu	china-idiom	external-membership	medium	pending	
藥到病除	idiom	chengyu	china-idiom	external-membership	medium	pending	
蘭因絮果	idiom	chengyu	china-idiom	external-membership	medium	pending	
蘭摧玉折	idiom	chengyu	china-idiom	external-membership	medium	pending	
虎口拔牙	idiom	chengyu	china-idiom	external-membership	medium	pending	
虎口餘生	idiom	chengyu	china-idiom	external-membership	medium	pending	
虎視眈眈	idiom	chengyu	china-idiom	external-membership	medium	pending	
虎踞龍盤	idiom	chengyu	china-idiom	external-membership	medium	pending	
虎踞龍蟠	idiom	chengyu	china-idiom	external-membership	medium	pending	
處之泰然	idiom	chengyu	china-idiom	external-membership	medium	pending	
虛位以待	idiom	chengyu	china-idiom	external-membership	medium	pending	
虛張聲勢	idiom	chengyu	china-idiom	external-membership	medium	pending	
虛情假意	idiom	chengyu	china-idiom	external-membership	medium	pending	
虛應故事	idiom	chengyu	china-idiom	external-membership	medium	pending	
虛懷若谷	idiom	chengyu	china-idiom	external-membership	medium	pending	
虛有其表	idiom	chengyu	china-idiom	external-membership	medium	pending	
虛無飄渺	idiom	chengyu	china-idiom	external-membership	medium	pending	
蛇蠍心腸	idiom	chengyu	china-idiom	external-membership	medium	pending	
蜀犬吠日	idiom	chengyu	china-idiom	external-membership	medium	pending	
蜂擁而上	idiom	chengyu	china-idiom	external-membership	medium	pending	
蜕化變質	idiom	chengyu	china-idiom	external-membership	medium	pending	
蝸行牛步	idiom	chengyu	china-idiom	external-membership	medium	pending	
融為一體	idiom	chengyu	china-idiom	external-membership	medium	pending	
螳臂擋車	idiom	chengyu	china-idiom	external-membership	medium	pending	
螳臂當車	idiom	chengyu	china-idiom	external-membership	medium	pending	
蠅糞點玉	idiom	chengyu	china-idiom	external-membership	medium	pending	
蠅頭小利	idiom	chengyu	china-idiom	external-membership	medium	pending	
蠅頭微利	idiom	chengyu	china-idiom	external-membership	medium	pending	
蠱惑人心	idiom	chengyu	china-idiom	external-membership	medium	pending	
蠶食鯨吞	idiom	chengyu	china-idiom	external-membership	medium	pending	
蠻不講理	idiom	chengyu	china-idiom	external-membership	medium	pending	
血光之災	idiom	chengyu	china-idiom	external-membership	medium	pending	
血肉橫飛	idiom	chengyu	china-idiom	external-membership	medium	pending	
行之有效	idiom	chengyu	china-idiom	external-membership	medium	pending	
行屍走肉	idiom	chengyu	china-idiom	external-membership	medium	pending	
行色匆匆	idiom	chengyu	china-idiom	external-membership	medium	pending	
行雲流水	idiom	chengyu	china-idiom	external-membership	medium	pending	
街談巷議	idiom	chengyu	china-idiom	external-membership	medium	pending	
街頭巷尾	idiom	chengyu	china-idiom	external-membership	medium	pending	
衝口而出	idiom	chengyu	china-idiom	external-membership	medium	pending	
衝昏頭腦	idiom	chengyu	china-idiom	external-membership	medium	pending	
衣不蔽體	idiom	chengyu	china-idiom	external-membership	medium	pending	
衣冠楚楚	idiom	chengyu	china-idiom	external-membership	medium	pending	
衣冠禽獸	idiom	chengyu	china-idiom	external-membership	medium	pending	
衣衫襤褸	idiom	chengyu	china-idiom	external-membership	medium	pending	
衣食住行	idiom	chengyu	china-idiom	external-membership	medium	pending	
衣食父母	idiom	chengyu	china-idiom	external-membership	medium	pending	
表裏不一	idiom	chengyu	china-idiom	external-membership	medium	pending	
表裏如一	idiom	chengyu	china-idiom	external-membership	medium	pending	
袍笏登場	idiom	chengyu	china-idiom	external-membership	medium	pending	
補偏救弊	idiom	chengyu	china-idiom	external-membership	medium	pending	
裝傻充愣	idiom	chengyu	china-idiom	external-membership	medium	pending	
裝瘋賣傻	idiom	chengyu	china-idiom	external-membership	medium	pending	
裝神弄鬼	idiom	chengyu	china-idiom	external-membership	medium	pending	
裝聾作啞	idiom	chengyu	china-idiom	external-membership	medium	pending	
裝點門面	idiom	chengyu	china-idiom	external-membership	medium	pending	
裹足不前	idiom	chengyu	china-idiom	external-membership	medium	pending	
西裝革履	idiom	chengyu	china-idiom	external-membership	medium	pending	
要死要活	idiom	chengyu	china-idiom	external-membership	medium	pending	
要言不煩	idiom	chengyu	china-idiom	external-membership	medium	pending	
覆盆之冤	idiom	chengyu	china-idiom	external-membership	medium	pending	
見仁見智	idiom	chengyu	china-idiom	external-membership	medium	pending	
見兔顧犬	idiom	chengyu	china-idiom	external-membership	medium	pending	
見怪不怪	idiom	chengyu	china-idiom	external-membership	medium	pending	
見死不救	idiom	chengyu	china-idiom	external-membership	medium	pending	
見獵心喜	idiom	chengyu	china-idiom	external-membership	medium	pending	
見異思遷	idiom	chengyu	china-idiom	external-membership	medium	pending	
見義勇為	idiom	chengyu	china-idiom	external-membership	medium	pending	
見財起意	idiom	chengyu	china-idiom	external-membership	medium	pending	
見賢思齊	idiom	chengyu	china-idiom	external-membership	medium	pending	
見錢眼開	idiom	chengyu	china-idiom	external-membership	medium	pending	
見風是雨	idiom	chengyu	china-idiom	external-membership	medium	pending	
視如敝屣	idiom	chengyu	china-idiom	external-membership	medium	pending	
視若無睹	idiom	chengyu	china-idiom	external-membership	medium	pending	
解鈴繫鈴	idiom	chengyu	china-idiom	external-membership	medium	pending	
觸手可及	idiom	chengyu	china-idiom	external-membership	medium	pending	
觸景傷情	idiom	chengyu	china-idiom	external-membership	medium	pending	
觸目驚心	idiom	chengyu	china-idiom	external-membership	medium	pending	
言之成理	idiom	chengyu	china-idiom	external-membership	medium	pending	
言之有物	idiom	chengyu	china-idiom	external-membership	medium	pending	
言之有理	idiom	chengyu	china-idiom	external-membership	medium	pending	
言之無物	idiom	chengyu	china-idiom	external-membership	medium	pending	
言之鑿鑿	idiom	chengyu	china-idiom	external-membership	medium	pending	
言人人殊	idiom	chengyu	china-idiom	external-membership	medium	pending	
言外之意	idiom	chengyu	china-idiom	external-membership	medium	pending	
言多必失	idiom	chengyu	china-idiom	external-membership	medium	pending	
言歸於好	idiom	chengyu	china-idiom	external-membership	medium	pending	
言簡意賅	idiom	chengyu	china-idiom	external-membership	medium	pending	
言而有信	idiom	chengyu	china-idiom	external-membership	medium	pending	
言而無信	idiom	chengyu	china-idiom	external-membership	medium	pending	
言聽計從	idiom	chengyu	china-idiom	external-membership	medium	pending	
言過其實	idiom	chengyu	china-idiom	external-membership	medium	pending	
計上心來	idiom	chengyu	china-idiom	external-membership	medium	pending	
評頭論足	idiom	chengyu	china-idiom	external-membership	medium	pending	
詞不達意	idiom	chengyu	china-idiom	external-membership	medium	pending	
詩情畫意	idiom	chengyu	china-idiom	external-membership	medium	pending	
話裏有話	idiom	chengyu	china-idiom	external-membership	medium	pending	
誇大其詞	idiom	chengyu	china-idiom	external-membership	medium	pending	
誇大其辭	idiom	chengyu	china-idiom	external-membership	medium	pending	
誇誇其談	idiom	chengyu	china-idiom	external-membership	medium	pending	
認祖歸宗	idiom	chengyu	china-idiom	external-membership	medium	pending	
語無倫次	idiom	chengyu	china-idiom	external-membership	medium	pending	
誤人子弟	idiom	chengyu	china-idiom	external-membership	medium	pending	
誤打誤撞	idiom	chengyu	china-idiom	external-membership	medium	pending	
説來話長	idiom	chengyu	china-idiom	external-membership	medium	pending	
調虎離山	idiom	chengyu	china-idiom	external-membership	medium	pending	
諄諄告誡	idiom	chengyu	china-idiom	external-membership	medium	pending	
談古論今	idiom	chengyu	china-idiom	external-membership	medium	pending	
談情説愛	idiom	chengyu	china-idiom	external-membership	medium	pending	
談虎色變	idiom	chengyu	china-idiom	external-membership	medium	pending	
請君入甕	idiom	chengyu	china-idiom	external-membership	medium	pending	
謀財害命	idiom	chengyu	china-idiom	external-membership	medium	pending	
謹小慎微	idiom	chengyu	china-idiom	external-membership	medium	pending	
識文斷字	idiom	chengyu	china-idiom	external-membership	medium	pending	
議論紛紛	idiom	chengyu	china-idiom	external-membership	medium	pending	
變化無常	idiom	chengyu	china-idiom	external-membership	medium	pending	
變化莫測	idiom	chengyu	china-idiom	external-membership	medium	pending	
變幻莫測	idiom	chengyu	china-idiom	external-membership	medium	pending	
變本加厲	idiom	chengyu	china-idiom	external-membership	medium	pending	
變生肘腋	idiom	chengyu	china-idiom	external-membership	medium	pending	
讚不絕口	idiom	chengyu	china-idiom	external-membership	medium	pending	
讚歎不已	idiom	chengyu	china-idiom	external-membership	medium	pending	
豆蔻年華	idiom	chengyu	china-idiom	external-membership	medium	pending	
豐功偉績	idiom	chengyu	china-idiom	external-membership	medium	pending	
豐富多彩	idiom	chengyu	china-idiom	external-membership	medium	pending	
豐衣足食	idiom	chengyu	china-idiom	external-membership	medium	pending	
象牙之塔	idiom	chengyu	china-idiom	external-membership	medium	pending	
豪言壯語	idiom	chengyu	china-idiom	external-membership	medium	pending	
負荊請罪	idiom	chengyu	china-idiom	external-membership	medium	pending	
財大氣粗	idiom	chengyu	china-idiom	external-membership	medium	pending	
貧病交加	idiom	chengyu	china-idiom	external-membership	medium	pending	
貨真價實	idiom	chengyu	china-idiom	external-membership	medium	pending	
販夫走卒	idiom	chengyu	china-idiom	external-membership	medium	pending	
貪天之功	idiom	chengyu	china-idiom	external-membership	medium	pending	
貪心不足	idiom	chengyu	china-idiom	external-membership	medium	pending	
貪生怕死	idiom	chengyu	china-idiom	external-membership	medium	pending	
貪贓枉法	idiom	chengyu	china-idiom	external-membership	medium	pending	
買櫝還珠	idiom	chengyu	china-idiom	external-membership	medium	pending	
費盡心機	idiom	chengyu	china-idiom	external-membership	medium	pending	
貽害無窮	idiom	chengyu	china-idiom	external-membership	medium	pending	
貽笑大方	idiom	chengyu	china-idiom	external-membership	medium	pending	
賊喊捉賊	idiom	chengyu	china-idiom	external-membership	medium	pending	
賊眉鼠眼	idiom	chengyu	china-idiom	external-membership	medium	pending	
賊頭賊腦	idiom	chengyu	china-idiom	external-membership	medium	pending	
賞心悦目	idiom	chengyu	china-idiom	external-membership	medium	pending	
賞心樂事	idiom	chengyu	china-idiom	external-membership	medium	pending	
賣官鬻爵	idiom	chengyu	china-idiom	external-membership	medium	pending	
赤膽忠心	idiom	chengyu	china-idiom	external-membership	medium	pending	
赤身露體	idiom	chengyu	china-idiom	external-membership	medium	pending	
走投無路	idiom	chengyu	china-idiom	external-membership	medium	pending	
走馬上任	idiom	chengyu	china-idiom	external-membership	medium	pending	
走馬觀花	idiom	chengyu	china-idiom	external-membership	medium	pending	
走馬赴任	idiom	chengyu	china-idiom	external-membership	medium	pending	
赴湯蹈火	idiom	chengyu	china-idiom	external-membership	medium	pending	
趁人之危	idiom	chengyu	china-idiom	external-membership	medium	pending	
趁虛而入	idiom	chengyu	china-idiom	external-membership	medium	pending	
超羣絕倫	idiom	chengyu	china-idiom	external-membership	medium	pending	
越俎代庖	idiom	chengyu	china-idiom	external-membership	medium	pending	
趕盡殺絕	idiom	chengyu	china-idiom	external-membership	medium	pending	
趨之若鶩	idiom	chengyu	china-idiom	external-membership	medium	pending	
趨利避害	idiom	chengyu	china-idiom	external-membership	medium	pending	
足不出户	idiom	chengyu	china-idiom	external-membership	medium	pending	
足智多謀	idiom	chengyu	china-idiom	external-membership	medium	pending	
跋山涉水	idiom	chengyu	china-idiom	external-membership	medium	pending	
路人皆知	idiom	chengyu	china-idiom	external-membership	medium	pending	
踉踉蹌蹌	idiom	chengyu	china-idiom	external-membership	medium	pending	
踽踽獨行	idiom	chengyu	china-idiom	external-membership	medium	pending	
蹉跎歲月	idiom	chengyu	china-idiom	external-membership	medium	pending	
躍躍欲試	idiom	chengyu	china-idiom	external-membership	medium	pending	
躡手躡腳	idiom	chengyu	china-idiom	external-membership	medium	pending	
身不由己	idiom	chengyu	china-idiom	external-membership	medium	pending	
身先士卒	idiom	chengyu	china-idiom	external-membership	medium	pending	
身外之物	idiom	chengyu	china-idiom	external-membership	medium	pending	
身家性命	idiom	chengyu	china-idiom	external-membership	medium	pending	
身強力壯	idiom	chengyu	china-idiom	external-membership	medium	pending	
身懷六甲	idiom	chengyu	china-idiom	external-membership	medium	pending	
身歷其境	idiom	chengyu	china-idiom	external-membership	medium	pending	
身經百戰	idiom	chengyu	china-idiom	external-membership	medium	pending	
身臨其境	idiom	chengyu	china-idiom	external-membership	medium	pending	
身首異處	idiom	chengyu	china-idiom	external-membership	medium	pending	
身體力行	idiom	chengyu	china-idiom	external-membership	medium	pending	
躲躲閃閃	idiom	chengyu	china-idiom	external-membership	medium	pending	
軍令如山	idiom	chengyu	china-idiom	external-membership	medium	pending	
軟弱無力	idiom	chengyu	china-idiom	external-membership	medium	pending	
軟硬兼施	idiom	chengyu	china-idiom	external-membership	medium	pending	
載歌載舞	idiom	chengyu	china-idiom	external-membership	medium	pending	
輕口薄舌	idiom	chengyu	china-idiom	external-membership	medium	pending	
輕嘴薄舌	idiom	chengyu	china-idiom	external-membership	medium	pending	
輕而易舉	idiom	chengyu	china-idiom	external-membership	medium	pending	
輕舉妄動	idiom	chengyu	china-idiom	external-membership	medium	pending	
輕裘肥馬	idiom	chengyu	china-idiom	external-membership	medium	pending	
輕車熟路	idiom	chengyu	china-idiom	external-membership	medium	pending	
輾轉反側	idiom	chengyu	china-idiom	external-membership	medium	pending	
轉危為安	idiom	chengyu	china-idiom	external-membership	medium	pending	
轉悲為喜	idiom	chengyu	china-idiom	external-membership	medium	pending	
轉眼之間	idiom	chengyu	china-idiom	external-membership	medium	pending	
轍亂旗靡	idiom	chengyu	china-idiom	external-membership	medium	pending	
轟動一時	idiom	chengyu	china-idiom	external-membership	medium	pending	
辭不達意	idiom	chengyu	china-idiom	external-membership	medium	pending	
迎來送往	idiom	chengyu	china-idiom	external-membership	medium	pending	
近在咫尺	idiom	chengyu	china-idiom	external-membership	medium	pending	
近鄉情怯	idiom	chengyu	china-idiom	external-membership	medium	pending	
返璞歸真	idiom	chengyu	china-idiom	external-membership	medium	pending	
迫不及待	idiom	chengyu	china-idiom	external-membership	medium	pending	
述而不作	idiom	chengyu	china-idiom	external-membership	medium	pending	
迴光返照	idiom	chengyu	china-idiom	external-membership	medium	pending	
迷途知返	idiom	chengyu	china-idiom	external-membership	medium	pending	
追本溯源	idiom	chengyu	china-idiom	external-membership	medium	pending	
追本窮源	idiom	chengyu	china-idiom	external-membership	medium	pending	
追根溯源	idiom	chengyu	china-idiom	external-membership	medium	pending	
追根究底	idiom	chengyu	china-idiom	external-membership	medium	pending	
退避三舍	idiom	chengyu	china-idiom	external-membership	medium	pending	
逆水行舟	idiom	chengyu	china-idiom	external-membership	medium	pending	
逐字逐句	idiom	chengyu	china-idiom	external-membership	medium	pending	
通情達理	idiom	chengyu	china-idiom	external-membership	medium	pending	
通風報訊	idiom	chengyu	china-idiom	external-membership	medium	pending	
速戰速決	idiom	chengyu	china-idiom	external-membership	medium	pending	
造謠惑眾	idiom	chengyu	china-idiom	external-membership	medium	pending	
逢凶化吉	idiom	chengyu	china-idiom	external-membership	medium	pending	
逢場作戲	idiom	chengyu	china-idiom	external-membership	medium	pending	
連綿不絕	idiom	chengyu	china-idiom	external-membership	medium	pending	
週而復始	idiom	chengyu	china-idiom	external-membership	medium	pending	
進退失據	idiom	chengyu	china-idiom	external-membership	medium	pending	
進退維谷	idiom	chengyu	china-idiom	external-membership	medium	pending	
逼上梁山	idiom	chengyu	china-idiom	external-membership	medium	pending	
遂心如意	idiom	chengyu	china-idiom	external-membership	medium	pending	
遊刃有餘	idiom	chengyu	china-idiom	external-membership	medium	pending	
遊戲人間	idiom	chengyu	china-idiom	external-membership	medium	pending	
遊手好閒	idiom	chengyu	china-idiom	external-membership	medium	pending	
運籌帷幄	idiom	chengyu	china-idiom	external-membership	medium	pending	
遍地開花	idiom	chengyu	china-idiom	external-membership	medium	pending	
遍體鱗傷	idiom	chengyu	china-idiom	external-membership	medium	pending	
過眼雲煙	idiom	chengyu	china-idiom	external-membership	medium	pending	
過街老鼠	idiom	chengyu	china-idiom	external-membership	medium	pending	
過路財神	idiom	chengyu	china-idiom	external-membership	medium	pending	
達官貴人	idiom	chengyu	china-idiom	external-membership	medium	pending	
遙遙無期	idiom	chengyu	china-idiom	external-membership	medium	pending	
遙遙領先	idiom	chengyu	china-idiom	external-membership	medium	pending	
遠交近攻	idiom	chengyu	china-idiom	external-membership	medium	pending	
遠水不解近渴	idiom	chengyu	china-idiom	external-membership	medium	pending	
適可而止	idiom	chengyu	china-idiom	external-membership	medium	pending	
適逢其會	idiom	chengyu	china-idiom	external-membership	medium	pending	
遺害無窮	idiom	chengyu	china-idiom	external-membership	medium	pending	
遺臭萬年	idiom	chengyu	china-idiom	external-membership	medium	pending	
避坑落井	idiom	chengyu	china-idiom	external-membership	medium	pending	
避實就虛	idiom	chengyu	china-idiom	external-membership	medium	pending	
避重就輕	idiom	chengyu	china-idiom	external-membership	medium	pending	
邪不勝正	idiom	chengyu	china-idiom	external-membership	medium	pending	
邪魔外道	idiom	chengyu	china-idiom	external-membership	medium	pending	
邯鄲學步	idiom	chengyu	china-idiom	external-membership	medium	pending	
酒池肉林	idiom	chengyu	china-idiom	external-membership	medium	pending	
酒色財氣	idiom	chengyu	china-idiom	external-membership	medium	pending	
酒足飯飽	idiom	chengyu	china-idiom	external-membership	medium	pending	
酒酣耳熱	idiom	chengyu	china-idiom	external-membership	medium	pending	
酩酊大醉	idiom	chengyu	china-idiom	external-membership	medium	pending	
醍醐灌頂	idiom	chengyu	china-idiom	external-membership	medium	pending	
重巒疊嶂	idiom	chengyu	china-idiom	external-membership	medium	pending	
重振旗鼓	idiom	chengyu	china-idiom	external-membership	medium	pending	
重操舊業	idiom	chengyu	china-idiom	external-membership	medium	pending	
重整旗鼓	idiom	chengyu	china-idiom	external-membership	medium	pending	
重見天日	idiom	chengyu	china-idiom	external-membership	medium	pending	
重蹈覆轍	idiom	chengyu	china-idiom	external-membership	medium	pending	
野心勃勃	idiom	chengyu	china-idiom	external-membership	medium	pending	
量力而行	idiom	chengyu	china-idiom	external-membership	medium	pending	
量體裁衣	idiom	chengyu	china-idiom	external-membership	medium	pending	
金口玉言	idiom	chengyu	china-idiom	external-membership	medium	pending	
金城湯池	idiom	chengyu	china-idiom	external-membership	medium	pending	
金戈鐵馬	idiom	chengyu	china-idiom	external-membership	medium	pending	
金無足赤	idiom	chengyu	china-idiom	external-membership	medium	pending	
金玉良言	idiom	chengyu	china-idiom	external-membership	medium	pending	
金甌無缺	idiom	chengyu	china-idiom	external-membership	medium	pending	
金碧輝煌	idiom	chengyu	china-idiom	external-membership	medium	pending	
金科玉律	idiom	chengyu	china-idiom	external-membership	medium	pending	
金童玉女	idiom	chengyu	china-idiom	external-membership	medium	pending	
金雞獨立	idiom	chengyu	china-idiom	external-membership	medium	pending	
釜底抽薪	idiom	chengyu	china-idiom	external-membership	medium	pending	
針頭線腦	idiom	chengyu	china-idiom	external-membership	medium	pending	
銅筋鐵骨	idiom	chengyu	china-idiom	external-membership	medium	pending	
銖兩悉稱	idiom	chengyu	china-idiom	external-membership	medium	pending	
銘心刻骨	idiom	chengyu	china-idiom	external-membership	medium	pending	
銷聲匿跡	idiom	chengyu	china-idiom	external-membership	medium	pending	
鋒芒畢露	idiom	chengyu	china-idiom	external-membership	medium	pending	
鋪天蓋地	idiom	chengyu	china-idiom	external-membership	medium	pending	
錦上添花	idiom	chengyu	china-idiom	external-membership	medium	pending	
錦心繡口	idiom	chengyu	china-idiom	external-membership	medium	pending	
錦衣玉食	idiom	chengyu	china-idiom	external-membership	medium	pending	
錯綜複雜	idiom	chengyu	china-idiom	external-membership	medium	pending	
鎩羽而歸	idiom	chengyu	china-idiom	external-membership	medium	pending	
鏡花水月	idiom	chengyu	china-idiom	external-membership	medium	pending	
鐵板一塊	idiom	chengyu	china-idiom	external-membership	medium	pending	
鐵石心腸	idiom	chengyu	china-idiom	external-membership	medium	pending	
鐵證如山	idiom	chengyu	china-idiom	external-membership	medium	pending	
鑑貌辨色	idiom	chengyu	china-idiom	external-membership	medium	pending	
鑠石流金	idiom	chengyu	china-idiom	external-membership	medium	pending	
鑽牛角尖	idiom	chengyu	china-idiom	external-membership	medium	pending	
鑿壁偷光	idiom	chengyu	china-idiom	external-membership	medium	pending	
長命百歲	idiom	chengyu	china-idiom	external-membership	medium	pending	
長年累月	idiom	chengyu	china-idiom	external-membership	medium	pending	
長幼有序	idiom	chengyu	china-idiom	external-membership	medium	pending	
長此以往	idiom	chengyu	china-idiom	external-membership	medium	pending	
長治久安	idiom	chengyu	china-idiom	external-membership	medium	pending	
長生不老	idiom	chengyu	china-idiom	external-membership	medium	pending	
長篇大論	idiom	chengyu	china-idiom	external-membership	medium	pending	
長袖善舞	idiom	chengyu	china-idiom	external-membership	medium	pending	
長話短説	idiom	chengyu	china-idiom	external-membership	medium	pending	
長風破浪	idiom	chengyu	china-idiom	external-membership	medium	pending	
門可羅雀	idiom	chengyu	china-idiom	external-membership	medium	pending	
門外漢	idiom	chengyu	china-idiom	external-membership	medium	pending	
門庭若市	idiom	chengyu	china-idiom	external-membership	medium	pending	
門户之見	idiom	chengyu	china-idiom	external-membership	medium	pending	
閃爍其詞	idiom	chengyu	china-idiom	external-membership	medium	pending	
閉口不言	idiom	chengyu	china-idiom	external-membership	medium	pending	
閉口無言	idiom	chengyu	china-idiom	external-membership	medium	pending	
閉月羞花	idiom	chengyu	china-idiom	external-membership	medium	pending	
閉門思過	idiom	chengyu	china-idiom	external-membership	medium	pending	
閉門造車	idiom	chengyu	china-idiom	external-membership	medium	pending	
閉關自守	idiom	chengyu	china-idiom	external-membership	medium	pending	
開天闢地	idiom	chengyu	china-idiom	external-membership	medium	pending	
開山祖師	idiom	chengyu	china-idiom	external-membership	medium	pending	
開山鼻祖	idiom	chengyu	china-idiom	external-membership	medium	pending	
開誠佈公	idiom	chengyu	china-idiom	external-membership	medium	pending	
開門揖盜	idiom	chengyu	china-idiom	external-membership	medium	pending	
閒言碎語	idiom	chengyu	china-idiom	external-membership	medium	pending	
閒言閒語	idiom	chengyu	china-idiom	external-membership	medium	pending	
閒雲野鶴	idiom	chengyu	china-idiom	external-membership	medium	pending	
闖蕩江湖	idiom	chengyu	china-idiom	external-membership	medium	pending	
防患未然	idiom	chengyu	china-idiom	external-membership	medium	pending	
阿貓阿狗	idiom	chengyu	china-idiom	external-membership	medium	pending	
附庸風雅	idiom	chengyu	china-idiom	external-membership	medium	pending	
陰曹地府	idiom	chengyu	china-idiom	external-membership	medium	pending	
陰陽怪氣	idiom	chengyu	china-idiom	external-membership	medium	pending	
陰魂不散	idiom	chengyu	china-idiom	external-membership	medium	pending	
陳詞濫調	idiom	chengyu	china-idiom	external-membership	medium	pending	
陽春白雪	idiom	chengyu	china-idiom	external-membership	medium	pending	
陽關大道	idiom	chengyu	china-idiom	external-membership	medium	pending	
隔牆有耳	idiom	chengyu	china-idiom	external-membership	medium	pending	
隔靴搔癢	idiom	chengyu	china-idiom	external-membership	medium	pending	
隨鄉入鄉	idiom	chengyu	china-idiom	external-membership	medium	pending	
隻字不提	idiom	chengyu	china-idiom	external-membership	medium	pending	
隻言片語	idiom	chengyu	china-idiom	external-membership	medium	pending	
雁過拔毛	idiom	chengyu	china-idiom	external-membership	medium	pending	
雄心壯志	idiom	chengyu	china-idiom	external-membership	medium	pending	
雅俗共賞	idiom	chengyu	china-idiom	external-membership	medium	pending	
集思廣益	idiom	chengyu	china-idiom	external-membership	medium	pending	
集腋成裘	idiom	chengyu	china-idiom	external-membership	medium	pending	
雍容華貴	idiom	chengyu	china-idiom	external-membership	medium	pending	
雕樑畫棟	idiom	chengyu	china-idiom	external-membership	medium	pending	
雙宿雙飛	idiom	chengyu	china-idiom	external-membership	medium	pending	
雙管齊下	idiom	chengyu	china-idiom	external-membership	medium	pending	
雜七雜八	idiom	chengyu	china-idiom	external-membership	medium	pending	
雞飛狗走	idiom	chengyu	china-idiom	external-membership	medium	pending	
雞飛狗跳	idiom	chengyu	china-idiom	external-membership	medium	pending	
雞鳴狗盜	idiom	chengyu	china-idiom	external-membership	medium	pending	
離心離德	idiom	chengyu	china-idiom	external-membership	medium	pending	
難以置信	idiom	chengyu	china-idiom	external-membership	medium	pending	
難捨難分	idiom	chengyu	china-idiom	external-membership	medium	pending	
雨後春筍	idiom	chengyu	china-idiom	external-membership	medium	pending	
雨過天晴	idiom	chengyu	china-idiom	external-membership	medium	pending	
雨過天青	idiom	chengyu	china-idiom	external-membership	medium	pending	
雪上加霜	idiom	chengyu	china-idiom	external-membership	medium	pending	
雪中送炭	idiom	chengyu	china-idiom	external-membership	medium	pending	
雪泥鴻爪	idiom	chengyu	china-idiom	external-membership	medium	pending	
雲淡風輕	idiom	chengyu	china-idiom	external-membership	medium	pending	
雷厲風行	idiom	chengyu	china-idiom	external-membership	medium	pending	
雷霆萬鈞	idiom	chengyu	china-idiom	external-membership	medium	pending	
電光石火	idiom	chengyu	china-idiom	external-membership	medium	pending	
震古爍今	idiom	chengyu	china-idiom	external-membership	medium	pending	
非我族類	idiom	chengyu	china-idiom	external-membership	medium	pending	
靡靡之音	idiom	chengyu	china-idiom	external-membership	medium	pending	
面不改色	idiom	chengyu	china-idiom	external-membership	medium	pending	
面授機宜	idiom	chengyu	china-idiom	external-membership	medium	pending	
面無人色	idiom	chengyu	china-idiom	external-membership	medium	pending	
面目全非	idiom	chengyu	china-idiom	external-membership	medium	pending	
面面相覷	idiom	chengyu	china-idiom	external-membership	medium	pending	
鞍前馬後	idiom	chengyu	china-idiom	external-membership	medium	pending	
鞠躬盡瘁	idiom	chengyu	china-idiom	external-membership	medium	pending	
韜光養晦	idiom	chengyu	china-idiom	external-membership	medium	pending	
音容笑貌	idiom	chengyu	china-idiom	external-membership	medium	pending	
順理成章	idiom	chengyu	china-idiom	external-membership	medium	pending	
順藤摸瓜	idiom	chengyu	china-idiom	external-membership	medium	pending	
順風吹火	idiom	chengyu	china-idiom	external-membership	medium	pending	
頑石點頭	idiom	chengyu	china-idiom	external-membership	medium	pending	
頤指氣使	idiom	chengyu	china-idiom	external-membership	medium	pending	
頤養天年	idiom	chengyu	china-idiom	external-membership	medium	pending	
頭昏目眩	idiom	chengyu	china-idiom	external-membership	medium	pending	
頭暈目眩	idiom	chengyu	china-idiom	external-membership	medium	pending	
頭暈眼花	idiom	chengyu	china-idiom	external-membership	medium	pending	
頭重腳輕	idiom	chengyu	china-idiom	external-membership	medium	pending	
頭頭是道	idiom	chengyu	china-idiom	external-membership	medium	pending	
顛來倒去	idiom	chengyu	china-idiom	external-membership	medium	pending	
顛倒黑白	idiom	chengyu	china-idiom	external-membership	medium	pending	
顛鸞倒鳳	idiom	chengyu	china-idiom	external-membership	medium	pending	
顧此失彼	idiom	chengyu	china-idiom	external-membership	medium	pending	
風俗人情	idiom	chengyu	china-idiom	external-membership	medium	pending	
風刀霜劍	idiom	chengyu	china-idiom	external-membership	medium	pending	
風吹草動	idiom	chengyu	china-idiom	external-membership	medium	pending	
風和日麗	idiom	chengyu	china-idiom	external-membership	medium	pending	
風塵僕僕	idiom	chengyu	china-idiom	external-membership	medium	pending	
風姿綽約	idiom	chengyu	china-idiom	external-membership	medium	pending	
風平浪靜	idiom	chengyu	china-idiom	external-membership	medium	pending	
風度翩翩	idiom	chengyu	china-idiom	external-membership	medium	pending	
風流人物	idiom	chengyu	china-idiom	external-membership	medium	pending	
風流倜儻	idiom	chengyu	china-idiom	external-membership	medium	pending	
風花雪月	idiom	chengyu	china-idiom	external-membership	medium	pending	
風言風語	idiom	chengyu	china-idiom	external-membership	medium	pending	
風雨交加	idiom	chengyu	china-idiom	external-membership	medium	pending	
風雨如晦	idiom	chengyu	china-idiom	external-membership	medium	pending	
風雨如磐	idiom	chengyu	china-idiom	external-membership	medium	pending	
風雨無阻	idiom	chengyu	china-idiom	external-membership	medium	pending	
風雲變幻	idiom	chengyu	china-idiom	external-membership	medium	pending	
風靡一時	idiom	chengyu	china-idiom	external-membership	medium	pending	
風韻猶存	idiom	chengyu	china-idiom	external-membership	medium	pending	
風風火火	idiom	chengyu	china-idiom	external-membership	medium	pending	
風風雨雨	idiom	chengyu	china-idiom	external-membership	medium	pending	
風餐露宿	idiom	chengyu	china-idiom	external-membership	medium	pending	
飄洋過海	idiom	chengyu	china-idiom	external-membership	medium	pending	
飄飄欲仙	idiom	chengyu	china-idiom	external-membership	medium	pending	
飛來橫禍	idiom	chengyu	china-idiom	external-membership	medium	pending	
飛檐走壁	idiom	chengyu	china-idiom	external-membership	medium	pending	
飛砂走石	idiom	chengyu	china-idiom	external-membership	medium	pending	
飛蛾投火	idiom	chengyu	china-idiom	external-membership	medium	pending	
飛蛾撲火	idiom	chengyu	china-idiom	external-membership	medium	pending	
飛針走線	idiom	chengyu	china-idiom	external-membership	medium	pending	
食不知味	idiom	chengyu	china-idiom	external-membership	medium	pending	
飲食男女	idiom	chengyu	china-idiom	external-membership	medium	pending	
飽學之士	idiom	chengyu	china-idiom	external-membership	medium	pending	
飽經滄桑	idiom	chengyu	china-idiom	external-membership	medium	pending	
養兒防老	idiom	chengyu	china-idiom	external-membership	medium	pending	
養家餬口	idiom	chengyu	china-idiom	external-membership	medium	pending	
養生之道	idiom	chengyu	china-idiom	external-membership	medium	pending	
餓虎撲食	idiom	chengyu	china-idiom	external-membership	medium	pending	
首善之區	idiom	chengyu	china-idiom	external-membership	medium	pending	
香消玉殞	idiom	chengyu	china-idiom	external-membership	medium	pending	
馬不停蹄	idiom	chengyu	china-idiom	external-membership	medium	pending	
馬仰人翻	idiom	chengyu	china-idiom	external-membership	medium	pending	
馬馬虎虎	idiom	chengyu	china-idiom	external-membership	medium	pending	
駭人聽聞	idiom	chengyu	china-idiom	external-membership	medium	pending	
騎馬找馬	idiom	chengyu	china-idiom	external-membership	medium	pending	
騰雲駕霧	idiom	chengyu	china-idiom	external-membership	medium	pending	
驕傲自滿	idiom	chengyu	china-idiom	external-membership	medium	pending	
驕兵必敗	idiom	chengyu	china-idiom	external-membership	medium	pending	
驚世駭俗	idiom	chengyu	china-idiom	external-membership	medium	pending	
驚慌失措	idiom	chengyu	china-idiom	external-membership	medium	pending	
驢年馬月	idiom	chengyu	china-idiom	external-membership	medium	pending	
骨瘦如柴	idiom	chengyu	china-idiom	external-membership	medium	pending	
體無完膚	idiom	chengyu	china-idiom	external-membership	medium	pending	
高不可攀	idiom	chengyu	china-idiom	external-membership	medium	pending	
高人一等	idiom	chengyu	china-idiom	external-membership	medium	pending	
高山流水	idiom	chengyu	china-idiom	external-membership	medium	pending	
高抬貴手	idiom	chengyu	china-idiom	external-membership	medium	pending	
高朋滿座	idiom	chengyu	china-idiom	external-membership	medium	pending	
高枕無憂	idiom	chengyu	china-idiom	external-membership	medium	pending	
高深莫測	idiom	chengyu	china-idiom	external-membership	medium	pending	
高談闊論	idiom	chengyu	china-idiom	external-membership	medium	pending	
高高在上	idiom	chengyu	china-idiom	external-membership	medium	pending	
鬼使神差	idiom	chengyu	china-idiom	external-membership	medium	pending	
鬼哭狼嚎	idiom	chengyu	china-idiom	external-membership	medium	pending	
鬼話連篇	idiom	chengyu	china-idiom	external-membership	medium	pending	
鬼鬼祟祟	idiom	chengyu	china-idiom	external-membership	medium	pending	
魂不附體	idiom	chengyu	china-idiom	external-membership	medium	pending	
魂飛魄散	idiom	chengyu	china-idiom	external-membership	medium	pending	
魑魅魍魎	idiom	chengyu	china-idiom	external-membership	medium	pending	
魚死網破	idiom	chengyu	china-idiom	external-membership	medium	pending	
魚目混珠	idiom	chengyu	china-idiom	external-membership	medium	pending	
魚肉百姓	idiom	chengyu	china-idiom	external-membership	medium	pending	
魚與熊掌	idiom	chengyu	china-idiom	external-membership	medium	pending	
魯魚亥豕	idiom	chengyu	china-idiom	external-membership	medium	pending	
鮮血淋漓	idiom	chengyu	china-idiom	external-membership	medium	pending	
鰥寡孤獨	idiom	chengyu	china-idiom	external-membership	medium	pending	
鱷魚眼淚	idiom	chengyu	china-idiom	external-membership	medium	pending	
鳥槍換炮	idiom	chengyu	china-idiom	external-membership	medium	pending	
鳥語花香	idiom	chengyu	china-idiom	external-membership	medium	pending	
鳩佔鵲巢	idiom	chengyu	china-idiom	external-membership	medium	pending	
鳳毛麟角	idiom	chengyu	china-idiom	external-membership	medium	pending	
鳴金收兵	idiom	chengyu	china-idiom	external-membership	medium	pending	
鴉雀無聲	idiom	chengyu	china-idiom	external-membership	medium	pending	
鴻鵠之志	idiom	chengyu	china-idiom	external-membership	medium	pending	
鵲巢鳩佔	idiom	chengyu	china-idiom	external-membership	medium	pending	
鶯歌燕舞	idiom	chengyu	china-idiom	external-membership	medium	pending	
鷸蚌相爭	idiom	chengyu	china-idiom	external-membership	medium	pending	
麟角鳳觜	idiom	chengyu	china-idiom	external-membership	medium	pending	
麻木不仁	idiom	chengyu	china-idiom	external-membership	medium	pending	
黃粱美夢	idiom	chengyu	china-idiom	external-membership	medium	pending	
黃袍加身	idiom	chengyu	china-idiom	external-membership	medium	pending	
黑白分明	idiom	chengyu	china-idiom	external-membership	medium	pending	
黔驢之技	idiom	chengyu	china-idiom	external-membership	medium	pending	
默不作聲	idiom	chengyu	china-idiom	external-membership	medium	pending	
默默無聞	idiom	chengyu	china-idiom	external-membership	medium	pending	
點睛之筆	idiom	chengyu	china-idiom	external-membership	medium	pending	
點石成金	idiom	chengyu	china-idiom	external-membership	medium	pending	
點頭之交	idiom	chengyu	china-idiom	external-membership	medium	pending	
黨同伐異	idiom	chengyu	china-idiom	external-membership	medium	pending	
黯淡無光	idiom	chengyu	china-idiom	external-membership	medium	pending	
黯然失色	idiom	chengyu	china-idiom	external-membership	medium	pending	
黯然神傷	idiom	chengyu	china-idiom	external-membership	medium	pending	
鼎足之勢	idiom	chengyu	china-idiom	external-membership	medium	pending	
鼓鼓囊囊	idiom	chengyu	china-idiom	external-membership	medium	pending	
鼠目寸光	idiom	chengyu	china-idiom	external-membership	medium	pending	
鼠竊狗偷	idiom	chengyu	china-idiom	external-membership	medium	pending	
鼻青臉腫	idiom	chengyu	china-idiom	external-membership	medium	pending	
鼾聲如雷	idiom	chengyu	china-idiom	external-membership	medium	pending	
齊東野語	idiom	chengyu	china-idiom	external-membership	medium	pending	
齊頭並進	idiom	chengyu	china-idiom	external-membership	medium	pending	
齜牙咧嘴	idiom	chengyu	china-idiom	external-membership	medium	pending	
龍潭虎穴	idiom	chengyu	china-idiom	external-membership	medium	pending	
龍盤虎踞	idiom	chengyu	china-idiom	external-membership	medium	pending	
龍蛇混雜	idiom	chengyu	china-idiom	external-membership	medium	pending	
龍蟠虎踞	idiom	chengyu	china-idiom	external-membership	medium	pending	
龍飛鳳舞	idiom	chengyu	china-idiom	external-membership	medium	pending	
龍馬精神	idiom	chengyu	china-idiom	external-membership	medium	pending	
龍鳳呈祥	idiom	chengyu	china-idiom	external-membership	medium	pending	
