literal	pos	family	voice	note	source	confidence
阿茵	u			no-source	fallback	low
隔住	v			verb-suffix	heuristic	medium
黑袍	u			no-source	fallback	low
等我	u			no-source	fallback	low
女的	u			no-source	fallback	low
毛澤東	u			no-source	fallback	low
和他	u			no-source	fallback	low
有一種	u			no-source	fallback	low
叫我	u			no-source	fallback	low
這兩天	u			no-source	fallback	low
本週	u			no-source	fallback	low
端口	u			no-source	fallback	low
都說	u			no-source	fallback	low
就說	u			no-source	fallback	low
是呀	u			no-source	fallback	low
一落	u			no-source	fallback	low
一部	u			no-source	fallback	low
仲想	u			no-source	fallback	low
住講	u			no-source	fallback	low
你仲	u			no-source	fallback	low
依加	u			no-source	fallback	low
大口	u			no-source	fallback	low
好講	u			no-source	fallback	low
完個	u			no-source	fallback	low
床邊	u			no-source	fallback	low
想食	u			no-source	fallback	low
托	u			no-source	fallback	low
拍過	u			no-source	fallback	low
杯杯	u			no-source	fallback	low
米奇	u			no-source	fallback	low
行緊	u			no-source	fallback	low
褲褲	u			no-source	fallback	low
訓得	u			no-source	fallback	low
鋪頭	u			no-source	fallback	low
需	v			cow-single	cow	medium
你不是	u			no-source	fallback	low
驗證碼	u			no-source	fallback	low
是吧	u			no-source	fallback	low
有關規定	u			no-source	fallback	low
可以用	u			no-source	fallback	low
對他	u			no-source	fallback	low
要做	u			no-source	fallback	low
住在	u			no-source	fallback	low
請你	u			no-source	fallback	low
我有	u			no-source	fallback	low
幹啥	u			no-source	fallback	low
舞臺	u			no-source	fallback	low
聯通	u			no-source	fallback	low
經濟發展	u			no-source	fallback	low
對其	u			no-source	fallback	low
仔同	u			no-source	fallback	low
企響	u			no-source	fallback	low
個種	u			no-source	fallback	low
嘟嘟	u			no-source	fallback	low
嘢㗎	u			no-source	fallback	low
好識	u			no-source	fallback	low
封信	u			no-source	fallback	low
心心	u			no-source	fallback	low
我份	u			no-source	fallback	low
我信	u			no-source	fallback	low
我個腦	u			no-source	fallback	low
春	n			cow-single	cow	medium
有過	u			no-source	fallback	low
未講	u			no-source	fallback	low
歪	u			no-source	fallback	low
每一個	u			no-source	fallback	low
漫澄	u			no-source	fallback	low
當我地	u			no-source	fallback	low
肥培	u			no-source	fallback	low
講多	u			no-source	fallback	low
陣時	u			no-source	fallback	low
餐肉	u			no-source	fallback	low
更有	u			no-source	fallback	low
它是	u			no-source	fallback	low
經銷商	u			no-source	fallback	low
沒啥	u			no-source	fallback	low
是最	u			no-source	fallback	low
比較好	u			no-source	fallback	low
的博客	u			no-source	fallback	low
這兩個	u			no-source	fallback	low
是對	u			no-source	fallback	low
你想	u			no-source	fallback	low
日本人	u			no-source	fallback	low
告訴記者	u			no-source	fallback	low
一巴	u			no-source	fallback	low
交畀	u			no-source	fallback	low
信希	u			no-source	fallback	low
勞	u			no-source	fallback	low
厘米	u			no-source	fallback	low
害怕	n,v			cow-multi	cow	medium
帶點	u			no-source	fallback	low
我腦	u			no-source	fallback	low
我頭	u			no-source	fallback	low
某個	u			no-source	fallback	low
條仆	u			no-source	fallback	low
沒了	u			no-source	fallback	low
田中	u			no-source	fallback	low
留返	u			no-source	fallback	low
邊呀	u			no-source	fallback	low
醫神	u			no-source	fallback	low
阿源	u			no-source	fallback	low
除此	u			no-source	fallback	low
頭望	u			no-source	fallback	low
各級	u			no-source	fallback	low
哥們	u			no-source	fallback	low
我又	u			no-source	fallback	low
也不知道	u			no-source	fallback	low
鹹溼	u			no-source	fallback	low
但在	u			no-source	fallback	low
不上	u			no-source	fallback	low
找你	u			no-source	fallback	low
我很	u			no-source	fallback	low
1	x			numeral	heuristic	high
一擊	u			no-source	fallback	low
周白波	u			no-source	fallback	low
嘢好	u			no-source	fallback	low
四腳	u			no-source	fallback	low
好熟	u			no-source	fallback	low
左行	u			no-source	fallback	low
幹	n,v			cow-multi	cow	medium
幾分	u			no-source	fallback	low
條八婆	u			no-source	fallback	low
沉日	u			no-source	fallback	low
火火	u			no-source	fallback	low
玩下	u			no-source	fallback	low
直上	u			no-source	fallback	low
踏出	u			no-source	fallback	low
過呢	u			no-source	fallback	low
阿風	u			no-source	fallback	low
面上	u			no-source	fallback	low
是很	u			no-source	fallback	low
不高	u			no-source	fallback	low
站點	u			no-source	fallback	low
寫了	u			no-source	fallback	low
不做	u			no-source	fallback	low
操作系統	n			len4-noun-heuristic	heuristic	medium
我和	u			no-source	fallback	low
不信	u			no-source	fallback	low
我沒	u			no-source	fallback	low
跟他	u			no-source	fallback	low
是有	u			no-source	fallback	low
資料夾	u			no-source	fallback	low
我把	u			no-source	fallback	low
去吧	u			no-source	fallback	low
諾基亞	u			no-source	fallback	low
網通	u			no-source	fallback	low
一幅	u			no-source	fallback	low
二話	u			no-source	fallback	low
企返	u			no-source	fallback	low
十個	u			no-source	fallback	low
君	u			no-source	fallback	low
咗身	u			no-source	fallback	low
嚇死	u			no-source	fallback	low
好慢	u			no-source	fallback	low
慌張	u			no-source	fallback	low
我響	u			no-source	fallback	low
所料	u			no-source	fallback	low
汪震	u			no-source	fallback	low
玩得	u			no-source	fallback	low
私	u			no-source	fallback	low
蟲蟲	u			no-source	fallback	low
講架	u			no-source	fallback	low
那天	u			no-source	fallback	low
鍼對	u			no-source	fallback	low
更好的	u			no-source	fallback	low
招商	u			no-source	fallback	low
攝像頭	u			no-source	fallback	low
三是	u			no-source	fallback	low
擡起	u			no-source	fallback	low
跑到	u			no-source	fallback	low
有一天	u			no-source	fallback	low
玩玩	u			no-source	fallback	low
二樓	u			no-source	fallback	low
你仲有	u			no-source	fallback	low
再同	u			no-source	fallback	low
厚	u			no-source	fallback	low
咗句	u			no-source	fallback	low
地班	u			no-source	fallback	low
奴隸	n			cow-single	cow	medium
幾鐘	u			no-source	fallback	low
我出	u			no-source	fallback	low
會知	u			no-source	fallback	low
條裙	u			no-source	fallback	low
玩到	u			no-source	fallback	low
窄	u			no-source	fallback	low
興	u			no-source	fallback	low
藍嘉浩	u			no-source	fallback	low
行屍	u			no-source	fallback	low
追到	u			no-source	fallback	low
進化	n			cow-single	cow	medium
雍慧	u			no-source	fallback	low
雪兒	u			no-source	fallback	low
頌晴	u			no-source	fallback	low
麥皓臻	u			no-source	fallback	low
他就	u			no-source	fallback	low
很不錯	u			no-source	fallback	low
就把	u			no-source	fallback	low
把他	u			no-source	fallback	low
就去	u			no-source	fallback	low
我對	u			no-source	fallback	low
虛僞	u			no-source	fallback	low
般的	u			no-source	fallback	low
她說	u			no-source	fallback	low
前幾天	u			no-source	fallback	low
新建	u			no-source	fallback	low
一分	u			no-source	fallback	low
先同	u			no-source	fallback	low
再行	u			no-source	fallback	low
冬姐	u			no-source	fallback	low
姬樂	u			no-source	fallback	low
就過	u			no-source	fallback	low
布布	u			no-source	fallback	low
救返	u			no-source	fallback	low
敵	u			no-source	fallback	low
條腰	u			no-source	fallback	low
痛到	u			no-source	fallback	low
講多次	u			no-source	fallback	low
講就	u			no-source	fallback	low
貧大	u			no-source	fallback	low
食緊	u			no-source	fallback	low
可以通過	u			no-source	fallback	low
才知道	u			no-source	fallback	low
找我	u			no-source	fallback	low
去做	u			no-source	fallback	low
運營商	u			no-source	fallback	low
華爲	u			no-source	fallback	low
寬帶	u			no-source	fallback	low
很重要	u			no-source	fallback	low
長時間	u			no-source	fallback	low
信息化	u			no-source	fallback	low
該公司	u			no-source	fallback	low
北大	u			no-source	fallback	low
這是一個	u			no-source	fallback	low
一上	u			no-source	fallback	low
一家	u			no-source	fallback	low
一秒	u			no-source	fallback	low
一返	u			no-source	fallback	low
依條	u			no-source	fallback	low
兩聲	u			no-source	fallback	low
咗望	u			no-source	fallback	low
好怕	u			no-source	fallback	low
子言	u			no-source	fallback	low
小平平	u			no-source	fallback	low
幾個鐘	u			no-source	fallback	low
思見	u			no-source	fallback	low
想同	u			no-source	fallback	low
成點	u			no-source	fallback	low
有次	u			no-source	fallback	low
望望	u			no-source	fallback	low
比利	u			no-source	fallback	low
激烈	n,v			cow-multi	cow	medium
無見	u			no-source	fallback	low
盆盆	u			no-source	fallback	low
盈	u			no-source	fallback	low
着衫	u			no-source	fallback	low
行出	u			no-source	fallback	low
訓到	u			no-source	fallback	low
都講	u			no-source	fallback	low
鞋鞋	u			no-source	fallback	low
鹼液	u			no-source	fallback	low
擡高	u			no-source	fallback	low
用戶名	u			no-source	fallback	low
而不	u			no-source	fallback	low
想去	u			no-source	fallback	low
這個人	u			no-source	fallback	low
個股	u			no-source	fallback	low
在哪	u			no-source	fallback	low
解決方案	u			no-source	fallback	low
要在	u			no-source	fallback	low
一刀	u			no-source	fallback	low
一棵	u			no-source	fallback	low
也許	u			no-source	fallback	low
二來	u			no-source	fallback	low
你明	u			no-source	fallback	low
做個	u			no-source	fallback	low
劉啓	u			no-source	fallback	low
咗車	u			no-source	fallback	low
地入	u			no-source	fallback	low
好凍	u			no-source	fallback	low
嫩	u			no-source	fallback	low
將手	u			no-source	fallback	low
小夫	u			no-source	fallback	low
小貞笑	u			no-source	fallback	low
少人	u			no-source	fallback	low
就行	u			no-source	fallback	low
就點	u			no-source	fallback	low
床度	u			no-source	fallback	low
成班人	u			no-source	fallback	low
未見	u			no-source	fallback	low
無人會	u			no-source	fallback	low
熟練	n,v			cow-multi	cow	medium
蘭卡	u			no-source	fallback	low
衝去	u			no-source	fallback	low
走出	u			no-source	fallback	low
返香港	u			no-source	fallback	low
關你	u			no-source	fallback	low
阿浩	u			no-source	fallback	low
阿軒	u			no-source	fallback	low
上有	u			no-source	fallback	low
但他	u			no-source	fallback	low
而在	u			no-source	fallback	low
轉爲	u			no-source	fallback	low
會被	u			no-source	fallback	low
大的	u			no-source	fallback	low
要想	u			no-source	fallback	low
很小	u			no-source	fallback	low
語言文明	u			no-source	fallback	low
就沒	u			no-source	fallback	low
我省	u			no-source	fallback	low
人民政府	n			len4-noun-heuristic	heuristic	medium
也將	u			no-source	fallback	low
他也	u			no-source	fallback	low
一大	u			no-source	fallback	low
一群	u			no-source	fallback	low
下先	u			no-source	fallback	low
二人	u			no-source	fallback	low
份工	u			no-source	fallback	low
來講	u			no-source	fallback	low
先去	u			no-source	fallback	low
兩名	u			no-source	fallback	low
凸	u			no-source	fallback	low
咗一	u			no-source	fallback	low
執返	u			no-source	fallback	low
完野	u			no-source	fallback	low
小穴	u			no-source	fallback	low
尖沙	u			no-source	fallback	low
幾張	u			no-source	fallback	low
幾條	u			no-source	fallback	low
感激	v			cow-single	cow	medium
打緊	u			no-source	fallback	low
最憎	u			no-source	fallback	low
未試過	u			no-source	fallback	low
條街	u			no-source	fallback	low
獎	n			cow-single	cow	medium
細細	u			no-source	fallback	low
細貓	u			no-source	fallback	low
罪	n			cow-single	cow	medium
臨走	u			no-source	fallback	low
落床	u			no-source	fallback	low
誠意	u			no-source	fallback	low
諾黑	u			no-source	fallback	low
講住	v			verb-suffix	heuristic	medium
過個	u			no-source	fallback	low
過到	u			no-source	fallback	low
郭富城	u			no-source	fallback	low
你家	u			no-source	fallback	low
要看	u			no-source	fallback	low
說得	u			no-source	fallback	low
爲你	u			no-source	fallback	low
並在	u			no-source	fallback	low
沒得	u			no-source	fallback	low
又不是	u			no-source	fallback	low
也行	u			no-source	fallback	low
不看	u			no-source	fallback	low
有些人	u			no-source	fallback	low
很不	u			no-source	fallback	low
深圳市	u			no-source	fallback	low
澳大利亞	u			no-source	fallback	low
躺在	u			no-source	fallback	low
那張	u			no-source	fallback	low
真的很	u			no-source	fallback	low
都被	u			no-source	fallback	low
一枝	u			no-source	fallback	low
一衆	u			no-source	fallback	low
個邊	u			no-source	fallback	low
口中	u			no-source	fallback	low
坐響	u			no-source	fallback	low
大屋	u			no-source	fallback	low
奸	u			no-source	fallback	low
好爽	u			no-source	fallback	low
娶	v			cow-single	cow	medium
思話	u			no-source	fallback	low
想將	u			no-source	fallback	low
拳鼠	u			no-source	fallback	low
有間	u			no-source	fallback	low
李老師	u			no-source	fallback	low
爲免	u			no-source	fallback	low
率先	v			cow-single	cow	medium
畫個	u			no-source	fallback	low
發緊	u			no-source	fallback	low
知個	u			no-source	fallback	low
考完	v			verb-suffix	heuristic	medium
而嗰	u			no-source	fallback	low
褲仔	u			no-source	fallback	low
要用	u			no-source	fallback	low
講畀	u			no-source	fallback	low
跌跌	u			no-source	fallback	low
返落	u			no-source	fallback	low
鼻鼻	u			no-source	fallback	low
央視	u			no-source	fallback	low
再發	u			no-source	fallback	low
的臉	u			no-source	fallback	low
覺得自己	u			no-source	fallback	low
也可	u			no-source	fallback	low
聽聽	u			no-source	fallback	low
再去	u			no-source	fallback	low
幾個月	u			no-source	fallback	low
很簡單	u			no-source	fallback	low
這項	u			no-source	fallback	low
還將	u			no-source	fallback	low
每週	u			no-source	fallback	low
找找	u			no-source	fallback	low
人在	u			no-source	fallback	low
喫完	v			verb-suffix	heuristic	medium
從來沒有	u			no-source	fallback	low
搞得	u			no-source	fallback	low
溫州	u			no-source	fallback	low
較多	u			no-source	fallback	low
本公司	u			no-source	fallback	low
什麼意思	u			no-source	fallback	low
美國人	u			no-source	fallback	low
公交	u			no-source	fallback	low
七重	u			no-source	fallback	low
你過	u			no-source	fallback	low
傳入	u			no-source	fallback	low
地食	u			no-source	fallback	low
密	u			no-source	fallback	low
寶兒	u			no-source	fallback	low
將呢	u			no-source	fallback	low
張子政	u			no-source	fallback	low
愛莉	u			no-source	fallback	low
我夠	u			no-source	fallback	low
我想講	u			no-source	fallback	low
我開	v			verb-suffix	heuristic	medium
無耐	u			no-source	fallback	low
石鎮	u			no-source	fallback	low
行前	u			no-source	fallback	low
衛文星	u			no-source	fallback	low
襪襪	u			no-source	fallback	low
要同	u			no-source	fallback	low
講一句	u			no-source	fallback	low
警	n			cow-single	cow	medium
趕住	v			verb-suffix	heuristic	medium
追住	v			verb-suffix	heuristic	medium
遺傳	n,v			cow-multi	cow	medium
開到	u			no-source	fallback	low
點同	u			no-source	fallback	low
做完	v			verb-suffix	heuristic	medium
可用	u			no-source	fallback	low
身後	u			no-source	fallback	low
這件事	u			no-source	fallback	low
聊聊	u			no-source	fallback	low
無錫	u			no-source	fallback	low
實時	n			cow-single	cow	medium
這事	u			no-source	fallback	low
新華網	u			no-source	fallback	low
說到	u			no-source	fallback	low
這種情況	n			len4-noun-heuristic	heuristic	medium
作了	u			no-source	fallback	low
截圖	u			no-source	fallback	low
就被	u			no-source	fallback	low
可以看到	u			no-source	fallback	low
去找	u			no-source	fallback	low
一座	u			no-source	fallback	low
一班人	u			no-source	fallback	low
丁仔	u			no-source	fallback	low
上床	u			no-source	fallback	low
仔都	u			no-source	fallback	low
個韻	u			no-source	fallback	low
偉大	u			no-source	fallback	low
偷睇	u			no-source	fallback	low
先返	u			no-source	fallback	low
全級	u			no-source	fallback	low
兩間	u			no-source	fallback	low
咇	u			no-source	fallback	low
咗先	u			no-source	fallback	low
喼	u			no-source	fallback	low
嘅衫	u			no-source	fallback	low
嘅長	u			no-source	fallback	low
埋單	u			no-source	fallback	low
大男人	u			no-source	fallback	low
大細	u			no-source	fallback	low
太耐	u			no-source	fallback	low
好型	u			no-source	fallback	low
妖塔	u			no-source	fallback	low
子健	u			no-source	fallback	low
容講	u			no-source	fallback	low
對望	u			no-source	fallback	low
小輪	n			cow-single	cow	medium
張有	u			no-source	fallback	low
指指	u			no-source	fallback	low
挨住	v			verb-suffix	heuristic	medium
方太	u			no-source	fallback	low
最令	u			no-source	fallback	low
最怕	u			no-source	fallback	low
杏	n			cow-single	cow	medium
條仆街	u			no-source	fallback	low
火炎	u			no-source	fallback	low
發癲	u			no-source	fallback	low
藏	v			cow-single	cow	medium
行番	u			no-source	fallback	low
褸	u			no-source	fallback	low
訊號	u			no-source	fallback	low
講吓	u			no-source	fallback	low
身穿	u			no-source	fallback	low
遠方	u			no-source	fallback	low
還要	u			no-source	fallback	low
開個	u			no-source	fallback	low
阿欣	u			no-source	fallback	low
阿細	u			no-source	fallback	low
黎生	u			no-source	fallback	low
黑牛	n			cow-single	cow	medium
市政府	u			no-source	fallback	low
拿來	u			no-source	fallback	low
所有人	n			cow-single	cow	medium
暈死	u			no-source	fallback	low
主管部門	n			len4-noun-heuristic	heuristic	medium
漲幅	u			no-source	fallback	low
能在	u			no-source	fallback	low
很可能	u			no-source	fallback	low
幾個人	u			no-source	fallback	low
等人	u			no-source	fallback	low
呵呵呵	u			no-source	fallback	low
的手	u			no-source	fallback	low
較低	u			no-source	fallback	low
出處	u			no-source	fallback	low
十七大	u			no-source	fallback	low
來着	u			no-source	fallback	low
都不知道	u			no-source	fallback	low
爲難	u			no-source	fallback	low
的第	u			no-source	fallback	low
雅虎	u			no-source	fallback	low
祇	u			no-source	fallback	low
比你	u			no-source	fallback	low
這些人	u			no-source	fallback	low
點此	u			no-source	fallback	low
一團	u			no-source	fallback	low
一邊講	u			no-source	fallback	low
一閃	u			no-source	fallback	low
七月	n			cow-single	cow	medium
仲同	u			no-source	fallback	low
但當	u			no-source	fallback	low
傑仔	u			no-source	fallback	low
先喇	u			no-source	fallback	low
兩張	u			no-source	fallback	low
兩步	u			no-source	fallback	low
冷冷	u			no-source	fallback	low
剩低	u			no-source	fallback	low
動漫	u			no-source	fallback	low
叉燒	u			no-source	fallback	low
君君	u			no-source	fallback	low
咗嗰	u			no-source	fallback	low
咗學	u			no-source	fallback	low
咗聲	u			no-source	fallback	low
嗰兩個	u			no-source	fallback	low
嘈醒	u			no-source	fallback	low
地同	u			no-source	fallback	low
地見	u			no-source	fallback	low
外母	u			no-source	fallback	low
好差	u			no-source	fallback	low
小惠	u			no-source	fallback	low
小貞見	u			no-source	fallback	low
屋邨	u			no-source	fallback	low
差人	u			no-source	fallback	low
差館	u			no-source	fallback	low
志文	u			no-source	fallback	low
思好	u			no-source	fallback	low
感謝	n,v			cow-multi	cow	medium
我讀	u			no-source	fallback	low
打得	u			no-source	fallback	low
拍緊	u			no-source	fallback	low
提過	u			no-source	fallback	low
文文	u			no-source	fallback	low
星爺	u			no-source	fallback	low
暗戀	u			no-source	fallback	low
暗瘡	u			no-source	fallback	low
最快	u			no-source	fallback	low
未見過	u			no-source	fallback	low
洗問	u			no-source	fallback	low
滿頭	u			no-source	fallback	low
澧林	u			no-source	fallback	low
生前	u			no-source	fallback	low
病病	u			no-source	fallback	low
石洞	u			no-source	fallback	low
秦天朗	u			no-source	fallback	low
純熟	u			no-source	fallback	low
老侯	u			no-source	fallback	low
荳	u			no-source	fallback	low
街邊	u			no-source	fallback	low
覺覺	u			no-source	fallback	low
講嘅嘢	u			no-source	fallback	low
輪到	u			no-source	fallback	low
轅	u			no-source	fallback	low
送信	u			no-source	fallback	low
連個	u			no-source	fallback	low
過好	u			no-source	fallback	low
邏輯	n			cow-single	cow	medium
金仔	u			no-source	fallback	low
關我	u			no-source	fallback	low
阿敏	u			no-source	fallback	low
阿頭	u			no-source	fallback	low
食下	u			no-source	fallback	low
食個	u			no-source	fallback	low
食飽	u			no-source	fallback	low
餐室	u			no-source	fallback	low
遵紀守法	u			no-source	fallback	low
小小的	u			no-source	fallback	low
了一	u			no-source	fallback	low
和她	u			no-source	fallback	low
調控	u			no-source	fallback	low
兩個月	u			no-source	fallback	low
是他	u			no-source	fallback	low
不是很	u			no-source	fallback	low
標識	u			no-source	fallback	low
她是	u			no-source	fallback	low
像是	u			no-source	fallback	low
廣州市	u			no-source	fallback	low
這塊	u			no-source	fallback	low
請輸入	u			no-source	fallback	low
字段	u			no-source	fallback	low
交流平臺	u			no-source	fallback	low
小白	u			no-source	fallback	low
賽季	u			no-source	fallback	low
買房	u			no-source	fallback	low
○	u			no-source	fallback	low
一觸	u			no-source	fallback	low
下點	u			no-source	fallback	low
中大	u			no-source	fallback	low
但個	u			no-source	fallback	low
傻㗎	u			no-source	fallback	low
兄	u			no-source	fallback	low
先話	u			no-source	fallback	low
刀刀	u			no-source	fallback	low
占士	u			no-source	fallback	low
同小熙	u			no-source	fallback	low
名校	u			no-source	fallback	low
咗架	u			no-source	fallback	low
哈哈哈哈哈	u			no-source	fallback	low
嚟睇	u			no-source	fallback	low
四年	u			no-source	fallback	low
外星	u			no-source	fallback	low
好想	u			no-source	fallback	low
好重	u			no-source	fallback	low
姚津莉	u			no-source	fallback	low
德華	u			no-source	fallback	low
忍依	u			no-source	fallback	low
我放	u			no-source	fallback	low
搵食	u			no-source	fallback	low
暪	u			no-source	fallback	low
李曼婷	u			no-source	fallback	low
校花	u			no-source	fallback	low
歌仔	u			no-source	fallback	low
池目	u			no-source	fallback	low
波子	u			no-source	fallback	low
洗碗	u			no-source	fallback	low
無錢	u			no-source	fallback	low
申月兒	u			no-source	fallback	low
百佳	u			no-source	fallback	low
筆筆	u			no-source	fallback	low
老死	u			no-source	fallback	low
腰間	u			no-source	fallback	low
自語	u			no-source	fallback	low
葉信	u			no-source	fallback	low
衝過	u			no-source	fallback	low
許崇德	u			no-source	fallback	low
讀緊	u			no-source	fallback	low
轅皓	u			no-source	fallback	low
連身	u			no-source	fallback	low
銀仙	u			no-source	fallback	low
阿偉	u			no-source	fallback	low
阿妍	u			no-source	fallback	low
阿妤	u			no-source	fallback	low
雞巴	u			no-source	fallback	low
高登	u			no-source	fallback	low
鬼妹	u			no-source	fallback	low
魔物	u			no-source	fallback	low
這個時候	u			no-source	fallback	low
三個月	u			no-source	fallback	low
我真	u			no-source	fallback	low
我愛	u			no-source	fallback	low
能讓	u			no-source	fallback	low
工行	u			no-source	fallback	low
上圖	u			no-source	fallback	low
請用	u			no-source	fallback	low
騰訊	u			no-source	fallback	low
用的	u			no-source	fallback	low
爲例	u			no-source	fallback	low
這樣做	u			no-source	fallback	low
機型	u			no-source	fallback	low
看我	u			no-source	fallback	low
什麼呢	u			no-source	fallback	low
應用程序	u			no-source	fallback	low
剛開始	u			no-source	fallback	low
在他	u			no-source	fallback	low
盯着	u			no-source	fallback	low
們的	u			no-source	fallback	low
就是這樣	u			no-source	fallback	low
才行	u			no-source	fallback	low
有一	u			no-source	fallback	low
就象	u			no-source	fallback	low
權證	u			no-source	fallback	low
控件	u			no-source	fallback	low
狗狗	u			no-source	fallback	low
喫過	u			no-source	fallback	low
不喫	u			no-source	fallback	low
一停	u			no-source	fallback	low
一副	u			no-source	fallback	low
乒乓波	u			no-source	fallback	low
乜春	u			no-source	fallback	low
估錯	u			no-source	fallback	low
你會	u			no-source	fallback	low
個口	u			no-source	fallback	low
做返	u			no-source	fallback	low
傾偈	u			no-source	fallback	low
兩件	u			no-source	fallback	low
冷震	u			no-source	fallback	low
化身	v			cow-single	cow	medium
十幾	u			no-source	fallback	low
又問	u			no-source	fallback	low
同嗰	u			no-source	fallback	low
同過	u			no-source	fallback	low
咸溼	u			no-source	fallback	low
嘅聲	u			no-source	fallback	low
嚇得	u			no-source	fallback	low
坐底	u			no-source	fallback	low
執好	u			no-source	fallback	low
契弟	u			no-source	fallback	low
好近	u			no-source	fallback	low
好鐘	u			no-source	fallback	low
好香	u			no-source	fallback	low
子怡	u			no-source	fallback	low
子情	u			no-source	fallback	low
左小貞	u			no-source	fallback	low
幾正	u			no-source	fallback	low
幾難	u			no-source	fallback	low
彈開	v			verb-suffix	heuristic	medium
後日	u			no-source	fallback	low
戇居	u			no-source	fallback	low
我口	u			no-source	fallback	low
我當	u			no-source	fallback	low
我試	u			no-source	fallback	low
我認	u			no-source	fallback	low
擺出	u			no-source	fallback	low
有小小	u			no-source	fallback	low
有日	u			no-source	fallback	low
格格聲	u			no-source	fallback	low
條屍	u			no-source	fallback	low
民	n			cow-single	cow	medium
洗講	u			no-source	fallback	low
洗面	u			no-source	fallback	low
深一層	u			no-source	fallback	low
無計	u			no-source	fallback	low
犯賤	u			no-source	fallback	low
石屎	u			no-source	fallback	low
紫澄	u			no-source	fallback	low
而個	u			no-source	fallback	low
舉手	u			no-source	fallback	low
芷	n			cow-single	cow	medium
莫名	u			no-source	fallback	low
行吓	u			no-source	fallback	low
那種	u			no-source	fallback	low
郁手	u			no-source	fallback	low
野比	u			no-source	fallback	low
間屋	u			no-source	fallback	low
順住	v			verb-suffix	heuristic	medium
風險	n			cow-single	cow	medium
食屎	u			no-source	fallback	low
也算	u			no-source	fallback	low
更大的	u			no-source	fallback	low
就得	u			no-source	fallback	low
瘋了	u			no-source	fallback	low
哪位	u			no-source	fallback	low
有無	u			no-source	fallback	low
是我的	u			no-source	fallback	low
那次	u			no-source	fallback	low
季度	n			cow-single	cow	medium
自以爲	u			no-source	fallback	low
才發現	u			no-source	fallback	low
搜索引擎	u			no-source	fallback	low
但也	u			no-source	fallback	low
嘴裏	u			no-source	fallback	low
路由	u			no-source	fallback	low
多家	u			no-source	fallback	low
我給你	u			no-source	fallback	low
發帖	u			no-source	fallback	low
非常好	u			no-source	fallback	low
已被	u			no-source	fallback	low
這是我	u			no-source	fallback	low
面板	u			no-source	fallback	low
會讓	u			no-source	fallback	low
對她	u			no-source	fallback	low
購	v			cow-single	cow	medium
有一次	u			no-source	fallback	low
任何人	u			no-source	fallback	low
兩隻	u			no-source	fallback	low
只需	u			no-source	fallback	low
播放器	u			no-source	fallback	low
一問	u			no-source	fallback	low
一有	u			no-source	fallback	low
仲用	u			no-source	fallback	low
依一個	u			no-source	fallback	low
侮辱	n,v			cow-multi	cow	medium
傾下計	u			no-source	fallback	low
傾得	u			no-source	fallback	low
兩種	u			no-source	fallback	low
出返	u			no-source	fallback	low
十一點	u			no-source	fallback	low
可疑	u			no-source	fallback	low
合埋眼	u			no-source	fallback	low
同嘉浩	u			no-source	fallback	low
咗間	u			no-source	fallback	low
啞仔	u			no-source	fallback	low
嘴邊	u			no-source	fallback	low
嚟緊	u			no-source	fallback	low
四眼	u			no-source	fallback	low
回過	u			no-source	fallback	low
大波	u			no-source	fallback	low
太遠	u			no-source	fallback	low
好天	u			no-source	fallback	low
媾	u			no-source	fallback	low
實一實	u			no-source	fallback	low
導遊	u			no-source	fallback	low
小提琴	u			no-source	fallback	low
左腳	u			no-source	fallback	low
帶着	u			no-source	fallback	low
廢青	u			no-source	fallback	low
愛一	u			no-source	fallback	low
我整	u			no-source	fallback	low
我衝	u			no-source	fallback	low
手中	u			no-source	fallback	low
收返	u			no-source	fallback	low
最衰	u			no-source	fallback	low
會問	u			no-source	fallback	low
會用	u			no-source	fallback	low
未試	u			no-source	fallback	low
杰仔	u			no-source	fallback	low
港女	u			no-source	fallback	low
無同	u			no-source	fallback	low
煙通	u			no-source	fallback	low
爛仔	u			no-source	fallback	low
爛口	u			no-source	fallback	low
玉興	u			no-source	fallback	low
玩嘢	u			no-source	fallback	low
玩過	u			no-source	fallback	low
示弱	u			no-source	fallback	low
組爸	u			no-source	fallback	low
翻工	u			no-source	fallback	low
肚腩	u			no-source	fallback	low
自拍	u			no-source	fallback	low
落雨	u			no-source	fallback	low
講出嚟	u			no-source	fallback	low
講番	u			no-source	fallback	low
質	u			no-source	fallback	low
遇過	u			no-source	fallback	low
金弦	u			no-source	fallback	low
閃過	v			cow-single	cow	medium
阿良	u			no-source	fallback	low
食花生	u			no-source	fallback	low
餵貓	u			no-source	fallback	low
骷	u			no-source	fallback	low
體質	n			cow-single	cow	medium
麥當	u			no-source	fallback	low
回帖	u			no-source	fallback	low
索尼	u			no-source	fallback	low
笑了	u			no-source	fallback	low
進球	u			no-source	fallback	low
些什麼	u			no-source	fallback	low
電子商務	u			no-source	fallback	low
發表言論	u			no-source	fallback	low
啥時候	u			no-source	fallback	low
有幾個	u			no-source	fallback	low
的歌	u			no-source	fallback	low
而又	u			no-source	fallback	low
頂頂頂頂	u			no-source	fallback	low
抓好	u			no-source	fallback	low
那個人	u			no-source	fallback	low
省級	u			no-source	fallback	low
打不開	u			no-source	fallback	low
想你	u			no-source	fallback	low
表現出	u			no-source	fallback	low
爲您	u			no-source	fallback	low
舉報電話	n			len4-noun-heuristic	heuristic	medium
像素	u			no-source	fallback	low
不會吧	u			no-source	fallback	low
長的	u			no-source	fallback	low
有兩個	u			no-source	fallback	low
每個月	u			no-source	fallback	low
每個人都	u			no-source	fallback	low
很忙	u			no-source	fallback	low
網易	u			no-source	fallback	low
卻又	u			no-source	fallback	low
邊上	u			no-source	fallback	low
金山	u			no-source	fallback	low
字符	u			no-source	fallback	low
跑了	u			no-source	fallback	low
網卡	u			no-source	fallback	low
性價比	u			no-source	fallback	low
充值	u			no-source	fallback	low
要說	u			no-source	fallback	low
這話	u			no-source	fallback	low
一女	u			no-source	fallback	low
一組	u			no-source	fallback	low
一開門	u			no-source	fallback	low
三人	u			no-source	fallback	low
三色妹	u			no-source	fallback	low
不下	u			no-source	fallback	low
乘	v			cow-single	cow	medium
依一句	u			no-source	fallback	low
修羅閻君	u			no-source	fallback	low
個身	u			no-source	fallback	low
光球	u			no-source	fallback	low
凹	u			no-source	fallback	low
出院	u			no-source	fallback	low
剷	u			no-source	fallback	low
化成	u			no-source	fallback	low
十幾年	u			no-source	fallback	low
即管	u			no-source	fallback	low
去問	u			no-source	fallback	low
咗要	u			no-source	fallback	low
咪講	u			no-source	fallback	low
問人	u			no-source	fallback	low
夾硬	u			no-source	fallback	low
好細	u			no-source	fallback	low
嬋	u			no-source	fallback	low
小貞點	u			no-source	fallback	low
巴閉	u			no-source	fallback	low
後腦	u			no-source	fallback	low
得戚	u			no-source	fallback	low
我二話	u			no-source	fallback	low
我深	u			no-source	fallback	low
手信	u			no-source	fallback	low
掩住	v			verb-suffix	heuristic	medium
會掛	u			no-source	fallback	low
有位	u			no-source	fallback	low
果果	u			no-source	fallback	low
條片	u			no-source	fallback	low
焗爐	u			no-source	fallback	low
照計	u			no-source	fallback	low
王伯	u			no-source	fallback	low
生得	u			no-source	fallback	low
留班	u			no-source	fallback	low
睡房	u			no-source	fallback	low
睥	u			no-source	fallback	low
程小芳	u			no-source	fallback	low
細胞	n			cow-single	cow	medium
綺雯	u			no-source	fallback	low
緊個	u			no-source	fallback	low
背負	u			no-source	fallback	low
見工	u			no-source	fallback	low
訓啦	u			no-source	fallback	low
設定	u			no-source	fallback	low
說過	u			no-source	fallback	low
豬頭	u			no-source	fallback	low
返返	u			no-source	fallback	low
這就	u			no-source	fallback	low
連埋	u			no-source	fallback	low
醒起	u			no-source	fallback	low
雙唇	u			no-source	fallback	low
響個	u			no-source	fallback	low
頭箍	u			no-source	fallback	low
飛刀	u			no-source	fallback	low
食住	v			verb-suffix	heuristic	medium
高瘦	u			no-source	fallback	low
點先	u			no-source	fallback	low
誰能	u			no-source	fallback	low
在那	u			no-source	fallback	low
我不想	u			no-source	fallback	low
請大家	u			no-source	fallback	low
中國隊	u			no-source	fallback	low
分辨率	u			no-source	fallback	low
請等待	u			no-source	fallback	low
美軍	u			no-source	fallback	low
也得	u			no-source	fallback	low
券商	u			no-source	fallback	low
的書	u			no-source	fallback	low
關鍵詞	u			no-source	fallback	low
擡起頭	u			no-source	fallback	low
帶寬	u			no-source	fallback	low
誰知道	u			no-source	fallback	low
但卻	u			no-source	fallback	low
我愛你	u			no-source	fallback	low
華碩	u			no-source	fallback	low
使其	u			no-source	fallback	low
知道自己	u			no-source	fallback	low
右鍵	u			no-source	fallback	low
可以說是	u			no-source	fallback	low
更重要	u			no-source	fallback	low
的愛	u			no-source	fallback	low
人民群衆	u			no-source	fallback	low
妳好	u			no-source	fallback	low
說起	u			no-source	fallback	low
誰都	u			no-source	fallback	low
不急	u			no-source	fallback	low
許多人	u			no-source	fallback	low
下的	u			no-source	fallback	low
他對	u			no-source	fallback	low
能有	u			no-source	fallback	low
罵人	u			no-source	fallback	low
陪你	u			no-source	fallback	low
掉線	u			no-source	fallback	low
一百蚊	u			no-source	fallback	low
一餐	u			no-source	fallback	low
人形	u			no-source	fallback	low
企鵝	n			cow-single	cow	medium
使出	u			no-source	fallback	low
做錯	v			cow-single	cow	medium
偷笑	u			no-source	fallback	low
先好	u			no-source	fallback	low
兩三個	u			no-source	fallback	low
其來	u			no-source	fallback	low
再過	u			no-source	fallback	low
凶	u			no-source	fallback	low
十九哥	u			no-source	fallback	low
十仔	u			no-source	fallback	low
右手邊	u			no-source	fallback	low
同三葉	u			no-source	fallback	low
問到	u			no-source	fallback	low
嘴嘴	u			no-source	fallback	low
嚟接	u			no-source	fallback	low
嚟過	u			no-source	fallback	low
大喊	u			no-source	fallback	low
太快	u			no-source	fallback	low
好乖	u			no-source	fallback	low
好遠	u			no-source	fallback	low
孫	u			no-source	fallback	low
寫低	u			no-source	fallback	low
幫下	u			no-source	fallback	low
床床	u			no-source	fallback	low
張雅詩	u			no-source	fallback	low
強忍	v			cow-single	cow	medium
心動	u			no-source	fallback	low
快過	u			no-source	fallback	low
我合	u			no-source	fallback	low
我落	u			no-source	fallback	low
打贏	u			no-source	fallback	low
打返	u			no-source	fallback	low
招式	u			no-source	fallback	low
搞事	u			no-source	fallback	low
收錢	u			no-source	fallback	low
本妹	u			no-source	fallback	low
校工	u			no-source	fallback	low
樣樣	u			no-source	fallback	low
比卡超	u			no-source	fallback	low
河馬	n			cow-single	cow	medium
法院	n			cow-single	cow	medium
珍珍	u			no-source	fallback	low
第三個	u			no-source	fallback	low
緊嘢	u			no-source	fallback	low
翻嚟	u			no-source	fallback	low
考得	u			no-source	fallback	low
落個	u			no-source	fallback	low
註	u			no-source	fallback	low
講嗰	u			no-source	fallback	low
警局	u			no-source	fallback	low
趕時間	u			no-source	fallback	low
還未	u			no-source	fallback	low
鐘鐘	u			no-source	fallback	low
阿澤	u			no-source	fallback	low
阿石	u			no-source	fallback	low
陳俊賢	u			no-source	fallback	low
雛子	u			no-source	fallback	low
飲杯	u			no-source	fallback	low
接入	u			no-source	fallback	low
笑着	u			no-source	fallback	low
我才	u			no-source	fallback	low
說着	u			no-source	fallback	low
場比賽	u			no-source	fallback	low
都不是	u			no-source	fallback	low
問他	u			no-source	fallback	low
但由於	u			no-source	fallback	low
對啊	u			no-source	fallback	low
我只	u			no-source	fallback	low
第一天	u			no-source	fallback	low
練級	u			no-source	fallback	low
重裝	u			no-source	fallback	low
應聘	u			no-source	fallback	low
最多的	u			no-source	fallback	low
想起來	u			no-source	fallback	low
得不到	u			no-source	fallback	low
但這	u			no-source	fallback	low
嗯嗯	u			no-source	fallback	low
弄得	u			no-source	fallback	low
我這	u			no-source	fallback	low
發貼	u			no-source	fallback	low
忙着	u			no-source	fallback	low
把她	u			no-source	fallback	low
找人	u			no-source	fallback	low
均爲	u			no-source	fallback	low
篇文章	u			no-source	fallback	low
是用	u			no-source	fallback	low
江蘇省	u			no-source	fallback	low
本月	u			no-source	fallback	low
等地	u			no-source	fallback	low
有啥	u			no-source	fallback	low
光驅	u			no-source	fallback	low
浙江省	u			no-source	fallback	low
也被	u			no-source	fallback	low
是真的	u			no-source	fallback	low
又不	u			no-source	fallback	low
將成爲	u			no-source	fallback	low
你說的	u			no-source	fallback	low
招行	u			no-source	fallback	low
變形金剛	u			no-source	fallback	low
中關村	u			no-source	fallback	low
會爲	u			no-source	fallback	low
甲方	u			no-source	fallback	low
機箱	u			no-source	fallback	low
說完	v			verb-suffix	heuristic	medium
這麼大	u			no-source	fallback	low
一幕	u			no-source	fallback	low
一百	x			numeral	heuristic	high
一點點	n			cow-single	cow	medium
互聯網	n			cow-single	cow	medium
亞視	u			no-source	fallback	low
仙	u			no-source	fallback	low
伯雷	u			no-source	fallback	low
係路	u			no-source	fallback	low
個袋	u			no-source	fallback	low
傾到	u			no-source	fallback	low
兩層	u			no-source	fallback	low
北行	u			no-source	fallback	low
右手面	u			no-source	fallback	low
同條	u			no-source	fallback	low
同瑜	u			no-source	fallback	low
呢點	u			no-source	fallback	low
啊婷	u			no-source	fallback	low
問吓	u			no-source	fallback	low
喱士	u			no-source	fallback	low
嘅時	u			no-source	fallback	low
嘅路	u			no-source	fallback	low
嘢先	u			no-source	fallback	low
噴出	u			no-source	fallback	low
地四個	u			no-source	fallback	low
多到	u			no-source	fallback	low
射精	n			cow-single	cow	medium
對腳	u			no-source	fallback	low
小圖	u			no-source	fallback	low
尷	u			no-source	fallback	low
師妹	u			no-source	fallback	low
幾位	u			no-source	fallback	low
底衫	u			no-source	fallback	low
影完	v			verb-suffix	heuristic	medium
得㗎	u			no-source	fallback	low
我收	u			no-source	fallback	low
我會同	u			no-source	fallback	low
手尾	u			no-source	fallback	low
打邊爐	u			no-source	fallback	low
抱起	u			no-source	fallback	low
擦字膠	u			no-source	fallback	low
有人話	u			no-source	fallback	low
朦面	u			no-source	fallback	low
李穎熙	u			no-source	fallback	low
林文龍	u			no-source	fallback	low
林生	u			no-source	fallback	low
橫掂	u			no-source	fallback	low
看不懂	u			no-source	fallback	low
睇小	u			no-source	fallback	low
知錯	u			no-source	fallback	low
紅晒	u			no-source	fallback	low
紙皮	u			no-source	fallback	low
細膽	u			no-source	fallback	low
續道	u			no-source	fallback	low
自尊	n			cow-single	cow	medium
自閉	u			no-source	fallback	low
艾良生	u			no-source	fallback	low
衝出	u			no-source	fallback	low
豉油	u			no-source	fallback	low
邨	u			no-source	fallback	low
開房	u			no-source	fallback	low
阿平	u			no-source	fallback	low
響到	u			no-source	fallback	low
髏	u			no-source	fallback	low
鹹	n			cow-single	cow	medium
人呢	u			no-source	fallback	low
年後	u			no-source	fallback	low
很高興	u			no-source	fallback	low
煤礦	n			cow-single	cow	medium
比較多	u			no-source	fallback	low
也都	u			no-source	fallback	low
網速	u			no-source	fallback	low
走在	u			no-source	fallback	low
卻沒有	u			no-source	fallback	low
後再	u			no-source	fallback	low
只需要	u			no-source	fallback	low
拿出來	u			no-source	fallback	low
解決問題	n			len4-noun-heuristic	heuristic	medium
建行	u			no-source	fallback	low
我不會	u			no-source	fallback	low
這周	u			no-source	fallback	low
阿里巴巴	u			no-source	fallback	low
店裏	u			no-source	fallback	low
要比	u			no-source	fallback	low
好東西	u			no-source	fallback	low
我的心	u			no-source	fallback	low
比較大	u			no-source	fallback	low
較好	u			no-source	fallback	low
會使	u			no-source	fallback	low
貼子	u			no-source	fallback	low
充分發揮	u			no-source	fallback	low
本網站	u			no-source	fallback	low
間的	u			no-source	fallback	low
上看	u			no-source	fallback	low
什麼東西	u			no-source	fallback	low
這個世界	u			no-source	fallback	low
有很大	u			no-source	fallback	low
穩定性	u			no-source	fallback	low
妳有	u			no-source	fallback	low
中國特色	u			no-source	fallback	low
模特	u			no-source	fallback	low
評測	u			no-source	fallback	low
不買	u			no-source	fallback	low
坐着	u			no-source	fallback	low
加息	u			no-source	fallback	low
打折	u			no-source	fallback	low
的路	u			no-source	fallback	low
萬科	u			no-source	fallback	low
一杯	u			no-source	fallback	low
三次	u			no-source	fallback	low
上台	u			no-source	fallback	low
不受	u			no-source	fallback	low
之時	u			no-source	fallback	low
互望	u			no-source	fallback	low
仔講	u			no-source	fallback	low
企咗響	u			no-source	fallback	low
估下	u			no-source	fallback	low
你仲記	u			no-source	fallback	low
你連	u			no-source	fallback	low
依邊	u			no-source	fallback	low
個度	u			no-source	fallback	low
偷望	u			no-source	fallback	low
傳到	u			no-source	fallback	low
先醒	u			no-source	fallback	low
北川景子	u			no-source	fallback	low
厹	u			no-source	fallback	low
古	u			no-source	fallback	low
咗笑	u			no-source	fallback	low
問返	u			no-source	fallback	low
嗰條	u			no-source	fallback	low
嗶	u			no-source	fallback	low
嘅龍	u			no-source	fallback	low
嚇我	u			no-source	fallback	low
嚟同	u			no-source	fallback	low
地嚟	u			no-source	fallback	low
地知	u			no-source	fallback	low
多陣	u			no-source	fallback	low
學人	u			no-source	fallback	low
完試	u			no-source	fallback	low
將條	u			no-source	fallback	low
就衝	u			no-source	fallback	low
床頭	u			no-source	fallback	low
度門	u			no-source	fallback	low
彭銅	u			no-source	fallback	low
振威	u			no-source	fallback	low
援交	u			no-source	fallback	low
放入	u			no-source	fallback	low
放返	u			no-source	fallback	low
有人會	u			no-source	fallback	low
樹樹	u			no-source	fallback	low
死八婆	u			no-source	fallback	low
法陣	u			no-source	fallback	low
洗理	u			no-source	fallback	low
洩	u			no-source	fallback	low
活潑	n			cow-single	cow	medium
煮飯仔	u			no-source	fallback	low
牙仔	u			no-source	fallback	low
發惡	u			no-source	fallback	low
知去	u			no-source	fallback	low
砵	u			no-source	fallback	low
神偷	u			no-source	fallback	low
私隱	u			no-source	fallback	low
窗邊	u			no-source	fallback	low
落落	u			no-source	fallback	low
衝向	u			no-source	fallback	low
見牙唔見眼	u			no-source	fallback	low
識到	u			no-source	fallback	low
貪玩	u			no-source	fallback	low
走嚟	u			no-source	fallback	low
跟本	u			no-source	fallback	low
間尺	u			no-source	fallback	low
阿原	u			no-source	fallback	low
阿樂	u			no-source	fallback	low
靜思	u			no-source	fallback	low
面有	u			no-source	fallback	low
面面	u			no-source	fallback	low
題	u			no-source	fallback	low
黑貓	u			no-source	fallback	low
傻逼	u			no-source	fallback	low
就想	u			no-source	fallback	low
陪我	u			no-source	fallback	low
本市	u			no-source	fallback	low
看電視	u			no-source	fallback	low
群裏	u			no-source	fallback	low
不是說	u			no-source	fallback	low
萬美元	u			no-source	fallback	low
看電影	u			no-source	fallback	low
自定義	u			no-source	fallback	low
藍牙	u			no-source	fallback	low
還不知道	u			no-source	fallback	low
死機	u			no-source	fallback	low
去買	u			no-source	fallback	low
小姑娘	u			no-source	fallback	low
代理商	u			no-source	fallback	low
抱抱	u			no-source	fallback	low
將是	u			no-source	fallback	low
祝你	u			no-source	fallback	low
要讓	u			no-source	fallback	low
家的	u			no-source	fallback	low
經濟增長	u			no-source	fallback	low
殺了	u			no-source	fallback	low
加載	u			no-source	fallback	low
人說	u			no-source	fallback	low
旗下	u			no-source	fallback	low
會把	u			no-source	fallback	low
給您	u			no-source	fallback	low
沒去	u			no-source	fallback	low
他媽的	u			no-source	fallback	low
詞彙	u			no-source	fallback	low
另一種	u			no-source	fallback	low
購房	u			no-source	fallback	low
這首歌	u			no-source	fallback	low
聯繫人	u			no-source	fallback	low
使人	u			no-source	fallback	low
合作伙伴	u			no-source	fallback	low
這隻	u			no-source	fallback	low
英特爾	u			no-source	fallback	low
乙方	u			no-source	fallback	low
沒見過	u			no-source	fallback	low
來做	u			no-source	fallback	low
阿里	u			no-source	fallback	low
教你	u			no-source	fallback	low
不愛	u			no-source	fallback	low
沒有辦法	u			no-source	fallback	low
瑞星	u			no-source	fallback	low
年內	u			no-source	fallback	low
一定程度	u			no-source	fallback	low
跟她	u			no-source	fallback	low
㗎姐	u			no-source	fallback	low
一號	u			no-source	fallback	low
一邊行	u			no-source	fallback	low
一部份	u			no-source	fallback	low
中六	u			no-source	fallback	low
五年	u			no-source	fallback	low
你嗰	u			no-source	fallback	low
你嚟	u			no-source	fallback	low
佩妍	u			no-source	fallback	low
使乜	u			no-source	fallback	low
依一	u			no-source	fallback	low
停過	u			no-source	fallback	low
兩眼	u			no-source	fallback	low
六年	u			no-source	fallback	low
到講	u			no-source	fallback	low
刺痛	n,v			cow-multi	cow	medium
前度	u			no-source	fallback	low
力仔	u			no-source	fallback	low
又過	u			no-source	fallback	low
口面	u			no-source	fallback	low
咗一句	u			no-source	fallback	low
哪裡	u			no-source	fallback	low
啱先	u			no-source	fallback	low
嘅嗰	u			no-source	fallback	low
埋口	u			no-source	fallback	low
好明	u			no-source	fallback	low
字架	u			no-source	fallback	low
小飛飛	u			no-source	fallback	low
幫小貞	u			no-source	fallback	low
廢柴	u			no-source	fallback	low
張凳	u			no-source	fallback	low
我以	u			no-source	fallback	low
我媽	u			no-source	fallback	low
我手	u			no-source	fallback	low
我換	u			no-source	fallback	low
我求	u			no-source	fallback	low
我舉	u			no-source	fallback	low
房到	u			no-source	fallback	low
打爛	u			no-source	fallback	low
拉麵	u			no-source	fallback	low
指一指	u			no-source	fallback	low
接線生	u			no-source	fallback	low
操	u			no-source	fallback	low
攔住	v			verb-suffix	heuristic	medium
敏捷	u			no-source	fallback	low
朝朝	u			no-source	fallback	low
未食	u			no-source	fallback	low
條嘢	u			no-source	fallback	low
津利	u			no-source	fallback	low
滿佈	u			no-source	fallback	low
漁村	u			no-source	fallback	low
爆缸	u			no-source	fallback	low
班上	u			no-source	fallback	low
班人	u			no-source	fallback	low
睇中	u			no-source	fallback	low
睇好	u			no-source	fallback	low
福	a			cow-single	cow	medium
緒	u			no-source	fallback	low
繫	u			no-source	fallback	low
聽得	u			no-source	fallback	low
豪哥	u			no-source	fallback	low
賤格	u			no-source	fallback	low
起眼	u			no-source	fallback	low
身型	u			no-source	fallback	low
轉咗	u			no-source	fallback	low
邊行	u			no-source	fallback	low
都過	u			no-source	fallback	low
銅鑼灣	u			no-source	fallback	low
阿土講	u			no-source	fallback	low
頹餐	u			no-source	fallback	low
中國經濟	n			len4-noun-heuristic	heuristic	medium
會對	u			no-source	fallback	low
開戶	u			no-source	fallback	low
卸載	v			cow-single	cow	medium
不就	u			no-source	fallback	low
做爲	u			no-source	fallback	low
拍的	u			no-source	fallback	low
已是	u			no-source	fallback	low
惠普	u			no-source	fallback	low
希望大家	u			no-source	fallback	low
牛逼	u			no-source	fallback	low
用人單位	n			len4-noun-heuristic	heuristic	medium
來看看	u			no-source	fallback	low
商業銀行	u			no-source	fallback	low
多月	u			no-source	fallback	low
發達國家	n			len4-noun-heuristic	heuristic	medium
變了	u			no-source	fallback	low
卻不	u			no-source	fallback	low
那隻	u			no-source	fallback	low
再看	u			no-source	fallback	low
溼溼	u			no-source	fallback	low
中國政府	n			len4-noun-heuristic	heuristic	medium
他不	u			no-source	fallback	low
小女孩	u			no-source	fallback	low
超女	u			no-source	fallback	low
山東省	u			no-source	fallback	low
很清楚	u			no-source	fallback	low
能把	u			no-source	fallback	low
丟了	u			no-source	fallback	low
城鄉	u			no-source	fallback	low
的好	u			no-source	fallback	low
又能	u			no-source	fallback	low
太多的	u			no-source	fallback	low
咋樣	u			no-source	fallback	low
新品	u			no-source	fallback	low
仍在	u			no-source	fallback	low
但不	u			no-source	fallback	low
再一次	u			no-source	fallback	low
向我	u			no-source	fallback	low
發現自己	u			no-source	fallback	low
展會	u			no-source	fallback	low
又在	u			no-source	fallback	low
一起去	u			no-source	fallback	low
沒看	u			no-source	fallback	low
網絡遊戲	u			no-source	fallback	low
這段時間	u			no-source	fallback	low
一米	u			no-source	fallback	low
三弟	u			no-source	fallback	low
三色	u			no-source	fallback	low
下定	u			no-source	fallback	low
下晝	u			no-source	fallback	low
乘客	n			cow-single	cow	medium
亂講	u			no-source	fallback	low
五萬	x			numeral	heuristic	high
仲記	u			no-source	fallback	low
你仲要	u			no-source	fallback	low
偉明	u			no-source	fallback	low
兄妹	u			no-source	fallback	low
再將	u			no-source	fallback	low
嗰刻	u			no-source	fallback	low
嘢嚟	u			no-source	fallback	low
地拖	u			no-source	fallback	low
埋晒	u			no-source	fallback	low
大老	u			no-source	fallback	low
天藍城	u			no-source	fallback	low
奕	u			no-source	fallback	low
好貴	u			no-source	fallback	low
嬲爆爆	u			no-source	fallback	low
孟生	u			no-source	fallback	low
左手邊	u			no-source	fallback	low
左手面	u			no-source	fallback	low
幾高	u			no-source	fallback	low
張卡	u			no-source	fallback	low
強光	u			no-source	fallback	low
得明	u			no-source	fallback	low
恩恩	u			no-source	fallback	low
愕	u			no-source	fallback	low
我接	u			no-source	fallback	low
我握	u			no-source	fallback	low
我醒	u			no-source	fallback	low
我頂	u			no-source	fallback	low
手面	u			no-source	fallback	low
扶住	v			verb-suffix	heuristic	medium
換好	u			no-source	fallback	low
最強	u			no-source	fallback	low
有件	u			no-source	fallback	low
欸	u			no-source	fallback	low
流下	u			no-source	fallback	low
滿面	u			no-source	fallback	low
無話	u			no-source	fallback	low
牛仔	u			no-source	fallback	low
獎勵	v			cow-single	cow	medium
珊	u			no-source	fallback	low
瑞基	u			no-source	fallback	low
用個	u			no-source	fallback	low
盧毛	u			no-source	fallback	low
相簿	u			no-source	fallback	low
私營化	u			no-source	fallback	low
細到	u			no-source	fallback	low
耳邊講	u			no-source	fallback	low
茫	u			no-source	fallback	low
藥房	n			cow-single	cow	medium
行上	u			no-source	fallback	low
要問	u			no-source	fallback	low
要行	u			no-source	fallback	low
變回	u			no-source	fallback	low
貓妖	u			no-source	fallback	low
躝	u			no-source	fallback	low
返條	u			no-source	fallback	low
追殺	u			no-source	fallback	low
過嘅	u			no-source	fallback	low
過有	u			no-source	fallback	low
過身	u			no-source	fallback	low
邊會	u			no-source	fallback	low
野想	u			no-source	fallback	low
開住	v			verb-suffix	heuristic	medium
阿心講	u			no-source	fallback	low
阿毛	u			no-source	fallback	low
靜媛	u			no-source	fallback	low
風筒	u			no-source	fallback	low
飛去	u			no-source	fallback	low
食餐	u			no-source	fallback	low
飲到	u			no-source	fallback	low
鬥氣	u			no-source	fallback	low
鳳光	u			no-source	fallback	low
龍友	u			no-source	fallback	low
洋子	u			no-source	fallback	low
功率	u			no-source	fallback	low
對我說	u			no-source	fallback	low
競爭對手	u			no-source	fallback	low
網管	u			no-source	fallback	low
像個	u			no-source	fallback	low
非常重要	u			no-source	fallback	low
領導幹部	u			no-source	fallback	low
纔可以	u			no-source	fallback	low
頭疼	n			cow-single	cow	medium
來個	u			no-source	fallback	low
卡巴斯基	u			no-source	fallback	low
園區	u			no-source	fallback	low
我跟	u			no-source	fallback	low
仍是	v			cow-single	cow	medium
太小	u			no-source	fallback	low
李宇春	u			no-source	fallback	low
不記得	u			no-source	fallback	low
蠻好	u			no-source	fallback	low
中國市場	n			len4-noun-heuristic	heuristic	medium
那個時候	u			no-source	fallback	low
先把	u			no-source	fallback	low
團購	u			no-source	fallback	low
讓它	u			no-source	fallback	low
曾在	u			no-source	fallback	low
開新	u			no-source	fallback	low
想知道	u			no-source	fallback	low
是想	u			no-source	fallback	low
本屆	u			no-source	fallback	low
資本市場	n			len4-noun-heuristic	heuristic	medium
有多	u			no-source	fallback	low
完全可以	u			no-source	fallback	low
可以看出	u			no-source	fallback	low
單擊	u			no-source	fallback	low
搜狐	u			no-source	fallback	low
全縣	u			no-source	fallback	low
爲他	u			no-source	fallback	low
當他	u			no-source	fallback	low
裏有	u			no-source	fallback	low
搜狗	u			no-source	fallback	low
爲之	u			no-source	fallback	low
高的	u			no-source	fallback	low
只爲	u			no-source	fallback	low
跌停	u			no-source	fallback	low
千萬不要	u			no-source	fallback	low
被我	v		passive	prefix-passive	heuristic	medium
管理層	u			no-source	fallback	low
公安機關	u			no-source	fallback	low
還有什麼	u			no-source	fallback	low
錄入	u			no-source	fallback	low
劉翔	u			no-source	fallback	low
大股東	u			no-source	fallback	low
很遠	u			no-source	fallback	low
很低	u			no-source	fallback	low
不是我	u			no-source	fallback	low
睡不着	u			no-source	fallback	low
要死	u			no-source	fallback	low
主要原因	u			no-source	fallback	low
一件事	u			no-source	fallback	low
看出來	u			no-source	fallback	low
程序員	u			no-source	fallback	low
利好	u			no-source	fallback	low
會是	u			no-source	fallback	low
多的	u			no-source	fallback	low
的大	u			no-source	fallback	low
什麼叫	u			no-source	fallback	low
字符串	n			cow-single	cow	medium
了新的	u			no-source	fallback	low
拿下	u			no-source	fallback	low
半個月	u			no-source	fallback	low
寫出	u			no-source	fallback	low
一吞	u			no-source	fallback	low
一級	u			no-source	fallback	low
下一回	u			no-source	fallback	low
下話	u			no-source	fallback	low
二佬	u			no-source	fallback	low
人去	u			no-source	fallback	low
伸入	u			no-source	fallback	low
依家仲	u			no-source	fallback	low
個波	u			no-source	fallback	low
先要	u			no-source	fallback	low
出過	u			no-source	fallback	low
前衝	u			no-source	fallback	low
千其	u			no-source	fallback	low
千夜	u			no-source	fallback	low
同好	u			no-source	fallback	low
同金	u			no-source	fallback	low
呢場	u			no-source	fallback	low
和諧社會	n			len4-noun-heuristic	heuristic	medium
咗杯	u			no-source	fallback	low
嘅手	u			no-source	fallback	low
嚟個	u			no-source	fallback	low
在生	u			no-source	fallback	low
地仲	u			no-source	fallback	low
地話	u			no-source	fallback	low
坐返	u			no-source	fallback	low
埋身	u			no-source	fallback	low
大獲	u			no-source	fallback	low
大致上	u			no-source	fallback	low
好亂	u			no-source	fallback	low
好實	u			no-source	fallback	low
姆	u			no-source	fallback	low
子欣	u			no-source	fallback	low
存	u			no-source	fallback	low
完場	u			no-source	fallback	low
專用	u			no-source	fallback	low
幾粒	u			no-source	fallback	low
店長	u			no-source	fallback	low
性愛	u			no-source	fallback	low
懷中	u			no-source	fallback	low
成佛	u			no-source	fallback	low
我個頭	u			no-source	fallback	low
我塊	u			no-source	fallback	low
我車	u			no-source	fallback	low
我還	u			no-source	fallback	low
打死	u			no-source	fallback	low
拉起	u			no-source	fallback	low
明㗎	u			no-source	fallback	low
會將	u			no-source	fallback	low
會識	u			no-source	fallback	low
有名	u			no-source	fallback	low
東行	u			no-source	fallback	low
柏軒	u			no-source	fallback	low
校務處	u			no-source	fallback	low
樑	u			no-source	fallback	low
次同	u			no-source	fallback	low
正一	u			no-source	fallback	low
武林	u			no-source	fallback	low
比到	u			no-source	fallback	low
淚光	u			no-source	fallback	low
無見過	u			no-source	fallback	low
狗衝	u			no-source	fallback	low
盧碩俊	u			no-source	fallback	low
睇唔起	u			no-source	fallback	low
睇實	u			no-source	fallback	low
睇死	u			no-source	fallback	low
睇開	v			verb-suffix	heuristic	medium
禍	u			no-source	fallback	low
約過	u			no-source	fallback	low
絲帶	n			cow-single	cow	medium
考到	u			no-source	fallback	low
考驗	n			cow-single	cow	medium
聞到	v			cow-single	cow	medium
聽歌	u			no-source	fallback	low
背包	u			no-source	fallback	low
落手	u			no-source	fallback	low
落肚	u			no-source	fallback	low
薑	u			no-source	fallback	low
蝕底	u			no-source	fallback	low
講一次	u			no-source	fallback	low
講有	u			no-source	fallback	low
走佬	u			no-source	fallback	low
過嘢	u			no-source	fallback	low
過會	u			no-source	fallback	low
野同	u			no-source	fallback	low
金玉麟	u			no-source	fallback	low
門前	u			no-source	fallback	low
陽	u			no-source	fallback	low
顧住	v			verb-suffix	heuristic	medium
食女	u			no-source	fallback	low
麻痺	u			no-source	fallback	low
他又	u			no-source	fallback	low
改動	u			no-source	fallback	low
寫着	u			no-source	fallback	low
想辦法	u			no-source	fallback	low
語法	n			cow-single	cow	medium
官方網站	u			no-source	fallback	low
本報記者	u			no-source	fallback	low
喫得	u			no-source	fallback	low
妞	u			no-source	fallback	low
選購	v			cow-single	cow	medium
看了看	u			no-source	fallback	low
可以選擇	u			no-source	fallback	low
平米	u			no-source	fallback	low
陳水扁	u			no-source	fallback	low
賣掉	v			verb-suffix	heuristic	medium
屋裏	u			no-source	fallback	low
海爾	u			no-source	fallback	low
揚州	u			no-source	fallback	low
來吧	u			no-source	fallback	low
可以使用	u			no-source	fallback	low
幾家	u			no-source	fallback	low
玩遊戲	u			no-source	fallback	low
高度重視	u			no-source	fallback	low
想說	u			no-source	fallback	low
不是一個	u			no-source	fallback	low
佳能	u			no-source	fallback	low
全局	u			no-source	fallback	low
葛	u			no-source	fallback	low
爲首	u			no-source	fallback	low
還是很	u			no-source	fallback	low
雙核	u			no-source	fallback	low
原告	n			cow-single	cow	medium
咱倆	u			no-source	fallback	low
我看看	u			no-source	fallback	low
個性化	u			no-source	fallback	low
緩存	u			no-source	fallback	low
死去	u			no-source	fallback	low
我再	u			no-source	fallback	low
站起來	u			no-source	fallback	low
魯迅	u			no-source	fallback	low
試着	u			no-source	fallback	low
越是	u			no-source	fallback	low
中最	u			no-source	fallback	low
試試看	u			no-source	fallback	low
一些人	u			no-source	fallback	low
向你	u			no-source	fallback	low
那家	u			no-source	fallback	low
制訂	v			cow-single	cow	medium
股改	u			no-source	fallback	low
可在	u			no-source	fallback	low
中國人民	u			no-source	fallback	low
臺北	u			no-source	fallback	low
誰說	u			no-source	fallback	low
四是	u			no-source	fallback	low
流動性	u			no-source	fallback	low
領導小組	u			no-source	fallback	low
只知道	u			no-source	fallback	low
書中	u			no-source	fallback	low
知名度	u			no-source	fallback	low
實際情況	n			len4-noun-heuristic	heuristic	medium
更不	u			no-source	fallback	low
準備好	u			no-source	fallback	low
鋁	n			cow-single	cow	medium
懸賞分	u			no-source	fallback	low
而去	u			no-source	fallback	low
我最	u			no-source	fallback	low
河南省	u			no-source	fallback	low
四川省	u			no-source	fallback	low
這不	u			no-source	fallback	low
城裏	u			no-source	fallback	low
就用	u			no-source	fallback	low
帶你	u			no-source	fallback	low
國有企業	u			no-source	fallback	low
溼透	u			no-source	fallback	low
一堂	u			no-source	fallback	low
一揮	u			no-source	fallback	low
一角	u			no-source	fallback	low
一隊	u			no-source	fallback	low
上邊	u			no-source	fallback	low
不容	u			no-source	fallback	low
不惜	v			cow-single	cow	medium
丫麻	u			no-source	fallback	low
九成	u			no-source	fallback	low
二手	u			no-source	fallback	low
亞瑟	u			no-source	fallback	low
仔碌碌	u			no-source	fallback	low
企響度	u			no-source	fallback	low
佐治	u			no-source	fallback	low
佔領	n,v			cow-multi	cow	medium
你入	u			no-source	fallback	low
倉	u			no-source	fallback	low
個場	u			no-source	fallback	low
兆	n			cow-single	cow	medium
先到	u			no-source	fallback	low
兔	n			cow-single	cow	medium
入神	n			cow-single	cow	medium
再嚟	u			no-source	fallback	low
到邊	u			no-source	fallback	low
動漫展	u			no-source	fallback	low
十九	x			numeral	heuristic	high
協助	v			cow-single	cow	medium
南門亮	u			no-source	fallback	low
又點話	u			no-source	fallback	low
可惡	u			no-source	fallback	low
吉	u			no-source	fallback	low
同芷純	u			no-source	fallback	low
名器	u			no-source	fallback	low
呀媽	u			no-source	fallback	low
咖哩	u			no-source	fallback	low
啷	u			no-source	fallback	low
嗰下	u			no-source	fallback	low
噉樣樣	u			no-source	fallback	low
地身	u			no-source	fallback	low
塘福	u			no-source	fallback	low
墳	u			no-source	fallback	low
大汗	u			no-source	fallback	low
子喻	u			no-source	fallback	low
孔	n			cow-single	cow	medium
寶物	u			no-source	fallback	low
尬	u			no-source	fallback	low
屋內	u			no-source	fallback	low
年前	u			no-source	fallback	low
張俊雄	u			no-source	fallback	low
心仔	u			no-source	fallback	low
志	u			no-source	fallback	low
恐怕	u			no-source	fallback	low
想知	u			no-source	fallback	low
想行	u			no-source	fallback	low
想過	u			no-source	fallback	low
我卻	u			no-source	fallback	low
我照	u			no-source	fallback	low
我着	u			no-source	fallback	low
我緊	u			no-source	fallback	low
我點會	u			no-source	fallback	low
扒	u			no-source	fallback	low
打火機	n			cow-single	cow	medium
抵死	u			no-source	fallback	low
拿拿聲	u			no-source	fallback	low
捉到	v			cow-single	cow	medium
掌門	u			no-source	fallback	low
搏命	u			no-source	fallback	low
擦膠	u			no-source	fallback	low
擴大	n,v			cow-multi	cow	medium
擺酒	u			no-source	fallback	low
收得	u			no-source	fallback	low
故作	u			no-source	fallback	low
敢講	u			no-source	fallback	low
數秒	u			no-source	fallback	low
施	u			no-source	fallback	low
施法	u			no-source	fallback	low
早會	u			no-source	fallback	low
會明	u			no-source	fallback	low
未到	u			no-source	fallback	low
本應	u			no-source	fallback	low
校裙	u			no-source	fallback	low
格外	u			no-source	fallback	low
沉睡	u			no-source	fallback	low
洛	u			no-source	fallback	low
流緊	u			no-source	fallback	low
混合	n,v			cow-multi	cow	medium
溶	u			no-source	fallback	low
烏蠅	u			no-source	fallback	low
特	u			no-source	fallback	low
珍	u			no-source	fallback	low
琳琳	u			no-source	fallback	low
癢	v			cow-single	cow	medium
百滔	u			no-source	fallback	low
直入	u			no-source	fallback	low
直衝	u			no-source	fallback	low
着得	u			no-source	fallback	low
瞄	u			no-source	fallback	low
瞄準	n,v			cow-multi	cow	medium
空隙	n			cow-single	cow	medium
糟糟	u			no-source	fallback	low
紅燈	u			no-source	fallback	low
縫	u			no-source	fallback	low
翠兒	u			no-source	fallback	low
聖人	u			no-source	fallback	low
聽下	u			no-source	fallback	low
肉緊	u			no-source	fallback	low
肥佬	u			no-source	fallback	low
胃	n			cow-single	cow	medium
自助	n			cow-single	cow	medium
至得	u			no-source	fallback	low
航	u			no-source	fallback	low
落山	u			no-source	fallback	low
落返	u			no-source	fallback	low
蒸發	n,v			cow-multi	cow	medium
藍家	u			no-source	fallback	low
藍火	u			no-source	fallback	low
裸女	u			no-source	fallback	low
視野	u			no-source	fallback	low
解下	u			no-source	fallback	low
講咗一句	u			no-source	fallback	low
講嘅	u			no-source	fallback	low
譚仔	u			no-source	fallback	low
質問	n,v			cow-multi	cow	medium
起哄	u			no-source	fallback	low
越近	u			no-source	fallback	low
趕去	u			no-source	fallback	low
趕緊	n,v			cow-multi	cow	medium
輝	v			cow-single	cow	medium
轉過	u			no-source	fallback	low
返住	v			verb-suffix	heuristic	medium
迪士尼	u			no-source	fallback	low
違	u			no-source	fallback	low
那一刻	u			no-source	fallback	low
那裡	u			no-source	fallback	low
醫返	u			no-source	fallback	low
銀茹話	u			no-source	fallback	low
閱讀	u			no-source	fallback	low
陰謀	n			cow-single	cow	medium
難頂	u			no-source	fallback	low
頂硬上	u			no-source	fallback	low
頓	n			cow-single	cow	medium
食晏	u			no-source	fallback	low
香港地	u			no-source	fallback	low
高過	u			no-source	fallback	low
點半	u			no-source	fallback	low
點啦	u			no-source	fallback	low
黨	n			cow-single	cow	medium
管理人員	n			len4-noun-heuristic	heuristic	medium
哪種	u			no-source	fallback	low
衛生間	u			no-source	fallback	low
已達	u			no-source	fallback	low
賺了	u			no-source	fallback	low
授予	v			cow-single	cow	medium
不打	u			no-source	fallback	low
貫徹落實	u			no-source	fallback	low
僅有	u			no-source	fallback	low
僅爲	u			no-source	fallback	low
想讓	u			no-source	fallback	low
哼哼	u			no-source	fallback	low
我也不	u			no-source	fallback	low
只剩下	u			no-source	fallback	low
早在	u			no-source	fallback	low
漢化	u			no-source	fallback	low
贊	u			no-source	fallback	low
毛主席	u			no-source	fallback	low
爲其	u			no-source	fallback	low
中信	u			no-source	fallback	low
線程	u			no-source	fallback	low
基礎設施	u			no-source	fallback	low
她也	u			no-source	fallback	low
局域網	u			no-source	fallback	low
有的人	u			no-source	fallback	low
排行榜	u			no-source	fallback	low
又一次	u			no-source	fallback	low
該股	u			no-source	fallback	low
可我	u			no-source	fallback	low
集團公司	n			len4-noun-heuristic	heuristic	medium
不玩	u			no-source	fallback	low
最喜歡的	u			no-source	fallback	low
下發	u			no-source	fallback	low
新華社	u			no-source	fallback	low
要到	u			no-source	fallback	low
請在	u			no-source	fallback	low
用地	u			no-source	fallback	low
落在	u			no-source	fallback	low
幫他	u			no-source	fallback	low
是把	u			no-source	fallback	low
五大	u			no-source	fallback	low
全區	u			no-source	fallback	low
列爲	u			no-source	fallback	low
湘	u			no-source	fallback	low
較少	u			no-source	fallback	low
黃金周	u			no-source	fallback	low
什麼好	u			no-source	fallback	low
較小	u			no-source	fallback	low
刻錄	u			no-source	fallback	low
萬噸	u			no-source	fallback	low
也想	u			no-source	fallback	low
使我	u			no-source	fallback	low
爸爸媽媽	u			no-source	fallback	low
是一件	u			no-source	fallback	low
相關部門	n			len4-noun-heuristic	heuristic	medium
你以爲	u			no-source	fallback	low
翔	u			no-source	fallback	low
還有很多	u			no-source	fallback	low
解壓	u			no-source	fallback	low
這篇文章	u			no-source	fallback	low
想買	u			no-source	fallback	low
趙薇	u			no-source	fallback	low
胡錦濤	u			no-source	fallback	low
看着我	u			no-source	fallback	low
菜鳥	u			no-source	fallback	low
他家	u			no-source	fallback	low
進軍	n			cow-single	cow	medium
此人	u			no-source	fallback	low
能用	u			no-source	fallback	low
戴爾	u			no-source	fallback	low
安全生產	u			no-source	fallback	low
檯燈	u			no-source	fallback	low
溫家寶	u			no-source	fallback	low
可以直接	u			no-source	fallback	low
能做	u			no-source	fallback	low
天津市	u			no-source	fallback	low
前兩天	u			no-source	fallback	low
厚道	u			no-source	fallback	low
管理者	u			no-source	fallback	low
小靈通	u			no-source	fallback	low
個人觀點	u			no-source	fallback	low
調度	u			no-source	fallback	low
好萊塢	u			no-source	fallback	low
筆試	u			no-source	fallback	low
到貨	u			no-source	fallback	low
很像	u			no-source	fallback	low
訪談	u			no-source	fallback	low
農戶	u			no-source	fallback	low
俺們	u			no-source	fallback	low
徵集	u			no-source	fallback	low
第一位	u			no-source	fallback	low
這麼好	u			no-source	fallback	low
文中	u			no-source	fallback	low
版塊	u			no-source	fallback	low
一地	u			no-source	fallback	low
一看	u			no-source	fallback	low
一篇	u			no-source	fallback	low
一萬	x			numeral	heuristic	high
一言	u			no-source	fallback	low
一轉	u			no-source	fallback	low
一雙	u			no-source	fallback	low
一頁	u			no-source	fallback	low
不詳	u			no-source	fallback	low
乜水	u			no-source	fallback	low
乾坤	u			no-source	fallback	low
人用	u			no-source	fallback	low
介	u			no-source	fallback	low
介入	v			cow-single	cow	medium
仲叫	u			no-source	fallback	low
仲差	u			no-source	fallback	low
仲點	u			no-source	fallback	low
伯雷主教	u			no-source	fallback	low
住個	u			no-source	fallback	low
依段	u			no-source	fallback	low
侵犯	n,v			cow-multi	cow	medium
側面	n			cow-single	cow	medium
優秀	u			no-source	fallback	low
先見	u			no-source	fallback	low
到車	u			no-source	fallback	low
南行	u			no-source	fallback	low
原始	u			no-source	fallback	low
友仔	u			no-source	fallback	low
取而代	u			no-source	fallback	low
叫聲	n			cow-single	cow	medium
同緊	u			no-source	fallback	low
同雷米	u			no-source	fallback	low
吳嘉欣	u			no-source	fallback	low
呆滯	n,v			cow-multi	cow	medium
呎	u			no-source	fallback	low
咗出	u			no-source	fallback	low
咗支	u			no-source	fallback	low
咬住	v			verb-suffix	heuristic	medium
嚟做	u			no-source	fallback	low
地理	u			no-source	fallback	low
坑	n			cow-single	cow	medium
埗	u			no-source	fallback	low
壁	u			no-source	fallback	low
壽司	u			no-source	fallback	low
大到	u			no-source	fallback	low
大石	u			no-source	fallback	low
失業	n			cow-single	cow	medium
夾埋	u			no-source	fallback	low
娥	u			no-source	fallback	low
寧	u			no-source	fallback	low
寧威	u			no-source	fallback	low
封印	u			no-source	fallback	low
小貞個頭	u			no-source	fallback	low
少許	a,n			cow-multi	cow	medium
嵐	u			no-source	fallback	low
左雪琪	u			no-source	fallback	low
差好	u			no-source	fallback	low
年嚟	u			no-source	fallback	low
影到	u			no-source	fallback	low
心好	u			no-source	fallback	low
忍得	u			no-source	fallback	low
忿	u			no-source	fallback	low
思點	u			no-source	fallback	low
慧嫻	u			no-source	fallback	low
我頓	u			no-source	fallback	low
戴住	v			verb-suffix	heuristic	medium
手放	u			no-source	fallback	low
推斷	u			no-source	fallback	low
搖擺	n,v			cow-multi	cow	medium
搞過	u			no-source	fallback	low
攪到	u			no-source	fallback	low
收集	v			cow-single	cow	medium
整親	u			no-source	fallback	low
文星	u			no-source	fallback	low
時間裏	u			no-source	fallback	low
會理	u			no-source	fallback	low
望過	u			no-source	fallback	low
柒頭杰	u			no-source	fallback	low
柯	u			no-source	fallback	low
校門	u			no-source	fallback	low
植物人	u			no-source	fallback	low
極速	n			cow-single	cow	medium
橡根	u			no-source	fallback	low
歷	n			cow-single	cow	medium
永	u			no-source	fallback	low
沙藤	u			no-source	fallback	low
流到	u			no-source	fallback	low
淨低	u			no-source	fallback	low
清脆	u			no-source	fallback	low
準確	u			no-source	fallback	low
溝到	u			no-source	fallback	low
濛	u			no-source	fallback	low
無出	u			no-source	fallback	low
無極	u			no-source	fallback	low
無言以	u			no-source	fallback	low
父	n			cow-single	cow	medium
牛牛	u			no-source	fallback	low
玩法	u			no-source	fallback	low
生氣	v			cow-single	cow	medium
番嚟	u			no-source	fallback	low
痛痛	u			no-source	fallback	low
皮池	u			no-source	fallback	low
益	u			no-source	fallback	low
着到	u			no-source	fallback	low
睡眠	n			cow-single	cow	medium
砲	u			no-source	fallback	low
管家	v			cow-single	cow	medium
簽	u			no-source	fallback	low
精緻	n			cow-single	cow	medium
紅玥	u			no-source	fallback	low
紥	u			no-source	fallback	low
練波	u			no-source	fallback	low
耀	u			no-source	fallback	low
老身	u			no-source	fallback	low
肥成	u			no-source	fallback	low
腐爛	n,v			cow-multi	cow	medium
荷	u			no-source	fallback	low
虧佬話	u			no-source	fallback	low
蜜	n			cow-single	cow	medium
蝦餃	u			no-source	fallback	low
裙仔	u			no-source	fallback	low
襪仔	u			no-source	fallback	low
西面	u			no-source	fallback	low
訓陣	u			no-source	fallback	low
記錯	u			no-source	fallback	low
誘人	u			no-source	fallback	low
謎	u			no-source	fallback	low
講得啱	u			no-source	fallback	low
贊成	n,v			cow-multi	cow	medium
走先	u			no-source	fallback	low
走光	u			no-source	fallback	low
趣	u			no-source	fallback	low
跨	v			cow-single	cow	medium
轉去	u			no-source	fallback	low
通紅	u			no-source	fallback	low
過了	u			no-source	fallback	low
避過	u			no-source	fallback	low
那位	u			no-source	fallback	low
郁動	u			no-source	fallback	low
部份	u			no-source	fallback	low
重係	u			no-source	fallback	low
野要	u			no-source	fallback	low
鈴鈴	u			no-source	fallback	low
關事	u			no-source	fallback	low
防煙門	u			no-source	fallback	low
阿汁	u			no-source	fallback	low
阿達	u			no-source	fallback	low
陶	u			no-source	fallback	low
陸羽石	u			no-source	fallback	low
雙乳	u			no-source	fallback	low
頭也	u			no-source	fallback	low
風刃	u			no-source	fallback	low
飄浮	u			no-source	fallback	low
食㗎	u			no-source	fallback	low
食藥	u			no-source	fallback	low
飲下	u			no-source	fallback	low
飲醉	u			no-source	fallback	low
驚架	u			no-source	fallback	low
驚死	u			no-source	fallback	low
鬼佬	u			no-source	fallback	low
齒	n			cow-single	cow	medium
係數	u			no-source	fallback	low
美的	u			no-source	fallback	low
嘴脣	u			no-source	fallback	low
很漂亮	u			no-source	fallback	low
申請人	n			cow-single	cow	medium
發表評論	u			no-source	fallback	low
外包	u			no-source	fallback	low
麻痹	n			cow-single	cow	medium
僅代表	u			no-source	fallback	low
分析師	n			cow-single	cow	medium
櫃檯	u			no-source	fallback	low
維權	u			no-source	fallback	low
臺階	u			no-source	fallback	low
倡導	u			no-source	fallback	low
都想	u			no-source	fallback	low
呆在	u			no-source	fallback	low
商品房	u			no-source	fallback	low
序列號	u			no-source	fallback	low
後市	u			no-source	fallback	low
妳的	u			no-source	fallback	low
但她	u			no-source	fallback	low
售後	u			no-source	fallback	low
宏觀調控	u			no-source	fallback	low
重慶市	u			no-source	fallback	low
畝	u			no-source	fallback	low
喜歡你	u			no-source	fallback	low
被你	v		passive	prefix-passive	heuristic	medium
句話	u			no-source	fallback	low
而我	u			no-source	fallback	low
對話框	n			cow-single	cow	medium
過幾天	u			no-source	fallback	low
姜	u			no-source	fallback	low
就不是	u			no-source	fallback	low
想做	u			no-source	fallback	low
評爲	u			no-source	fallback	low
貸	v			cow-single	cow	medium
跑去	u			no-source	fallback	low
可不可以	u			no-source	fallback	low
帶我	u			no-source	fallback	low
紮實	u			no-source	fallback	low
中國企業	u			no-source	fallback	low
常州	u			no-source	fallback	low
中國移動	u			no-source	fallback	low
你對	u			no-source	fallback	low
輩子	u			no-source	fallback	low
一體化	u			no-source	fallback	low
中美	u			no-source	fallback	low
你個	u			no-source	fallback	low
商務部	u			no-source	fallback	low
帶走	u			no-source	fallback	low
很正常	u			no-source	fallback	low
西湖	u			no-source	fallback	low
不能用	u			no-source	fallback	low
快速發展	u			no-source	fallback	low
請不要	u			no-source	fallback	low
均可	u			no-source	fallback	low
專賣店	u			no-source	fallback	low
新高	u			no-source	fallback	low
是不可能	u			no-source	fallback	low
給個	u			no-source	fallback	low
好啦	u			no-source	fallback	low
很是	u			no-source	fallback	low
誰也	u			no-source	fallback	low
大漲	u			no-source	fallback	low
玩的	u			no-source	fallback	low
第一步	u			no-source	fallback	low
要買	u			no-source	fallback	low
初始化	u			no-source	fallback	low
想把	u			no-source	fallback	low
經濟學家	u			no-source	fallback	low
憋	u			no-source	fallback	low
市場化	u			no-source	fallback	low
說不出	u			no-source	fallback	low
納稅人	u			no-source	fallback	low
應在	u			no-source	fallback	low
打着	u			no-source	fallback	low
站着	u			no-source	fallback	low
首發	u			no-source	fallback	low
卻在	u			no-source	fallback	low
臺上	u			no-source	fallback	low
會說	u			no-source	fallback	low
在其	u			no-source	fallback	low
淪爲	u			no-source	fallback	low
踢球	u			no-source	fallback	low
跳槽	u			no-source	fallback	low
覺得很	u			no-source	fallback	low
食品安全	n			len4-noun-heuristic	heuristic	medium
點擊這裏	u			no-source	fallback	low
新股	u			no-source	fallback	low
高壓	u			no-source	fallback	low
不小	u			no-source	fallback	low
要走	u			no-source	fallback	low
也曾	u			no-source	fallback	low
哦哦	u			no-source	fallback	low
哪能	u			no-source	fallback	low
所做	u			no-source	fallback	low
計劃生育	u			no-source	fallback	low
還真是	u			no-source	fallback	low
只在	u			no-source	fallback	low
走的	u			no-source	fallback	low
人民法院	u			no-source	fallback	low
無爲	u			no-source	fallback	low
又開始	u			no-source	fallback	low
一直沒有	u			no-source	fallback	low
賣給	u			no-source	fallback	low
長髮	u			no-source	fallback	low
你來	u			no-source	fallback	low
方正	u			no-source	fallback	low
有爲	u			no-source	fallback	low
本來就是	u			no-source	fallback	low
進出口	u			no-source	fallback	low
表揚	u			no-source	fallback	low
跟我說	u			no-source	fallback	low
叫什麼	u			no-source	fallback	low
與衆不同	u			no-source	fallback	low
又會	u			no-source	fallback	low
很開心	u			no-source	fallback	low
一封信	u			no-source	fallback	low
一指	u			no-source	fallback	low
一百萬	x			numeral	heuristic	high
一顆	u			no-source	fallback	low
上位	u			no-source	fallback	low
下邊	u			no-source	fallback	low
不遠	u			no-source	fallback	low
且	u			no-source	fallback	low
世間	u			no-source	fallback	low
中二	u			no-source	fallback	low
之不過	u			no-source	fallback	low
九龍塘	u			no-source	fallback	low
人個	u			no-source	fallback	low
人死	u			no-source	fallback	low
仔去	u			no-source	fallback	low
仔好	u			no-source	fallback	low
仲見	u			no-source	fallback	low
仿佛	u			no-source	fallback	low
伴	u			no-source	fallback	low
個刻	u			no-source	fallback	low
借力	u			no-source	fallback	low
價	u			no-source	fallback	low
兩支	u			no-source	fallback	low
冤墓	u			no-source	fallback	low
凌嘯峻	u			no-source	fallback	low
出擊	u			no-source	fallback	low
出生	n,v			cow-multi	cow	medium
勿	u			no-source	fallback	low
北村	u			no-source	fallback	low
升上	u			no-source	fallback	low
去街	u			no-source	fallback	low
又被	u			no-source	fallback	low
叢	n			cow-single	cow	medium
告別	n,v			cow-multi	cow	medium
呸	u			no-source	fallback	low
唏噓	u			no-source	fallback	low
唐樓	u			no-source	fallback	low
嗰位	u			no-source	fallback	low
嘯	u			no-source	fallback	low
地城	u			no-source	fallback	low
地過	u			no-source	fallback	low
執到	u			no-source	fallback	low
大眼	u			no-source	fallback	low
奉	u			no-source	fallback	low
嬲嬲地	u			no-source	fallback	low
孟	u			no-source	fallback	low
家陣	u			no-source	fallback	low
屯門	u			no-source	fallback	low
左畫	u			no-source	fallback	low
己經	u			no-source	fallback	low
巷	u			no-source	fallback	low
幾喇	u			no-source	fallback	low
庭	u			no-source	fallback	low
弟	u			no-source	fallback	low
強者	u			no-source	fallback	low
得個	u			no-source	fallback	low
怒氣	n			cow-single	cow	medium
想試	u			no-source	fallback	low
愛的	u			no-source	fallback	low
我個樣	u			no-source	fallback	low
我學	u			no-source	fallback	low
我面	u			no-source	fallback	low
打仗	u			no-source	fallback	low
投胎	v			cow-single	cow	medium
捅	v			cow-single	cow	medium
接納	n,v			cow-multi	cow	medium
推門	u			no-source	fallback	low
放底	u			no-source	fallback	low
更令	u			no-source	fallback	low
會食	u			no-source	fallback	low
有料	u			no-source	fallback	low
有權	u			no-source	fallback	low
有無人	u			no-source	fallback	low
朱謀秉	u			no-source	fallback	low
核	n			cow-single	cow	medium
格鬥	n			cow-single	cow	medium
楓	u			no-source	fallback	low
比着	u			no-source	fallback	low
毛管	u			no-source	fallback	low
流流	u			no-source	fallback	low
溫習	u			no-source	fallback	low
瀉	v			cow-single	cow	medium
災難	n			cow-single	cow	medium
無晒	u			no-source	fallback	low
燥	u			no-source	fallback	low
燦爛	v			cow-single	cow	medium
父子	u			no-source	fallback	low
牛頭魚	u			no-source	fallback	low
王仙	u			no-source	fallback	low
畫條	u			no-source	fallback	low
當我想	u			no-source	fallback	low
疲勞	n			cow-single	cow	medium
痛得	u			no-source	fallback	low
直昇機	u			no-source	fallback	low
直直	u			no-source	fallback	low
真好	u			no-source	fallback	low
破處	u			no-source	fallback	low
私處	u			no-source	fallback	low
細蚊	u			no-source	fallback	low
續	u			no-source	fallback	low
而當	u			no-source	fallback	low
耷低頭	u			no-source	fallback	low
聖堂	u			no-source	fallback	low
聖廷堡	u			no-source	fallback	low
職	u			no-source	fallback	low
聽書	u			no-source	fallback	low
肌	u			no-source	fallback	low
腸	n			cow-single	cow	medium
茄菲貓	u			no-source	fallback	low
蘇軾	u			no-source	fallback	low
衰妹	u			no-source	fallback	low
觀點	n			cow-single	cow	medium
詩文	u			no-source	fallback	low
請假	u			no-source	fallback	low
講先	u			no-source	fallback	low
貼住	v			verb-suffix	heuristic	medium
貼身	u			no-source	fallback	low
跌低	u			no-source	fallback	low
轉個頭	u			no-source	fallback	low
辦	v			cow-single	cow	medium
迷叔	u			no-source	fallback	low
這句	u			no-source	fallback	low
邊啊	u			no-source	fallback	low
野事	u			no-source	fallback	low
闊	a			cow-single	cow	medium
陰唇	u			no-source	fallback	low
雋瑩	u			no-source	fallback	low
面書	u			no-source	fallback	low
頗	u			no-source	fallback	low
飲嘢	u			no-source	fallback	low
高節	u			no-source	fallback	low
魔法陣	u			no-source	fallback	low
麥當勞	u			no-source	fallback	low
開源	u			no-source	fallback	low
就讓	u			no-source	fallback	low
要得	u			no-source	fallback	low
鈣	n			cow-single	cow	medium
癡漢	u			no-source	fallback	low
喫點	u			no-source	fallback	low
與之	u			no-source	fallback	low
就可	u			no-source	fallback	low
竈	u			no-source	fallback	low
傅	u			no-source	fallback	low
不少人	u			no-source	fallback	low
斷了	u			no-source	fallback	low
有錢人	u			no-source	fallback	low
衆生	u			no-source	fallback	low
你真	u			no-source	fallback	low
民營企業	u			no-source	fallback	low
經營者	u			no-source	fallback	low
讓您	u			no-source	fallback	low
資本主義	n			len4-noun-heuristic	heuristic	medium
還可	u			no-source	fallback	low
事業單位	n			len4-noun-heuristic	heuristic	medium
什麼地方	u			no-source	fallback	low
說吧	u			no-source	fallback	low
使用者	n			cow-single	cow	medium
就叫	u			no-source	fallback	low
這幾年	u			no-source	fallback	low
河北省	u			no-source	fallback	low
清華大學	n			len4-noun-heuristic	heuristic	medium
不停的	u			no-source	fallback	low
後就	u			no-source	fallback	low
較強	u			no-source	fallback	low
兩週	u			no-source	fallback	low
持股	u			no-source	fallback	low
較好的	u			no-source	fallback	low
中文版	u			no-source	fallback	low
想看	u			no-source	fallback	low
日軍	u			no-source	fallback	low
發給你	u			no-source	fallback	low
省政府	u			no-source	fallback	low
社保	u			no-source	fallback	low
更高的	u			no-source	fallback	low
而非	u			no-source	fallback	low
逍遙	u			no-source	fallback	low
鉅額	u			no-source	fallback	low
不斷提高	u			no-source	fallback	low
遷移	n,v			cow-multi	cow	medium
摩托羅拉	u			no-source	fallback	low
鄧小平	u			no-source	fallback	low
煙臺	u			no-source	fallback	low
發病	n			cow-single	cow	medium
你沒	u			no-source	fallback	low
喫藥	u			no-source	fallback	low
瓶頸	n			cow-single	cow	medium
課件	u			no-source	fallback	low
都快	u			no-source	fallback	low
看下	u			no-source	fallback	low
小樣	u			no-source	fallback	low
產業鏈	u			no-source	fallback	low
這首	u			no-source	fallback	low
雙擊	u			no-source	fallback	low
公示	u			no-source	fallback	low
蒐	u			no-source	fallback	low
麼麼	u			no-source	fallback	low
洗淨	u			no-source	fallback	low
索愛	u			no-source	fallback	low
電子書	u			no-source	fallback	low
娛樂圈	u			no-source	fallback	low
小魚	n			cow-single	cow	medium
快去	u			no-source	fallback	low
註冊表	u			no-source	fallback	low
紅軍	u			no-source	fallback	low
公益	u			no-source	fallback	low
切爾西	u			no-source	fallback	low
北京大學	n			len4-noun-heuristic	heuristic	medium
確有	u			no-source	fallback	low
摘要	n			cow-single	cow	medium
淨利潤	u			no-source	fallback	low
部分內容	u			no-source	fallback	low
下個月	u			no-source	fallback	low
要我	u			no-source	fallback	low
國家級	u			no-source	fallback	low
潮溼	u			no-source	fallback	low
不曾	u			no-source	fallback	low
很早	u			no-source	fallback	low
最後一次	u			no-source	fallback	low
官兵	u			no-source	fallback	low
笑笑	u			no-source	fallback	low
邁	v			cow-single	cow	medium
這幾個	u			no-source	fallback	low
子公司	u			no-source	fallback	low
候選人	n			cow-single	cow	medium
管理部門	n			len4-noun-heuristic	heuristic	medium
骨幹	n			cow-single	cow	medium
控制器	u			no-source	fallback	low
世界上最	u			no-source	fallback	low
定了	u			no-source	fallback	low
擺在	u			no-source	fallback	low
點卡	u			no-source	fallback	low
嫁給	u			no-source	fallback	low
房貸	u			no-source	fallback	low
頗有	u			no-source	fallback	low
性行爲	u			no-source	fallback	low
大多數人	u			no-source	fallback	low
但還是	u			no-source	fallback	low
業內人士	n			len4-noun-heuristic	heuristic	medium
沒有必要	u			no-source	fallback	low
省市	u			no-source	fallback	low
太累	u			no-source	fallback	low
拿去	u			no-source	fallback	low
氣死	u			no-source	fallback	low
所示	u			no-source	fallback	low
提成	n			cow-single	cow	medium
產品質量	u			no-source	fallback	low
要從	u			no-source	fallback	low
招人	u			no-source	fallback	low
松下	u			no-source	fallback	low
聽起來	u			no-source	fallback	low
註銷	u			no-source	fallback	low
國美	u			no-source	fallback	low
採	v			cow-single	cow	medium
說要	u			no-source	fallback	low
是一樣的	u			no-source	fallback	low
增速	u			no-source	fallback	low
什麼事情	u			no-source	fallback	low
合法權益	u			no-source	fallback	low
分頁	u			no-source	fallback	low
走走	u			no-source	fallback	low
不完	v			verb-suffix	heuristic	medium
市場份額	u			no-source	fallback	low
作品內容	u			no-source	fallback	low
每一個人	u			no-source	fallback	low
浜	u			no-source	fallback	low
劇中	u			no-source	fallback	low
福建省	u			no-source	fallback	low
證監會	u			no-source	fallback	low
徐州	u			no-source	fallback	low
黃山	u			no-source	fallback	low
大一	u			no-source	fallback	low
網點	u			no-source	fallback	low
薇	n			cow-single	cow	medium
二手房	u			no-source	fallback	low
產業化	u			no-source	fallback	low
註釋	n			cow-single	cow	medium
一字	u			no-source	fallback	low
一發	u			no-source	fallback	low
一袋	u			no-source	fallback	low
三人組	u			no-source	fallback	low
上角	u			no-source	fallback	low
下野	u			no-source	fallback	low
不清	u			no-source	fallback	low
久唔久	u			no-source	fallback	low
久而久之	u			no-source	fallback	low
亭	n			cow-single	cow	medium
人多	u			no-source	fallback	low
人有	u			no-source	fallback	low
仔到	u			no-source	fallback	low
仔話	u			no-source	fallback	low
企咗響度	u			no-source	fallback	low
企埋	u			no-source	fallback	low
但點	u			no-source	fallback	low
住響	u			no-source	fallback	low
作勢	u			no-source	fallback	low
你仲未	u			no-source	fallback	low
你夠	u			no-source	fallback	low
依樣	u			no-source	fallback	low
便會	u			no-source	fallback	low
信念	n			cow-single	cow	medium
個次	u			no-source	fallback	low
做出	u			no-source	fallback	low
做成	u			no-source	fallback	low
傾緊	u			no-source	fallback	low
傾過	u			no-source	fallback	low
先得㗎	u			no-source	fallback	low
兜返	u			no-source	fallback	low
兩個韻	u			no-source	fallback	low
刨	u			no-source	fallback	low
到嗰	u			no-source	fallback	low
剛落	u			no-source	fallback	low
劑	n			cow-single	cow	medium
匙	n			cow-single	cow	medium
半鐘	u			no-source	fallback	low
卦	u			no-source	fallback	low
印傭	u			no-source	fallback	low
受山	v		passive	prefix-passive	heuristic	medium
右下角	u			no-source	fallback	low
周慧敏	u			no-source	fallback	low
咒文	u			no-source	fallback	low
咗六合彩	u			no-source	fallback	low
咗套	u			no-source	fallback	low
咗本	u			no-source	fallback	low
哞	u			no-source	fallback	low
唔在乎	u			no-source	fallback	low
啤梨	u			no-source	fallback	low
喉	u			no-source	fallback	low
嘈到	u			no-source	fallback	low
圈圈	u			no-source	fallback	low
執行	n,v			cow-multi	cow	medium
填	u			no-source	fallback	low
墮	u			no-source	fallback	low
壓迫	n,v			cow-multi	cow	medium
多心	u			no-source	fallback	low
大喝	u			no-source	fallback	low
大埔	u			no-source	fallback	low
好夜	u			no-source	fallback	low
好氣	u			no-source	fallback	low
姐麻	u			no-source	fallback	low
子政	u			no-source	fallback	low
學到	u			no-source	fallback	low
宋娟	u			no-source	fallback	low
完先	u			no-source	fallback	low
實行	n,v			cow-multi	cow	medium
局副局長	u			no-source	fallback	low
師弟	u			no-source	fallback	low
帶嚟	u			no-source	fallback	low
幾十年	u			no-source	fallback	low
廢物	n			cow-single	cow	medium
影張	u			no-source	fallback	low
心知	u			no-source	fallback	low
思坐	u			no-source	fallback	low
怨恨	n,v			cow-multi	cow	medium
悲哀	n			cow-single	cow	medium
慮	u			no-source	fallback	low
憎人	u			no-source	fallback	low
成張	u			no-source	fallback	low
我射	u			no-source	fallback	low
我數	u			no-source	fallback	low
我錯	u			no-source	fallback	low
打下	u			no-source	fallback	low
打冷震	u			no-source	fallback	low
打完	v			verb-suffix	heuristic	medium
托住	v			verb-suffix	heuristic	medium
扮嘢	u			no-source	fallback	low
批准	n,v			cow-multi	cow	medium
拐	v			cow-single	cow	medium
推到	u			no-source	fallback	low
插班	u			no-source	fallback	low
揞	u			no-source	fallback	low
教過	u			no-source	fallback	low
早抖	u			no-source	fallback	low
月楓	u			no-source	fallback	low
有車	u			no-source	fallback	low
本書	u			no-source	fallback	low
柴	u			no-source	fallback	low
校生	u			no-source	fallback	low
森之鐲	u			no-source	fallback	low
武天	u			no-source	fallback	low
死火	u			no-source	fallback	low
死路	u			no-source	fallback	low
每一下	u			no-source	fallback	low
永倫	u			no-source	fallback	low
沈默	u			no-source	fallback	low
洞口	u			no-source	fallback	low
流行	u			no-source	fallback	low
無女	u			no-source	fallback	low
狼狽	u			no-source	fallback	low
王胤	u			no-source	fallback	low
理得	u			no-source	fallback	low
甘講	u			no-source	fallback	low
畀錢	u			no-source	fallback	low
留響	u			no-source	fallback	low
略	u			no-source	fallback	low
痰	u			no-source	fallback	low
癡住	v			verb-suffix	heuristic	medium
登登登	u			no-source	fallback	low
監	u			no-source	fallback	low
盲	n			cow-single	cow	medium
瞬移	u			no-source	fallback	low
神話	n			cow-single	cow	medium
空檔	u			no-source	fallback	low
穿着	n			cow-single	cow	medium
第三次	u			no-source	fallback	low
翻學	u			no-source	fallback	low
聆	u			no-source	fallback	low
自衛	u			no-source	fallback	low
舒	u			no-source	fallback	low
菜菜	u			no-source	fallback	low
萬用	u			no-source	fallback	low
落樓	u			no-source	fallback	low
蓋蓋	u			no-source	fallback	low
蛋散	u			no-source	fallback	low
衝埋	u			no-source	fallback	low
見客	u			no-source	fallback	low
覺悟	u			no-source	fallback	low
調轉	u			no-source	fallback	low
講一	u			no-source	fallback	low
謝	u			no-source	fallback	low
證	u			no-source	fallback	low
買嘢	u			no-source	fallback	low
走返	u			no-source	fallback	low
身後有	u			no-source	fallback	low
轉面	u			no-source	fallback	low
辣雞	u			no-source	fallback	low
追逐	v			cow-single	cow	medium
這段	u			no-source	fallback	low
過要	u			no-source	fallback	low
遲下	u			no-source	fallback	low
金劍	u			no-source	fallback	low
金毛飛	u			no-source	fallback	low
鎚	u			no-source	fallback	low
長輩	u			no-source	fallback	low
長遠	u			no-source	fallback	low
開餐	u			no-source	fallback	low
阿明問	u			no-source	fallback	low
陣味	u			no-source	fallback	low
露台	u			no-source	fallback	low
青頭	u			no-source	fallback	low
面子	u			no-source	fallback	low
韓	u			no-source	fallback	low
預算案	n			cow-single	cow	medium
飛出	u			no-source	fallback	low
飛起	u			no-source	fallback	low
香噴噴	u			no-source	fallback	low
鹽	n			cow-single	cow	medium
麻麻	u			no-source	fallback	low
龐	u			no-source	fallback	low
以其	u			no-source	fallback	low
戶	u			no-source	fallback	low
沒有想到	u			no-source	fallback	low
生產企業	u			no-source	fallback	low
躲在	u			no-source	fallback	low
農行	u			no-source	fallback	low
多功能	u			no-source	fallback	low
很明顯	u			no-source	fallback	low
卻被	u			no-source	fallback	low
多普達	u			no-source	fallback	low
臺式機	u			no-source	fallback	low
法人	u			no-source	fallback	low
令我	u			no-source	fallback	low
法律法規	u			no-source	fallback	low
來這裏	u			no-source	fallback	low
均有	u			no-source	fallback	low
我叫	u			no-source	fallback	low
標註	u			no-source	fallback	low
都用	u			no-source	fallback	low
不以爲然	u			no-source	fallback	low
可使	u			no-source	fallback	low
正文	u			no-source	fallback	low
你用	u			no-source	fallback	low
很多人都	u			no-source	fallback	low
都好	u			no-source	fallback	low
晚年	n			cow-single	cow	medium
社會保障	u			no-source	fallback	low
雅思	u			no-source	fallback	low
都行	u			no-source	fallback	low
做不到	u			no-source	fallback	low
字節	u			no-source	fallback	low
更多信息	u			no-source	fallback	low
研究員	n			cow-single	cow	medium
千萬別	u			no-source	fallback	low
林業	u			no-source	fallback	low
那麼大	u			no-source	fallback	low
邵	n			cow-single	cow	medium
掛機	u			no-source	fallback	low
是一位	u			no-source	fallback	low
數百	u			no-source	fallback	low
三亞	u			no-source	fallback	low
網關	u			no-source	fallback	low
這些問題	n			len4-noun-heuristic	heuristic	medium
不幹	u			no-source	fallback	low
嗚嗚	u			no-source	fallback	low
在做	u			no-source	fallback	low
爲準	u			no-source	fallback	low
超頻	u			no-source	fallback	low
這種人	u			no-source	fallback	low
高三	u			no-source	fallback	low
出問題	u			no-source	fallback	low
湖南省	u			no-source	fallback	low
西門子	u			no-source	fallback	low
說好	u			no-source	fallback	low
頂一下	u			no-source	fallback	low
麗江	u			no-source	fallback	low
新一輪	u			no-source	fallback	low
您在	u			no-source	fallback	low
好消息	u			no-source	fallback	low
怎麼看	u			no-source	fallback	low
校區	u			no-source	fallback	low
湖北省	u			no-source	fallback	low
中獎	u			no-source	fallback	low
買點	u			no-source	fallback	low
什麼的	u			no-source	fallback	low
單個	u			no-source	fallback	low
還有一些	u			no-source	fallback	low
寫入	u			no-source	fallback	low
有誰	u			no-source	fallback	low
外企	u			no-source	fallback	low
寫完	v			verb-suffix	heuristic	medium
章子怡	u			no-source	fallback	low
寬屏	u			no-source	fallback	low
網線	u			no-source	fallback	low
不叫	u			no-source	fallback	low
可靠性	u			no-source	fallback	low
序號	u			no-source	fallback	low
日電	u			no-source	fallback	low
聊天室	u			no-source	fallback	low
誰是	u			no-source	fallback	low
戶型	u			no-source	fallback	low
投產	u			no-source	fallback	low
數組	u			no-source	fallback	low
開來	u			no-source	fallback	low
便攜	u			no-source	fallback	low
管理局	u			no-source	fallback	low
這是個	u			no-source	fallback	low
笑道	u			no-source	fallback	low
約爲	u			no-source	fallback	low
兩款	u			no-source	fallback	low
可不	u			no-source	fallback	low
房間裏	u			no-source	fallback	low
爲期	u			no-source	fallback	low
社會發展	u			no-source	fallback	low
研究中心	n			len4-noun-heuristic	heuristic	medium
好呀	u			no-source	fallback	low
是爲	u			no-source	fallback	low
不需	u			no-source	fallback	low
應爲	u			no-source	fallback	low
券	n			cow-single	cow	medium
獃	u			no-source	fallback	low
聲卡	u			no-source	fallback	low
賬號	u			no-source	fallback	low
越高	u			no-source	fallback	low
信息技術	n			len4-noun-heuristic	heuristic	medium
大唐	u			no-source	fallback	low
很奇怪	u			no-source	fallback	low
臺詞	u			no-source	fallback	low
那也	u			no-source	fallback	low
咔咔	u			no-source	fallback	low
住的	u			no-source	fallback	low
這個月	u			no-source	fallback	low
大家好	u			no-source	fallback	low
均價	u			no-source	fallback	low
更容易	u			no-source	fallback	low
組委會	u			no-source	fallback	low
新城	u			no-source	fallback	low
安徽省	u			no-source	fallback	low
踩踩	u			no-source	fallback	low
前段時間	u			no-source	fallback	low
就跟	u			no-source	fallback	low
我所	u			no-source	fallback	low
喫驚	u			no-source	fallback	low
行不行	u			no-source	fallback	low
多喫	u			no-source	fallback	low
這件事情	u			no-source	fallback	low
不光	u			no-source	fallback	low
法語	u			no-source	fallback	low
空格	u			no-source	fallback	low
富人	n			cow-single	cow	medium
就走	u			no-source	fallback	low
能使	u			no-source	fallback	low
較快	u			no-source	fallback	low
菊	u			no-source	fallback	low
這個詞	u			no-source	fallback	low
誰來	u			no-source	fallback	low
銷售額	u			no-source	fallback	low
膩	u			no-source	fallback	low
計費	u			no-source	fallback	low
三個人	u			no-source	fallback	low
已在	u			no-source	fallback	low
復旦	u			no-source	fallback	low
精度	u			no-source	fallback	low
行嗎	u			no-source	fallback	low
省錢	u			no-source	fallback	low
管理工作	u			no-source	fallback	low
貼圖	u			no-source	fallback	low
偷拍	u			no-source	fallback	low
在她	u			no-source	fallback	low
急着	u			no-source	fallback	low
逛逛	u			no-source	fallback	low
但他們	u			no-source	fallback	low
機電	u			no-source	fallback	low
聯繫電話	n			len4-noun-heuristic	heuristic	medium
俞	u			no-source	fallback	low
第一批	u			no-source	fallback	low
怎麼做	u			no-source	fallback	low
我爲	u			no-source	fallback	low
技術人員	n			len4-noun-heuristic	heuristic	medium
指鍼	u			no-source	fallback	low
去死	u			no-source	fallback	low
時說	u			no-source	fallback	low
一直以來	u			no-source	fallback	low
爲我	u			no-source	fallback	low
看懂	u			no-source	fallback	low
就很	u			no-source	fallback	low
怎麼可能	u			no-source	fallback	low
郝	u			no-source	fallback	low
下一	u			no-source	fallback	low
也是一種	u			no-source	fallback	low
呈現出	u			no-source	fallback	low
很深	u			no-source	fallback	low
摸摸	u			no-source	fallback	low
牛人	u			no-source	fallback	low
笑得	u			no-source	fallback	low
這麼多年	u			no-source	fallback	low
喫虧	u			no-source	fallback	low
帕	u			no-source	fallback	low
一嚇	u			no-source	fallback	low
三層	u			no-source	fallback	low
三條	u			no-source	fallback	low
上層	u			no-source	fallback	low
上腦	u			no-source	fallback	low
下年	u			no-source	fallback	low
下望	u			no-source	fallback	low
不妨	u			no-source	fallback	low
不變	u			no-source	fallback	low
中醫	u			no-source	fallback	low
介指	u			no-source	fallback	low
仔呀	u			no-source	fallback	low
但它	u			no-source	fallback	low
低胸	u			no-source	fallback	low
便宜	u			no-source	fallback	low
俱	u			no-source	fallback	low
個肚	u			no-source	fallback	low
傾訴	u			no-source	fallback	low
內側	u			no-source	fallback	low
全個	u			no-source	fallback	low
全裸	u			no-source	fallback	low
六個	u			no-source	fallback	low
再落	u			no-source	fallback	low
冤	u			no-source	fallback	low
出路	n			cow-single	cow	medium
分咗手	u			no-source	fallback	low
十二	x			numeral	heuristic	high
半場	n			cow-single	cow	medium
即話	u			no-source	fallback	low
口窒窒	u			no-source	fallback	low
古惑	u			no-source	fallback	low
咗一條	u			no-source	fallback	low
唏	u			no-source	fallback	low
喇得	u			no-source	fallback	low
嗒	u			no-source	fallback	low
嘅女	u			no-source	fallback	low
嘶	u			no-source	fallback	low
嚟得	u			no-source	fallback	low
地出	u			no-source	fallback	low
埋頭	u			no-source	fallback	low
墓主	u			no-source	fallback	low
夠喇	u			no-source	fallback	low
大少	u			no-source	fallback	low
好怪	u			no-source	fallback	low
好憎	u			no-source	fallback	low
好耐無見	u			no-source	fallback	low
孽	u			no-source	fallback	low
定時	u			no-source	fallback	low
察	u			no-source	fallback	low
對出	u			no-source	fallback	low
導	u			no-source	fallback	low
小欖	u			no-source	fallback	low
小雪同	u			no-source	fallback	low
幾快	u			no-source	fallback	low
幾慘	u			no-source	fallback	low
幾歲	u			no-source	fallback	low
幾聲	u			no-source	fallback	low
得嚟	u			no-source	fallback	low
忍到	u			no-source	fallback	low
快會	u			no-source	fallback	low
急步	u			no-source	fallback	low
愛過	u			no-source	fallback	low
懷住	v			verb-suffix	heuristic	medium
我個妹	u			no-source	fallback	low
我姐	u			no-source	fallback	low
我搖搖頭	u			no-source	fallback	low
我畫	u			no-source	fallback	low
我變	u			no-source	fallback	low
所思	u			no-source	fallback	low
打擾	v			cow-single	cow	medium
披	u			no-source	fallback	low
抵受	u			no-source	fallback	low
接聽	v			cow-single	cow	medium
控	u			no-source	fallback	low
換個	u			no-source	fallback	low
擴散	n,v			cow-multi	cow	medium
方家	u			no-source	fallback	low
晌	u			no-source	fallback	low
晶晶	u			no-source	fallback	low
有返	u			no-source	fallback	low
有骨	u			no-source	fallback	low
木門	u			no-source	fallback	low
梁	n			cow-single	cow	medium
機率	u			no-source	fallback	low
正下方	u			no-source	fallback	low
死窮	u			no-source	fallback	low
每一日	u			no-source	fallback	low
每天	u			no-source	fallback	low
深水	u			no-source	fallback	low
清姨	u			no-source	fallback	low
渣車	u			no-source	fallback	low
滲	v			cow-single	cow	medium
滲出	u			no-source	fallback	low
無望	u			no-source	fallback	low
照住	v			verb-suffix	heuristic	medium
燁	u			no-source	fallback	low
王子	n			cow-single	cow	medium
珍貴	u			no-source	fallback	low
瓶	n			cow-single	cow	medium
甜甜	u			no-source	fallback	low
病床	u			no-source	fallback	low
白車	u			no-source	fallback	low
百厭	u			no-source	fallback	low
眼溼	u			no-source	fallback	low
眼溼溼	u			no-source	fallback	low
瞬	u			no-source	fallback	low
知好	u			no-source	fallback	low
知過	u			no-source	fallback	low
硬頸	u			no-source	fallback	low
碧	u			no-source	fallback	low
神來	u			no-source	fallback	low
禽獸	u			no-source	fallback	low
移開	v			verb-suffix	heuristic	medium
細龜	u			no-source	fallback	low
維修	u			no-source	fallback	low
緊嗰	u			no-source	fallback	low
緊閉	u			no-source	fallback	low
纖	u			no-source	fallback	low
耙	n			cow-single	cow	medium
聲同	u			no-source	fallback	low
聽個	u			no-source	fallback	low
聽起	u			no-source	fallback	low
肚痛	u			no-source	fallback	low
腳軟	u			no-source	fallback	low
自大	u			no-source	fallback	low
表面上	u			no-source	fallback	low
衰嘢	u			no-source	fallback	low
褪	u			no-source	fallback	low
要過	u			no-source	fallback	low
解到	u			no-source	fallback	low
計埋	u			no-source	fallback	low
訓緊	u			no-source	fallback	low
記翻	u			no-source	fallback	low
試吓	u			no-source	fallback	low
諾	u			no-source	fallback	low
講依	u			no-source	fallback	low
講明	u			no-source	fallback	low
講開	v			verb-suffix	heuristic	medium
識路	u			no-source	fallback	low
變大	u			no-source	fallback	low
象	n			cow-single	cow	medium
起手	u			no-source	fallback	low
身前	u			no-source	fallback	low
載	u			no-source	fallback	low
輕撫	u			no-source	fallback	low
轉右	u			no-source	fallback	low
轉轉	u			no-source	fallback	low
返番	u			no-source	fallback	low
返過	u			no-source	fallback	low
這些都是	u			no-source	fallback	low
逸	u			no-source	fallback	low
過幾日	u			no-source	fallback	low
還在	u			no-source	fallback	low
邊一個	u			no-source	fallback	low
都夠	u			no-source	fallback	low
醒返	u			no-source	fallback	low
重播	n			cow-single	cow	medium
鐘先	u			no-source	fallback	low
鐘聲	u			no-source	fallback	low
長氣	u			no-source	fallback	low
開場白	u			no-source	fallback	low
阿俊同	u			no-source	fallback	low
阿星	u			no-source	fallback	low
顧慮	v			cow-single	cow	medium
食多	u			no-source	fallback	low
高質	u			no-source	fallback	low
點一	u			no-source	fallback	low
點點	u			no-source	fallback	low
齊人	u			no-source	fallback	low
龍珠	u			no-source	fallback	low
兩個字	u			no-source	fallback	low
咪咪	u			no-source	fallback	low
國資委	u			no-source	fallback	low
太晚	u			no-source	fallback	low
拍拍	u			no-source	fallback	low
入市	u			no-source	fallback	low
巴薩	u			no-source	fallback	low
源碼	u			no-source	fallback	low
愛的人	u			no-source	fallback	low
譽爲	u			no-source	fallback	low
又說	u			no-source	fallback	low
大爲	u			no-source	fallback	low
沒勁	u			no-source	fallback	low
卡巴	u			no-source	fallback	low
屬於自己	u			no-source	fallback	low
報刊	u			no-source	fallback	low
年間	u			no-source	fallback	low
向他	u			no-source	fallback	low
多長	u			no-source	fallback	low
服務中心	n			len4-noun-heuristic	heuristic	medium
跑跑	u			no-source	fallback	low
實在太	u			no-source	fallback	low
很多時候	u			no-source	fallback	low
被他	v		passive	prefix-passive	heuristic	medium
越來越大	u			no-source	fallback	low
是被	u			no-source	fallback	low
最後更新	u			no-source	fallback	low
會很	u			no-source	fallback	low
勞動合同	u			no-source	fallback	low
就怕	u			no-source	fallback	low
杆	n			cow-single	cow	medium
好幾次	u			no-source	fallback	low
纔好	u			no-source	fallback	low
一次次	u			no-source	fallback	low
要多	u			no-source	fallback	low
飛利浦	u			no-source	fallback	low
映像	u			no-source	fallback	low
豐田	u			no-source	fallback	low
偶們	u			no-source	fallback	low
想好	u			no-source	fallback	low
誤差	n			cow-single	cow	medium
多萬	u			no-source	fallback	low
吸菸	u			no-source	fallback	low
督促	u			no-source	fallback	low
顯示出	u			no-source	fallback	low
我也想	u			no-source	fallback	low
茲	u			no-source	fallback	low
開店	u			no-source	fallback	low
多少人	u			no-source	fallback	low
好不	u			no-source	fallback	low
全球化	n			cow-single	cow	medium
旺旺	u			no-source	fallback	low
喫到	u			no-source	fallback	low
要找	u			no-source	fallback	low
再有	u			no-source	fallback	low
合租	u			no-source	fallback	low
資費	u			no-source	fallback	low
相關規定	u			no-source	fallback	low
第一部	u			no-source	fallback	low
管理系統	n			len4-noun-heuristic	heuristic	medium
政協	u			no-source	fallback	low
車展	u			no-source	fallback	low
一季度	u			no-source	fallback	low
不掉	v			verb-suffix	heuristic	medium
去哪裏	u			no-source	fallback	low
只看	u			no-source	fallback	low
在想	u			no-source	fallback	low
紡織	v			cow-single	cow	medium
但現在	u			no-source	fallback	low
這纔是	u			no-source	fallback	low
使之	u			no-source	fallback	low
所爲	u			no-source	fallback	low
城管	u			no-source	fallback	low
不着	u			no-source	fallback	low
最主要的	u			no-source	fallback	low
用的是	u			no-source	fallback	low
划算	u			no-source	fallback	low
回到家	u			no-source	fallback	low
妳是	u			no-source	fallback	low
看清	u			no-source	fallback	low
不走	u			no-source	fallback	low
夢裏	u			no-source	fallback	low
我倒	u			no-source	fallback	low
我一	u			no-source	fallback	low
癡情	u			no-source	fallback	low
術後	u			no-source	fallback	low
黨組織	u			no-source	fallback	low
交大	u			no-source	fallback	low
文件名	u			no-source	fallback	low
本報訊	u			no-source	fallback	low
看着他	u			no-source	fallback	low
翻了	u			no-source	fallback	low
落戶	u			no-source	fallback	low
蔣介石	u			no-source	fallback	low
高質量	u			no-source	fallback	low
能爲	u			no-source	fallback	low
彩信	u			no-source	fallback	low
更何況	u			no-source	fallback	low
什麼人	u			no-source	fallback	low
新華	u			no-source	fallback	low
贖回	u			no-source	fallback	low
跌幅	u			no-source	fallback	low
用什麼	u			no-source	fallback	low
管理辦法	u			no-source	fallback	low
這麼久	u			no-source	fallback	low
都得	u			no-source	fallback	low
最大限度	u			no-source	fallback	low
出的	u			no-source	fallback	low
同比增長	u			no-source	fallback	low
格式化	n			cow-single	cow	medium
沒有問題	n			len4-noun-heuristic	heuristic	medium
大號	n			cow-single	cow	medium
幾乎沒有	u			no-source	fallback	low
發展趨勢	u			no-source	fallback	low
與他	u			no-source	fallback	low
那塊	u			no-source	fallback	low
彥	u			no-source	fallback	low
還差	u			no-source	fallback	low
去哪	u			no-source	fallback	low
弄個	u			no-source	fallback	low
給了我	u			no-source	fallback	low
科學技術	n			len4-noun-heuristic	heuristic	medium
就來	u			no-source	fallback	low
地處	u			no-source	fallback	low
多說	u			no-source	fallback	low
權重	n			cow-single	cow	medium
求購	u			no-source	fallback	low
當衆	u			no-source	fallback	low
面料	u			no-source	fallback	low
中國股市	u			no-source	fallback	low
什麼問題	n			len4-noun-heuristic	heuristic	medium
號線	u			no-source	fallback	low
請各位	u			no-source	fallback	low
送你	u			no-source	fallback	low
主教練	u			no-source	fallback	low
一年多	u			no-source	fallback	low
也讓	u			no-source	fallback	low
在牀上	u			no-source	fallback	low
幾乎所有	u			no-source	fallback	low
要以	u			no-source	fallback	low
要給	u			no-source	fallback	low
小喫	u			no-source	fallback	low
攢	u			no-source	fallback	low
這是一種	u			no-source	fallback	low
買東西	u			no-source	fallback	low
陝西省	u			no-source	fallback	low
非常大	u			no-source	fallback	low
高血壓	n			cow-single	cow	medium
工作經驗	u			no-source	fallback	low
後代	n			cow-single	cow	medium
我就不	u			no-source	fallback	low
早知道	u			no-source	fallback	low
范冰冰	u			no-source	fallback	low
所需要	u			no-source	fallback	low
彬	u			no-source	fallback	low
找回	u			no-source	fallback	low
該如何	u			no-source	fallback	low
這些東西	u			no-source	fallback	low
沒準	u			no-source	fallback	low
卿	u			no-source	fallback	low
很貴	u			no-source	fallback	low
本版	u			no-source	fallback	low
該怎麼	u			no-source	fallback	low
盤中	u			no-source	fallback	low
綜合性	u			no-source	fallback	low
自己喜歡	u			no-source	fallback	low
五百	x			numeral	heuristic	high
時就	u			no-source	fallback	low
人也	u			no-source	fallback	low
多小時	u			no-source	fallback	low
很晚	u			no-source	fallback	low
使他	u			no-source	fallback	low
把這	u			no-source	fallback	low
購房者	u			no-source	fallback	low
不佳	u			no-source	fallback	low
健康發展	u			no-source	fallback	low
股指期貨	u			no-source	fallback	low
一包	u			no-source	fallback	low
一掃	u			no-source	fallback	low
一槍	u			no-source	fallback	low
一黑	u			no-source	fallback	low
三十歲	u			no-source	fallback	low
下唇	u			no-source	fallback	low
下頭	u			no-source	fallback	low
不經	u			no-source	fallback	low
不顧	v			cow-single	cow	medium
九個	u			no-source	fallback	low
二嚟	u			no-source	fallback	low
人見	u			no-source	fallback	low
人響	u			no-source	fallback	low
仲食	u			no-source	fallback	low
但估	u			no-source	fallback	low
住條	u			no-source	fallback	low
你理	u			no-source	fallback	low
你試	u			no-source	fallback	low
億	x			numeral	heuristic	high
優雅	n			cow-single	cow	medium
先嚟	u			no-source	fallback	low
入屋	u			no-source	fallback	low
內裡	u			no-source	fallback	low
全港	u			no-source	fallback	low
凈	u			no-source	fallback	low
出廳	u			no-source	fallback	low
刃	u			no-source	fallback	low
初中	u			no-source	fallback	low
判	u			no-source	fallback	low
十足十	u			no-source	fallback	low
南門	u			no-source	fallback	low
叉燒包	u			no-source	fallback	low
友好	n,v			cow-multi	cow	medium
口試	u			no-source	fallback	low
可言	u			no-source	fallback	low
可靠	u			no-source	fallback	low
右下	u			no-source	fallback	low
右望	u			no-source	fallback	low
右腳	u			no-source	fallback	low
呀傑	u			no-source	fallback	low
咗份	u			no-source	fallback	low
咸魚	u			no-source	fallback	low
哩件	u			no-source	fallback	low
哪	x			heuristic	heuristic	high
啊媽	u			no-source	fallback	low
問個	u			no-source	fallback	low
嗡	u			no-source	fallback	low
嗰班	u			no-source	fallback	low
嘅名	u			no-source	fallback	low
嘅毒	u			no-source	fallback	low
嘉欣	u			no-source	fallback	low
嘟嘟嘟	u			no-source	fallback	low
回神	u			no-source	fallback	low
回調	u			no-source	fallback	low
困住	v			verb-suffix	heuristic	medium
團體	n			cow-single	cow	medium
地仲有	u			no-source	fallback	low
地笑	u			no-source	fallback	low
地藏	u			no-source	fallback	low
執嘢	u			no-source	fallback	low
大圈	u			no-source	fallback	low
女膜	u			no-source	fallback	low
女裝	u			no-source	fallback	low
好強	u			no-source	fallback	low
好痕	u			no-source	fallback	low
好衫	u			no-source	fallback	low
委	u			no-source	fallback	low
子女	u			no-source	fallback	low
字條	u			no-source	fallback	low
官	n			cow-single	cow	medium
定下	u			no-source	fallback	low
寄信	u			no-source	fallback	low
實質	n			cow-single	cow	medium
將頭	u			no-source	fallback	low
小貞眼	u			no-source	fallback	low
尖銳	u			no-source	fallback	low
左令	u			no-source	fallback	low
左眼	u			no-source	fallback	low
巨石	u			no-source	fallback	low
帶過	u			no-source	fallback	low
平排	u			no-source	fallback	low
年班	u			no-source	fallback	low
幽暗	n			cow-single	cow	medium
幾件	u			no-source	fallback	low
幾勁	u			no-source	fallback	low
幾千蚊	u			no-source	fallback	low
床單	u			no-source	fallback	low
度講	u			no-source	fallback	low
弱小	u			no-source	fallback	low
強壯	n			cow-single	cow	medium
彈起	u			no-source	fallback	low
得番	u			no-source	fallback	low
想着	u			no-source	fallback	low
慚愧	u			no-source	fallback	low
我做	u			no-source	fallback	low
我冇事	u			no-source	fallback	low
我帶	u			no-source	fallback	low
我救	u			no-source	fallback	low
扇	n,v			cow-multi	cow	medium
手提	u			no-source	fallback	low
投以	u			no-source	fallback	low
拍落	u			no-source	fallback	low
拜神	v			cow-single	cow	medium
拮	u			no-source	fallback	low
振倫	u			no-source	fallback	low
探頭	u			no-source	fallback	low
換轉	u			no-source	fallback	low
搏頭	u			no-source	fallback	low
搞成	u			no-source	fallback	low
搲	u			no-source	fallback	low
撼	u			no-source	fallback	low
支煙	u			no-source	fallback	low
效	u			no-source	fallback	low
救到	u			no-source	fallback	low
斬斷	u			no-source	fallback	low
早前	u			no-source	fallback	low
普	u			no-source	fallback	low
智障	u			no-source	fallback	low
暈低	u			no-source	fallback	low
會嚟	u			no-source	fallback	low
會響	u			no-source	fallback	low
有諗過	u			no-source	fallback	low
有邊	u			no-source	fallback	low
李天嵐	u			no-source	fallback	low
東涌	u			no-source	fallback	low
林伯	u			no-source	fallback	low
極都	u			no-source	fallback	low
榮榮	u			no-source	fallback	low
槽	n			cow-single	cow	medium
模型	n			cow-single	cow	medium
步軒	u			no-source	fallback	low
殘魂	u			no-source	fallback	low
水皮	u			no-source	fallback	low
流落	u			no-source	fallback	low
渾身	u			no-source	fallback	low
潑	v			cow-single	cow	medium
潘	u			no-source	fallback	low
炮	u			no-source	fallback	low
烈	u			no-source	fallback	low
烘	v			cow-single	cow	medium
無可奈何	u			no-source	fallback	low
無命	u			no-source	fallback	low
熱烈	u			no-source	fallback	low
燙	u			no-source	fallback	low
爐	n			cow-single	cow	medium
特質	n			cow-single	cow	medium
猶	u			no-source	fallback	low
王仙姑	u			no-source	fallback	low
玩夠	u			no-source	fallback	low
理過	u			no-source	fallback	low
由個	u			no-source	fallback	low
申	u			no-source	fallback	low
留堂	u			no-source	fallback	low
省	n			cow-single	cow	medium
真空	n			cow-single	cow	medium
着住件	u			no-source	fallback	low
着返	u			no-source	fallback	low
硬食	u			no-source	fallback	low
神器	u			no-source	fallback	low
禁住	v			verb-suffix	heuristic	medium
章	n			cow-single	cow	medium
答得	u			no-source	fallback	low
紅鈴話	u			no-source	fallback	low
給我	u			no-source	fallback	low
綁架	n,v			cow-multi	cow	medium
老爸	u			no-source	fallback	low
而入	u			no-source	fallback	low
耷	u			no-source	fallback	low
聯盟	n,v			cow-multi	cow	medium
聽落	u			no-source	fallback	low
肥肥	u			no-source	fallback	low
芝	u			no-source	fallback	low
蒼白	u			no-source	fallback	low
蓋亞大	u			no-source	fallback	low
蛋治	u			no-source	fallback	low
蛾	n			cow-single	cow	medium
行落	u			no-source	fallback	low
行過嚟	u			no-source	fallback	low
衝口	u			no-source	fallback	low
襯托	v			cow-single	cow	medium
要入	u			no-source	fallback	low
解脫	u			no-source	fallback	low
識㗎	u			no-source	fallback	low
護	u			no-source	fallback	low
貼上	u			no-source	fallback	low
購物	n,v			cow-multi	cow	medium
走吧	u			no-source	fallback	low
返件	u			no-source	fallback	low
這一個	u			no-source	fallback	low
通頂	u			no-source	fallback	low
逝	u			no-source	fallback	low
還返	u			no-source	fallback	low
里	u			no-source	fallback	low
金莎	u			no-source	fallback	low
銀紙	u			no-source	fallback	low
開出	u			no-source	fallback	low
關斗	u			no-source	fallback	low
阿南同	u			no-source	fallback	low
陸羽	u			no-source	fallback	low
雅	u			no-source	fallback	low
難講	u			no-source	fallback	low
靈風同	u			no-source	fallback	low
鞘	u			no-source	fallback	low
領袖	n			cow-single	cow	medium
頭上	u			no-source	fallback	low
頸巾	u			no-source	fallback	low
飛奔	v			cow-single	cow	medium
香菸	u			no-source	fallback	low
鬼咁	u			no-source	fallback	low
麻麻地	u			no-source	fallback	low
黑絲	u			no-source	fallback	low
鼻水	u			no-source	fallback	low
龍汁	u			no-source	fallback	low
加我	u			no-source	fallback	low
喫完飯	u			no-source	fallback	low
檢察院	u			no-source	fallback	low
茂	u			no-source	fallback	low
人大代表	u			no-source	fallback	low
此項	u			no-source	fallback	low
細化	u			no-source	fallback	low
了一場	u			no-source	fallback	low
包月	u			no-source	fallback	low
極具	u			no-source	fallback	low
買不起	u			no-source	fallback	low
數據顯示	u			no-source	fallback	low
科比	u			no-source	fallback	low
是一款	u			no-source	fallback	low
看吧	u			no-source	fallback	low
金融危機	u			no-source	fallback	low
首位	u			no-source	fallback	low
好麼	u			no-source	fallback	low
佔了	u			no-source	fallback	low
何種	u			no-source	fallback	low
就看	u			no-source	fallback	low
影音	u			no-source	fallback	low
該項目	u			no-source	fallback	low
一點也不	u			no-source	fallback	low
世界各地	u			no-source	fallback	low
協	u			no-source	fallback	low
揭示	v			cow-single	cow	medium
瓊	u			no-source	fallback	low
請我	u			no-source	fallback	low
監理	u			no-source	fallback	low
要錢	u			no-source	fallback	low
結合起來	u			no-source	fallback	low
奇瑞	u			no-source	fallback	low
到你	u			no-source	fallback	low
焊接	u			no-source	fallback	low
那幾個	u			no-source	fallback	low
愛喫	u			no-source	fallback	low
第一名	u			no-source	fallback	low
兩項	u			no-source	fallback	low
走去	u			no-source	fallback	low
百分點	u			no-source	fallback	low
人來說	u			no-source	fallback	low
副總	u			no-source	fallback	low
而這	u			no-source	fallback	low
表彰	u			no-source	fallback	low
銷	v			cow-single	cow	medium
陞	u			no-source	fallback	low
千元	u			no-source	fallback	low
找他	u			no-source	fallback	low
本國	u			no-source	fallback	low
种	u			no-source	fallback	low
今兒	u			no-source	fallback	low
有兩種	u			no-source	fallback	low
編製	u			no-source	fallback	low
上說	u			no-source	fallback	low
門戶網站	u			no-source	fallback	low
做客	u			no-source	fallback	low
在這樣的	u			no-source	fallback	low
招商引資	u			no-source	fallback	low
並不代表	u			no-source	fallback	low
噻	u			no-source	fallback	low
魔獸世界	u			no-source	fallback	low
黃瓜	n			cow-single	cow	medium
送我	u			no-source	fallback	low
或其他	u			no-source	fallback	low
三峽	u			no-source	fallback	low
不貴	u			no-source	fallback	low
中標	u			no-source	fallback	low
淺談	u			no-source	fallback	low
磊	u			no-source	fallback	low
賣的	u			no-source	fallback	low
勢必	u			no-source	fallback	low
我的手	u			no-source	fallback	low
昨	u			no-source	fallback	low
短消息	u			no-source	fallback	low
誰有	u			no-source	fallback	low
來找	u			no-source	fallback	low
大公司	u			no-source	fallback	low
市場競爭	u			no-source	fallback	low
成都市	u			no-source	fallback	low
新房	u			no-source	fallback	low
買單	u			no-source	fallback	low
這麼做	u			no-source	fallback	low
就更	u			no-source	fallback	low
想喫	u			no-source	fallback	low
裏頭	u			no-source	fallback	low
按規定	u			no-source	fallback	low
爲她	u			no-source	fallback	low
高管	u			no-source	fallback	low
糉子	u			no-source	fallback	low
增值稅	u			no-source	fallback	low
熬夜	u			no-source	fallback	low
之日起	u			no-source	fallback	low
件事	u			no-source	fallback	low
指的是	u			no-source	fallback	low
馬克思	u			no-source	fallback	low
將以	u			no-source	fallback	low
案子	u			no-source	fallback	low
液晶電視	u			no-source	fallback	low
產業發展	u			no-source	fallback	low
你和	u			no-source	fallback	low
叫人	u			no-source	fallback	low
基本面	u			no-source	fallback	low
咋個	u			no-source	fallback	low
要靠	u			no-source	fallback	low
股東大會	u			no-source	fallback	low
上臺	u			no-source	fallback	low
再多	u			no-source	fallback	low
娃哈哈	u			no-source	fallback	low
達不到	u			no-source	fallback	low
彆扭	u			no-source	fallback	low
每股	u			no-source	fallback	low
於此	u			no-source	fallback	low
但又	u			no-source	fallback	low
就有了	u			no-source	fallback	low
奧迪	u			no-source	fallback	low
她不	u			no-source	fallback	low
尊重網上	u			no-source	fallback	low
是一	u			no-source	fallback	low
第一章	u			no-source	fallback	low
不被	u			no-source	fallback	low
呆着	u			no-source	fallback	low
喫什麼	u			no-source	fallback	low
嵌入式	u			no-source	fallback	low
各項工作	u			no-source	fallback	low
均線	u			no-source	fallback	low
我也要	u			no-source	fallback	low
現實生活	u			no-source	fallback	low
小寶	u			no-source	fallback	low
既不	u			no-source	fallback	low
借款	u			no-source	fallback	low
春晚	u			no-source	fallback	low
段時間	u			no-source	fallback	low
觀測	v			cow-single	cow	medium
也爲	u			no-source	fallback	low
半個小時	u			no-source	fallback	low
技術支持	u			no-source	fallback	low
用戶提供	u			no-source	fallback	low
首個	u			no-source	fallback	low
世界裏	u			no-source	fallback	low
企業文化	n			len4-noun-heuristic	heuristic	medium
好幾天	u			no-source	fallback	low
兩臺	u			no-source	fallback	low
張靚穎	u			no-source	fallback	low
神舟	u			no-source	fallback	low
蓋章	u			no-source	fallback	low
咋辦	u			no-source	fallback	low
想在	u			no-source	fallback	low
權利人	u			no-source	fallback	low
纔對	u			no-source	fallback	low
豐厚	u			no-source	fallback	low
社會各界	u			no-source	fallback	low
價格上漲	u			no-source	fallback	low
報錯	u			no-source	fallback	low
小幅	u			no-source	fallback	low
謝謝了	u			no-source	fallback	low
並沒	u			no-source	fallback	low
大三	u			no-source	fallback	low
山西省	u			no-source	fallback	low
四種	u			no-source	fallback	low
元左右	u			no-source	fallback	low
很長時間	u			no-source	fallback	low
設在	u			no-source	fallback	low
不聽	u			no-source	fallback	low
大四	u			no-source	fallback	low
那些人	u			no-source	fallback	low
黑龍江省	u			no-source	fallback	low
倒在	u			no-source	fallback	low
內網	u			no-source	fallback	low
兩市	u			no-source	fallback	low
看不起	u			no-source	fallback	low
中國足球	u			no-source	fallback	low
寫在	u			no-source	fallback	low
把錢	u			no-source	fallback	low
編輯器	u			no-source	fallback	low
三四	x			numeral	heuristic	high
互聯	u			no-source	fallback	low
吼吼	u			no-source	fallback	low
幾年前	u			no-source	fallback	low
我是個	u			no-source	fallback	low
發改委	u			no-source	fallback	low
但從	u			no-source	fallback	low
得好	u			no-source	fallback	low
日子裏	u			no-source	fallback	low
在馬	u			no-source	fallback	low
數字電視	u			no-source	fallback	low
獻給	u			no-source	fallback	low
停在	u			no-source	fallback	low
存儲空間	u			no-source	fallback	low
浮躁	u			no-source	fallback	low
塗料	u			no-source	fallback	low
溫馨提示	u			no-source	fallback	low
送來	u			no-source	fallback	low
長虹	u			no-source	fallback	low
降到	u			no-source	fallback	low
國防	u			no-source	fallback	low
留下來	u			no-source	fallback	low
竟是	u			no-source	fallback	low
轉正	u			no-source	fallback	low
全集	n			cow-single	cow	medium
可以根據	u			no-source	fallback	low
室友	u			no-source	fallback	low
實質性	u			no-source	fallback	low
市場需求	u			no-source	fallback	low
沒戲	u			no-source	fallback	low
變的	u			no-source	fallback	low
一般來說	u			no-source	fallback	low
餓死	u			no-source	fallback	low
代表性	u			no-source	fallback	low
特別是在	u			no-source	fallback	low
鍼灸	u			no-source	fallback	low
上也	u			no-source	fallback	low
不由	u			no-source	fallback	low
樂樂	u			no-source	fallback	low
龔	u			no-source	fallback	low
三分之一	n			len4-noun-heuristic	heuristic	medium
他和	u			no-source	fallback	low
又一	u			no-source	fallback	low
又來	u			no-source	fallback	low
好象是	u			no-source	fallback	low
本身就是	u			no-source	fallback	low
貨幣政策	u			no-source	fallback	low
優惠政策	u			no-source	fallback	low
中國銀行	u			no-source	fallback	low
生於	u			no-source	fallback	low
這個名字	u			no-source	fallback	low
一個韻	u			no-source	fallback	low
一掌	u			no-source	fallback	low
一條線	u			no-source	fallback	low
一棵樹	u			no-source	fallback	low
一盒	u			no-source	fallback	low
一開	v			verb-suffix	heuristic	medium
一離	u			no-source	fallback	low
一首	u			no-source	fallback	low
三位	u			no-source	fallback	low
三分	u			no-source	fallback	low
三家	u			no-source	fallback	low
三樓	u			no-source	fallback	low
上回	u			no-source	fallback	low
上機	u			no-source	fallback	low
上班	u			no-source	fallback	low
不一	u			no-source	fallback	low
不語	u			no-source	fallback	low
不遠處	u			no-source	fallback	low
並不	u			no-source	fallback	low
京	u			no-source	fallback	low
人入	u			no-source	fallback	low
人行	u			no-source	fallback	low
介紹一下	u			no-source	fallback	low
仔仔	u			no-source	fallback	low
仲得	u			no-source	fallback	low
仲笑	u			no-source	fallback	low
仲響	u			no-source	fallback	low
伸個頭	u			no-source	fallback	low
住問	u			no-source	fallback	low
你將	u			no-source	fallback	low
佳	u			no-source	fallback	low
倒流	u			no-source	fallback	low
停落	u			no-source	fallback	low
傀儡	u			no-source	fallback	low
先將	u			no-source	fallback	low
兩份	u			no-source	fallback	low
兩杯	u			no-source	fallback	low
兩舊	u			no-source	fallback	low
冷血	u			no-source	fallback	low
冷靜落	u			no-source	fallback	low
凌辱	v			cow-single	cow	medium
功	u			no-source	fallback	low
加個	u			no-source	fallback	low
十八歲	u			no-source	fallback	low
十秒	u			no-source	fallback	low
卡卡	u			no-source	fallback	low
危急	n			cow-single	cow	medium
原校	u			no-source	fallback	low
同二哥	u			no-source	fallback	low
同書生	u			no-source	fallback	low
同紅鈴	u			no-source	fallback	low
呈	u			no-source	fallback	low
呢類	u			no-source	fallback	low
咗一段	u			no-source	fallback	low
哩句	u			no-source	fallback	low
唐詩詩	u			no-source	fallback	low
唔見得	u			no-source	fallback	low
商	n			cow-single	cow	medium
喜悅	u			no-source	fallback	low
喫飽	u			no-source	fallback	low
喻	u			no-source	fallback	low
嗰句	u			no-source	fallback	low
嗰樣	u			no-source	fallback	low
嘈住	v			verb-suffix	heuristic	medium
嚟喇	u			no-source	fallback	low
嚟幫	u			no-source	fallback	low
四十五度	u			no-source	fallback	low
四目	u			no-source	fallback	low
固執	v			cow-single	cow	medium
坐車	u			no-source	fallback	low
基因	n			cow-single	cow	medium
天父	u			no-source	fallback	low
奢侈	n			cow-single	cow	medium
女家	u			no-source	fallback	low
好浪漫	u			no-source	fallback	low
姑姐	u			no-source	fallback	low
媾女	u			no-source	fallback	low
字型	u			no-source	fallback	low
密室	n			cow-single	cow	medium
實有	u			no-source	fallback	low
封住	v			verb-suffix	heuristic	medium
小貞想	u			no-source	fallback	low
就識	u			no-source	fallback	low
嵌	u			no-source	fallback	low
巴哈哈	u			no-source	fallback	low
市場部	u			no-source	fallback	low
帝辛	u			no-source	fallback	low
庫	u			no-source	fallback	low
廢時	u			no-source	fallback	low
廿幾歲	u			no-source	fallback	low
張國贇	u			no-source	fallback	low
心有	u			no-source	fallback	low
心水	u			no-source	fallback	low
忠義	u			no-source	fallback	low
思同	u			no-source	fallback	low
思睇	u			no-source	fallback	low
恕	u			no-source	fallback	low
愈嚟	u			no-source	fallback	low
愛好	n,v			cow-multi	cow	medium
愛着	u			no-source	fallback	low
慳返	u			no-source	fallback	low
成真	u			no-source	fallback	low
我右手	u			no-source	fallback	low
我呀媽	u			no-source	fallback	low
我家	u			no-source	fallback	low
我實	u			no-source	fallback	low
我輸	u			no-source	fallback	low
我養	u			no-source	fallback	low
房度	u			no-source	fallback	low
房訓	u			no-source	fallback	low
所知	u			no-source	fallback	low
所見	u			no-source	fallback	low
手講	u			no-source	fallback	low
扎	v			cow-single	cow	medium
打起	u			no-source	fallback	low
抱住	v			verb-suffix	heuristic	medium
拐杖	u			no-source	fallback	low
挖	v			cow-single	cow	medium
搞法	u			no-source	fallback	low
撞車	u			no-source	fallback	low
操作	n,v			cow-multi	cow	medium
攪成	u			no-source	fallback	low
支槍	u			no-source	fallback	low
改良	n,v			cow-multi	cow	medium
數字化	u			no-source	fallback	low
智能	u			no-source	fallback	low
暈咗	u			no-source	fallback	low
暗地	u			no-source	fallback	low
最靚	u			no-source	fallback	low
會入	u			no-source	fallback	low
會輸	u			no-source	fallback	low
本質	n			cow-single	cow	medium
概況	u			no-source	fallback	low
欄	n			cow-single	cow	medium
歉	u			no-source	fallback	low
歎	u			no-source	fallback	low
毛婆	u			no-source	fallback	low
沈魚	u			no-source	fallback	low
沉醉	u			no-source	fallback	low
洗怕	u			no-source	fallback	low
淆底	u			no-source	fallback	low
淫娃	u			no-source	fallback	low
減低	u			no-source	fallback	low
滿分	u			no-source	fallback	low
滿滿	u			no-source	fallback	low
潮	n			cow-single	cow	medium
濺	v			cow-single	cow	medium
照常	u			no-source	fallback	low
爲乜	u			no-source	fallback	low
爾	u			no-source	fallback	low
牆邊	u			no-source	fallback	low
犯罪	n,v			cow-multi	cow	medium
獄	u			no-source	fallback	low
甚	r			cow-single	cow	medium
留個	u			no-source	fallback	low
當奴	u			no-source	fallback	low
發晒	u			no-source	fallback	low
白光	u			no-source	fallback	low
白煙	u			no-source	fallback	low
盒盒	u			no-source	fallback	low
盪	u			no-source	fallback	low
真摯	u			no-source	fallback	low
確	u			no-source	fallback	low
程雪琪	u			no-source	fallback	low
稱得上	u			no-source	fallback	low
第二層	u			no-source	fallback	low
第二間	u			no-source	fallback	low
粉碎	n,v			cow-multi	cow	medium
紅衫	u			no-source	fallback	low
終有	u			no-source	fallback	low
緊工	u			no-source	fallback	low
緊過	u			no-source	fallback	low
縮開	v			verb-suffix	heuristic	medium
群體	u			no-source	fallback	low
翻入	u			no-source	fallback	low
翻起	u			no-source	fallback	low
老蘭	u			no-source	fallback	low
而令	u			no-source	fallback	low
背面	n			cow-single	cow	medium
脹	v			cow-single	cow	medium
腰帶	n			cow-single	cow	medium
膏	u			no-source	fallback	low
膽粗粗	u			no-source	fallback	low
葵	u			no-source	fallback	low
蜻蜓	n			cow-single	cow	medium
蟲仔	u			no-source	fallback	low
蠻	u			no-source	fallback	low
被殺	v			cow-single	cow	medium
被窩	v		passive	prefix-passive	heuristic	medium
訓過	u			no-source	fallback	low
設	u			no-source	fallback	low
話會	u			no-source	fallback	low
請到	u			no-source	fallback	low
請教	u			no-source	fallback	low
諗落	u			no-source	fallback	low
講越	u			no-source	fallback	low
識貨	u			no-source	fallback	low
識點	u			no-source	fallback	low
貪錢	u			no-source	fallback	low
買個	u			no-source	fallback	low
買到	u			no-source	fallback	low
費時	u			no-source	fallback	low
賀	u			no-source	fallback	low
質感	u			no-source	fallback	low
赤	u			no-source	fallback	low
起上嚟	u			no-source	fallback	low
起勁	u			no-source	fallback	low
起程	v			cow-single	cow	medium
趕得切	u			no-source	fallback	low
跑過	u			no-source	fallback	low
跡	u			no-source	fallback	low
車到	u			no-source	fallback	low
轉返	u			no-source	fallback	low
返出	u			no-source	fallback	low
返身	u			no-source	fallback	low
這件	u			no-source	fallback	low
過咗去	u			no-source	fallback	low
過聲	u			no-source	fallback	low
都識	u			no-source	fallback	low
銘	u			no-source	fallback	low
鋤	n			cow-single	cow	medium
鑑林	u			no-source	fallback	low
閃爍	v			cow-single	cow	medium
開戰	u			no-source	fallback	low
閹	u			no-source	fallback	low
限	u			no-source	fallback	low
陰溼	u			no-source	fallback	low
靈界	u			no-source	fallback	low
靜靜雞	u			no-source	fallback	low
面皮	u			no-source	fallback	low
頂到	u			no-source	fallback	low
食埋	u			no-source	fallback	low
食好	u			no-source	fallback	low
鬼父	u			no-source	fallback	low
鬼知	u			no-source	fallback	low
鬼頭	u			no-source	fallback	low
魔具	u			no-source	fallback	low
黑面	u			no-source	fallback	low
點幫	u			no-source	fallback	low
龍禍	u			no-source	fallback	low
一枚	u			no-source	fallback	low
仙劍	u			no-source	fallback	low
很有可能	u			no-source	fallback	low
都去	u			no-source	fallback	low
長了	u			no-source	fallback	low
黨中央	u			no-source	fallback	low
信息服務	n			len4-noun-heuristic	heuristic	medium
臥	u			no-source	fallback	low
啊啊	u			no-source	fallback	low
就給	u			no-source	fallback	low
略有	u			no-source	fallback	low
萬多	u			no-source	fallback	low
那句話	u			no-source	fallback	low
長長的	u			no-source	fallback	low
發郵件	u			no-source	fallback	low
軍官	n			cow-single	cow	medium
工程建設	u			no-source	fallback	low
污水	n			cow-single	cow	medium
誅仙	u			no-source	fallback	low
請注意	u			no-source	fallback	low
遼寧省	u			no-source	fallback	low
中行	u			no-source	fallback	low
個人認爲	u			no-source	fallback	low
十分鐘	u			no-source	fallback	low
孩	u			no-source	fallback	low
掛鉤	u			no-source	fallback	low
往返	u			no-source	fallback	low
中共中央	u			no-source	fallback	low
他有	u			no-source	fallback	low
在這方面	u			no-source	fallback	low
我想我	u			no-source	fallback	low
威海	u			no-source	fallback	low
沃爾瑪	u			no-source	fallback	low
雜談	u			no-source	fallback	low
坐了	u			no-source	fallback	low
對呀	u			no-source	fallback	low
杭州市	u			no-source	fallback	low
歡迎大家	u			no-source	fallback	low
正品	u			no-source	fallback	low
都已	u			no-source	fallback	low
增發	u			no-source	fallback	low
學學	u			no-source	fallback	low
定爲	u			no-source	fallback	low
拉昇	u			no-source	fallback	low
民進黨	u			no-source	fallback	low
沒有用	u			no-source	fallback	low
海淀	u			no-source	fallback	low
蘇寧	u			no-source	fallback	low
某些人	u			no-source	fallback	low
水資源	u			no-source	fallback	low
睡吧	u			no-source	fallback	low
製備	u			no-source	fallback	low
市級	u			no-source	fallback	low
而後	u			no-source	fallback	low
廣電	u			no-source	fallback	low
是說	u			no-source	fallback	low
進不去	u			no-source	fallback	low
趴在	u			no-source	fallback	low
雲南省	u			no-source	fallback	low
保溼	u			no-source	fallback	low
很厲害	u			no-source	fallback	low
該怎麼辦	u			no-source	fallback	low
不小的	u			no-source	fallback	low
縣委	u			no-source	fallback	low
聽不懂	u			no-source	fallback	low
是靠	u			no-source	fallback	low
犯了	u			no-source	fallback	low
還很	u			no-source	fallback	low
但你	u			no-source	fallback	low
傳給	u			no-source	fallback	low
創造性	u			no-source	fallback	low
即是	u			no-source	fallback	low
多錢	u			no-source	fallback	low
知道嗎	u			no-source	fallback	low
也太	u			no-source	fallback	low
表單	u			no-source	fallback	low
講的	u			no-source	fallback	low
局局長	u			no-source	fallback	low
本科生	u			no-source	fallback	low
民營	u			no-source	fallback	low
要對	u			no-source	fallback	low
流域	u			no-source	fallback	low
營業部	u			no-source	fallback	low
生產基地	u			no-source	fallback	low
之作	u			no-source	fallback	low
多爲	u			no-source	fallback	low
建設項目	u			no-source	fallback	low
竣工	u			no-source	fallback	low
來形容	u			no-source	fallback	low
寶鋼	u			no-source	fallback	low
我區	u			no-source	fallback	low
自主創新	u			no-source	fallback	low
問卷	n			cow-single	cow	medium
看完了	u			no-source	fallback	low
電驢	u			no-source	fallback	low
工商銀行	u			no-source	fallback	low
菸草	u			no-source	fallback	low
不是你	u			no-source	fallback	low
復興	n			cow-single	cow	medium
花兒	u			no-source	fallback	low
所有人都	u			no-source	fallback	low
儒	u			no-source	fallback	low
招商銀行	u			no-source	fallback	low
這叫	u			no-source	fallback	low
到我	u			no-source	fallback	low
挺多	u			no-source	fallback	low
卡號	u			no-source	fallback	low
會兒	u			no-source	fallback	low
真不知道	u			no-source	fallback	low
不同程度	u			no-source	fallback	low
基金公司	n			len4-noun-heuristic	heuristic	medium
之行	u			no-source	fallback	low
南京市	u			no-source	fallback	low
學校裏	u			no-source	fallback	low
安利	u			no-source	fallback	low
經濟社會	n			len4-noun-heuristic	heuristic	medium
閒着	v			cow-single	cow	medium
與你	u			no-source	fallback	low
哪家	u			no-source	fallback	low
有好	u			no-source	fallback	low
這兩種	u			no-source	fallback	low
邊境	n			cow-single	cow	medium
門店	u			no-source	fallback	low
服務對象	u			no-source	fallback	low
詢價	u			no-source	fallback	low
贏利	u			no-source	fallback	low
媒體報道	u			no-source	fallback	low
就會有	u			no-source	fallback	low
後綴	u			no-source	fallback	low
我縣	u			no-source	fallback	low
是一部	u			no-source	fallback	low
縣級	u			no-source	fallback	low
纔	u			no-source	fallback	low
便可	u			no-source	fallback	low
稅率	u			no-source	fallback	low
很多事情	u			no-source	fallback	low
想找	u			no-source	fallback	low
不忘	u			no-source	fallback	low
罵我	u			no-source	fallback	low
被盜	v		passive	prefix-passive	heuristic	medium
仍將	u			no-source	fallback	low
衛生部	u			no-source	fallback	low
認爲自己	u			no-source	fallback	low
瑜伽	u			no-source	fallback	low
一年的	u			no-source	fallback	low
只剩	u			no-source	fallback	low
派人	u			no-source	fallback	low
笑着說	u			no-source	fallback	low
賬	u			no-source	fallback	low
不論是	u			no-source	fallback	low
中國電信	u			no-source	fallback	low
弘	u			no-source	fallback	low
投稿	u			no-source	fallback	low
不賣	u			no-source	fallback	low
新村	u			no-source	fallback	low
東路	u			no-source	fallback	low
毅	u			no-source	fallback	low
彩鈴	u			no-source	fallback	low
數千	u			no-source	fallback	low
但其	u			no-source	fallback	low
施行	u			no-source	fallback	low
以人爲本	u			no-source	fallback	low
寫成	u			no-source	fallback	low
買不到	u			no-source	fallback	low
這傢伙	u			no-source	fallback	low
醫學院	u			no-source	fallback	low
非常感謝	u			no-source	fallback	low
這部電影	n			len4-noun-heuristic	heuristic	medium
中石化	u			no-source	fallback	low
什麼原因	u			no-source	fallback	low
之初	u			no-source	fallback	low
江西省	u			no-source	fallback	low
注意事項	u			no-source	fallback	low
都不敢	u			no-source	fallback	low
做些	u			no-source	fallback	low
演的	u			no-source	fallback	low
上海人	u			no-source	fallback	low
也不可能	u			no-source	fallback	low
薩達姆	u			no-source	fallback	low
高品質	u			no-source	fallback	low
可以考慮	u			no-source	fallback	low
給錢	v			cow-single	cow	medium
做一些	u			no-source	fallback	low
利物浦	u			no-source	fallback	low
南路	u			no-source	fallback	low
吉林省	u			no-source	fallback	low
想要的	u			no-source	fallback	low
力求	v			cow-single	cow	medium
正因爲	u			no-source	fallback	low
看不出來	u			no-source	fallback	low
中科院	u			no-source	fallback	low
但對	u			no-source	fallback	low
僅供	u			no-source	fallback	low
國米	u			no-source	fallback	low
多一點	u			no-source	fallback	low
從業人員	n			len4-noun-heuristic	heuristic	medium
來實現	u			no-source	fallback	low
戶籍	u			no-source	fallback	low
所佔	u			no-source	fallback	low
海淀區	u			no-source	fallback	low
西路	u			no-source	fallback	low
不爲	u			no-source	fallback	low
浦	u			no-source	fallback	low
大學畢業	u			no-source	fallback	low
定向	n			cow-single	cow	medium
就越	u			no-source	fallback	low
很多東西	u			no-source	fallback	low
衝着	u			no-source	fallback	low
貴公司	u			no-source	fallback	low
那麼好	u			no-source	fallback	low
僅提供	u			no-source	fallback	low
扛	u			no-source	fallback	low
測評	u			no-source	fallback	low
網絡傳播	u			no-source	fallback	low
六大	u			no-source	fallback	low
唱的	u			no-source	fallback	low
市委書記	u			no-source	fallback	low
投資人	u			no-source	fallback	low
置於	u			no-source	fallback	low
很爽	u			no-source	fallback	low
群發	u			no-source	fallback	low
肯德基	u			no-source	fallback	low
這臺	u			no-source	fallback	low
之爭	u			no-source	fallback	low
什麼樣子	u			no-source	fallback	low
播客	u			no-source	fallback	low
武漢市	u			no-source	fallback	low
這個傢伙	u			no-source	fallback	low
違法行爲	u			no-source	fallback	low
寫道	u			no-source	fallback	low
快速增長	u			no-source	fallback	low
最快的	u			no-source	fallback	low
刷卡	u			no-source	fallback	low
就像是	u			no-source	fallback	low
腦子裏	u			no-source	fallback	low
註冊碼	u			no-source	fallback	low
所處	u			no-source	fallback	low
醫保	u			no-source	fallback	low
你可	u			no-source	fallback	low
易於	u			no-source	fallback	low
月中旬	u			no-source	fallback	low
這支	u			no-source	fallback	low
市場價格	u			no-source	fallback	low
穿的	u			no-source	fallback	low
去年同期	u			no-source	fallback	low
又沒	u			no-source	fallback	low
弄好	u			no-source	fallback	low
很懶	u			no-source	fallback	low
嘉興	u			no-source	fallback	low
零部件	u			no-source	fallback	low
乾了	u			no-source	fallback	low
你所	u			no-source	fallback	low
周恩來	u			no-source	fallback	low
我老婆	u			no-source	fallback	low
本論壇	u			no-source	fallback	low
加血	u			no-source	fallback	low
廣發	u			no-source	fallback	low
本賽季	u			no-source	fallback	low
不長	u			no-source	fallback	low
去喫	u			no-source	fallback	low
在看	u			no-source	fallback	low
我聽	u			no-source	fallback	low
東芝	u			no-source	fallback	low
物業管理	u			no-source	fallback	low
聯動	u			no-source	fallback	low
元錢	u			no-source	fallback	low
剛來	u			no-source	fallback	low
唔知	u			no-source	fallback	low
自己做	u			no-source	fallback	low
馬英九	u			no-source	fallback	low
是一名	u			no-source	fallback	low
溼淋淋	u			no-source	fallback	low
要先	u			no-source	fallback	low
高性能	u			no-source	fallback	low
批覆	u			no-source	fallback	low
發展戰略	u			no-source	fallback	low
那點	u			no-source	fallback	low
剛從	u			no-source	fallback	low
噹噹	u			no-source	fallback	low
很好看	u			no-source	fallback	low
自考	u			no-source	fallback	low
逮捕	v			cow-single	cow	medium
鋅	n			cow-single	cow	medium
停下來	u			no-source	fallback	low
加起來	u			no-source	fallback	low
可以理解	u			no-source	fallback	low
站內	u			no-source	fallback	low
而被	u			no-source	fallback	low
電阻	u			no-source	fallback	low
其觀點	u			no-source	fallback	low
一右	u			no-source	fallback	low
一封	u			no-source	fallback	low
一波	u			no-source	fallback	low
一筆	u			no-source	fallback	low
下角	u			no-source	fallback	low
之物	u			no-source	fallback	low
二十	x			numeral	heuristic	high
二十年	u			no-source	fallback	low
人肉	u			no-source	fallback	low
人要	u			no-source	fallback	low
仔見	u			no-source	fallback	low
仲問	u			no-source	fallback	low
仲將	u			no-source	fallback	low
仲響度	u			no-source	fallback	low
企得	u			no-source	fallback	low
住件	u			no-source	fallback	low
依張	u			no-source	fallback	low
個害	u			no-source	fallback	low
倔強	v			cow-single	cow	medium
偏僻	u			no-source	fallback	low
偏心	u			no-source	fallback	low
傢	u			no-source	fallback	low
光管	u			no-source	fallback	low
八個	u			no-source	fallback	low
典	u			no-source	fallback	low
冇心機	u			no-source	fallback	low
冇行	u			no-source	fallback	low
再入	u			no-source	fallback	low
再理	u			no-source	fallback	low
冰耀	u			no-source	fallback	low
冷冰冰	u			no-source	fallback	low
出番	u			no-source	fallback	low
分擔	v			cow-single	cow	medium
利申	u			no-source	fallback	low
利賓納	u			no-source	fallback	low
到連	u			no-source	fallback	low
劇	u			no-source	fallback	low
十幾個	u			no-source	fallback	low
反覆	n,v			cow-multi	cow	medium
受命	v		passive	prefix-passive	heuristic	medium
受歡迎	v			cow-single	cow	medium
叫過	u			no-source	fallback	low
合上	u			no-source	fallback	low
同凌嘯峰	u			no-source	fallback	low
同小依	u			no-source	fallback	low
同軒	u			no-source	fallback	low
同類	u			no-source	fallback	low
君怡	u			no-source	fallback	low
周白	u			no-source	fallback	low
咗出嚟	u			no-source	fallback	low
咗半個	u			no-source	fallback	low
咗半個鐘	u			no-source	fallback	low
問呀思	u			no-source	fallback	low
單親	u			no-source	fallback	low
嗰面	u			no-source	fallback	low
嘢想問	u			no-source	fallback	low
嘢玩	u			no-source	fallback	low
嘲諷	u			no-source	fallback	low
噚日	u			no-source	fallback	low
地落	u			no-source	fallback	low
坐住	v			verb-suffix	heuristic	medium
增添	v			cow-single	cow	medium
外型	u			no-source	fallback	low
多一次	u			no-source	fallback	low
多架	u			no-source	fallback	low
天馬	u			no-source	fallback	low
太多人	u			no-source	fallback	low
夫	u			no-source	fallback	low
好深	u			no-source	fallback	low
妤	u			no-source	fallback	low
將部	u			no-source	fallback	low
就入	u			no-source	fallback	low
尾指	u			no-source	fallback	low
已久	u			no-source	fallback	low
巿	u			no-source	fallback	low
帶到	u			no-source	fallback	low
幾十	u			no-source	fallback	low
張學友	u			no-source	fallback	low
從中	u			no-source	fallback	low
怪異	u			no-source	fallback	low
悶悶	u			no-source	fallback	low
情深	u			no-source	fallback	low
戇居居	u			no-source	fallback	low
我大	u			no-source	fallback	low
我拉住	u			no-source	fallback	low
我掛	u			no-source	fallback	low
我揮	u			no-source	fallback	low
我班	u			no-source	fallback	low
我記	u			no-source	fallback	low
戶口	u			no-source	fallback	low
扎醒	u			no-source	fallback	low
打暈	u			no-source	fallback	low
扮到	u			no-source	fallback	low
扮晒	u			no-source	fallback	low
投射	v			cow-single	cow	medium
拉高	u			no-source	fallback	low
按照	a			cow-single	cow	medium
換嚟	u			no-source	fallback	low
撒旦	u			no-source	fallback	low
撓	v			cow-single	cow	medium
支水	u			no-source	fallback	low
散步	v			cow-single	cow	medium
整條	u			no-source	fallback	low
整蠱	u			no-source	fallback	low
文員	u			no-source	fallback	low
文哥	u			no-source	fallback	low
時間長	u			no-source	fallback	low
晏覺	u			no-source	fallback	low
曲金鉉	u			no-source	fallback	low
最入	u			no-source	fallback	low
最慘	u			no-source	fallback	low
會帶	u			no-source	fallback	low
會返	u			no-source	fallback	low
會過	u			no-source	fallback	low
有三個	u			no-source	fallback	low
有講	u			no-source	fallback	low
望實	u			no-source	fallback	low
未死	u			no-source	fallback	low
根	n			cow-single	cow	medium
梨	n			cow-single	cow	medium
椰	u			no-source	fallback	low
次元	u			no-source	fallback	low
殊	u			no-source	fallback	low
殘舊	u			no-source	fallback	low
毋	u			no-source	fallback	low
氏	u			no-source	fallback	low
民主黨	u			no-source	fallback	low
泊	u			no-source	fallback	low
活躍	u			no-source	fallback	low
淫水	u			no-source	fallback	low
湯豪	u			no-source	fallback	low
溼晒	u			no-source	fallback	low
滑稽	u			no-source	fallback	low
濃	u			no-source	fallback	low
瀨	u			no-source	fallback	low
無人知	u			no-source	fallback	low
無人要	u			no-source	fallback	low
無處	u			no-source	fallback	low
熊人	u			no-source	fallback	low
熟識	u			no-source	fallback	low
爭在	u			no-source	fallback	low
猙獰	u			no-source	fallback	low
甘樣	u			no-source	fallback	low
男裝	u			no-source	fallback	low
畀人知	u			no-source	fallback	low
當勞	u			no-source	fallback	low
癒	u			no-source	fallback	low
皆因	u			no-source	fallback	low
盼	u			no-source	fallback	low
眼仔	u			no-source	fallback	low
眼水	u			no-source	fallback	low
眼泛	u			no-source	fallback	low
着急	u			no-source	fallback	low
睥住	v			verb-suffix	heuristic	medium
矛	u			no-source	fallback	low
硬淨	u			no-source	fallback	low
磡	u			no-source	fallback	low
神棍	u			no-source	fallback	low
稅	u			no-source	fallback	low
種人	u			no-source	fallback	low
空手道	u			no-source	fallback	low
第二度	u			no-source	fallback	low
第二樣	u			no-source	fallback	low
答到	u			no-source	fallback	low
米線	u			no-source	fallback	low
粒聲	u			no-source	fallback	low
綺琪	u			no-source	fallback	low
罪惡	n			cow-single	cow	medium
置頂	u			no-source	fallback	low
而同	u			no-source	fallback	low
耶	u			no-source	fallback	low
聽人講	u			no-source	fallback	low
肥婆	u			no-source	fallback	low
胯	u			no-source	fallback	low
腸仔	u			no-source	fallback	low
腹肌	n			cow-single	cow	medium
致	u			no-source	fallback	low
葉家	u			no-source	fallback	low
蒲	u			no-source	fallback	low
虹霞門	u			no-source	fallback	low
螺絲批	u			no-source	fallback	low
血淋淋	u			no-source	fallback	low
西斜	u			no-source	fallback	low
要識	u			no-source	fallback	low
覺覺豬	u			no-source	fallback	low
觸感	u			no-source	fallback	low
訓低	u			no-source	fallback	low
詭	u			no-source	fallback	low
識字	u			no-source	fallback	low
貓咪	n			cow-single	cow	medium
賭注	n			cow-single	cow	medium
起見	u			no-source	fallback	low
起部	u			no-source	fallback	low
蹦	v			cow-single	cow	medium
軌	u			no-source	fallback	low
輕力	u			no-source	fallback	low
輕輕力	u			no-source	fallback	low
辛	u			no-source	fallback	low
返轉	u			no-source	fallback	low
逗	u			no-source	fallback	low
這個東西	u			no-source	fallback	low
造	u			no-source	fallback	low
遊走	u			no-source	fallback	low
過一	u			no-source	fallback	low
過住	v			verb-suffix	heuristic	medium
過呀	u			no-source	fallback	low
過客	u			no-source	fallback	low
過電	u			no-source	fallback	low
還能	u			no-source	fallback	low
郊外	n			cow-single	cow	medium
部機	u			no-source	fallback	low
重大	u			no-source	fallback	low
鎮	n			cow-single	cow	medium
閃身	u			no-source	fallback	low
阿南道	u			no-source	fallback	low
隱	u			no-source	fallback	low
靜婷	u			no-source	fallback	low
靜心	u			no-source	fallback	low
面都紅	u			no-source	fallback	low
食返	u			no-source	fallback	low
飲過	u			no-source	fallback	low
驚青	u			no-source	fallback	low
驟眼	u			no-source	fallback	low
高峰	u			no-source	fallback	low
鵝	u			no-source	fallback	low
點到	u			no-source	fallback	low
太不	u			no-source	fallback	low
就該	u			no-source	fallback	low
有點像	u			no-source	fallback	low
你做	u			no-source	fallback	low
分管	u			no-source	fallback	low
大家一起	u			no-source	fallback	low
工作會議	u			no-source	fallback	low
準備工作	u			no-source	fallback	low
政府採購	u			no-source	fallback	low
福特	u			no-source	fallback	low
但要	u			no-source	fallback	low
做做	u			no-source	fallback	low
株	u			no-source	fallback	low
省內	u			no-source	fallback	low
跌破	u			no-source	fallback	low
供貨	u			no-source	fallback	low
保衛	u			no-source	fallback	low
箇	u			no-source	fallback	low
您對	u			no-source	fallback	low
汶川	u			no-source	fallback	low
能不	u			no-source	fallback	low
躺着	u			no-source	fallback	low
崑山	u			no-source	fallback	low
希望能夠	u			no-source	fallback	low
提供商	u			no-source	fallback	low
總能	u			no-source	fallback	low
這幫	u			no-source	fallback	low
可能出現	u			no-source	fallback	low
可行性	u			no-source	fallback	low
國有資產	u			no-source	fallback	low
將爲	u			no-source	fallback	low
愛她	u			no-source	fallback	low
絕對不會	u			no-source	fallback	low
暢銷	u			no-source	fallback	low
通知書	u			no-source	fallback	low
銷售人員	n			len4-noun-heuristic	heuristic	medium
主線	u			no-source	fallback	low
信息系統	n			len4-noun-heuristic	heuristic	medium
大力發展	u			no-source	fallback	low
很方便	u			no-source	fallback	low
新東方	u			no-source	fallback	low
明基	u			no-source	fallback	low
跨國	u			no-source	fallback	low
首家	u			no-source	fallback	low
寫好	u			no-source	fallback	low
房源	u			no-source	fallback	low
牧	u			no-source	fallback	low
這個地方	u			no-source	fallback	low
參股	u			no-source	fallback	low
漢族	u			no-source	fallback	low
中去	u			no-source	fallback	low
二個	u			no-source	fallback	low
在京	u			no-source	fallback	low
我可	u			no-source	fallback	low
不錯啊	u			no-source	fallback	low
中考	u			no-source	fallback	low
個人空間	u			no-source	fallback	low
如圖	u			no-source	fallback	low
尤爲	u			no-source	fallback	low
建立健全	u			no-source	fallback	low
蔥	u			no-source	fallback	low
購置	u			no-source	fallback	low
辦公樓	u			no-source	fallback	low
一齣	u			no-source	fallback	low
客戶提供	u			no-source	fallback	low
本機	u			no-source	fallback	low
此案	u			no-source	fallback	low
該機	u			no-source	fallback	low
利空	u			no-source	fallback	low
工商局	u			no-source	fallback	low
金華	u			no-source	fallback	low
霖	u			no-source	fallback	low
以爲自己	u			no-source	fallback	low
有多少人	u			no-source	fallback	low
第一家	u			no-source	fallback	low
鍼對性	u			no-source	fallback	low
妹子	u			no-source	fallback	low
完全不同	u			no-source	fallback	low
寫出來	u			no-source	fallback	low
洗衣服	u			no-source	fallback	low
可選	u			no-source	fallback	low
轉貼	u			no-source	fallback	low
難說	u			no-source	fallback	low
放量	u			no-source	fallback	low
看不	u			no-source	fallback	low
短時間內	u			no-source	fallback	low
上一	u			no-source	fallback	low
小日本	u			no-source	fallback	low
華北	u			no-source	fallback	low
裝機	u			no-source	fallback	low
不失爲	u			no-source	fallback	low
喫東西	u			no-source	fallback	low
牴	u			no-source	fallback	low
穿了	u			no-source	fallback	low
主要內容	u			no-source	fallback	low
飄飄	u			no-source	fallback	low
一下吧	u			no-source	fallback	low
不理我	u			no-source	fallback	low
受衆	v		passive	prefix-passive	heuristic	medium
淑	u			no-source	fallback	low
生產經營	u			no-source	fallback	low
生產能力	u			no-source	fallback	low
點錢	u			no-source	fallback	low
一件事情	u			no-source	fallback	low
尼康	u			no-source	fallback	low
張藝謀	u			no-source	fallback	low
載入中	u			no-source	fallback	low
還會有	u			no-source	fallback	low
體現出	u			no-source	fallback	low
乾的	u			no-source	fallback	low
比他	u			no-source	fallback	low
溼度	u			no-source	fallback	low
第一條	u			no-source	fallback	low
人不	u			no-source	fallback	low
幫她	u			no-source	fallback	low
政協委員	u			no-source	fallback	low
與人	u			no-source	fallback	low
傳統文化	n			len4-noun-heuristic	heuristic	medium
醫療機構	n			len4-noun-heuristic	heuristic	medium
阿森納	u			no-source	fallback	low
人啊	u			no-source	fallback	low
倉位	u			no-source	fallback	low
成像	u			no-source	fallback	low
真不	u			no-source	fallback	low
誰知	u			no-source	fallback	low
陵	u			no-source	fallback	low
可以得到	u			no-source	fallback	low
打我	u			no-source	fallback	low
此文	u			no-source	fallback	low
死的	u			no-source	fallback	low
這筆	u			no-source	fallback	low
一斤	u			no-source	fallback	low
這個城市	u			no-source	fallback	low
個大	u			no-source	fallback	low
博友	u			no-source	fallback	low
小牛	u			no-source	fallback	low
怎麼啦	u			no-source	fallback	low
甚至連	u			no-source	fallback	low
郭德綱	u			no-source	fallback	low
也會有	u			no-source	fallback	low
卻有	u			no-source	fallback	low
管理制度	u			no-source	fallback	low
銳	u			no-source	fallback	low
主辦方	u			no-source	fallback	low
你得	u			no-source	fallback	low
報送	u			no-source	fallback	low
構築	u			no-source	fallback	low
供水	u			no-source	fallback	low
美國政府	n			len4-noun-heuristic	heuristic	medium
一屆	u			no-source	fallback	low
纔開始	u			no-source	fallback	low
龍頭企業	u			no-source	fallback	low
三項	u			no-source	fallback	low
曾有	u			no-source	fallback	low
核准	n,v			cow-multi	cow	medium
精密	n			cow-single	cow	medium
科學發展	u			no-source	fallback	low
趙本山	u			no-source	fallback	low
這三個	u			no-source	fallback	low
人與人	u			no-source	fallback	low
但對於	u			no-source	fallback	low
線性	u			no-source	fallback	low
加點	u			no-source	fallback	low
朝陽區	u			no-source	fallback	low
正式版	u			no-source	fallback	low
第二章	u			no-source	fallback	low
系列產品	n			len4-noun-heuristic	heuristic	medium
達人	u			no-source	fallback	low
完全沒有	u			no-source	fallback	low
從根本上	u			no-source	fallback	low
思科	u			no-source	fallback	low
次會議	u			no-source	fallback	low
發展方向	u			no-source	fallback	low
私服	u			no-source	fallback	low
首付	u			no-source	fallback	low
建模	u			no-source	fallback	low
數據線	u			no-source	fallback	low
楠	u			no-source	fallback	low
洗完	v			verb-suffix	heuristic	medium
佔到	u			no-source	fallback	low
出讓	u			no-source	fallback	low
大力支持	u			no-source	fallback	low
沒有時間	u			no-source	fallback	low
艦隊	n			cow-single	cow	medium
完後	u			no-source	fallback	low
看一看	u			no-source	fallback	low
總決賽	u			no-source	fallback	low
誰的	u			no-source	fallback	low
離我	u			no-source	fallback	low
着呢	u			no-source	fallback	low
小黑	u			no-source	fallback	low
芸	u			no-source	fallback	low
小編	u			no-source	fallback	low
誰會	u			no-source	fallback	low
丘	u			no-source	fallback	low
以下簡稱	u			no-source	fallback	low
便祕	u			no-source	fallback	low
勞動保障	u			no-source	fallback	low
在這一	u			no-source	fallback	low
整機	u			no-source	fallback	low
看清楚	u			no-source	fallback	low
還需	u			no-source	fallback	low
靜靜的	u			no-source	fallback	low
奔騰	v			cow-single	cow	medium
無數次	u			no-source	fallback	low
爲本	u			no-source	fallback	low
紅外	u			no-source	fallback	low
還挺	u			no-source	fallback	low
不全	u			no-source	fallback	low
良性	u			no-source	fallback	low
高一	u			no-source	fallback	low
點點頭	u			no-source	fallback	low
人民網	u			no-source	fallback	low
是假的	u			no-source	fallback	low
瘦身	u			no-source	fallback	low
稍有	u			no-source	fallback	low
這讓	u			no-source	fallback	low
一口一口	u			no-source	fallback	low
小傢伙	u			no-source	fallback	low
彙集	u			no-source	fallback	low
相關信息	u			no-source	fallback	low
越來越少	u			no-source	fallback	low
北京時間	u			no-source	fallback	low
南無	u			no-source	fallback	low
教我	u			no-source	fallback	low
級的	u			no-source	fallback	low
這種事	u			no-source	fallback	low
就夠了	u			no-source	fallback	low
給點	u			no-source	fallback	low
何爲	u			no-source	fallback	low
兄弟姐妹	u			no-source	fallback	low
後才	u			no-source	fallback	low
泡妞	u			no-source	fallback	low
穗	n			cow-single	cow	medium
習以爲常	u			no-source	fallback	low
能說	u			no-source	fallback	low
貼吧	u			no-source	fallback	low
跟帖	u			no-source	fallback	low
中專	u			no-source	fallback	low
別忘	u			no-source	fallback	low
到此	u			no-source	fallback	low
卻也	u			no-source	fallback	low
日常生活	u			no-source	fallback	low
樓房	u			no-source	fallback	low
點擊查看	u			no-source	fallback	low
建倉	u			no-source	fallback	low
這批	u			no-source	fallback	low
都比	u			no-source	fallback	low
再也沒有	u			no-source	fallback	low
後又	u			no-source	fallback	low
您有	u			no-source	fallback	low
爲求	u			no-source	fallback	low
要喫	u			no-source	fallback	low
訂貨	u			no-source	fallback	low
快捷鍵	u			no-source	fallback	low
福田	u			no-source	fallback	low
紹	u			no-source	fallback	low
我想要	u			no-source	fallback	low
發言權	u			no-source	fallback	low
號樓	u			no-source	fallback	low
技術創新	u			no-source	fallback	low
衛視	u			no-source	fallback	low
一切都是	u			no-source	fallback	low
的老	u			no-source	fallback	low
喜歡喫	u			no-source	fallback	low
李白	u			no-source	fallback	low
臺服	u			no-source	fallback	low
長征	u			no-source	fallback	low
不要太	u			no-source	fallback	low
再把	u			no-source	fallback	low
服務商	u			no-source	fallback	low
永遠不會	u			no-source	fallback	low
被認爲是	v		passive	prefix-passive	heuristic	medium
複試	u			no-source	fallback	low
體制改革	u			no-source	fallback	low
上不去	u			no-source	fallback	low
個字	u			no-source	fallback	low
英文版	u			no-source	fallback	low
啥意思	u			no-source	fallback	low
普京	u			no-source	fallback	low
積極參與	u			no-source	fallback	low
西西	u			no-source	fallback	low
這都是	u			no-source	fallback	low
也比	u			no-source	fallback	low
可以嗎	u			no-source	fallback	low
吸引人	u			no-source	fallback	low
法拉利	u			no-source	fallback	low
領導者	u			no-source	fallback	low
仙子	u			no-source	fallback	low
你就會	u			no-source	fallback	low
就到	u			no-source	fallback	low
庚	u			no-source	fallback	low
演習	n			cow-single	cow	medium
經濟建設	u			no-source	fallback	low
老王	u			no-source	fallback	low
這會	u			no-source	fallback	low
喫掉	v			verb-suffix	heuristic	medium
貼在	u			no-source	fallback	low
具體情況	n			len4-noun-heuristic	heuristic	medium
家裏人	u			no-source	fallback	low
專櫃	u			no-source	fallback	low
我總	u			no-source	fallback	low
看不清	u			no-source	fallback	low
一等獎	u			no-source	fallback	low
重要作用	n			len4-noun-heuristic	heuristic	medium
不象	u			no-source	fallback	low
中超	u			no-source	fallback	low
他所	u			no-source	fallback	low
因其	u			no-source	fallback	low
怕怕	u			no-source	fallback	low
我倆	u			no-source	fallback	low
競技場	u			no-source	fallback	low
索賠	u			no-source	fallback	low
這種方式	u			no-source	fallback	low
償還	n,v			cow-multi	cow	medium
格子	u			no-source	fallback	low
魯能	u			no-source	fallback	low
並與	u			no-source	fallback	low
分流	u			no-source	fallback	low
延安	u			no-source	fallback	low
忒	u			no-source	fallback	low
方可	u			no-source	fallback	low
更像	u			no-source	fallback	low
沒有找到	u			no-source	fallback	low
生孩子	u			no-source	fallback	low
麥克	u			no-source	fallback	low
又稱	u			no-source	fallback	low
只是個	u			no-source	fallback	low
所作	u			no-source	fallback	low
七夕	u			no-source	fallback	low
上都	u			no-source	fallback	low
但有	u			no-source	fallback	low
我院	u			no-source	fallback	low
比較喜歡	u			no-source	fallback	low
經營管理	u			no-source	fallback	low
別個	u			no-source	fallback	low
大理	u			no-source	fallback	low
想象力	n			cow-single	cow	medium
有貨	u			no-source	fallback	low
興業	u			no-source	fallback	low
黨員幹部	u			no-source	fallback	low
做出來	u			no-source	fallback	low
設爲	u			no-source	fallback	low
多樣化	u			no-source	fallback	low
我找	u			no-source	fallback	low
當她	u			no-source	fallback	low
說不	u			no-source	fallback	low
阿拉	n			cow-single	cow	medium
下單	u			no-source	fallback	low
事業部	u			no-source	fallback	low
好說	u			no-source	fallback	low
果然是	u			no-source	fallback	low
綿陽	u			no-source	fallback	low
還是沒有	u			no-source	fallback	low
一些問題	n			len4-noun-heuristic	heuristic	medium
一夜	u			no-source	fallback	low
一大片	u			no-source	fallback	low
一日會	u			no-source	fallback	low
一科	u			no-source	fallback	low
一罐	u			no-source	fallback	low
一蚊	u			no-source	fallback	low
一記	u			no-source	fallback	low
一驚	u			no-source	fallback	low
七個	u			no-source	fallback	low
上畫	u			no-source	fallback	low
上過	u			no-source	fallback	low
下姐	u			no-source	fallback	low
下層	u			no-source	fallback	low
下會	u			no-source	fallback	low
下流	u			no-source	fallback	low
下賤	u			no-source	fallback	low
不宜	u			no-source	fallback	low
不是很好	u			no-source	fallback	low
不發	u			no-source	fallback	low
不離	u			no-source	fallback	low
乃	u			no-source	fallback	low
些少	u			no-source	fallback	low
亞叔	u			no-source	fallback	low
交投	u			no-source	fallback	low
人來	u			no-source	fallback	low
人妻	u			no-source	fallback	low
人點	u			no-source	fallback	low
企定定	u			no-source	fallback	low
伏魔劍	u			no-source	fallback	low
住邊	u			no-source	fallback	low
作賤	u			no-source	fallback	low
依份	u			no-source	fallback	low
依家個	u			no-source	fallback	low
保養	n,v			cow-multi	cow	medium
信佳	u			no-source	fallback	low
個意	u			no-source	fallback	low
個窿	u			no-source	fallback	low
倦	u			no-source	fallback	low
先走	u			no-source	fallback	low
入睡	u			no-source	fallback	low
兩塊	u			no-source	fallback	low
兩科	u			no-source	fallback	low
兩秒	u			no-source	fallback	low
兩部	u			no-source	fallback	low
冒充	v			cow-single	cow	medium
出招	u			no-source	fallback	low
出糧	u			no-source	fallback	low
加菲	u			no-source	fallback	low
加藤鷹	u			no-source	fallback	low
加返	u			no-source	fallback	low
包裡	u			no-source	fallback	low
千年	u			no-source	fallback	low
半句	u			no-source	fallback	low
卡拉	u			no-source	fallback	low
即個	u			no-source	fallback	low
又關	u			no-source	fallback	low
反口	u			no-source	fallback	low
反胃	n			cow-single	cow	medium
只想	u			no-source	fallback	low
史萊姆	u			no-source	fallback	low
叻仔	u			no-source	fallback	low
合十	u			no-source	fallback	low
合法	u			no-source	fallback	low
同若	u			no-source	fallback	low
同返	u			no-source	fallback	low
同靈風	u			no-source	fallback	low
吱喳	u			no-source	fallback	low
咗架車	u			no-source	fallback	low
哀怨	u			no-source	fallback	low
唔忿氣	u			no-source	fallback	low
唷	u			no-source	fallback	low
啄	u			no-source	fallback	low
喊聲	u			no-source	fallback	low
喚	u			no-source	fallback	low
喜劇	n			cow-single	cow	medium
嘅力量	u			no-source	fallback	low
嘉儀	u			no-source	fallback	low
噴到	u			no-source	fallback	low
噴霧	n			cow-single	cow	medium
嚟問	u			no-source	fallback	low
嚟食	u			no-source	fallback	low
嚼	v			cow-single	cow	medium
四人	u			no-source	fallback	low
四方形	u			no-source	fallback	low
回音	u			no-source	fallback	low
因應	u			no-source	fallback	low
在學	u			no-source	fallback	low
地架	u			no-source	fallback	low
地間	u			no-source	fallback	low
埋門	u			no-source	fallback	low
執埋	u			no-source	fallback	low
大商路	u			no-source	fallback	low
大地	r			cow-single	cow	medium
大食	u			no-source	fallback	low
天虹	u			no-source	fallback	low
女喪屍	u			no-source	fallback	low
好景	u			no-source	fallback	low
妹會	u			no-source	fallback	low
姦	u			no-source	fallback	low
學下	u			no-source	fallback	low
完架	u			no-source	fallback	low
容納	v			cow-single	cow	medium
射中	u			no-source	fallback	low
將一	u			no-source	fallback	low
小丸子	u			no-source	fallback	low
就畫	u			no-source	fallback	low
屆	u			no-source	fallback	low
屋村	u			no-source	fallback	low
層次	n			cow-single	cow	medium
工都	u			no-source	fallback	low
巫	u			no-source	fallback	low
帶個	u			no-source	fallback	low
干擾	n,v			cow-multi	cow	medium
幻	u			no-source	fallback	low
幾似	u			no-source	fallback	low
幾十個	u			no-source	fallback	low
幾驚	u			no-source	fallback	low
廣大	u			no-source	fallback	low
廿年	u			no-source	fallback	low
得返	u			no-source	fallback	low
循例	u			no-source	fallback	low
德語	u			no-source	fallback	low
快點	u			no-source	fallback	low
怪怪	u			no-source	fallback	low
怯	u			no-source	fallback	low
恍惚	n			cow-single	cow	medium
恐	u			no-source	fallback	low
恐慌	n			cow-single	cow	medium
恭敬	u			no-source	fallback	low
您是	u			no-source	fallback	low
想用	u			no-source	fallback	low
應門	u			no-source	fallback	low
我仲想	u			no-source	fallback	low
我姓	u			no-source	fallback	low
我差	u			no-source	fallback	low
我理	u			no-source	fallback	low
房內	u			no-source	fallback	low
抱緊	u			no-source	fallback	low
抵擋	u			no-source	fallback	low
拍醒	u			no-source	fallback	low
拜山	u			no-source	fallback	low
捉緊	u			no-source	fallback	low
插到	u			no-source	fallback	low
換而言	u			no-source	fallback	low
援交妹	u			no-source	fallback	low
搾	u			no-source	fallback	low
擎天式	u			no-source	fallback	low
支嘢	u			no-source	fallback	low
放得	u			no-source	fallback	low
敗	u			no-source	fallback	low
文靜	u			no-source	fallback	low
新奇	u			no-source	fallback	low
既蘭卡特	u			no-source	fallback	low
是啥	u			no-source	fallback	low
景俊	u			no-source	fallback	low
暗角	u			no-source	fallback	low
最底	u			no-source	fallback	low
會嚇	u			no-source	fallback	low
有緣	u			no-source	fallback	low
有路	u			no-source	fallback	low
林十九	u			no-source	fallback	low
染	u			no-source	fallback	low
柳鳳儀	u			no-source	fallback	low
梓謙	u			no-source	fallback	low
森之實	u			no-source	fallback	low
極大	u			no-source	fallback	low
死神	u			no-source	fallback	low
殘廁	u			no-source	fallback	low
殺案	u			no-source	fallback	low
水聲	u			no-source	fallback	low
求求	u			no-source	fallback	low
汪汪	u			no-source	fallback	low
沒想	u			no-source	fallback	low
泵	n			cow-single	cow	medium
洗洗	u			no-source	fallback	low
消	u			no-source	fallback	low
淩	u			no-source	fallback	low
淹沒	v			cow-single	cow	medium
清新	u			no-source	fallback	low
演	u			no-source	fallback	low
潦	u			no-source	fallback	low
火鳳派	u			no-source	fallback	low
烙	u			no-source	fallback	low
無他	u			no-source	fallback	low
無多	u			no-source	fallback	low
無架	u			no-source	fallback	low
熄燈	u			no-source	fallback	low
爆晒	u			no-source	fallback	low
爭執	n			cow-single	cow	medium
牀	n			cow-single	cow	medium
猛咁	u			no-source	fallback	low
猴	u			no-source	fallback	low
獨有	u			no-source	fallback	low
獵	u			no-source	fallback	low
玉麟	u			no-source	fallback	low
瓣	u			no-source	fallback	low
生出	u			no-source	fallback	low
生到	u			no-source	fallback	low
用到	u			no-source	fallback	low
畢業證	u			no-source	fallback	low
當我見	u			no-source	fallback	low
當面	u			no-source	fallback	low
發熱	n,v			cow-multi	cow	medium
相擁	u			no-source	fallback	low
眼尾	u			no-source	fallback	low
着頭	u			no-source	fallback	low
睇水	u			no-source	fallback	low
睡眼	u			no-source	fallback	low
砸	u			no-source	fallback	low
空地	n			cow-single	cow	medium
竄	u			no-source	fallback	low
籃籃	u			no-source	fallback	low
紋	u			no-source	fallback	low
組仔	u			no-source	fallback	low
結合	n,v			cow-multi	cow	medium
結實	n			cow-single	cow	medium
經已	u			no-source	fallback	low
維	u			no-source	fallback	low
維護	v			cow-single	cow	medium
耐㗎	u			no-source	fallback	low
耐無見	u			no-source	fallback	low
聲講	u			no-source	fallback	low
聽說	u			no-source	fallback	low
胡椒	n			cow-single	cow	medium
脆辣雞	u			no-source	fallback	low
腔	u			no-source	fallback	low
膽	u			no-source	fallback	low
自知	u			no-source	fallback	low
舉個	u			no-source	fallback	low
荔枝	n			cow-single	cow	medium
葉恬	u			no-source	fallback	low
蝴蝶結	n			cow-single	cow	medium
行快	u			no-source	fallback	low
衛生	u			no-source	fallback	low
衝到	u			no-source	fallback	low
要食	u			no-source	fallback	low
計較	v			cow-single	cow	medium
許願	u			no-source	fallback	low
講丫	u			no-source	fallback	low
講我知	u			no-source	fallback	low
譚貝貝	u			no-source	fallback	low
護膚	u			no-source	fallback	low
變晒	u			no-source	fallback	low
豹	n			cow-single	cow	medium
貝	n			cow-single	cow	medium
貢獻	n,v			cow-multi	cow	medium
賽	n			cow-single	cow	medium
跣	u			no-source	fallback	low
身到	u			no-source	fallback	low
輩	n			cow-single	cow	medium
返張	u			no-source	fallback	low
送死	u			no-source	fallback	low
這一	u			no-source	fallback	low
造就	v			cow-single	cow	medium
鄉	u			no-source	fallback	low
鄧	u			no-source	fallback	low
重傷	u			no-source	fallback	low
重生	v			cow-single	cow	medium
銳利	u			no-source	fallback	low
鋼	n			cow-single	cow	medium
錢罌	u			no-source	fallback	low
錫錫	u			no-source	fallback	low
鎚仔	u			no-source	fallback	low
關系	u			no-source	fallback	low
阮	u			no-source	fallback	low
阿津	u			no-source	fallback	low
阿聰	u			no-source	fallback	low
階	u			no-source	fallback	low
雄	u			no-source	fallback	low
難做	u			no-source	fallback	low
震蛋	u			no-source	fallback	low
面個	u			no-source	fallback	low
面到	u			no-source	fallback	low
預知	v			cow-single	cow	medium
飛仔	u			no-source	fallback	low
飛機師	u			no-source	fallback	low
飲得	u			no-source	fallback	low
香口膠	u			no-source	fallback	low
驚驚	u			no-source	fallback	low
高分	u			no-source	fallback	low
高妹	u			no-source	fallback	low
魔鏡	u			no-source	fallback	low
麟	u			no-source	fallback	low
黑房	u			no-source	fallback	low
點好	u			no-source	fallback	low
點寫	u			no-source	fallback	low
點我	u			no-source	fallback	low
龍蝦	n			cow-single	cow	medium
龜匙	u			no-source	fallback	low
安安	u			no-source	fallback	low
減排	u			no-source	fallback	low
義烏	u			no-source	fallback	low
已經很	u			no-source	fallback	low
房地產業	u			no-source	fallback	low
該校	u			no-source	fallback	low
走着	u			no-source	fallback	low
世界各國	u			no-source	fallback	low
受災	v		passive	prefix-passive	heuristic	medium
將達到	u			no-source	fallback	low
我只想	u			no-source	fallback	low
薩滿	u			no-source	fallback	low
閱	u			no-source	fallback	low
保健品	u			no-source	fallback	low
勤勞	n			cow-single	cow	medium
得很好	u			no-source	fallback	low
暫無	u			no-source	fallback	low
經銷	v			cow-single	cow	medium
啊啊啊	u			no-source	fallback	low
團伙	u			no-source	fallback	low
低廉	a			cow-single	cow	medium
同濟	u			no-source	fallback	low
呢個	u			no-source	fallback	low
寒假	u			no-source	fallback	low
很可愛	u			no-source	fallback	low
有一位	u			no-source	fallback	low
目前國內	u			no-source	fallback	low
研究人員	n			len4-noun-heuristic	heuristic	medium
接電話	u			no-source	fallback	low
沒有關係	u			no-source	fallback	low
事務所	n			cow-single	cow	medium
吉田	u			no-source	fallback	low
國貿	u			no-source	fallback	low
均由	u			no-source	fallback	low
有一個人	u			no-source	fallback	low
藥業	u			no-source	fallback	low
邢	u			no-source	fallback	low
那叫	u			no-source	fallback	low
人妖	u			no-source	fallback	low
併發	u			no-source	fallback	low
元人民幣	u			no-source	fallback	low
家企業	u			no-source	fallback	low
張柏芝	u			no-source	fallback	low
聽你	u			no-source	fallback	low
不用擔心	u			no-source	fallback	low
所得稅	u			no-source	fallback	low
直接影響	u			no-source	fallback	low
大庭廣衆	u			no-source	fallback	low
小男孩	u			no-source	fallback	low
構建和諧	u			no-source	fallback	low
正在進行	u			no-source	fallback	low
濱	u			no-source	fallback	low
非典	u			no-source	fallback	low
假冒	u			no-source	fallback	low
排毒	u			no-source	fallback	low
用完	v			verb-suffix	heuristic	medium
精油	n			cow-single	cow	medium
您需要	u			no-source	fallback	low
暴漲	u			no-source	fallback	low
苯	n			cow-single	cow	medium
附魔	u			no-source	fallback	low
階段性	u			no-source	fallback	low
上火	u			no-source	fallback	low
好夢	u			no-source	fallback	low
有效性	u			no-source	fallback	low
相結合的	u			no-source	fallback	low
靠着	u			no-source	fallback	low
北路	u			no-source	fallback	low
可根據	u			no-source	fallback	low
請看	u			no-source	fallback	low
出去玩	u			no-source	fallback	low
啊啊啊啊	u			no-source	fallback	low
核查	u			no-source	fallback	low
死於	u			no-source	fallback	low
跟貼	u			no-source	fallback	low
適合自己	u			no-source	fallback	low
那首	u			no-source	fallback	low
人都知道	u			no-source	fallback	low
其他國家	n			len4-noun-heuristic	heuristic	medium
更喜歡	u			no-source	fallback	low
蓋茨	u			no-source	fallback	low
進駐	u			no-source	fallback	low
一中	u			no-source	fallback	low
六級	u			no-source	fallback	low
多長時間	u			no-source	fallback	low
是一項	u			no-source	fallback	low
派遣	v			cow-single	cow	medium
燈下	u			no-source	fallback	low
申花	u			no-source	fallback	low
研究進展	u			no-source	fallback	low
衆所周知	u			no-source	fallback	low
應注意	u			no-source	fallback	low
有很多人	u			no-source	fallback	low
看看吧	u			no-source	fallback	low
他倆	u			no-source	fallback	low
各級政府	n			len4-noun-heuristic	heuristic	medium
愜意	u			no-source	fallback	low
提出來	u			no-source	fallback	low
是件	u			no-source	fallback	low
杭	u			no-source	fallback	low
生產商	u			no-source	fallback	low
芯片組	u			no-source	fallback	low
做着	u			no-source	fallback	low
朵朵	u			no-source	fallback	low
讀卡器	u			no-source	fallback	low
爲由	u			no-source	fallback	low
記者採訪	u			no-source	fallback	low
博文	u			no-source	fallback	low
爬上	u			no-source	fallback	low
算不算	u			no-source	fallback	low
網銀	u			no-source	fallback	low
纔算	u			no-source	fallback	low
銷售收入	u			no-source	fallback	low
她家	u			no-source	fallback	low
好地方	u			no-source	fallback	low
爲您提供	u			no-source	fallback	low
被騙	v		passive	prefix-passive	heuristic	medium
之美	u			no-source	fallback	low
幾隻	u			no-source	fallback	low
愛一個人	u			no-source	fallback	low
米的	u			no-source	fallback	low
網絡營銷	u			no-source	fallback	low
群組	u			no-source	fallback	low
裕	u			no-source	fallback	low
關稅	u			no-source	fallback	low
高水平	u			no-source	fallback	low
很棒	u			no-source	fallback	low
荒	u			no-source	fallback	low
下一頁	u			no-source	fallback	low
下載地址	u			no-source	fallback	low
去玩	u			no-source	fallback	low
又好	u			no-source	fallback	low
控制系統	n			len4-noun-heuristic	heuristic	medium
搞不懂	u			no-source	fallback	low
準確性	u			no-source	fallback	low
這群	u			no-source	fallback	low
剛到	u			no-source	fallback	low
大鼠	u			no-source	fallback	low
對外開放	u			no-source	fallback	low
港臺	u			no-source	fallback	low
熱銷	u			no-source	fallback	low
第三屆	u			no-source	fallback	low
風中	u			no-source	fallback	low
保護條例	u			no-source	fallback	low
我知道你	u			no-source	fallback	low
才能夠	u			no-source	fallback	low
紫光	u			no-source	fallback	low
萬億	x			numeral	heuristic	high
領導班子	u			no-source	fallback	low
在網絡上	u			no-source	fallback	low
奎	u			no-source	fallback	low
德國人	u			no-source	fallback	low
農業部	u			no-source	fallback	low
基數	n			cow-single	cow	medium
帆	n			cow-single	cow	medium
我幫你	u			no-source	fallback	low
這種事情	u			no-source	fallback	low
博士生	u			no-source	fallback	low
又去	u			no-source	fallback	low
會更	u			no-source	fallback	low
現代人	n			cow-single	cow	medium
一系列的	u			no-source	fallback	low
內測	u			no-source	fallback	low
手機號碼	u			no-source	fallback	low
誰也不	u			no-source	fallback	low
輸入框	u			no-source	fallback	low
騎着	u			no-source	fallback	low
反映出	u			no-source	fallback	low
就成	u			no-source	fallback	low
拖欠	n,v			cow-multi	cow	medium
華爾街	u			no-source	fallback	low
跑來	u			no-source	fallback	low
回城	u			no-source	fallback	low
好玩的	u			no-source	fallback	low
書上	u			no-source	fallback	low
會比	u			no-source	fallback	low
本帖	u			no-source	fallback	low
瞧瞧	u			no-source	fallback	low
走出來	u			no-source	fallback	low
七天	u			no-source	fallback	low
不提	u			no-source	fallback	low
縣政府	u			no-source	fallback	low
偏低	u			no-source	fallback	low
再做	u			no-source	fallback	low
到他	u			no-source	fallback	low
發錯	u			no-source	fallback	low
企業管理	u			no-source	fallback	low
大智慧	u			no-source	fallback	low
監督管理	u			no-source	fallback	low
移動硬盤	u			no-source	fallback	low
胖胖	u			no-source	fallback	low
自主品牌	u			no-source	fallback	low
藏在	u			no-source	fallback	low
黨委書記	u			no-source	fallback	low
大夥	u			no-source	fallback	low
您還	u			no-source	fallback	low
搞清楚	u			no-source	fallback	low
讀寫	u			no-source	fallback	low
超薄	u			no-source	fallback	low
弄到	u			no-source	fallback	low
減持	u			no-source	fallback	low
細則	u			no-source	fallback	low
要你	u			no-source	fallback	low
青青	u			no-source	fallback	low
麥克風	u			no-source	fallback	low
妞妞	u			no-source	fallback	low
我已	u			no-source	fallback	low
指揮部	u			no-source	fallback	low
福克斯	u			no-source	fallback	low
艘	u			no-source	fallback	low
解決辦法	u			no-source	fallback	low
輛車	u			no-source	fallback	low
非主流	u			no-source	fallback	low
信息中心	n			len4-noun-heuristic	heuristic	medium
冒着	u			no-source	fallback	low
網名	u			no-source	fallback	low
該片	u			no-source	fallback	low
該項	u			no-source	fallback	low
靖	u			no-source	fallback	low
人是	u			no-source	fallback	low
僞造	u			no-source	fallback	low
分數線	u			no-source	fallback	low
百元	u			no-source	fallback	low
走過來	u			no-source	fallback	low
兩年前	u			no-source	fallback	low
刻錄機	u			no-source	fallback	low
娜娜	u			no-source	fallback	low
成爲一種	u			no-source	fallback	low
將使	u			no-source	fallback	low
死在	u			no-source	fallback	low
痘痘	u			no-source	fallback	low
表現出來	u			no-source	fallback	low
走高	u			no-source	fallback	low
也對	u			no-source	fallback	low
研究報告	u			no-source	fallback	low
三方	u			no-source	fallback	low
小遊戲	u			no-source	fallback	low
扯淡	u			no-source	fallback	low
誰家	u			no-source	fallback	low
車市	u			no-source	fallback	low
和訊	u			no-source	fallback	low
散熱器	u			no-source	fallback	low
營業廳	u			no-source	fallback	low
琦	u			no-source	fallback	low
甘肅省	u			no-source	fallback	low
聯合會	u			no-source	fallback	low
角度看	u			no-source	fallback	low
驚豔	u			no-source	fallback	low
使你	u			no-source	fallback	low
倒了	u			no-source	fallback	low
可以實現	u			no-source	fallback	low
啥事	u			no-source	fallback	low
國際社會	n			len4-noun-heuristic	heuristic	medium
天山	u			no-source	fallback	low
怎麼這麼	u			no-source	fallback	low
我猜	u			no-source	fallback	low
而他	u			no-source	fallback	low
這種方法	n			len4-noun-heuristic	heuristic	medium
一步一步	u			no-source	fallback	low
中國聯通	u			no-source	fallback	low
機牀	n			cow-single	cow	medium
見你	u			no-source	fallback	low
這樣才能	u			no-source	fallback	low
可真	u			no-source	fallback	low
太湖	u			no-source	fallback	low
歹徒	u			no-source	fallback	low
珠三角	u			no-source	fallback	low
非常喜歡	u			no-source	fallback	low
所要	u			no-source	fallback	low
新生兒	u			no-source	fallback	low
最最	u			no-source	fallback	low
死掉	v			verb-suffix	heuristic	medium
頂着	u			no-source	fallback	low
圖爲	u			no-source	fallback	low
批次	u			no-source	fallback	low
最早的	u			no-source	fallback	low
栽	u			no-source	fallback	low
第三章	u			no-source	fallback	low
中旬	u			no-source	fallback	low
供應鏈	u			no-source	fallback	low
南航	u			no-source	fallback	low
台州	u			no-source	fallback	low
未予	u			no-source	fallback	low
坐坐	u			no-source	fallback	low
好男人	u			no-source	fallback	low
幾句話	u			no-source	fallback	low
招聘會	u			no-source	fallback	low
沒有錢	u			no-source	fallback	low
灌灌	u			no-source	fallback	low
硅	n			cow-single	cow	medium
等一系列	u			no-source	fallback	low
謝謝大家	u			no-source	fallback	low
不要臉	u			no-source	fallback	low
也叫	u			no-source	fallback	low
多是	u			no-source	fallback	low
相關內容	u			no-source	fallback	low
看點	u			no-source	fallback	low
之分	u			no-source	fallback	low
保定	u			no-source	fallback	low
建設部	u			no-source	fallback	low
成爲中國	u			no-source	fallback	low
我好	u			no-source	fallback	low
祕訣	u			no-source	fallback	low
家裝	u			no-source	fallback	low
三期	u			no-source	fallback	low
仍未	u			no-source	fallback	low
新浪網	u			no-source	fallback	low
第一百	u			no-source	fallback	low
集群	u			no-source	fallback	low
響了	u			no-source	fallback	low
下旬	u			no-source	fallback	low
兩類	u			no-source	fallback	low
共建	u			no-source	fallback	low
可知	u			no-source	fallback	low
笑了笑	u			no-source	fallback	low
訪問量	u			no-source	fallback	low
一隻手	u			no-source	fallback	low
不久前	u			no-source	fallback	low
解密	u			no-source	fallback	low
責任人	u			no-source	fallback	low
閥	u			no-source	fallback	low
創造出	u			no-source	fallback	low
弊端	u			no-source	fallback	low
按揭	n			cow-single	cow	medium
那會	u			no-source	fallback	low
偏高	u			no-source	fallback	low
召回	v			cow-single	cow	medium
多高	u			no-source	fallback	low
耿	u			no-source	fallback	low
串口	u			no-source	fallback	low
切成	u			no-source	fallback	low
制動	u			no-source	fallback	low
喫力	u			no-source	fallback	low
大企業	u			no-source	fallback	low
好呢	u			no-source	fallback	low
完整性	u			no-source	fallback	low
幾個小時	u			no-source	fallback	low
纔是真正	u			no-source	fallback	low
買房子	u			no-source	fallback	low
質量問題	n			len4-noun-heuristic	heuristic	medium
所述	u			no-source	fallback	low
敢說	u			no-source	fallback	low
暴雪	u			no-source	fallback	low
睡得	u			no-source	fallback	low
好孩子	u			no-source	fallback	low
新書	u			no-source	fallback	low
沒喫	u			no-source	fallback	low
與我	u			no-source	fallback	low
蔡依林	u			no-source	fallback	low
該市	u			no-source	fallback	low
請來	u			no-source	fallback	low
高新	u			no-source	fallback	low
之子	u			no-source	fallback	low
兩方面	u			no-source	fallback	low
創業者	u			no-source	fallback	low
同時又	u			no-source	fallback	low
本片	u			no-source	fallback	low
臺灣人	u			no-source	fallback	low
軍區	u			no-source	fallback	low
銀行業	u			no-source	fallback	low
鎮江	u			no-source	fallback	low
人民醫院	n			len4-noun-heuristic	heuristic	medium
外星人	n			cow-single	cow	medium
多於	u			no-source	fallback	low
對它	u			no-source	fallback	low
已於	u			no-source	fallback	low
素質教育	u			no-source	fallback	low
上訪	u			no-source	fallback	low
中國古代	u			no-source	fallback	low
就別	u			no-source	fallback	low
馬雲	u			no-source	fallback	low
只能用	u			no-source	fallback	low
正處於	u			no-source	fallback	low
腹瀉	n			cow-single	cow	medium
基金經理	u			no-source	fallback	low
試駕	u			no-source	fallback	low
那我就	u			no-source	fallback	low
一群人	u			no-source	fallback	low
什麼啊	u			no-source	fallback	low
倒也	u			no-source	fallback	low
唐僧	u			no-source	fallback	low
有鍼對性	u			no-source	fallback	low
的嗎	u			no-source	fallback	low
過戶	u			no-source	fallback	low
顯存	u			no-source	fallback	low
一汽	u			no-source	fallback	low
北京人	u			no-source	fallback	low
小馬	u			no-source	fallback	low
目錄下	u			no-source	fallback	low
糉	u			no-source	fallback	low
剖析	v			cow-single	cow	medium
外網	u			no-source	fallback	low
本案	u			no-source	fallback	low
村委會	u			no-source	fallback	low
看錯	u			no-source	fallback	low
鄭重聲明	u			no-source	fallback	low
什麼關係	u			no-source	fallback	low
可可	u			no-source	fallback	low
它就	u			no-source	fallback	low
常有	u			no-source	fallback	low
彙編	u			no-source	fallback	low
柳州	u			no-source	fallback	low
王力宏	u			no-source	fallback	low
責任制	u			no-source	fallback	low
醫療保險	u			no-source	fallback	low
黨支部	u			no-source	fallback	low
印花稅	u			no-source	fallback	low
各省	u			no-source	fallback	low
城市建設	u			no-source	fallback	low
發生變化	u			no-source	fallback	low
站出來	u			no-source	fallback	low
臺下	u			no-source	fallback	low
菲菲	u			no-source	fallback	low
蜘蛛俠	u			no-source	fallback	low
費率	u			no-source	fallback	low
大慶	u			no-source	fallback	low
小夥	u			no-source	fallback	low
彰顯	u			no-source	fallback	low
新政	u			no-source	fallback	low
會做	u			no-source	fallback	low
漲到	u			no-source	fallback	low
羅嗦	u			no-source	fallback	low
藉着	u			no-source	fallback	low
鈉	n			cow-single	cow	medium
問世	u			no-source	fallback	low
巴菲特	u			no-source	fallback	low
多年前	u			no-source	fallback	low
將從	u			no-source	fallback	low
書籤	n			cow-single	cow	medium
李安	u			no-source	fallback	low
都是這樣	u			no-source	fallback	low
亂說	u			no-source	fallback	low
信息網	u			no-source	fallback	low
告訴大家	u			no-source	fallback	low
法律規定	u			no-source	fallback	low
淨資產	u			no-source	fallback	low
別再	u			no-source	fallback	low
就拿	u			no-source	fallback	low
建議您	u			no-source	fallback	low
接受採訪	u			no-source	fallback	low
行政執法	u			no-source	fallback	low
行業協會	u			no-source	fallback	low
鄭州市	u			no-source	fallback	low
低成本	u			no-source	fallback	low
你是我	u			no-source	fallback	low
很舒服	u			no-source	fallback	low
意甲	u			no-source	fallback	low
留言板	u			no-source	fallback	low
這麼多人	u			no-source	fallback	low
今年以來	u			no-source	fallback	low
另一半	u			no-source	fallback	low
導購	u			no-source	fallback	low
搜狐博客	u			no-source	fallback	low
等他	u			no-source	fallback	low
誰要	u			no-source	fallback	low
這種感覺	u			no-source	fallback	low
一下頭	u			no-source	fallback	low
一單	u			no-source	fallback	low
一回	u			no-source	fallback	low
一批	u			no-source	fallback	low
一整	u			no-source	fallback	low
上氣	u			no-source	fallback	low
上頭	u			no-source	fallback	low
下一步	u			no-source	fallback	low
下一站	u			no-source	fallback	low
不動	u			no-source	fallback	low
並不是	u			no-source	fallback	low
並唔	u			no-source	fallback	low
九十度	u			no-source	fallback	low
亂嚟	u			no-source	fallback	low
事架	u			no-source	fallback	low
二十歲	u			no-source	fallback	low
二次	u			no-source	fallback	low
二號	u			no-source	fallback	low
人仲	u			no-source	fallback	low
人問	u			no-source	fallback	low
人氣	u			no-source	fallback	low
人渣	u			no-source	fallback	low
人造	u			no-source	fallback	low
人食	u			no-source	fallback	low
你介	u			no-source	fallback	low
你間	u			no-source	fallback	low
依兩個	u			no-source	fallback	low
係咁大	u			no-source	fallback	low
俊朗	u			no-source	fallback	low
俏	u			no-source	fallback	low
個條	u			no-source	fallback	low
個款	u			no-source	fallback	low
個海	u			no-source	fallback	low
倒後	u			no-source	fallback	low
偉	u			no-source	fallback	low
備	u			no-source	fallback	low
傷人	u			no-source	fallback	low
優美	u			no-source	fallback	low
先叫	u			no-source	fallback	low
入黑	u			no-source	fallback	low
全心全意	u			no-source	fallback	low
全靠	u			no-source	fallback	low
兩三年	u			no-source	fallback	low
兩三日	u			no-source	fallback	low
兩隊	u			no-source	fallback	low
其名	u			no-source	fallback	low
再畫	u			no-source	fallback	low
再話	u			no-source	fallback	low
冬	n			cow-single	cow	medium
出個	u			no-source	fallback	low
到芷純	u			no-source	fallback	low
到過	u			no-source	fallback	low
削	n,v			cow-multi	cow	medium
前晚	u			no-source	fallback	low
劃	v			cow-single	cow	medium
劉德華	u			no-source	fallback	low
匯報	u			no-source	fallback	low
十九式	u			no-source	fallback	low
升級	u			no-source	fallback	low
半邊	u			no-source	fallback	low
又把	u			no-source	fallback	low
反鎖	u			no-source	fallback	low
口花花	u			no-source	fallback	low
口裡	u			no-source	fallback	low
只會令	u			no-source	fallback	low
各有各	u			no-source	fallback	low
同有	u			no-source	fallback	low
同肥龍	u			no-source	fallback	low
吸氣	u			no-source	fallback	low
咗喇	u			no-source	fallback	low
咪姐	u			no-source	fallback	low
咪當	u			no-source	fallback	low
哩種	u			no-source	fallback	low
問一問	u			no-source	fallback	low
問啦	u			no-source	fallback	low
問完	v			verb-suffix	heuristic	medium
嗰堆	u			no-source	fallback	low
嘅門	u			no-source	fallback	low
噴奶	u			no-source	fallback	low
嚟料	u			no-source	fallback	low
嚟香港	u			no-source	fallback	low
回完	v			verb-suffix	heuristic	medium
圓碌碌	u			no-source	fallback	low
坦克	n			cow-single	cow	medium
埋伏	n,v			cow-multi	cow	medium
執輸	u			no-source	fallback	low
培養	n,v			cow-multi	cow	medium
境	n			cow-single	cow	medium
壇	n			cow-single	cow	medium
夢幻	u			no-source	fallback	low
大時	u			no-source	fallback	low
大營	u			no-source	fallback	low
天上	u			no-source	fallback	low
天份	u			no-source	fallback	low
天龍家	u			no-source	fallback	low
奉上	u			no-source	fallback	low
奔跑	v			cow-single	cow	medium
奮鬥	n,v			cow-multi	cow	medium
女架	u			no-source	fallback	low
好啱	u			no-source	fallback	low
威水	u			no-source	fallback	low
學過	u			no-source	fallback	low
完戲	u			no-source	fallback	low
宜個	u			no-source	fallback	low
宵	u			no-source	fallback	low
家下	u			no-source	fallback	low
對決	u			no-source	fallback	low
對這	u			no-source	fallback	low
小兔	u			no-source	fallback	low
小圖講	u			no-source	fallback	low
小次	u			no-source	fallback	low
小蓮	u			no-source	fallback	low
小貞個	u			no-source	fallback	low
小貞用	u			no-source	fallback	low
就暈	u			no-source	fallback	low
屍蟲	u			no-source	fallback	low
岑麗香	u			no-source	fallback	low
巢	n			cow-single	cow	medium
巴克	u			no-source	fallback	low
平伏	u			no-source	fallback	low
幾想	u			no-source	fallback	low
張個	u			no-source	fallback	low
張有成	u			no-source	fallback	low
張靖嵐	u			no-source	fallback	low
強風	u			no-source	fallback	low
後備	u			no-source	fallback	low
思問	u			no-source	fallback	low
思訓	u			no-source	fallback	low
怪聲	u			no-source	fallback	low
悠	u			no-source	fallback	low
想入	u			no-source	fallback	low
想學	u			no-source	fallback	low
態	u			no-source	fallback	low
慘啦	u			no-source	fallback	low
成程	u			no-source	fallback	low
我下	u			no-source	fallback	low
我住	v			verb-suffix	heuristic	medium
我定	u			no-source	fallback	low
我想知	u			no-source	fallback	low
我教	u			no-source	fallback	low
我暈	u			no-source	fallback	low
我次次	u			no-source	fallback	low
我溝	u			no-source	fallback	low
我轉	u			no-source	fallback	low
我靈機	u			no-source	fallback	low
戰術	n			cow-single	cow	medium
手握	u			no-source	fallback	low
打字	u			no-source	fallback	low
扶起	u			no-source	fallback	low
抽動	v			cow-single	cow	medium
拃	u			no-source	fallback	low
持久	v			cow-single	cow	medium
捐血	u			no-source	fallback	low
採取	v			cow-single	cow	medium
推入	u			no-source	fallback	low
插進	u			no-source	fallback	low
換來	u			no-source	fallback	low
搜房	u			no-source	fallback	low
操控	u			no-source	fallback	low
擘大眼	u			no-source	fallback	low
擺低	u			no-source	fallback	low
支筆	u			no-source	fallback	low
整爛	u			no-source	fallback	low
斯基	u			no-source	fallback	low
新界	u			no-source	fallback	low
既大	u			no-source	fallback	low
早排	u			no-source	fallback	low
春袋	u			no-source	fallback	low
普洱	u			no-source	fallback	low
暗爽	u			no-source	fallback	low
暴	u			no-source	fallback	low
最前	u			no-source	fallback	low
最愛的	u			no-source	fallback	low
會信	u			no-source	fallback	low
會想	u			no-source	fallback	low
會望	u			no-source	fallback	low
有冇事	u			no-source	fallback	low
有架	u			no-source	fallback	low
望落	u			no-source	fallback	low
林太	u			no-source	fallback	low
染成	u			no-source	fallback	low
校隊	u			no-source	fallback	low
桌面	n			cow-single	cow	medium
條校	u			no-source	fallback	low
條橋	u			no-source	fallback	low
條氣	u			no-source	fallback	low
樂仔	u			no-source	fallback	low
欺	u			no-source	fallback	low
歡	u			no-source	fallback	low
段片	u			no-source	fallback	low
殺意	u			no-source	fallback	low
毀	v			cow-single	cow	medium
每一晚	u			no-source	fallback	low
毒品	n			cow-single	cow	medium
沉迷	u			no-source	fallback	low
治	v			cow-single	cow	medium
流落嚟	u			no-source	fallback	low
浩仔	u			no-source	fallback	low
消費	n			cow-single	cow	medium
淨番	u			no-source	fallback	low
淫笑	u			no-source	fallback	low
減輕	n,v			cow-multi	cow	medium
渴	n			cow-single	cow	medium
溫到	u			no-source	fallback	low
火箭	n			cow-single	cow	medium
無一	u			no-source	fallback	low
無憂	u			no-source	fallback	low
無理過	u			no-source	fallback	low
焦	u			no-source	fallback	low
焦慮	n			cow-single	cow	medium
煞	u			no-source	fallback	low
爆開	v			verb-suffix	heuristic	medium
牛扒	u			no-source	fallback	low
牢	u			no-source	fallback	low
用條	u			no-source	fallback	low
用過	u			no-source	fallback	low
畀返	u			no-source	fallback	low
白千龍	u			no-source	fallback	low
白皙	u			no-source	fallback	low
百龍	u			no-source	fallback	low
相通	v			cow-single	cow	medium
眼袋	u			no-source	fallback	low
眼裡	u			no-source	fallback	low
知喇	u			no-source	fallback	low
科技創新	u			no-source	fallback	low
竇	u			no-source	fallback	low
算好	u			no-source	fallback	low
粟米片	u			no-source	fallback	low
素	u			no-source	fallback	low
細榮	u			no-source	fallback	low
組媽	u			no-source	fallback	low
綿	u			no-source	fallback	low
緊扣	u			no-source	fallback	low
縮短	n,v			cow-multi	cow	medium
羞辱	n,v			cow-multi	cow	medium
翁艷桐	u			no-source	fallback	low
老老豆	u			no-source	fallback	low
聰仔	u			no-source	fallback	low
聳	v			cow-single	cow	medium
自動波	u			no-source	fallback	low
自已	u			no-source	fallback	low
自瀆	u			no-source	fallback	low
至終	u			no-source	fallback	low
興祝	u			no-source	fallback	low
艾爾頓	u			no-source	fallback	low
若有	u			no-source	fallback	low
茅	u			no-source	fallback	low
莫	u			no-source	fallback	low
萬物	n			cow-single	cow	medium
蒙	u			no-source	fallback	low
蔣震滔	u			no-source	fallback	low
虛脫	u			no-source	fallback	low
行人路	u			no-source	fallback	low
行咗去	u			no-source	fallback	low
行裝	u			no-source	fallback	low
衝上	u			no-source	fallback	low
衝前	u			no-source	fallback	low
衝返	u			no-source	fallback	low
見點	u			no-source	fallback	low
視察	v			cow-single	cow	medium
親子	u			no-source	fallback	low
覺醒	n			cow-single	cow	medium
角落頭	u			no-source	fallback	low
訓下	u			no-source	fallback	low
記低	u			no-source	fallback	low
詠兒	u			no-source	fallback	low
話個	u			no-source	fallback	low
誠哥	u			no-source	fallback	low
講一個	u			no-source	fallback	low
講要	u			no-source	fallback	low
識用	u			no-source	fallback	low
警覺	u			no-source	fallback	low
變強	u			no-source	fallback	low
讚賞	n,v			cow-multi	cow	medium
貝殼	n			cow-single	cow	medium
買過	u			no-source	fallback	low
賓客	u			no-source	fallback	low
走甩	u			no-source	fallback	low
起步	v			cow-single	cow	medium
超出	u			no-source	fallback	low
越遠	u			no-source	fallback	low
車主	u			no-source	fallback	low
軍隊	n			cow-single	cow	medium
轉入	u			no-source	fallback	low
辯論	n,v			cow-multi	cow	medium
迷失	u			no-source	fallback	low
追魂	u			no-source	fallback	low
這回事	u			no-source	fallback	low
通風	n,v			cow-multi	cow	medium
連一個	u			no-source	fallback	low
遊行	n			cow-single	cow	medium
違反	n,v			cow-multi	cow	medium
遵守	n,v			cow-multi	cow	medium
遺	u			no-source	fallback	low
邊講	u			no-source	fallback	low
郊遊	u			no-source	fallback	low
配上	u			no-source	fallback	low
重恩	u			no-source	fallback	low
野一	u			no-source	fallback	low
野豬	n			cow-single	cow	medium
阿爺	u			no-source	fallback	low
阿連	u			no-source	fallback	low
降頭	u			no-source	fallback	low
階級	n			cow-single	cow	medium
際	u			no-source	fallback	low
隨身	u			no-source	fallback	low
雀躍	v			cow-single	cow	medium
電話裏	u			no-source	fallback	low
震緊	u			no-source	fallback	low
顯示器	n			cow-single	cow	medium
飛到	u			no-source	fallback	low
飯飯	u			no-source	fallback	low
飾物	n			cow-single	cow	medium
養過	u			no-source	fallback	low
香煙	n			cow-single	cow	medium
騙	v			cow-single	cow	medium
骰	u			no-source	fallback	low
體操	n			cow-single	cow	medium
高貴	n			cow-single	cow	medium
魔法師	u			no-source	fallback	low
魚生	u			no-source	fallback	low
鹼鹼	u			no-source	fallback	low
默默地	u			no-source	fallback	low
點丫	u			no-source	fallback	low
點去	u			no-source	fallback	low
點咗下頭	u			no-source	fallback	low
點蟲蟲	u			no-source	fallback	low
黨內	u			no-source	fallback	low
批示	u			no-source	fallback	low
是做	u			no-source	fallback	low
滬深	u			no-source	fallback	low
照相機	u			no-source	fallback	low
該劇	u			no-source	fallback	low
載入	u			no-source	fallback	low
過兩天	u			no-source	fallback	low
佔地	u			no-source	fallback	low
十天	u			no-source	fallback	low
工作站	u			no-source	fallback	low
老朋友	u			no-source	fallback	low
間隙	n			cow-single	cow	medium
以及其他	u			no-source	fallback	low
加州	u			no-source	fallback	low
將由	u			no-source	fallback	low
我和他	u			no-source	fallback	low
聽完	v			verb-suffix	heuristic	medium
飯喫	u			no-source	fallback	low
小胖	u			no-source	fallback	low
很有意思	u			no-source	fallback	low
我了	u			no-source	fallback	low
目前市場	n			len4-noun-heuristic	heuristic	medium
笑死	u			no-source	fallback	low
農家	u			no-source	fallback	low
他將	u			no-source	fallback	low
又回到	u			no-source	fallback	low
喫醋	u			no-source	fallback	low
國航	u			no-source	fallback	low
收費標準	u			no-source	fallback	low
日晚	u			no-source	fallback	low
格格	u			no-source	fallback	low
相信自己	u			no-source	fallback	low
羅技	u			no-source	fallback	low
青菜	n			cow-single	cow	medium
整個人	u			no-source	fallback	low
旗下的	u			no-source	fallback	low
藏族	u			no-source	fallback	low
資料片	u			no-source	fallback	low
電影節	u			no-source	fallback	low
高開	v			verb-suffix	heuristic	medium
也該	u			no-source	fallback	low
企業發展	u			no-source	fallback	low
促成	u			no-source	fallback	low
合作關係	u			no-source	fallback	low
天蠍	u			no-source	fallback	low
小資	u			no-source	fallback	low
居室	u			no-source	fallback	low
黃健翔	u			no-source	fallback	low
万	u			no-source	fallback	low
也挺	u			no-source	fallback	low
市場營銷	u			no-source	fallback	low
港元	n			cow-single	cow	medium
耗費	n,v			cow-multi	cow	medium
職業教育	u			no-source	fallback	low
延時	u			no-source	fallback	low
新聞媒體	u			no-source	fallback	low
區縣	u			no-source	fallback	low
執法人員	n			len4-noun-heuristic	heuristic	medium
大院	u			no-source	fallback	low
我並不	u			no-source	fallback	low
打了個	u			no-source	fallback	low
日立	u			no-source	fallback	low
有關法律	u			no-source	fallback	low
橘子	n			cow-single	cow	medium
波段	n			cow-single	cow	medium
祕籍	u			no-source	fallback	low
酷睿	u			no-source	fallback	low
也說	u			no-source	fallback	low
再好	u			no-source	fallback	low
去想	u			no-source	fallback	low
小花	u			no-source	fallback	low
尤文	u			no-source	fallback	low
這個故事	u			no-source	fallback	low
太大的	u			no-source	fallback	low
徐靜蕾	u			no-source	fallback	low
散佈	n,v			cow-multi	cow	medium
昊	u			no-source	fallback	low
期內	u			no-source	fallback	low
本是	u			no-source	fallback	low
用不着	u			no-source	fallback	low
公共服務	n			len4-noun-heuristic	heuristic	medium
大問題	u			no-source	fallback	low
日韓	u			no-source	fallback	low
河道	u			no-source	fallback	low
獵頭	u			no-source	fallback	low
葉片	n			cow-single	cow	medium
被封	v		passive	prefix-passive	heuristic	medium
豐富多彩	u			no-source	fallback	low
都有自己	u			no-source	fallback	low
順德	u			no-source	fallback	low
多想	u			no-source	fallback	low
季後賽	u			no-source	fallback	low
小貝	u			no-source	fallback	low
我曾	u			no-source	fallback	low
東莞市	u			no-source	fallback	low
檢修	n			cow-single	cow	medium
片區	u			no-source	fallback	low
節後	u			no-source	fallback	low
組團	u			no-source	fallback	low
詳見	u			no-source	fallback	low
讚揚	v			cow-single	cow	medium
輔	u			no-source	fallback	low
主營	u			no-source	fallback	low
內飾	u			no-source	fallback	low
又是一個	u			no-source	fallback	low
宏觀經濟	n			len4-noun-heuristic	heuristic	medium
情緣	u			no-source	fallback	low
我想你	u			no-source	fallback	low
能耗	u			no-source	fallback	low
腳印	u			no-source	fallback	low
都以	u			no-source	fallback	low
隊列	n			cow-single	cow	medium
可以幫助	u			no-source	fallback	low
強烈要求	u			no-source	fallback	low
愛國者	n			cow-single	cow	medium
秦皇島	u			no-source	fallback	low
緊接着	u			no-source	fallback	low
職業生涯	u			no-source	fallback	low
韓寒	u			no-source	fallback	low
事都	u			no-source	fallback	low
出現問題	n			len4-noun-heuristic	heuristic	medium
小羅	u			no-source	fallback	low
應是	u			no-source	fallback	low
打進	u			no-source	fallback	low
湖人	u			no-source	fallback	low
用以	u			no-source	fallback	low
防汛	u			no-source	fallback	low
風險投資	u			no-source	fallback	low
騙你	u			no-source	fallback	low
高素質	u			no-source	fallback	low
低保	u			no-source	fallback	low
內蒙	u			no-source	fallback	low
前一	u			no-source	fallback	low
哈利波特	u			no-source	fallback	low
回車	u			no-source	fallback	low
牴觸	n,v			cow-multi	cow	medium
簡要	u			no-source	fallback	low
魚兒	u			no-source	fallback	low
是世界上	u			no-source	fallback	low
然後又	u			no-source	fallback	low
發飆	u			no-source	fallback	low
聽我	u			no-source	fallback	low
下週一	u			no-source	fallback	low
債權	u			no-source	fallback	low
同城	u			no-source	fallback	low
哭着	u			no-source	fallback	low
四天	u			no-source	fallback	low
小李	u			no-source	fallback	low
彈簧	n			cow-single	cow	medium
我和你	u			no-source	fallback	low
打打	u			no-source	fallback	low
批發市場	n			len4-noun-heuristic	heuristic	medium
振盪	n			cow-single	cow	medium
最小的	u			no-source	fallback	low
李連杰	u			no-source	fallback	low
檯球	u			no-source	fallback	low
此爲	u			no-source	fallback	low
稅費	u			no-source	fallback	low
馬自達	u			no-source	fallback	low
增高	v			cow-single	cow	medium
多歲	u			no-source	fallback	low
想一想	u			no-source	fallback	low
握着	u			no-source	fallback	low
浙大	u			no-source	fallback	low
盛會	u			no-source	fallback	low
大山	n			cow-single	cow	medium
產出	u			no-source	fallback	low
看球	u			no-source	fallback	low
破解版	u			no-source	fallback	low
競價	u			no-source	fallback	low
絕對不是	u			no-source	fallback	low
虛擬機	u			no-source	fallback	low
這條路	u			no-source	fallback	low
鋼管	u			no-source	fallback	low
駕校	u			no-source	fallback	low
兩會	u			no-source	fallback	low
工藝品	u			no-source	fallback	low
病理	n			cow-single	cow	medium
真是太	u			no-source	fallback	low
磷	n			cow-single	cow	medium
詹姆斯	u			no-source	fallback	low
賽後	u			no-source	fallback	low
輔導員	u			no-source	fallback	low
農業生產	u			no-source	fallback	low
首創	u			no-source	fallback	low
之日	u			no-source	fallback	low
嚴重影響	u			no-source	fallback	low
教育網	u			no-source	fallback	low
武昌	u			no-source	fallback	low
溫情	u			no-source	fallback	low
高跟鞋	u			no-source	fallback	low
八一	x			numeral	heuristic	high
分銷	u			no-source	fallback	low
圖中	u			no-source	fallback	low
地下室	n			cow-single	cow	medium
漁業	u			no-source	fallback	low
立案	u			no-source	fallback	low
聽懂	u			no-source	fallback	low
與會	u			no-source	fallback	low
賬單	u			no-source	fallback	low
逝世	u			no-source	fallback	low
黨組	u			no-source	fallback	low
不變的	u			no-source	fallback	low
到這	u			no-source	fallback	low
十多年	u			no-source	fallback	low
宜昌	u			no-source	fallback	low
很短	u			no-source	fallback	low
濰坊	u			no-source	fallback	low
生豬	u			no-source	fallback	low
直轄市	u			no-source	fallback	low
科學研究	u			no-source	fallback	low
臺式	u			no-source	fallback	low
車裏	u			no-source	fallback	low
軟件開發	u			no-source	fallback	low
那還	u			no-source	fallback	low
飯後	u			no-source	fallback	low
區政府	u			no-source	fallback	low
古鎮	u			no-source	fallback	low
必不可少	u			no-source	fallback	low
經商	n,v			cow-multi	cow	medium
公測	u			no-source	fallback	low
插座	n			cow-single	cow	medium
放不下	u			no-source	fallback	low
旗艦	n			cow-single	cow	medium
淫穢	u			no-source	fallback	low
那臺	u			no-source	fallback	low
填報	u			no-source	fallback	low
從業	u			no-source	fallback	low
水裏	u			no-source	fallback	low
湖南衛視	u			no-source	fallback	low
澱粉	n			cow-single	cow	medium
說一句	u			no-source	fallback	low
這幾	u			no-source	fallback	low
協調發展	u			no-source	fallback	low
好嘛	u			no-source	fallback	low
監督檢查	u			no-source	fallback	low
第一節	u			no-source	fallback	low
繳	u			no-source	fallback	low
萬名	u			no-source	fallback	low
過不去	u			no-source	fallback	low
那幫	u			no-source	fallback	low
內容均	u			no-source	fallback	low
北京奧運	u			no-source	fallback	low
去的	u			no-source	fallback	low
場館	u			no-source	fallback	low
比方	u			no-source	fallback	low
江門	u			no-source	fallback	low
產業結構	u			no-source	fallback	low
窯	n			cow-single	cow	medium
紅利	n			cow-single	cow	medium
被抓	v		passive	prefix-passive	heuristic	medium
週歲	u			no-source	fallback	low
需求量	u			no-source	fallback	low
預案	u			no-source	fallback	low
風溼	u			no-source	fallback	low
伴有	u			no-source	fallback	low
呆呆	u			no-source	fallback	low
周迅	u			no-source	fallback	low
啓蒙	n			cow-single	cow	medium
完備	u			no-source	fallback	low
工業園	u			no-source	fallback	low
張傑	u			no-source	fallback	low
用戶可以	u			no-source	fallback	low
研究成果	u			no-source	fallback	low
社會保險	u			no-source	fallback	low
經絡	u			no-source	fallback	low
先說	u			no-source	fallback	low
哈佛	u			no-source	fallback	low
太少了	u			no-source	fallback	low
客商	u			no-source	fallback	low
幫幫忙	u			no-source	fallback	low
收藏夾	u			no-source	fallback	low
有才	u			no-source	fallback	low
沒做	u			no-source	fallback	low
說句	u			no-source	fallback	low
贊助商	u			no-source	fallback	low
鄂	u			no-source	fallback	low
你想要	u			no-source	fallback	low
前幾年	u			no-source	fallback	low
多少次	u			no-source	fallback	low
富士康	u			no-source	fallback	low
很多次	u			no-source	fallback	low
春運	u			no-source	fallback	low
最簡單的	u			no-source	fallback	low
爲所欲爲	u			no-source	fallback	low
牆面	u			no-source	fallback	low
經受	v			cow-single	cow	medium
聽課	u			no-source	fallback	low
購車	u			no-source	fallback	low
閥門	u			no-source	fallback	low
雷鋒	u			no-source	fallback	low
中國石油	u			no-source	fallback	low
兩場	u			no-source	fallback	low
友情鏈接	u			no-source	fallback	low
執照	n			cow-single	cow	medium
玩耍	n,v			cow-multi	cow	medium
白馬	u			no-source	fallback	low
粉紅色	u			no-source	fallback	low
華裔	u			no-source	fallback	low
黑龍	u			no-source	fallback	low
點播	u			no-source	fallback	low
動脈	u			no-source	fallback	low
均屬	u			no-source	fallback	low
大地震	u			no-source	fallback	low
幾千年	u			no-source	fallback	low
新聞網	u			no-source	fallback	low
還有沒有	u			no-source	fallback	low
京劇	u			no-source	fallback	low
你哦	u			no-source	fallback	low
即爲	u			no-source	fallback	low
又見	u			no-source	fallback	low
成就感	n			cow-single	cow	medium
支部	n			cow-single	cow	medium
照着	u			no-source	fallback	low
綜合徵	u			no-source	fallback	low
同爲	u			no-source	fallback	low
城市裏	u			no-source	fallback	low
社會化	u			no-source	fallback	low
部部長	u			no-source	fallback	low
降至	u			no-source	fallback	low
共同努力	u			no-source	fallback	low
創造力	u			no-source	fallback	low
千古	u			no-source	fallback	low
就如	u			no-source	fallback	low
特約	u			no-source	fallback	low
用它	u			no-source	fallback	low
申請表	n			cow-single	cow	medium
管理規定	u			no-source	fallback	low
該縣	u			no-source	fallback	low
辯	u			no-source	fallback	low
部委	u			no-source	fallback	low
喫肉	u			no-source	fallback	low
幫派	u			no-source	fallback	low
插上	u			no-source	fallback	low
都可	u			no-source	fallback	low
高新區	u			no-source	fallback	low
並能	u			no-source	fallback	low
九江	u			no-source	fallback	low
可分爲	u			no-source	fallback	low
家門口	u			no-source	fallback	low
短短的	u			no-source	fallback	low
示例	u			no-source	fallback	low
第三季度	u			no-source	fallback	low
美聯儲	u			no-source	fallback	low
養護	u			no-source	fallback	low
不睡	u			no-source	fallback	low
來啦	u			no-source	fallback	low
內線	u			no-source	fallback	low
拿錢	u			no-source	fallback	low
算什麼	u			no-source	fallback	low
網格	u			no-source	fallback	low
行政機關	u			no-source	fallback	low
評比	u			no-source	fallback	low
辛勤	u			no-source	fallback	low
高中生	u			no-source	fallback	low
互助	r,v			cow-multi	cow	medium
仔細看	u			no-source	fallback	low
低位	u			no-source	fallback	low
喬丹	u			no-source	fallback	low
在華	u			no-source	fallback	low
學着	u			no-source	fallback	low
很幸福	u			no-source	fallback	low
纔會有	u			no-source	fallback	low
設置爲	u			no-source	fallback	low
買方	u			no-source	fallback	low
開封	u			no-source	fallback	low
之久	u			no-source	fallback	low
全額	u			no-source	fallback	low
常委	u			no-source	fallback	low
慢慢來	u			no-source	fallback	low
掏錢	u			no-source	fallback	low
百科	u			no-source	fallback	low
經理人	u			no-source	fallback	low
配偶	n			cow-single	cow	medium
面的	u			no-source	fallback	low
控制面板	u			no-source	fallback	low
給它	u			no-source	fallback	low
不哭	u			no-source	fallback	low
低點	u			no-source	fallback	low
商學院	u			no-source	fallback	low
怎樣才能	u			no-source	fallback	low
故宮	u			no-source	fallback	low
有較大	u			no-source	fallback	low
產品線	u			no-source	fallback	low
荷花	u			no-source	fallback	low
首款	u			no-source	fallback	low
上證	u			no-source	fallback	low
二十多	u			no-source	fallback	low
最不	u			no-source	fallback	low
班裏	u			no-source	fallback	low
管理中心	n			len4-noun-heuristic	heuristic	medium
紀委	u			no-source	fallback	low
要向	u			no-source	fallback	low
請聯繫	u			no-source	fallback	low
保鏢	n			cow-single	cow	medium
只說	u			no-source	fallback	low
城市化	u			no-source	fallback	low
奧地利	n			cow-single	cow	medium
女大學生	u			no-source	fallback	low
威望	n			cow-single	cow	medium
救市	u			no-source	fallback	low
明代	u			no-source	fallback	low
理事會	n			cow-single	cow	medium
要爲	u			no-source	fallback	low
請先	u			no-source	fallback	low
重新啓動	u			no-source	fallback	low
五筆	u			no-source	fallback	low
佈線	u			no-source	fallback	low
出廠	u			no-source	fallback	low
小戶型	u			no-source	fallback	low
工作時間	u			no-source	fallback	low
是中國人	u			no-source	fallback	low
活該	u			no-source	fallback	low
翻唱	u			no-source	fallback	low
功耗	u			no-source	fallback	low
叫了	u			no-source	fallback	low
國慶節	u			no-source	fallback	low
好可愛	u			no-source	fallback	low
張力	u			no-source	fallback	low
整數	n			cow-single	cow	medium
有你	u			no-source	fallback	low
湛江	u			no-source	fallback	low
管他	u			no-source	fallback	low
見不到	u			no-source	fallback	low
上千	u			no-source	fallback	low
也已	u			no-source	fallback	low
但不能	u			no-source	fallback	low
劉亦菲	u			no-source	fallback	low
同仁	u			no-source	fallback	low
地稅	u			no-source	fallback	low
小泉	u			no-source	fallback	low
年產	u			no-source	fallback	low
活了	u			no-source	fallback	low
深層次	u			no-source	fallback	low
那本	u			no-source	fallback	low
靈活性	u			no-source	fallback	low
鬥地主	u			no-source	fallback	low
鮮活	u			no-source	fallback	low
不累	u			no-source	fallback	low
勉爲其難	u			no-source	fallback	low
十分重要	u			no-source	fallback	low
卻不能	u			no-source	fallback	low
帷幕	n			cow-single	cow	medium
成品油	u			no-source	fallback	low
祕方	u			no-source	fallback	low
西安市	u			no-source	fallback	low
跟不上	u			no-source	fallback	low
通車	u			no-source	fallback	low
過快	u			no-source	fallback	low
主要包括	u			no-source	fallback	low
代辦	u			no-source	fallback	low
低收入	u			no-source	fallback	low
別讓	u			no-source	fallback	low
到處都是	u			no-source	fallback	low
另一位	u			no-source	fallback	low
巴掌	u			no-source	fallback	low
很愛	u			no-source	fallback	low
拖拉機	u			no-source	fallback	low
民用	u			no-source	fallback	low
漂泊	n,v			cow-multi	cow	medium
睡到	u			no-source	fallback	low
競爭優勢	u			no-source	fallback	low
覺的	u			no-source	fallback	low
麥蒂	u			no-source	fallback	low
孫悟空	u			no-source	fallback	low
就差	u			no-source	fallback	low
揭祕	u			no-source	fallback	low
舊的	u			no-source	fallback	low
護膚品	u			no-source	fallback	low
使用權	u			no-source	fallback	low
回饋	u			no-source	fallback	low
廣播電視	u			no-source	fallback	low
海南省	u			no-source	fallback	low
無法使用	u			no-source	fallback	low
生物學	u			no-source	fallback	low
發展前景	u			no-source	fallback	low
竹子	u			no-source	fallback	low
膠片	n			cow-single	cow	medium
造價	u			no-source	fallback	low
共產黨員	u			no-source	fallback	low
初三	u			no-source	fallback	low
可以獲得	u			no-source	fallback	low
喫好	u			no-source	fallback	low
坐下來	u			no-source	fallback	low
持平	u			no-source	fallback	low
複查	n,v			cow-multi	cow	medium
車手	u			no-source	fallback	low
高二	u			no-source	fallback	low
副教授	n			cow-single	cow	medium
卻沒	u			no-source	fallback	low
多頭	u			no-source	fallback	low
專爲	u			no-source	fallback	low
沒聽	u			no-source	fallback	low
火箭隊	u			no-source	fallback	low
發展規劃	u			no-source	fallback	low
編織	a,n,v			cow-multi	cow	medium
總書記	u			no-source	fallback	low
翟	u			no-source	fallback	low
職能部門	n			len4-noun-heuristic	heuristic	medium
計算器	u			no-source	fallback	low
評議	u			no-source	fallback	low
重要原因	u			no-source	fallback	low
項目組	u			no-source	fallback	low
什麼用	u			no-source	fallback	low
十年前	u			no-source	fallback	low
回訪	u			no-source	fallback	low
少喫	u			no-source	fallback	low
排查	u			no-source	fallback	low
擱	v			cow-single	cow	medium
沒有發現	u			no-source	fallback	low
祿	u			no-source	fallback	low
考勤	u			no-source	fallback	low
那也是	u			no-source	fallback	low
項目建設	u			no-source	fallback	low
不確定性	u			no-source	fallback	low
個人意見	u			no-source	fallback	low
入黨	u			no-source	fallback	low
城市規劃	u			no-source	fallback	low
小結	u			no-source	fallback	low
就買	u			no-source	fallback	low
萬餘	u			no-source	fallback	low
虔誠	u			no-source	fallback	low
倒計時	u			no-source	fallback	low
到帳	u			no-source	fallback	low
可以找到	u			no-source	fallback	low
大雪	u			no-source	fallback	low
守着	u			no-source	fallback	low
放送	u			no-source	fallback	low
新開	v			verb-suffix	heuristic	medium
真要	u			no-source	fallback	low
管理體制	u			no-source	fallback	low
陳冠希	u			no-source	fallback	low
兩百	x			numeral	heuristic	high
割肉	u			no-source	fallback	low
喫苦	u			no-source	fallback	low
一整天	u			no-source	fallback	low
併發症	n			cow-single	cow	medium
喫喝	u			no-source	fallback	low
很熱	u			no-source	fallback	low
惱火	n,v			cow-multi	cow	medium
打分	u			no-source	fallback	low
擴建	u			no-source	fallback	low
絢麗	u			no-source	fallback	low
統計數據	u			no-source	fallback	low
辨別	v			cow-single	cow	medium
鍛造	u			no-source	fallback	low
開發人員	n			len4-noun-heuristic	heuristic	medium
陽性	u			no-source	fallback	low
口袋裏	u			no-source	fallback	low
嬰幼兒	u			no-source	fallback	low
效果圖	u			no-source	fallback	low
文明用語	u			no-source	fallback	low
暗黑	u			no-source	fallback	low
替我	u			no-source	fallback	low
果子	n			cow-single	cow	medium
樣板	u			no-source	fallback	low
漲跌	u			no-source	fallback	low
第四章	u			no-source	fallback	low
美酒	u			no-source	fallback	low
計生	u			no-source	fallback	low
中國第一	u			no-source	fallback	low
先進性	u			no-source	fallback	low
啦啦啦	u			no-source	fallback	low
喧囂	n			cow-single	cow	medium
嘆了	u			no-source	fallback	low
回購	u			no-source	fallback	low
里程	u			no-source	fallback	low
你很	u			no-source	fallback	low
全國人大	u			no-source	fallback	low
創新高	u			no-source	fallback	low
張先生	u			no-source	fallback	low
曾是	u			no-source	fallback	low
村長	u			no-source	fallback	low
端午節	u			no-source	fallback	low
素養	u			no-source	fallback	low
佛山市	u			no-source	fallback	low
全國性	u			no-source	fallback	low
學分	n			cow-single	cow	medium
抄底	u			no-source	fallback	low
易建聯	u			no-source	fallback	low
是好	u			no-source	fallback	low
比較容易	u			no-source	fallback	low
癡迷	u			no-source	fallback	low
耗子	n			cow-single	cow	medium
莪	u			no-source	fallback	low
項目經理	u			no-source	fallback	low
只代表	u			no-source	fallback	low
唐代	u			no-source	fallback	low
座談	u			no-source	fallback	low
愛情故事	u			no-source	fallback	low
明確規定	u			no-source	fallback	low
有色金屬	u			no-source	fallback	low
歷年	n			cow-single	cow	medium
沒電	u			no-source	fallback	low
移動通信	u			no-source	fallback	low
聘	v			cow-single	cow	medium
厚厚的	u			no-source	fallback	low
天安門	u			no-source	fallback	low
很嚴重	u			no-source	fallback	low
您要	u			no-source	fallback	low
新作	u			no-source	fallback	low
榜首	u			no-source	fallback	low
聽他	u			no-source	fallback	low
諾頓	u			no-source	fallback	low
近兩年	u			no-source	fallback	low
都來	u			no-source	fallback	low
八十年代	u			no-source	fallback	low
刊	u			no-source	fallback	low
合夥	v			cow-single	cow	medium
搶佔	u			no-source	fallback	low
更適合	u			no-source	fallback	low
歲時	u			no-source	fallback	low
生產廠家	u			no-source	fallback	low
近距離	u			no-source	fallback	low
造反	v			cow-single	cow	medium
閱讀全文	u			no-source	fallback	low
叢書	u			no-source	fallback	low
在某	u			no-source	fallback	low
屋子裏	u			no-source	fallback	low
我寫	u			no-source	fallback	low
拜仁	u			no-source	fallback	low
是真	u			no-source	fallback	low
正準備	u			no-source	fallback	low
液壓	u			no-source	fallback	low
產品價格	u			no-source	fallback	low
臺獨	u			no-source	fallback	low
這與	u			no-source	fallback	low
長三角	u			no-source	fallback	low
不捨	u			no-source	fallback	low
偏好	u			no-source	fallback	low
功底	u			no-source	fallback	low
又可以	u			no-source	fallback	low
器械	n			cow-single	cow	medium
大學城	u			no-source	fallback	low
徐家匯	u			no-source	fallback	low
挪威	u			no-source	fallback	low
正常人	u			no-source	fallback	low
畫質	u			no-source	fallback	low
社會責任	u			no-source	fallback	low
那片	u			no-source	fallback	low
骨子裏	u			no-source	fallback	low
三季度	u			no-source	fallback	low
向她	u			no-source	fallback	low
婊子	u			no-source	fallback	low
我們倆	u			no-source	fallback	low
擁護	n,v			cow-multi	cow	medium
最後還是	u			no-source	fallback	low
滿意度	u			no-source	fallback	low
約佔	u			no-source	fallback	low
置換	n			cow-single	cow	medium
都把	u			no-source	fallback	low
黨政	u			no-source	fallback	low
不收	u			no-source	fallback	low
參保	u			no-source	fallback	low
可以利用	u			no-source	fallback	low
滄海	u			no-source	fallback	low
狄	u			no-source	fallback	low
癡癡	u			no-source	fallback	low
算算	u			no-source	fallback	low
還早	u			no-source	fallback	low
阿布	u			no-source	fallback	low
靠譜	u			no-source	fallback	low
不會出現	u			no-source	fallback	low
中央政府	n			len4-noun-heuristic	heuristic	medium
公章	u			no-source	fallback	low
甚爲	u			no-source	fallback	low
誌	u			no-source	fallback	low
說成	u			no-source	fallback	low
但仍	u			no-source	fallback	low
元以上	u			no-source	fallback	low
客戶服務	n			len4-noun-heuristic	heuristic	medium
建設工程	n			len4-noun-heuristic	heuristic	medium
王先生	u			no-source	fallback	low
環保局	u			no-source	fallback	low
腦海裏	u			no-source	fallback	low
靠在	u			no-source	fallback	low
中國國際	u			no-source	fallback	low
住處	n			cow-single	cow	medium
勞累	u			no-source	fallback	low
區委	u			no-source	fallback	low
取向	u			no-source	fallback	low
天平	n			cow-single	cow	medium
當月	u			no-source	fallback	low
二級市場	n			len4-noun-heuristic	heuristic	medium
別想	u			no-source	fallback	low
國足	u			no-source	fallback	low
女演員	n			cow-single	cow	medium
林彪	u			no-source	fallback	low
潛規則	u			no-source	fallback	low
防控	u			no-source	fallback	low
名錄	n			cow-single	cow	medium
後會	u			no-source	fallback	low
校驗	v			cow-single	cow	medium
水產	u			no-source	fallback	low
游泳池	u			no-source	fallback	low
站了	u			no-source	fallback	low
膽固醇	n			cow-single	cow	medium
華南虎	u			no-source	fallback	low
裸奔	u			no-source	fallback	low
證券投資	u			no-source	fallback	low
青島市	u			no-source	fallback	low
項目管理	u			no-source	fallback	low
你是誰	u			no-source	fallback	low
元帥	u			no-source	fallback	low
常說	u			no-source	fallback	low
我看你	u			no-source	fallback	low
更低	u			no-source	fallback	low
林志玲	u			no-source	fallback	low
睡前	u			no-source	fallback	low
臉龐	u			no-source	fallback	low
通州	u			no-source	fallback	low
利用率	u			no-source	fallback	low
原廠	u			no-source	fallback	low
奢侈品	u			no-source	fallback	low
松江	u			no-source	fallback	low
煙火	u			no-source	fallback	low
節假日	u			no-source	fallback	low
芳草	u			no-source	fallback	low
錦標賽	n			cow-single	cow	medium
商圈	u			no-source	fallback	low
對聯	u			no-source	fallback	low
最深的	u			no-source	fallback	low
柯達	u			no-source	fallback	low
水腫	n			cow-single	cow	medium
豔麗	u			no-source	fallback	low
開局	u			no-source	fallback	low
人知道	u			no-source	fallback	low
小丫頭	u			no-source	fallback	low
忘不了	u			no-source	fallback	low
忙於	v			cow-single	cow	medium
意見建議	u			no-source	fallback	low
或少	u			no-source	fallback	low
採取措施	n			len4-noun-heuristic	heuristic	medium
搞不好	u			no-source	fallback	low
海信	u			no-source	fallback	low
淋溼	u			no-source	fallback	low
狗日	u			no-source	fallback	low
當官	u			no-source	fallback	low
蟑螂	n			cow-single	cow	medium
醫療衛生	u			no-source	fallback	low
也應	u			no-source	fallback	low
增量	n			cow-single	cow	medium
對得起	u			no-source	fallback	low
算命	u			no-source	fallback	low
越來越高	u			no-source	fallback	low
那篇	u			no-source	fallback	low
邯鄲	u			no-source	fallback	low
鞍	u			no-source	fallback	low
首日	u			no-source	fallback	low
馮小剛	u			no-source	fallback	low
點上	u			no-source	fallback	low
大大提高	u			no-source	fallback	low
如水	u			no-source	fallback	low
得更	u			no-source	fallback	low
排汗	u			no-source	fallback	low
提着	u			no-source	fallback	low
擔負	u			no-source	fallback	low
破了	u			no-source	fallback	low
老馬	u			no-source	fallback	low
西方國家	n			len4-noun-heuristic	heuristic	medium
因您	u			no-source	fallback	low
如需	u			no-source	fallback	low
官僚	u			no-source	fallback	low
小王	u			no-source	fallback	low
淄博	u			no-source	fallback	low
用手機	u			no-source	fallback	low
保羅	u			no-source	fallback	low
則會	u			no-source	fallback	low
名列	u			no-source	fallback	low
墨盒	n			cow-single	cow	medium
平郵	u			no-source	fallback	low
所學	u			no-source	fallback	low
敘事	u			no-source	fallback	low
表達式	u			no-source	fallback	low
解決方法	n			len4-noun-heuristic	heuristic	medium
T恤	u			no-source	fallback	low
一命	u			no-source	fallback	low
一想	u			no-source	fallback	low
一撞	u			no-source	fallback	low
一棟	u			no-source	fallback	low
一步步	u			no-source	fallback	low
一男一女	u			no-source	fallback	low
一站	u			no-source	fallback	low
一粒聲	u			no-source	fallback	low
一覽	u			no-source	fallback	low
一遍	u			no-source	fallback	low
一頂	u			no-source	fallback	low
三刻	u			no-source	fallback	low
上演	v			cow-single	cow	medium
上述	u			no-source	fallback	low
下令	u			no-source	fallback	low
不夠	u			no-source	fallback	low
不然	u			no-source	fallback	low
不跟	u			no-source	fallback	low
不願	u			no-source	fallback	low
中二病	u			no-source	fallback	low
之事	u			no-source	fallback	low
之力	u			no-source	fallback	low
之家	u			no-source	fallback	low
九龍城	u			no-source	fallback	low
二月	n			cow-single	cow	medium
五指	u			no-source	fallback	low
人大	u			no-source	fallback	low
人民	u			no-source	fallback	low
人眼	u			no-source	fallback	low
仁	n			cow-single	cow	medium
以一個	u			no-source	fallback	low
以示	u			no-source	fallback	low
以經	u			no-source	fallback	low
仰望	u			no-source	fallback	low
仲做	u			no-source	fallback	low
仲有個	u			no-source	fallback	low
仲識	u			no-source	fallback	low
企到	u			no-source	fallback	low
但望	u			no-source	fallback	low
住戶	u			no-source	fallback	low
你姐	u			no-source	fallback	low
你畫	u			no-source	fallback	low
你響	u			no-source	fallback	low
依偎	v			cow-single	cow	medium
保管	n,v			cow-multi	cow	medium
個面	u			no-source	fallback	low
借機	u			no-source	fallback	low
倩	u			no-source	fallback	low
假扮	u			no-source	fallback	low
側頭	u			no-source	fallback	low
傳奇	u			no-source	fallback	low
先入	u			no-source	fallback	low
先啱	u			no-source	fallback	low
先肯	u			no-source	fallback	low
光猛	u			no-source	fallback	low
免	u			no-source	fallback	low
全滅	u			no-source	fallback	low
全球	u			no-source	fallback	low
全體	n			cow-single	cow	medium
兩餐	u			no-source	fallback	low
公式	n			cow-single	cow	medium
公認	v			cow-single	cow	medium
冇事㗎	u			no-source	fallback	low
再煩	u			no-source	fallback	low
凌亂	n			cow-single	cow	medium
出一	u			no-source	fallback	low
出下	u			no-source	fallback	low
出晒	u			no-source	fallback	low
出邊	u			no-source	fallback	low
分隔	n,v			cow-multi	cow	medium
前線	n			cow-single	cow	medium
剛	r			cow-single	cow	medium
副本	n			cow-single	cow	medium
劉紫千	u			no-source	fallback	low
功力	u			no-source	fallback	low
務求	u			no-source	fallback	low
勞氣	u			no-source	fallback	low
匕首	n			cow-single	cow	medium
匣子	u			no-source	fallback	low
千奇	u			no-source	fallback	low
去講	u			no-source	fallback	low
又如何	u			no-source	fallback	low
反彈	v			cow-single	cow	medium
叛徒	n			cow-single	cow	medium
古墓	n			cow-single	cow	medium
只差	u			no-source	fallback	low
可兒	u			no-source	fallback	low
台詞	n			cow-single	cow	medium
右畫	u			no-source	fallback	low
司法	u			no-source	fallback	low
司長	u			no-source	fallback	low
各地	u			no-source	fallback	low
同張	u			no-source	fallback	low
同思	u			no-source	fallback	low
同肥	u			no-source	fallback	low
吹氣	n,v			cow-multi	cow	medium
呵欠	u			no-source	fallback	low
命中	u			no-source	fallback	low
咗事	u			no-source	fallback	low
咗婚	u			no-source	fallback	low
哂力	u			no-source	fallback	low
哂氣	u			no-source	fallback	low
哨子	u			no-source	fallback	low
唐	u			no-source	fallback	low
唪	u			no-source	fallback	low
商人	n			cow-single	cow	medium
商會	u			no-source	fallback	low
啊禧	u			no-source	fallback	low
問咗	u			no-source	fallback	low
問埋	u			no-source	fallback	low
問小貞	u			no-source	fallback	low
單靠	u			no-source	fallback	low
嗅	v			cow-single	cow	medium
嘔吐	u			no-source	fallback	low
嘢飲	u			no-source	fallback	low
嘩嘩	u			no-source	fallback	low
嘲笑	v			cow-single	cow	medium
噤住	v			verb-suffix	heuristic	medium
噴射	n,v			cow-multi	cow	medium
嚇一跳	u			no-source	fallback	low
嚎	u			no-source	fallback	low
嚟得切	u			no-source	fallback	low
四散	v			cow-single	cow	medium
四樓	u			no-source	fallback	low
圍牆	n			cow-single	cow	medium
圖書	u			no-source	fallback	low
在內	u			no-source	fallback	low
在座	u			no-source	fallback	low
地氣	u			no-source	fallback	low
坐響度	u			no-source	fallback	low
埋手	u			no-source	fallback	low
城牆	u			no-source	fallback	low
埲	u			no-source	fallback	low
埸	u			no-source	fallback	low
堅決	v			cow-single	cow	medium
報以	u			no-source	fallback	low
壁報	u			no-source	fallback	low
夏子琪	u			no-source	fallback	low
外在	u			no-source	fallback	low
多士	u			no-source	fallback	low
多數人	u			no-source	fallback	low
多書	u			no-source	fallback	low
大嶼山	u			no-source	fallback	low
大幅	u			no-source	fallback	low
大殿	u			no-source	fallback	low
大計	u			no-source	fallback	low
大間	u			no-source	fallback	low
套餐	u			no-source	fallback	low
女女	u			no-source	fallback	low
好客	n			cow-single	cow	medium
好平	u			no-source	fallback	low
好忙	u			no-source	fallback	low
妖精	u			no-source	fallback	low
姨媽	n			cow-single	cow	medium
姿	u			no-source	fallback	low
娘娘	u			no-source	fallback	low
孝順	u			no-source	fallback	low
孟媽	u			no-source	fallback	low
安樂	u			no-source	fallback	low
定律	u			no-source	fallback	low
家政	u			no-source	fallback	low
宿營	v			cow-single	cow	medium
密集	u			no-source	fallback	low
實個	u			no-source	fallback	low
實情	n			cow-single	cow	medium
實會	u			no-source	fallback	low
寫寫	u			no-source	fallback	low
寫意	u			no-source	fallback	low
寶馬	u			no-source	fallback	low
寸	u			no-source	fallback	low
將件	u			no-source	fallback	low
將你	u			no-source	fallback	low
專長	n			cow-single	cow	medium
對策	u			no-source	fallback	low
小型	u			no-source	fallback	low
小貞到	u			no-source	fallback	low
少見	u			no-source	fallback	low
尚算	u			no-source	fallback	low
尾隨	v			cow-single	cow	medium
展覽	n,v			cow-multi	cow	medium
左轉	u			no-source	fallback	low
布甸	u			no-source	fallback	low
幅畫	u			no-source	fallback	low
年初一	u			no-source	fallback	low
幾型	u			no-source	fallback	low
引發	u			no-source	fallback	low
張長	u			no-source	fallback	low
強力	u			no-source	fallback	low
形態	n			cow-single	cow	medium
彥琪	u			no-source	fallback	low
徐立勤	u			no-source	fallback	low
得知	u			no-source	fallback	low
心聲	u			no-source	fallback	low
必有	u			no-source	fallback	low
忍笑	u			no-source	fallback	low
快快手	u			no-source	fallback	low
怎會	u			no-source	fallback	low
思到	u			no-source	fallback	low
惠	u			no-source	fallback	low
想衝	u			no-source	fallback	low
應用	v			cow-single	cow	medium
戈	u			no-source	fallback	low
我令	u			no-source	fallback	low
我分	u			no-source	fallback	low
我到	u			no-source	fallback	low
我得	u			no-source	fallback	low
我應	u			no-source	fallback	low
我搖	u			no-source	fallback	low
我校	u			no-source	fallback	low
我生	u			no-source	fallback	low
我病	u			no-source	fallback	low
我碌	u			no-source	fallback	low
我算	u			no-source	fallback	low
我線	u			no-source	fallback	low
我鐘	u			no-source	fallback	low
戲飛	u			no-source	fallback	low
戳	v			cow-single	cow	medium
房麗晶	u			no-source	fallback	low
所羅門國	u			no-source	fallback	low
打入	u			no-source	fallback	low
打去	u			no-source	fallback	low
打底	u			no-source	fallback	low
打聽	v			cow-single	cow	medium
打風	u			no-source	fallback	low
抗體	n			cow-single	cow	medium
抽到	u			no-source	fallback	low
拉西	u			no-source	fallback	low
拍門	u			no-source	fallback	low
拖手	u			no-source	fallback	low
拼	v			cow-single	cow	medium
挫折	n			cow-single	cow	medium
提默	u			no-source	fallback	low
插口	u			no-source	fallback	low
搞嘢	u			no-source	fallback	low
搭訕	v			cow-single	cow	medium
撕爛	u			no-source	fallback	low
播出	u			no-source	fallback	low
擊退	u			no-source	fallback	low
擢	u			no-source	fallback	low
擺到	u			no-source	fallback	low
支香	u			no-source	fallback	low
收好	u			no-source	fallback	low
收購	n			cow-single	cow	medium
改個	u			no-source	fallback	low
改寫	u			no-source	fallback	low
放火	n,v			cow-multi	cow	medium
敗壞	n,v			cow-multi	cow	medium
教到	u			no-source	fallback	low
教官	u			no-source	fallback	low
敬	u			no-source	fallback	low
整架	u			no-source	fallback	low
敷	v			cow-single	cow	medium
數一數二	u			no-source	fallback	low
文科	u			no-source	fallback	low
旨意	u			no-source	fallback	low
時不時	u			no-source	fallback	low
智力	n			cow-single	cow	medium
智商	n			cow-single	cow	medium
暑期	u			no-source	fallback	low
暖流	u			no-source	fallback	low
更需要	u			no-source	fallback	low
書本	u			no-source	fallback	low
會會	u			no-source	fallback	low
朕	u			no-source	fallback	low
望遠鏡	n			cow-single	cow	medium
朦朧	n			cow-single	cow	medium
未答	u			no-source	fallback	low
朱	u			no-source	fallback	low
李宛兒	u			no-source	fallback	low
村落	u			no-source	fallback	low
林綺雯	u			no-source	fallback	low
枝長	u			no-source	fallback	low
某某	u			no-source	fallback	low
柑	u			no-source	fallback	low
柒到	u			no-source	fallback	low
染上	u			no-source	fallback	low
柱子	n			cow-single	cow	medium
條春	u			no-source	fallback	low
條條	u			no-source	fallback	low
條龍	u			no-source	fallback	low
棉	n			cow-single	cow	medium
棋	u			no-source	fallback	low
楊	u			no-source	fallback	low
楊清雪	u			no-source	fallback	low
楓葉	u			no-source	fallback	low
構造	n,v			cow-multi	cow	medium
歐遊	u			no-source	fallback	low
正宗	a			cow-single	cow	medium
正版	u			no-source	fallback	low
正要	u			no-source	fallback	low
步驟	n			cow-single	cow	medium
死得	u			no-source	fallback	low
殻	u			no-source	fallback	low
毆	u			no-source	fallback	low
比卡	u			no-source	fallback	low
氣溫	u			no-source	fallback	low
水流	n			cow-single	cow	medium
決鬥	n			cow-single	cow	medium
沁	u			no-source	fallback	low
沾污	v			cow-single	cow	medium
況倩宜	u			no-source	fallback	low
法術	u			no-source	fallback	low
活生生	u			no-source	fallback	low
海鮮	u			no-source	fallback	low
消磨	v			cow-single	cow	medium
深藍色	n			cow-single	cow	medium
混入	v			cow-single	cow	medium
測	u			no-source	fallback	low
滋	u			no-source	fallback	low
滋潤	u			no-source	fallback	low
滴落	u			no-source	fallback	low
滿臉	u			no-source	fallback	low
漿	n			cow-single	cow	medium
潛伏	n,v			cow-multi	cow	medium
激死	u			no-source	fallback	low
激發	v			cow-single	cow	medium
火海	u			no-source	fallback	low
無影	u			no-source	fallback	low
無電	u			no-source	fallback	low
照亮	v			cow-single	cow	medium
熙	u			no-source	fallback	low
熱褲	u			no-source	fallback	low
爭吵	n,v			cow-multi	cow	medium
爸呀媽	u			no-source	fallback	low
物種	n			cow-single	cow	medium
玉玲瓏	u			no-source	fallback	low
理科	u			no-source	fallback	low
用腳	u			no-source	fallback	low
用食	u			no-source	fallback	low
男仔頭	u			no-source	fallback	low
男家	u			no-source	fallback	low
留得	u			no-source	fallback	low
番工	u			no-source	fallback	low
當我仲	u			no-source	fallback	low
發姣	u			no-source	fallback	low
發展空間	u			no-source	fallback	low
發軟	u			no-source	fallback	low
皇室	n			cow-single	cow	medium
皓峰	u			no-source	fallback	low
直路	u			no-source	fallback	low
眼白	u			no-source	fallback	low
着成	u			no-source	fallback	low
睡意	n			cow-single	cow	medium
知得	u			no-source	fallback	low
社區	u			no-source	fallback	low
秉	u			no-source	fallback	low
空空	u			no-source	fallback	low
第二條	u			no-source	fallback	low
策略	n			cow-single	cow	medium
米蘭	u			no-source	fallback	low
細路哥	u			no-source	fallback	low
緊架	u			no-source	fallback	low
總要	u			no-source	fallback	low
繁忙	n			cow-single	cow	medium
繽紛	u			no-source	fallback	low
翅	n			cow-single	cow	medium
老伯	u			no-source	fallback	low
老子	u			no-source	fallback	low
而軒	u			no-source	fallback	low
耶和華	u			no-source	fallback	low
聯邦	n			cow-single	cow	medium
聰	u			no-source	fallback	low
聲話	u			no-source	fallback	low
職責	n			cow-single	cow	medium
肚仔	u			no-source	fallback	low
股份	n			cow-single	cow	medium
股價	u			no-source	fallback	low
肢體	u			no-source	fallback	low
肥龍同	u			no-source	fallback	low
胸肌	u			no-source	fallback	low
腥	u			no-source	fallback	low
腫瘤	n			cow-single	cow	medium
舉行	v			cow-single	cow	medium
舊嘢	u			no-source	fallback	low
芒果	n			cow-single	cow	medium
花樽	u			no-source	fallback	low
茉莉	n			cow-single	cow	medium
荷蘭	u			no-source	fallback	low
萬聖節	n			cow-single	cow	medium
落幕	u			no-source	fallback	low
落機	u			no-source	fallback	low
落海	u			no-source	fallback	low
葵涌	u			no-source	fallback	low
蒂	u			no-source	fallback	low
藍天白	u			no-source	fallback	low
蠟	n			cow-single	cow	medium
行完	v			verb-suffix	heuristic	medium
衝刺	v			cow-single	cow	medium
衝咗	u			no-source	fallback	low
表明	v			cow-single	cow	medium
補返	u			no-source	fallback	low
裝飯	u			no-source	fallback	low
複製	n,v			cow-multi	cow	medium
要嚟	u			no-source	fallback	low
視力	n			cow-single	cow	medium
話知	u			no-source	fallback	low
該位	u			no-source	fallback	low
認輸	u			no-source	fallback	low
誓	u			no-source	fallback	low
課堂	n			cow-single	cow	medium
調教	u			no-source	fallback	low
諸葛象講	u			no-source	fallback	low
諾言	n			cow-single	cow	medium
講嚟	u			no-source	fallback	low
警惕	n,v			cow-multi	cow	medium
警犬	n			cow-single	cow	medium
護髮	u			no-source	fallback	low
變喪屍	u			no-source	fallback	low
財務	u			no-source	fallback	low
買定	u			no-source	fallback	low
買架	u			no-source	fallback	low
越少	u			no-source	fallback	low
路程	u			no-source	fallback	low
車子	u			no-source	fallback	low
車行	u			no-source	fallback	low
軟化	n			cow-single	cow	medium
辦事	u			no-source	fallback	low
返低	u			no-source	fallback	low
返緊	u			no-source	fallback	low
返部	u			no-source	fallback	low
追蹤	n,v			cow-multi	cow	medium
通緝	u			no-source	fallback	low
速蟲	u			no-source	fallback	low
連一	u			no-source	fallback	low
連累	n,v			cow-multi	cow	medium
逼近	v			cow-single	cow	medium
遊覽	n,v			cow-multi	cow	medium
運河	n			cow-single	cow	medium
運送	v			cow-single	cow	medium
過下	u			no-source	fallback	low
過啦	u			no-source	fallback	low
過架	u			no-source	fallback	low
道行	u			no-source	fallback	low
邱淳	u			no-source	fallback	low
郁下	u			no-source	fallback	low
酥	u			no-source	fallback	low
醫好	u			no-source	fallback	low
金光	u			no-source	fallback	low
金牌	n			cow-single	cow	medium
金鈴	u			no-source	fallback	low
鏡子	n			cow-single	cow	medium
鐵欄	u			no-source	fallback	low
門鎖	n			cow-single	cow	medium
開懷	u			no-source	fallback	low
開路	u			no-source	fallback	low
閑	u			no-source	fallback	low
阿景	u			no-source	fallback	low
陸瑞基	u			no-source	fallback	low
隔日	u			no-source	fallback	low
雙面	u			no-source	fallback	low
雜種	n			cow-single	cow	medium
雞皮	u			no-source	fallback	low
電源	u			no-source	fallback	low
電訊	u			no-source	fallback	low
靈氣	u			no-source	fallback	low
面度	u			no-source	fallback	low
面都	u			no-source	fallback	low
革命	n,v			cow-multi	cow	medium
順理成章	u			no-source	fallback	low
領域	n			cow-single	cow	medium
領導	n			cow-single	cow	medium
領悟	u			no-source	fallback	low
顏料	n			cow-single	cow	medium
風球	u			no-source	fallback	low
風頭	u			no-source	fallback	low
飛碟	u			no-source	fallback	low
食脆	u			no-source	fallback	low
飲緊	u			no-source	fallback	low
養老保險	u			no-source	fallback	low
養魚	u			no-source	fallback	low
餐飯	u			no-source	fallback	low
驚覺	u			no-source	fallback	low
驢	n			cow-single	cow	medium
體型	u			no-source	fallback	low
鬼王	u			no-source	fallback	low
魂魄	n			cow-single	cow	medium
魍	u			no-source	fallback	low
麗葉	u			no-source	fallback	low
麗麗	u			no-source	fallback	low
黑狗	u			no-source	fallback	low
點叫	u			no-source	fallback	low
點得	u			no-source	fallback	low
點架	u			no-source	fallback	low
半決賽	u			no-source	fallback	low
嚴格按照	u			no-source	fallback	low
大家分享	u			no-source	fallback	low
涉足	u			no-source	fallback	low
管理模式	n			len4-noun-heuristic	heuristic	medium
綠洲	u			no-source	fallback	low
這一段	u			no-source	fallback	low
速度快	u			no-source	fallback	low
部電影	u			no-source	fallback	low
重倉	u			no-source	fallback	low
鋁合金	u			no-source	fallback	low
二線	u			no-source	fallback	low
再買	u			no-source	fallback	low
同桌	u			no-source	fallback	low
四海	u			no-source	fallback	low
居委會	u			no-source	fallback	low
氨基酸	n			cow-single	cow	medium
清淨	u			no-source	fallback	low
牢固	u			no-source	fallback	low
節前	u			no-source	fallback	low
自以爲是	u			no-source	fallback	low
詳細介紹	u			no-source	fallback	low
閆	u			no-source	fallback	low
不喝	u			no-source	fallback	low
所提供	u			no-source	fallback	low
熊市	u			no-source	fallback	low
真快	u			no-source	fallback	low
竈頭	u			no-source	fallback	low
等離子	u			no-source	fallback	low
紀實	u			no-source	fallback	low
處男	u			no-source	fallback	low
託福	u			no-source	fallback	low
院子裏	u			no-source	fallback	low
韓語	u			no-source	fallback	low
騙我	u			no-source	fallback	low
中鐵	u			no-source	fallback	low
印章	u			no-source	fallback	low
吸附	n,v			cow-multi	cow	medium
好日子	u			no-source	fallback	low
宮廷	n			cow-single	cow	medium
樂團	n			cow-single	cow	medium
瞎說	u			no-source	fallback	low
築	u			no-source	fallback	low
羅納爾多	u			no-source	fallback	low
視聽	u			no-source	fallback	low
開發者	u			no-source	fallback	low
三代	u			no-source	fallback	low
五分鐘	u			no-source	fallback	low
可以達到	u			no-source	fallback	low
國安	u			no-source	fallback	low
廣泛應用	u			no-source	fallback	low
才叫	u			no-source	fallback	low
濱海	u			no-source	fallback	low
砸了	u			no-source	fallback	low
硬是	u			no-source	fallback	low
老先生	u			no-source	fallback	low
華山	u			no-source	fallback	low
下半場	n			cow-single	cow	medium
例會	u			no-source	fallback	low
只做	u			no-source	fallback	low
外匯儲備	u			no-source	fallback	low
天數	u			no-source	fallback	low
很帥	u			no-source	fallback	low
很辛苦	u			no-source	fallback	low
我也有	u			no-source	fallback	low
整形	n			cow-single	cow	medium
條目	u			no-source	fallback	low
機頂盒	u			no-source	fallback	low
檢察機關	u			no-source	fallback	low
沒過	u			no-source	fallback	low
甯	u			no-source	fallback	low
發愁	u			no-source	fallback	low
芝加哥	u			no-source	fallback	low
走過去	u			no-source	fallback	low
億萬	x			numeral	heuristic	high
外援	n			cow-single	cow	medium
氣得	u			no-source	fallback	low
爲重	u			no-source	fallback	low
看得出	u			no-source	fallback	low
社會穩定	u			no-source	fallback	low
西寧	u			no-source	fallback	low
南陽	u			no-source	fallback	low
固有	n,v			cow-multi	cow	medium
地市	u			no-source	fallback	low
好久不見	u			no-source	fallback	low
好好學習	u			no-source	fallback	low
替你	u			no-source	fallback	low
營業執照	u			no-source	fallback	low
看那	u			no-source	fallback	low
蒙牛	u			no-source	fallback	low
詹	u			no-source	fallback	low
調查顯示	u			no-source	fallback	low
走下去	u			no-source	fallback	low
這個女人	u			no-source	fallback	low
下圖	u			no-source	fallback	low
不要去	u			no-source	fallback	low
也去	u			no-source	fallback	low
化合物	n			cow-single	cow	medium
各個方面	u			no-source	fallback	low
圓通	u			no-source	fallback	low
浩方	u			no-source	fallback	low
真多	u			no-source	fallback	low
突發事件	u			no-source	fallback	low
第一款	u			no-source	fallback	low
財政局	u			no-source	fallback	low
跟前	u			no-source	fallback	low
開放式	u			no-source	fallback	low
電腦城	u			no-source	fallback	low
中隊	u			no-source	fallback	low
低開	v			verb-suffix	heuristic	medium
傻傻	u			no-source	fallback	low
別看	u			no-source	fallback	low
國道	u			no-source	fallback	low
小妹妹	u			no-source	fallback	low
小紅	u			no-source	fallback	low
爭霸	u			no-source	fallback	low
當地人	u			no-source	fallback	low
眼睛裏	u			no-source	fallback	low
習慣性	u			no-source	fallback	low
與此	u			no-source	fallback	low
舞曲	u			no-source	fallback	low
蠍子	u			no-source	fallback	low
點點滴滴	u			no-source	fallback	low
也都是	u			no-source	fallback	low
侃	u			no-source	fallback	low
圖庫	u			no-source	fallback	low
基礎知識	u			no-source	fallback	low
廣告公司	n			len4-noun-heuristic	heuristic	medium
我軍	u			no-source	fallback	low
文化產業	u			no-source	fallback	low
本單位	u			no-source	fallback	low
香格里拉	u			no-source	fallback	low
主要用於	u			no-source	fallback	low
也只	u			no-source	fallback	low
全球最大	u			no-source	fallback	low
學報	u			no-source	fallback	low
我承認	u			no-source	fallback	low
授	u			no-source	fallback	low
數據包	u			no-source	fallback	low
李先生	u			no-source	fallback	low
至上	n			cow-single	cow	medium
靚麗	u			no-source	fallback	low
不把	u			no-source	fallback	low
我那	u			no-source	fallback	low
明瞭	u			no-source	fallback	low
江澤民	u			no-source	fallback	low
說不清	u			no-source	fallback	low
跳轉	u			no-source	fallback	low
這個網站	u			no-source	fallback	low
亦可	u			no-source	fallback	low
刷機	u			no-source	fallback	low
最受歡迎	u			no-source	fallback	low
有關人士	n			len4-noun-heuristic	heuristic	medium
這一切都	u			no-source	fallback	low
還剩	u			no-source	fallback	low
限於	u			no-source	fallback	low
隨你	u			no-source	fallback	low
風俗	n			cow-single	cow	medium
再找	u			no-source	fallback	low
勸說	u			no-source	fallback	low
大學裏	u			no-source	fallback	low
就是那個	u			no-source	fallback	low
幫着	u			no-source	fallback	low
摘編	u			no-source	fallback	low
棗	u			no-source	fallback	low
當地政府	n			len4-noun-heuristic	heuristic	medium
稅務機關	u			no-source	fallback	low
答疑	u			no-source	fallback	low
耗材	u			no-source	fallback	low
要寫	u			no-source	fallback	low
規模最大	u			no-source	fallback	low
預售	u			no-source	fallback	low
一審	u			no-source	fallback	low
卻很	u			no-source	fallback	low
原因之一	n			len4-noun-heuristic	heuristic	medium
易趣	u			no-source	fallback	low
期權	n			cow-single	cow	medium
止損	u			no-source	fallback	low
貝克漢姆	u			no-source	fallback	low
還把	u			no-source	fallback	low
電站	u			no-source	fallback	low
首映	u			no-source	fallback	low
上一頁	u			no-source	fallback	low
下鄉	u			no-source	fallback	low
中國傳統	u			no-source	fallback	low
你太	u			no-source	fallback	low
包頭	u			no-source	fallback	low
婭	u			no-source	fallback	low
對陣	u			no-source	fallback	low
少不了	u			no-source	fallback	low
放電	u			no-source	fallback	low
曾被	u			no-source	fallback	low
眼部	u			no-source	fallback	low
肚子裏	u			no-source	fallback	low
脫穎而出	u			no-source	fallback	low
迪斯尼	u			no-source	fallback	low
馬克	u			no-source	fallback	low
九寨溝	u			no-source	fallback	low
人之	u			no-source	fallback	low
兌	u			no-source	fallback	low
刻畫	u			no-source	fallback	low
增持	u			no-source	fallback	low
夏普	u			no-source	fallback	low
待定	u			no-source	fallback	low
復旦大學	n			len4-noun-heuristic	heuristic	medium
徵地	u			no-source	fallback	low
整體上市	u			no-source	fallback	low
有沒有人	u			no-source	fallback	low
歲以上	u			no-source	fallback	low
第四屆	u			no-source	fallback	low
股市場	u			no-source	fallback	low
菜餚	n			cow-single	cow	medium
虛擬主機	u			no-source	fallback	low
過早	u			no-source	fallback	low
醫療器械	u			no-source	fallback	low
金杯	u			no-source	fallback	low
金盃	u			no-source	fallback	low
黑莓	n			cow-single	cow	medium
點子	u			no-source	fallback	low
中俄	u			no-source	fallback	low
代購	u			no-source	fallback	low
口徑	u			no-source	fallback	low
存摺	n			cow-single	cow	medium
很久了	u			no-source	fallback	low
楞	u			no-source	fallback	low
貴州省	u			no-source	fallback	low
雅典	n			cow-single	cow	medium
中新社	u			no-source	fallback	low
乾隆	u			no-source	fallback	low
五天	u			no-source	fallback	low
倉儲	u			no-source	fallback	low
充分體現	u			no-source	fallback	low
四個人	u			no-source	fallback	low
婚前	u			no-source	fallback	low
對他說	u			no-source	fallback	low
把人	u			no-source	fallback	low
有其	u			no-source	fallback	low
歷史上最	u			no-source	fallback	low
源泉	n			cow-single	cow	medium
管理處	u			no-source	fallback	low
近百	u			no-source	fallback	low
這是什麼	u			no-source	fallback	low
三個字	u			no-source	fallback	low
倍感	u			no-source	fallback	low
僅是	u			no-source	fallback	low
基本原則	u			no-source	fallback	low
寧波市	u			no-source	fallback	low
所有者	u			no-source	fallback	low
排量	u			no-source	fallback	low
最優	u			no-source	fallback	low
核定	u			no-source	fallback	low
港灣	n			cow-single	cow	medium
白血病	n			cow-single	cow	medium
美少女	u			no-source	fallback	low
職權	u			no-source	fallback	low
銷售量	u			no-source	fallback	low
大熊貓	n			cow-single	cow	medium
就診	u			no-source	fallback	low
搞什麼	u			no-source	fallback	low
歸檔	v			cow-single	cow	medium
海運	u			no-source	fallback	low
賽前	u			no-source	fallback	low
關鍵在於	u			no-source	fallback	low
駿	u			no-source	fallback	low
丁丁	x			numeral	heuristic	high
上交	u			no-source	fallback	low
之風	u			no-source	fallback	low
加快發展	u			no-source	fallback	low
反傾銷	u			no-source	fallback	low
可就	u			no-source	fallback	low
展廳	u			no-source	fallback	low
張江	u			no-source	fallback	low
檢察	u			no-source	fallback	low
沒帶	u			no-source	fallback	low
約好	u			no-source	fallback	low
誰讓	u			no-source	fallback	low
部分地區	n			len4-noun-heuristic	heuristic	medium
優於	u			no-source	fallback	low
全自動	u			no-source	fallback	low
我局	u			no-source	fallback	low
旅遊局	u			no-source	fallback	low
既能	u			no-source	fallback	low
本意	u			no-source	fallback	low
燈會	u			no-source	fallback	low
爲數	u			no-source	fallback	low
白髮	u			no-source	fallback	low
長篇	u			no-source	fallback	low
黴	n			cow-single	cow	medium
募集	v			cow-single	cow	medium
告警	u			no-source	fallback	low
淋漓盡致	u			no-source	fallback	low
百餘	u			no-source	fallback	low
看房	u			no-source	fallback	low
突然間	u			no-source	fallback	low
繪	v			cow-single	cow	medium
豈不	u			no-source	fallback	low
迅猛	u			no-source	fallback	low
人對	u			no-source	fallback	low
很好聽	u			no-source	fallback	low
發信	u			no-source	fallback	low
私募	u			no-source	fallback	low
立方米	u			no-source	fallback	low
第一屆	u			no-source	fallback	low
紀念館	u			no-source	fallback	low
菩提	u			no-source	fallback	low
鈞	u			no-source	fallback	low
須知	u			no-source	fallback	low
領帶	n			cow-single	cow	medium
養老金	u			no-source	fallback	low
不要用	u			no-source	fallback	low
可能成爲	u			no-source	fallback	low
大屏幕	u			no-source	fallback	low
打個電話	n			len4-noun-heuristic	heuristic	medium
死死	u			no-source	fallback	low
甲醛	n			cow-single	cow	medium
盤面	u			no-source	fallback	low
秋冬	u			no-source	fallback	low
精神病	n			cow-single	cow	medium
財政收入	u			no-source	fallback	low
人就	u			no-source	fallback	low
大法	u			no-source	fallback	low
專場	u			no-source	fallback	low
廠長	u			no-source	fallback	low
得起	u			no-source	fallback	low
我對你	u			no-source	fallback	low
投保	v			cow-single	cow	medium
持倉	u			no-source	fallback	low
掉下來	u			no-source	fallback	low
掉落	v			cow-single	cow	medium
收不到	u			no-source	fallback	low
第一種	u			no-source	fallback	low
能從	u			no-source	fallback	low
走出去	u			no-source	fallback	low
跳蚤	n			cow-single	cow	medium
黃頁	u			no-source	fallback	low
不差	u			no-source	fallback	low
交行	u			no-source	fallback	low
信用證	u			no-source	fallback	low
其他媒體	u			no-source	fallback	low
培養學生	u			no-source	fallback	low
多遠	u			no-source	fallback	low
大客戶	u			no-source	fallback	low
它還	u			no-source	fallback	low
我說我	u			no-source	fallback	low
既可以	u			no-source	fallback	low
此帖	u			no-source	fallback	low
減倉	u			no-source	fallback	low
漢口	u			no-source	fallback	low
看什麼	u			no-source	fallback	low
禹	u			no-source	fallback	low
蕪湖	u			no-source	fallback	low
這個男人	u			no-source	fallback	low
上下班	u			no-source	fallback	low
加爲	u			no-source	fallback	low
又不能	u			no-source	fallback	low
可直接	u			no-source	fallback	low
啦啦	u			no-source	fallback	low
天內	u			no-source	fallback	low
抵抗力	u			no-source	fallback	low
日產	u			no-source	fallback	low
春春	u			no-source	fallback	low
最終還是	u			no-source	fallback	low
構想	n			cow-single	cow	medium
滿倉	u			no-source	fallback	low
你才	u			no-source	fallback	low
別急	u			no-source	fallback	low
則在	u			no-source	fallback	low
廢水	n			cow-single	cow	medium
條碼	u			no-source	fallback	low
編輯部	u			no-source	fallback	low
通過網絡	n			len4-noun-heuristic	heuristic	medium
位數	u			no-source	fallback	low
培訓中心	n			len4-noun-heuristic	heuristic	medium
寶典	u			no-source	fallback	low
少兒	u			no-source	fallback	low
悄悄話	u			no-source	fallback	low
抗震救災	u			no-source	fallback	low
煥	u			no-source	fallback	low
管理器	u			no-source	fallback	low
配額	n,v			cow-multi	cow	medium
鉀	n			cow-single	cow	medium
合作社	u			no-source	fallback	low
多見	u			no-source	fallback	low
宣傳部	u			no-source	fallback	low
很自然	u			no-source	fallback	low
機油	u			no-source	fallback	low
熱賣	u			no-source	fallback	low
而死	u			no-source	fallback	low
表中	u			no-source	fallback	low
走好	u			no-source	fallback	low
跟風	u			no-source	fallback	low
首度	u			no-source	fallback	low
駕馭	v			cow-single	cow	medium
你的心	u			no-source	fallback	low
加固	n			cow-single	cow	medium
參會	u			no-source	fallback	low
單號	u			no-source	fallback	low
團委	u			no-source	fallback	low
密鑰	u			no-source	fallback	low
爲民	u			no-source	fallback	low
田園	u			no-source	fallback	low
而對	u			no-source	fallback	low
腸道	u			no-source	fallback	low
謀求	u			no-source	fallback	low
併爲	u			no-source	fallback	low
剪輯	n			cow-single	cow	medium
名師	u			no-source	fallback	low
夠嗆	u			no-source	fallback	low
爬起來	u			no-source	fallback	low
白宮	u			no-source	fallback	low
縱向	u			no-source	fallback	low
聯機	u			no-source	fallback	low
要打	u			no-source	fallback	low
請點擊	u			no-source	fallback	low
車道	n			cow-single	cow	medium
進行分析	u			no-source	fallback	low
頓飯	u			no-source	fallback	low
世界級	u			no-source	fallback	low
人才培養	u			no-source	fallback	low
個人信息	u			no-source	fallback	low
圖層	u			no-source	fallback	low
幾個方面	u			no-source	fallback	low
日月	u			no-source	fallback	low
淵	u			no-source	fallback	low
白銀	u			no-source	fallback	low
結構性	u			no-source	fallback	low
該國	u			no-source	fallback	low
雖有	u			no-source	fallback	low
電子政務	u			no-source	fallback	low
人才市場	n			len4-noun-heuristic	heuristic	medium
存儲卡	u			no-source	fallback	low
對嗎	u			no-source	fallback	low
平均水平	n			len4-noun-heuristic	heuristic	medium
我錯了	u			no-source	fallback	low
提拔	v			cow-single	cow	medium
未經許可	u			no-source	fallback	low
無誤	u			no-source	fallback	low
相鄰	u			no-source	fallback	low
睡在	u			no-source	fallback	low
算不上	u			no-source	fallback	low
萬股	u			no-source	fallback	low
血糖	n			cow-single	cow	medium
下雪	n,v			cow-multi	cow	medium
五糧液	u			no-source	fallback	low
人際	u			no-source	fallback	low
僅次於	u			no-source	fallback	low
初學者	n			cow-single	cow	medium
喫着	u			no-source	fallback	low
嚴格執行	u			no-source	fallback	low
大款	n			cow-single	cow	medium
實錄	u			no-source	fallback	low
常委會	u			no-source	fallback	low
支持者	u			no-source	fallback	low
跳出來	u			no-source	fallback	low
馬刺	u			no-source	fallback	low
齊達內	u			no-source	fallback	low
不可或缺	u			no-source	fallback	low
中小學生	u			no-source	fallback	low
之二	u			no-source	fallback	low
分佈式	u			no-source	fallback	low
古巴	u			no-source	fallback	low
合法性	u			no-source	fallback	low
展位	u			no-source	fallback	low
想不通	u			no-source	fallback	low
搭理	u			no-source	fallback	low
現在又	u			no-source	fallback	low
知不知道	u			no-source	fallback	low
科學院	u			no-source	fallback	low
點亮	u			no-source	fallback	low
全面發展	u			no-source	fallback	low
凝聚力	u			no-source	fallback	low
從一開始	u			no-source	fallback	low
想哭	u			no-source	fallback	low
戲曲	n			cow-single	cow	medium
拿個	u			no-source	fallback	low
會計師	n			cow-single	cow	medium
李湘	u			no-source	fallback	low
永樂	u			no-source	fallback	low
王爺	u			no-source	fallback	low
薪資	u			no-source	fallback	low
規章制度	u			no-source	fallback	low
農田	u			no-source	fallback	low
違者	u			no-source	fallback	low
配有	u			no-source	fallback	low
音像	u			no-source	fallback	low
在讀	u			no-source	fallback	low
大家都是	u			no-source	fallback	low
實名	u			no-source	fallback	low
實效	u			no-source	fallback	low
撿到	u			no-source	fallback	low
美髮	u			no-source	fallback	low
考點	u			no-source	fallback	low
送往	u			no-source	fallback	low
透明度	u			no-source	fallback	low
重要內容	u			no-source	fallback	low
可要	u			no-source	fallback	low
喊着	u			no-source	fallback	low
底座	n			cow-single	cow	medium
彩民	u			no-source	fallback	low
感到很	u			no-source	fallback	low
救了	u			no-source	fallback	low
歐冠	u			no-source	fallback	low
清倉	u			no-source	fallback	low
重要因素	u			no-source	fallback	low
五月天	u			no-source	fallback	low
只聽	u			no-source	fallback	low
名字叫	u			no-source	fallback	low
愛看	u			no-source	fallback	low
拆分	u			no-source	fallback	low
總在	u			no-source	fallback	low
飯館	n			cow-single	cow	medium
上不了	u			no-source	fallback	low
世界第一	u			no-source	fallback	low
中國電影	n			len4-noun-heuristic	heuristic	medium
也使	u			no-source	fallback	low
國際米蘭	u			no-source	fallback	low
夸	u			no-source	fallback	low
教學樓	u			no-source	fallback	low
核桃	u			no-source	fallback	low
江北	u			no-source	fallback	low
現將	u			no-source	fallback	low
生源	u			no-source	fallback	low
考前	u			no-source	fallback	low
角落裏	u			no-source	fallback	low
連雲港	u			no-source	fallback	low
高產	u			no-source	fallback	low
做廣告	u			no-source	fallback	low
傻了	u			no-source	fallback	low
可視	u			no-source	fallback	low
外資企業	u			no-source	fallback	low
幫扶	u			no-source	fallback	low
擡舉	u			no-source	fallback	low
政府官員	u			no-source	fallback	low
時間段	u			no-source	fallback	low
美國經濟	n			len4-noun-heuristic	heuristic	medium
芙蓉姐姐	u			no-source	fallback	low
被套	v		passive	prefix-passive	heuristic	medium
來完成	u			no-source	fallback	low
前些	u			no-source	fallback	low
大圖	u			no-source	fallback	low
張家界	u			no-source	fallback	low
經濟損失	u			no-source	fallback	low
艱鉅	u			no-source	fallback	low
西服	u			no-source	fallback	low
進入中國	u			no-source	fallback	low
開發出	u			no-source	fallback	low
雞翅	u			no-source	fallback	low
一元	u			no-source	fallback	low
事業發展	u			no-source	fallback	low
保護自己	u			no-source	fallback	low
初探	u			no-source	fallback	low
可用於	u			no-source	fallback	low
坐騎	u			no-source	fallback	low
壓根	u			no-source	fallback	low
記賬	u			no-source	fallback	low
七大	u			no-source	fallback	low
多發	u			no-source	fallback	low
實用性	u			no-source	fallback	low
應用軟件	u			no-source	fallback	low
插槽	u			no-source	fallback	low
每股收益	u			no-source	fallback	low
油氣	u			no-source	fallback	low
考查	u			no-source	fallback	low
身着	u			no-source	fallback	low
你最	u			no-source	fallback	low
保費	u			no-source	fallback	low
兩個方面	u			no-source	fallback	low
其所	u			no-source	fallback	low
分校	u			no-source	fallback	low
商業化	v			cow-single	cow	medium
師大	u			no-source	fallback	low
政委	u			no-source	fallback	low
教案	u			no-source	fallback	low
測繪	u			no-source	fallback	low
結構調整	u			no-source	fallback	low
這些話	u			no-source	fallback	low
連勝	u			no-source	fallback	low
逾期	u			no-source	fallback	low
雙胞胎	n			cow-single	cow	medium
劣質	u			no-source	fallback	low
單項	u			no-source	fallback	low
嘗嘗	u			no-source	fallback	low
嚇唬	v			cow-single	cow	medium
套牢	u			no-source	fallback	low
幫主	u			no-source	fallback	low
想看看	u			no-source	fallback	low
把那	u			no-source	fallback	low
樂於	u			no-source	fallback	low
漢子	u			no-source	fallback	low
玩意兒	u			no-source	fallback	low
生活質量	u			no-source	fallback	low
用車	u			no-source	fallback	low
第五章	u			no-source	fallback	low
調查報告	u			no-source	fallback	low
辦公廳	u			no-source	fallback	low
鐵礦石	u			no-source	fallback	low
閉幕	u			no-source	fallback	low
阿彌	u			no-source	fallback	low
體系建設	u			no-source	fallback	low
天籟	u			no-source	fallback	low
成爲世界	u			no-source	fallback	low
校園網	u			no-source	fallback	low
濃濃的	u			no-source	fallback	low
癡心	u			no-source	fallback	low
網絡安全	n			len4-noun-heuristic	heuristic	medium
老歌	u			no-source	fallback	low
重要意義	u			no-source	fallback	low
亦是	u			no-source	fallback	low
冥	u			no-source	fallback	low
從我	u			no-source	fallback	low
您想	u			no-source	fallback	low
我想說	u			no-source	fallback	low
有些事情	u			no-source	fallback	low
督查	u			no-source	fallback	low
註冊資本	u			no-source	fallback	low
說一聲	u			no-source	fallback	low
調配	u			no-source	fallback	low
走強	u			no-source	fallback	low
選擇性	u			no-source	fallback	low
長沙市	u			no-source	fallback	low
三聚氰胺	u			no-source	fallback	low
亦有	u			no-source	fallback	low
他的手	u			no-source	fallback	low
哇塞	u			no-source	fallback	low
展臺	u			no-source	fallback	low
恢復正常	u			no-source	fallback	low
月月	u			no-source	fallback	low
沾溼	u			no-source	fallback	low
生殖器	u			no-source	fallback	low
上官	u			no-source	fallback	low
巔峯	n			cow-single	cow	medium
席位	u			no-source	fallback	low
應力	u			no-source	fallback	low
洋溢	u			no-source	fallback	low
統治者	n			cow-single	cow	medium
輕薄	u			no-source	fallback	low
陳奕迅	u			no-source	fallback	low
高速增長	u			no-source	fallback	low
之所	u			no-source	fallback	low
做不了	u			no-source	fallback	low
儲量	n			cow-single	cow	medium
先看	u			no-source	fallback	low
哲理	u			no-source	fallback	low
嫌疑人	u			no-source	fallback	low
小林	u			no-source	fallback	low
市裏	u			no-source	fallback	low
我很想	u			no-source	fallback	low
星辰	u			no-source	fallback	low
老爹	u			no-source	fallback	low
花落	u			no-source	fallback	low
跳了	u			no-source	fallback	low
迴路	u			no-source	fallback	low
下一篇	u			no-source	fallback	low
五種	u			no-source	fallback	low
到哪裏去	u			no-source	fallback	low
工具欄	u			no-source	fallback	low
差額	u			no-source	fallback	low
市局	u			no-source	fallback	low
式樣	u			no-source	fallback	low
我看着	u			no-source	fallback	low
技嘉	u			no-source	fallback	low
沒買	u			no-source	fallback	low
泡麪	u			no-source	fallback	low
發文	u			no-source	fallback	low
管線	u			no-source	fallback	low
設計院	u			no-source	fallback	low
選題	u			no-source	fallback	low
任意球	u			no-source	fallback	low
佛法	u			no-source	fallback	low
可以隨時	u			no-source	fallback	low
外域	u			no-source	fallback	low
屢屢	u			no-source	fallback	low
手藝	n			cow-single	cow	medium
物理學	n			cow-single	cow	medium
的一員	u			no-source	fallback	low
總分	u			no-source	fallback	low
黨校	u			no-source	fallback	low
五星	u			no-source	fallback	low
供熱	u			no-source	fallback	low
搜房網	u			no-source	fallback	low
槓桿	n			cow-single	cow	medium
流通股	u			no-source	fallback	low
真僞	u			no-source	fallback	low
第一季度	u			no-source	fallback	low
第二批	u			no-source	fallback	low
頭球	u			no-source	fallback	low
修爲	u			no-source	fallback	low
尾盤	u			no-source	fallback	low
廬山	u			no-source	fallback	low
患兒	u			no-source	fallback	low
提單	u			no-source	fallback	low
浪費時間	u			no-source	fallback	low
監管部門	n			len4-noun-heuristic	heuristic	medium
診治	u			no-source	fallback	low
調查研究	u			no-source	fallback	low
財務管理	u			no-source	fallback	low
選址	u			no-source	fallback	low
還應	u			no-source	fallback	low
勁舞	u			no-source	fallback	low
卵巢	u			no-source	fallback	low
回放	u			no-source	fallback	low
好起來	u			no-source	fallback	low
它將	u			no-source	fallback	low
就跑	u			no-source	fallback	low
我更	u			no-source	fallback	low
翻番	u			no-source	fallback	low
行政處罰	u			no-source	fallback	low
蹲在	u			no-source	fallback	low
透着	u			no-source	fallback	low
這麼簡單	u			no-source	fallback	low
高層次	u			no-source	fallback	low
一艘	u			no-source	fallback	low
一起玩	u			no-source	fallback	low
全屏	u			no-source	fallback	low
回貼	u			no-source	fallback	low
戰隊	u			no-source	fallback	low
政治家	n			cow-single	cow	medium
是讓	u			no-source	fallback	low
湖州	u			no-source	fallback	low
短髮	u			no-source	fallback	low
笑起來	u			no-source	fallback	low
管理水平	n			len4-noun-heuristic	heuristic	medium
組織實施	u			no-source	fallback	low
總得	u			no-source	fallback	low
能喫	u			no-source	fallback	low
花絮	u			no-source	fallback	low
要跟	u			no-source	fallback	low
詳細信息	u			no-source	fallback	low
麥迪	u			no-source	fallback	low
上一次	u			no-source	fallback	low
地鐵站	u			no-source	fallback	low
居士	u			no-source	fallback	low
建設用地	u			no-source	fallback	low
成員國	u			no-source	fallback	low
搭載	u			no-source	fallback	low
無條件	u			no-source	fallback	low
絕緣	u			no-source	fallback	low
能力強	u			no-source	fallback	low
說不清楚	u			no-source	fallback	low
農資	u			no-source	fallback	low
阿爾	u			no-source	fallback	low
難爲情	u			no-source	fallback	low
黛玉	u			no-source	fallback	low
主業	u			no-source	fallback	low
分支機構	n			len4-noun-heuristic	heuristic	medium
南國	u			no-source	fallback	low
哪一	u			no-source	fallback	low
基本情況	n			len4-noun-heuristic	heuristic	medium
就會出現	u			no-source	fallback	low
很早就	u			no-source	fallback	low
怪我	u			no-source	fallback	low
掃描儀	u			no-source	fallback	low
月前	u			no-source	fallback	low
杰倫	u			no-source	fallback	low
烤肉	u			no-source	fallback	low
用友	u			no-source	fallback	low
製劑	u			no-source	fallback	low
註冊用戶	u			no-source	fallback	low
一年前	u			no-source	fallback	low
來賓	u			no-source	fallback	low
對不	u			no-source	fallback	low
廢除	n,v			cow-multi	cow	medium
必要性	u			no-source	fallback	low
想什麼	u			no-source	fallback	low
捧着	u			no-source	fallback	low
新中國	u			no-source	fallback	low
沒感覺	u			no-source	fallback	low
百家	u			no-source	fallback	low
真題	u			no-source	fallback	low
見見	u			no-source	fallback	low
走低	u			no-source	fallback	low
陪她	u			no-source	fallback	low
不穿	u			no-source	fallback	low
也來	u			no-source	fallback	low
做多	u			no-source	fallback	low
大衆化	u			no-source	fallback	low
本辦法	u			no-source	fallback	low
約有	u			no-source	fallback	low
自認爲	u			no-source	fallback	low
製作人	u			no-source	fallback	low
轉換成	u			no-source	fallback	low
驅動器	u			no-source	fallback	low
一例	u			no-source	fallback	low
保潔	u			no-source	fallback	low
埋在	u			no-source	fallback	low
墳墓	n			cow-single	cow	medium
專業人員	n			len4-noun-heuristic	heuristic	medium
小妖	u			no-source	fallback	low
少數人	n			cow-single	cow	medium
巨資	u			no-source	fallback	low
後背	u			no-source	fallback	low
我和我	u			no-source	fallback	low
或者其他	u			no-source	fallback	low
指導思想	u			no-source	fallback	low
收發	u			no-source	fallback	low
時報	u			no-source	fallback	low
暗夜	u			no-source	fallback	low
相關性	n			cow-single	cow	medium
站臺	u			no-source	fallback	low
著作權	u			no-source	fallback	low
邁克爾	u			no-source	fallback	low
高峯期	u			no-source	fallback	low
一天天	u			no-source	fallback	low
大眼睛	u			no-source	fallback	low
就從	u			no-source	fallback	low
愛立信	u			no-source	fallback	low
懸賞	u			no-source	fallback	low
攻擊力	u			no-source	fallback	low
標的	n			cow-single	cow	medium
沐	u			no-source	fallback	low
田亮	u			no-source	fallback	low
監聽	v			cow-single	cow	medium
自然界	n			cow-single	cow	medium
西遊記	u			no-source	fallback	low
解放思想	u			no-source	fallback	low
請以	u			no-source	fallback	low
開票	u			no-source	fallback	low
飲用水	u			no-source	fallback	low
中草藥	u			no-source	fallback	low
兒時	u			no-source	fallback	low
初稿	u			no-source	fallback	low
年檢	u			no-source	fallback	low
廠裏	u			no-source	fallback	low
我不要	u			no-source	fallback	low
文化建設	u			no-source	fallback	low
本輪	u			no-source	fallback	low
核心技術	n			len4-noun-heuristic	heuristic	medium
構件	u			no-source	fallback	low
管委會	u			no-source	fallback	low
優質服務	n			len4-noun-heuristic	heuristic	medium
反向	v			cow-single	cow	medium
向後	u			no-source	fallback	low
崇敬	u			no-source	fallback	low
建設銀行	u			no-source	fallback	low
有形	u			no-source	fallback	low
浮雲	u			no-source	fallback	low
災民	u			no-source	fallback	low
社會學	n			cow-single	cow	medium
那一年	u			no-source	fallback	low
鈦	n			cow-single	cow	medium
乳腺癌	u			no-source	fallback	low
人蔘	u			no-source	fallback	low
人類社會	n			len4-noun-heuristic	heuristic	medium
仔細閱讀	u			no-source	fallback	low
命令行	u			no-source	fallback	low
哲學家	n			cow-single	cow	medium
大興	u			no-source	fallback	low
寬廣	a			cow-single	cow	medium
工作崗位	u			no-source	fallback	low
數控	u			no-source	fallback	low
本刊	u			no-source	fallback	low
由來	u			no-source	fallback	low
瞭解一下	u			no-source	fallback	low
騰飛	u			no-source	fallback	low
不斷增加	u			no-source	fallback	low
不要錢	u			no-source	fallback	low
二位	u			no-source	fallback	low
十一五	x			numeral	heuristic	high
原帖	u			no-source	fallback	low
執教	u			no-source	fallback	low
復讀	u			no-source	fallback	low
歡快	u			no-source	fallback	low
每天都有	u			no-source	fallback	low
氟	n			cow-single	cow	medium
略微	n,r			cow-multi	cow	medium
資本家	u			no-source	fallback	low
集聚	u			no-source	fallback	low
青雲	u			no-source	fallback	low
傑克遜	u			no-source	fallback	low
我打	u			no-source	fallback	low
所有作品	u			no-source	fallback	low
打麻將	u			no-source	fallback	low
比較低	u			no-source	fallback	low
獻血	u			no-source	fallback	low
盆地	u			no-source	fallback	low
送達	u			no-source	fallback	low
遠大	u			no-source	fallback	low
阿嬌	u			no-source	fallback	low
人事局	u			no-source	fallback	low
剝離	n,v			cow-multi	cow	medium
或不	u			no-source	fallback	low
据	u			no-source	fallback	low
東航	u			no-source	fallback	low
步兵	u			no-source	fallback	low
河蟹	u			no-source	fallback	low
浙	u			no-source	fallback	low
王老師	u			no-source	fallback	low
窗口中	u			no-source	fallback	low
零售商	u			no-source	fallback	low
鞏俐	u			no-source	fallback	low
倆人	u			no-source	fallback	low
商業模式	n			len4-noun-heuristic	heuristic	medium
嘖嘖	u			no-source	fallback	low
圖象	u			no-source	fallback	low
工業企業	u			no-source	fallback	low
應邀	u			no-source	fallback	low
擺攤	u			no-source	fallback	low
敦煌	u			no-source	fallback	low
污染物	u			no-source	fallback	low
醫科大學	n			len4-noun-heuristic	heuristic	medium
不寫	u			no-source	fallback	low
區長	u			no-source	fallback	low
叄	u			no-source	fallback	low
合夥人	n			cow-single	cow	medium
扔了	u			no-source	fallback	low
現代社會	n			len4-noun-heuristic	heuristic	medium
綠豆	n			cow-single	cow	medium
脫了	u			no-source	fallback	low
中也	u			no-source	fallback	low
再就業	u			no-source	fallback	low
受影響	v		passive	prefix-passive	heuristic	medium
小錢	u			no-source	fallback	low
幾個問題	n			len4-noun-heuristic	heuristic	medium
第一期	u			no-source	fallback	low
解套	u			no-source	fallback	low
該不該	u			no-source	fallback	low
起着	u			no-source	fallback	low
進水	u			no-source	fallback	low
雙色球	u			no-source	fallback	low
養豬	u			no-source	fallback	low
上半場	n			cow-single	cow	medium
你我	u			no-source	fallback	low
多樣性	u			no-source	fallback	low
子系統	u			no-source	fallback	low
就已	u			no-source	fallback	low
心情不好	u			no-source	fallback	low
接種	n			cow-single	cow	medium
新春	u			no-source	fallback	low
明清	u			no-source	fallback	low
服務器上	u			no-source	fallback	low
朗讀	u			no-source	fallback	low
沒在	u			no-source	fallback	low
深入開展	u			no-source	fallback	low
漁民	n			cow-single	cow	medium
莊園	n			cow-single	cow	medium
閔行	u			no-source	fallback	low
上一篇	u			no-source	fallback	low
使用作品	u			no-source	fallback	low
可能發生	u			no-source	fallback	low
密切相關	u			no-source	fallback	low
寶山	u			no-source	fallback	low
已爲	u			no-source	fallback	low
怕是	u			no-source	fallback	low
持續發展	u			no-source	fallback	low
第一眼	u			no-source	fallback	low
筱	u			no-source	fallback	low
管理費	u			no-source	fallback	low
纔不會	u			no-source	fallback	low
認真學習	u			no-source	fallback	low
讓其	u			no-source	fallback	low
冉	u			no-source	fallback	low
四項	u			no-source	fallback	low
新機	u			no-source	fallback	low
有誤	u			no-source	fallback	low
某種程度	u			no-source	fallback	low
督導	u			no-source	fallback	low
只覺得	u			no-source	fallback	low
好哦	u			no-source	fallback	low
小鼠	u			no-source	fallback	low
所造成	u			no-source	fallback	low
技術部	u			no-source	fallback	low
水瓶	u			no-source	fallback	low
稅款	u			no-source	fallback	low
網戀	u			no-source	fallback	low
迄今	u			no-source	fallback	low
並可	u			no-source	fallback	low
也不例外	u			no-source	fallback	low
二等獎	u			no-source	fallback	low
卑	u			no-source	fallback	low
只對	u			no-source	fallback	low
四分之	u			no-source	fallback	low
搶險	u			no-source	fallback	low
母豬	n			cow-single	cow	medium
法輪功	u			no-source	fallback	low
而下	u			no-source	fallback	low
華中	u			no-source	fallback	low
誰在	u			no-source	fallback	low
走出了	u			no-source	fallback	low
雜誌社	u			no-source	fallback	low
黨和國家	n			len4-noun-heuristic	heuristic	medium
一改	u			no-source	fallback	low
並列	n			cow-single	cow	medium
也別	u			no-source	fallback	low
代爲	u			no-source	fallback	low
光纜	n			cow-single	cow	medium
刻苦	n			cow-single	cow	medium
唸書	u			no-source	fallback	low
幾個字	u			no-source	fallback	low
應以	u			no-source	fallback	low
採樣	u			no-source	fallback	low
政法	u			no-source	fallback	low
新民	u			no-source	fallback	low
早些	u			no-source	fallback	low
智能化	u			no-source	fallback	low
正確性	u			no-source	fallback	low
每天晚上	u			no-source	fallback	low
比爾	u			no-source	fallback	low
江海	u			no-source	fallback	low
盒飯	u			no-source	fallback	low
結石	n			cow-single	cow	medium
轟轟烈烈	u			no-source	fallback	low
銀行股	u			no-source	fallback	low
僱傭	v			cow-single	cow	medium
定額	n,v			cow-multi	cow	medium
想了想	u			no-source	fallback	low
是一隻	u			no-source	fallback	low
更名	u			no-source	fallback	low
民歌	u			no-source	fallback	low
疊加	u			no-source	fallback	low
盡在	u			no-source	fallback	low
第二部	u			no-source	fallback	low
聖火	u			no-source	fallback	low
中國內地	u			no-source	fallback	low
周筆暢	u			no-source	fallback	low
套件	u			no-source	fallback	low
富士通	u			no-source	fallback	low
提綱	u			no-source	fallback	low
方法來	u			no-source	fallback	low
淺析	u			no-source	fallback	low
礦產資源	u			no-source	fallback	low
稀缺	u			no-source	fallback	low
聽證	u			no-source	fallback	low
至尊	u			no-source	fallback	low
上架	u			no-source	fallback	low
下拉	u			no-source	fallback	low
二三	x			numeral	heuristic	high
則爲	u			no-source	fallback	low
勤快	u			no-source	fallback	low
國稅	u			no-source	fallback	low
安全隱患	u			no-source	fallback	low
新老	u			no-source	fallback	low
有兩	u			no-source	fallback	low
核武器	u			no-source	fallback	low
歷史文化	n			len4-noun-heuristic	heuristic	medium
流露出	u			no-source	fallback	low
猜猜	u			no-source	fallback	low
總面積	u			no-source	fallback	low
老李	u			no-source	fallback	low
詞霸	u			no-source	fallback	low
轉自	u			no-source	fallback	low
內閣	n			cow-single	cow	medium
六一	x			numeral	heuristic	high
反動	u			no-source	fallback	low
在一次	u			no-source	fallback	low
大寶	u			no-source	fallback	low
挪用	v			cow-single	cow	medium
新秀	u			no-source	fallback	low
李某	u			no-source	fallback	low
歲以下	u			no-source	fallback	low
活下去	u			no-source	fallback	low
牀頭	u			no-source	fallback	low
睾丸	u			no-source	fallback	low
老頭子	u			no-source	fallback	low
說呢	u			no-source	fallback	low
那是我	u			no-source	fallback	low
金士頓	u			no-source	fallback	low
雙邊	u			no-source	fallback	low
鬱悶的	u			no-source	fallback	low
黛	u			no-source	fallback	low
促銷活動	u			no-source	fallback	low
免除	n,v			cow-multi	cow	medium
卻要	u			no-source	fallback	low
可以接受	u			no-source	fallback	low
同於	u			no-source	fallback	low
實驗研究	u			no-source	fallback	low
對口	u			no-source	fallback	low
幹部職工	u			no-source	fallback	low
我吧	u			no-source	fallback	low
溼疹	u			no-source	fallback	low
火影忍者	u			no-source	fallback	low
田間	u			no-source	fallback	low
瞳	u			no-source	fallback	low
第一季	u			no-source	fallback	low
續費	u			no-source	fallback	low
署名	n			cow-single	cow	medium
話來	u			no-source	fallback	low
這一步	u			no-source	fallback	low
附錄	n			cow-single	cow	medium
只因	u			no-source	fallback	low
可他	u			no-source	fallback	low
喜慶	u			no-source	fallback	low
小張	u			no-source	fallback	low
山裏	u			no-source	fallback	low
影評	u			no-source	fallback	low
村幹部	u			no-source	fallback	low
潰瘍	n			cow-single	cow	medium
百度知道	u			no-source	fallback	low
致辭	u			no-source	fallback	low
重要思想	u			no-source	fallback	low
電影裏	u			no-source	fallback	low
一個頭	u			no-source	fallback	low
一劍	u			no-source	fallback	low
一劫	u			no-source	fallback	low
一吻	u			no-source	fallback	low
一沉	u			no-source	fallback	low
一碗	u			no-source	fallback	low
一覺	u			no-source	fallback	low
一訓	u			no-source	fallback	low
一輪嘴	u			no-source	fallback	low
一郁	u			no-source	fallback	low
一震	u			no-source	fallback	low
一項	u			no-source	fallback	low
一類	u			no-source	fallback	low
七年	u			no-source	fallback	low
三叔	u			no-source	fallback	low
三葉將	u			no-source	fallback	low
上陣	v			cow-single	cow	medium
下條	u			no-source	fallback	low
不怕	u			no-source	fallback	low
不散	u			no-source	fallback	low
不整	u			no-source	fallback	low
不止	u			no-source	fallback	low
不祥	v			cow-single	cow	medium
並未	u			no-source	fallback	low
中五	u			no-source	fallback	low
中四	u			no-source	fallback	low
乜點	u			no-source	fallback	low
乞人憎	u			no-source	fallback	low
乞兒	u			no-source	fallback	low
乳豬	n			cow-single	cow	medium
事姐	u			no-source	fallback	low
事要	u			no-source	fallback	low
二袋	u			no-source	fallback	low
五六	x			numeral	heuristic	high
亢奮	u			no-source	fallback	low
交帶	u			no-source	fallback	low
交談	n			cow-single	cow	medium
仔會	u			no-source	fallback	low
仔道	u			no-source	fallback	low
仲帶	u			no-source	fallback	low
企定	u			no-source	fallback	low
企番	u			no-source	fallback	low
似得	u			no-source	fallback	low
但同	u			no-source	fallback	low
低頭望	u			no-source	fallback	low
住嗰	u			no-source	fallback	low
住宿	v			cow-single	cow	medium
何嘗	u			no-source	fallback	low
余生	u			no-source	fallback	low
作狀	u			no-source	fallback	low
使命	u			no-source	fallback	low
使用方法	n			len4-noun-heuristic	heuristic	medium
使者	u			no-source	fallback	low
例牌	u			no-source	fallback	low
供	u			no-source	fallback	low
依家同	u			no-source	fallback	low
信晴	u			no-source	fallback	low
個萍	u			no-source	fallback	low
假架	u			no-source	fallback	low
做戲	u			no-source	fallback	low
催促	u			no-source	fallback	low
傲氣	u			no-source	fallback	low
先上	u			no-source	fallback	low
先食	u			no-source	fallback	low
兜頭	u			no-source	fallback	low
全套	u			no-source	fallback	low
兩兄妹	u			no-source	fallback	low
兩米	u			no-source	fallback	low
兩行	u			no-source	fallback	low
公社	u			no-source	fallback	low
再來	u			no-source	fallback	low
出一個	u			no-source	fallback	low
出貓	u			no-source	fallback	low
出錢	u			no-source	fallback	low
刀鋒	n			cow-single	cow	medium
分得	u			no-source	fallback	low
分機	n			cow-single	cow	medium
剋	u			no-source	fallback	low
創傷	n			cow-single	cow	medium
加工廠	u			no-source	fallback	low
十一	x			numeral	heuristic	high
十一月	n			cow-single	cow	medium
十六年	u			no-source	fallback	low
十幾歲	u			no-source	fallback	low
升班	u			no-source	fallback	low
占	u			no-source	fallback	low
即要	u			no-source	fallback	low
去向	u			no-source	fallback	low
又嚟	u			no-source	fallback	low
口度	u			no-source	fallback	low
口渴	a,n,v			cow-multi	cow	medium
口號	n			cow-single	cow	medium
古舊	u			no-source	fallback	low
只限	u			no-source	fallback	low
同菲兒	u			no-source	fallback	low
呢樣	u			no-source	fallback	low
周街	u			no-source	fallback	low
咗同	u			no-source	fallback	low
咗塊	u			no-source	fallback	low
咗過	u			no-source	fallback	low
咗食	u			no-source	fallback	low
品味	v			cow-single	cow	medium
哈爾濱市	u			no-source	fallback	low
哥同	u			no-source	fallback	low
單仲佳	u			no-source	fallback	low
單憑	u			no-source	fallback	low
嗤	u			no-source	fallback	low
嗰件	u			no-source	fallback	low
嘅頭	u			no-source	fallback	low
嘟下	u			no-source	fallback	low
嘟起	u			no-source	fallback	low
嘢做	u			no-source	fallback	low
嘢啦	u			no-source	fallback	low
嘢姐	u			no-source	fallback	low
嘢想同	u			no-source	fallback	low
嘢未	u			no-source	fallback	low
嘩好	u			no-source	fallback	low
噪音	n			cow-single	cow	medium
嚇一嚇	u			no-source	fallback	low
嚇人	u			no-source	fallback	low
嚇咗一	u			no-source	fallback	low
嚟呀	u			no-source	fallback	low
回禮	u			no-source	fallback	low
地識	u			no-source	fallback	low
坐上	u			no-source	fallback	low
坐緊	u			no-source	fallback	low
城門	u			no-source	fallback	low
域	u			no-source	fallback	low
堂堂	u			no-source	fallback	low
外形	n			cow-single	cow	medium
多變	u			no-source	fallback	low
大多	r			cow-single	cow	medium
大節	u			no-source	fallback	low
大肚	u			no-source	fallback	low
天師	u			no-source	fallback	low
太古城	u			no-source	fallback	low
太高	u			no-source	fallback	low
女嚟	u			no-source	fallback	low
妍	u			no-source	fallback	low
妖術	u			no-source	fallback	low
姚	u			no-source	fallback	low
嬌	u			no-source	fallback	low
嬰兒	n			cow-single	cow	medium
守住	v			verb-suffix	heuristic	medium
完波	u			no-source	fallback	low
完衫	u			no-source	fallback	low
定定	u			no-source	fallback	low
定點	u			no-source	fallback	low
宣布	u			no-source	fallback	low
家居	u			no-source	fallback	low
家屬	n			cow-single	cow	medium
寫字樓	u			no-source	fallback	low
將嗰	u			no-source	fallback	low
將身	u			no-source	fallback	low
尊敬	n,v			cow-multi	cow	medium
對視	u			no-source	fallback	low
小狗	u			no-source	fallback	low
小貞會	u			no-source	fallback	low
小貞有	u			no-source	fallback	low
小貞道	u			no-source	fallback	low
尖端	n			cow-single	cow	medium
就範	u			no-source	fallback	low
就緒	u			no-source	fallback	low
層面	u			no-source	fallback	low
崇拜	n			cow-single	cow	medium
崗位	n			cow-single	cow	medium
工場	n			cow-single	cow	medium
已不	u			no-source	fallback	low
帶眼	u			no-source	fallback	low
常人	u			no-source	fallback	low
平面	n			cow-single	cow	medium
幾月	u			no-source	fallback	low
幾識	u			no-source	fallback	low
廁格	u			no-source	fallback	low
廢人	u			no-source	fallback	low
廿歲	u			no-source	fallback	low
弓箭	n			cow-single	cow	medium
引人	u			no-source	fallback	low
張偉健	u			no-source	fallback	low
彈出	u			no-source	fallback	low
影低	u			no-source	fallback	low
後尾枕	u			no-source	fallback	low
徐	u			no-source	fallback	low
得嗰	u			no-source	fallback	low
從後攬	u			no-source	fallback	low
德國	u			no-source	fallback	low
德奈瑪殊	u			no-source	fallback	low
徹夜	u			no-source	fallback	low
心胸	u			no-source	fallback	low
忍不住	u			no-source	fallback	low
思叫	u			no-source	fallback	low
思婷	u			no-source	fallback	low
急問	u			no-source	fallback	low
您講	u			no-source	fallback	low
愛惜	u			no-source	fallback	low
愛護	u			no-source	fallback	low
感觸	u			no-source	fallback	low
慨嘆	u			no-source	fallback	low
戀人	n			cow-single	cow	medium
成塊	u			no-source	fallback	low
成支	u			no-source	fallback	low
成果	n			cow-single	cow	medium
我哥	u			no-source	fallback	low
我影	u			no-source	fallback	low
我擘	u			no-source	fallback	low
我流	u			no-source	fallback	low
我痛	u			no-source	fallback	low
我發	u			no-source	fallback	low
我紅	u			no-source	fallback	low
我聞	u			no-source	fallback	low
我起	u			no-source	fallback	low
我輕	u			no-source	fallback	low
我輕聲	u			no-source	fallback	low
戒	u			no-source	fallback	low
戰戰兢兢	u			no-source	fallback	low
戰況	u			no-source	fallback	low
戴套	u			no-source	fallback	low
手板	u			no-source	fallback	low
手榴彈	n			cow-single	cow	medium
手話	u			no-source	fallback	low
扎營	u			no-source	fallback	low
打丁	u			no-source	fallback	low
打倒	v			cow-single	cow	medium
打極	u			no-source	fallback	low
打通	u			no-source	fallback	low
扭轉	u			no-source	fallback	low
找數	u			no-source	fallback	low
抑壓	n			cow-single	cow	medium
抗爭	v			cow-single	cow	medium
抽住	v			verb-suffix	heuristic	medium
拍攝	v			cow-single	cow	medium
指一	u			no-source	fallback	low
捉摸	u			no-source	fallback	low
掙脫	u			no-source	fallback	low
推一	u			no-source	fallback	low
插得	u			no-source	fallback	low
搖動	n,v			cow-multi	cow	medium
搭住	v			verb-suffix	heuristic	medium
撇	u			no-source	fallback	low
擦紙膠	u			no-source	fallback	low
擦過	u			no-source	fallback	low
擺落	u			no-source	fallback	low
擺駕	u			no-source	fallback	low
支配	n,v			cow-multi	cow	medium
收兵	u			no-source	fallback	low
收咗線	u			no-source	fallback	low
政政	u			no-source	fallback	low
故此	u			no-source	fallback	low
教下	u			no-source	fallback	low
教壞	u			no-source	fallback	low
整傷	u			no-source	fallback	low
整好	u			no-source	fallback	low
文鈴	u			no-source	fallback	low
斑馬	n			cow-single	cow	medium
新婚	u			no-source	fallback	low
方子	u			no-source	fallback	low
旅途	u			no-source	fallback	low
既並	u			no-source	fallback	low
既雪琪	u			no-source	fallback	low
日式	u			no-source	fallback	low
日程	n			cow-single	cow	medium
時勢	u			no-source	fallback	low
曲奇餅	u			no-source	fallback	low
最右	u			no-source	fallback	low
有何	u			no-source	fallback	low
有救	u			no-source	fallback	low
服氣	u			no-source	fallback	low
服裝	n			cow-single	cow	medium
期限	n			cow-single	cow	medium
木偶	u			no-source	fallback	low
東面	u			no-source	fallback	low
架架	u			no-source	fallback	low
染色	u			no-source	fallback	low
柔弱	u			no-source	fallback	low
柳	n			cow-single	cow	medium
校方	u			no-source	fallback	low
校規	u			no-source	fallback	low
桃	u			no-source	fallback	low
桐桐	u			no-source	fallback	low
條死	u			no-source	fallback	low
棒球	n			cow-single	cow	medium
椅子	n			cow-single	cow	medium
業務	u			no-source	fallback	low
榜	u			no-source	fallback	low
樓主	u			no-source	fallback	low
樹熊	u			no-source	fallback	low
機動	u			no-source	fallback	low
橫線	u			no-source	fallback	low
欺壓	u			no-source	fallback	low
歉意	n			cow-single	cow	medium
正大	u			no-source	fallback	low
正嵐	u			no-source	fallback	low
死刑	n			cow-single	cow	medium
比比鳥	u			no-source	fallback	low
毫不猶豫	u			no-source	fallback	low
水準	n			cow-single	cow	medium
池田	u			no-source	fallback	low
決	u			no-source	fallback	low
沙包	u			no-source	fallback	low
河童	u			no-source	fallback	low
泛紅	u			no-source	fallback	low
注	v			cow-single	cow	medium
洗個	u			no-source	fallback	low
洗衫	u			no-source	fallback	low
活塞	u			no-source	fallback	low
流通	n,v			cow-multi	cow	medium
海琪	u			no-source	fallback	low
淘寶網	u			no-source	fallback	low
淨返	u			no-source	fallback	low
深度	u			no-source	fallback	low
深知	u			no-source	fallback	low
深邃	u			no-source	fallback	low
港大	u			no-source	fallback	low
港澳	u			no-source	fallback	low
渾	u			no-source	fallback	low
湧現	v			cow-single	cow	medium
滑過	u			no-source	fallback	low
滴答	u			no-source	fallback	low
漲	u			no-source	fallback	low
潛水	v			cow-single	cow	medium
灰燼	n			cow-single	cow	medium
炎	u			no-source	fallback	low
無疑	u			no-source	fallback	low
營地	n			cow-single	cow	medium
營造	u			no-source	fallback	low
牛河	u			no-source	fallback	low
物攻	u			no-source	fallback	low
狼人	u			no-source	fallback	low
猛然	u			no-source	fallback	low
猩猩	n			cow-single	cow	medium
獻上	u			no-source	fallback	low
玄	u			no-source	fallback	low
玲	u			no-source	fallback	low
玲玲	u			no-source	fallback	low
班仆街	u			no-source	fallback	low
現任	u			no-source	fallback	low
理念	n			cow-single	cow	medium
瓜瓜	u			no-source	fallback	low
用返	u			no-source	fallback	low
由始	u			no-source	fallback	low
由果	u			no-source	fallback	low
男同	u			no-source	fallback	low
畀心機	u			no-source	fallback	low
畀條	u			no-source	fallback	low
畏懼	v			cow-single	cow	medium
畫一個	u			no-source	fallback	low
當呢	u			no-source	fallback	low
疾	u			no-source	fallback	low
癡身	u			no-source	fallback	low
登仔	u			no-source	fallback	low
發嬲	u			no-source	fallback	low
發麻	u			no-source	fallback	low
白襪	u			no-source	fallback	low
白鴿	u			no-source	fallback	low
皇	u			no-source	fallback	low
盤算	u			no-source	fallback	low
目中	u			no-source	fallback	low
目擊	v			cow-single	cow	medium
相視	u			no-source	fallback	low
看守	n			cow-single	cow	medium
眶	u			no-source	fallback	low
眼眼	u			no-source	fallback	low
眼花	v			cow-single	cow	medium
着番	u			no-source	fallback	low
着緊	u			no-source	fallback	low
睇相	u			no-source	fallback	low
矇	u			no-source	fallback	low
知到	u			no-source	fallback	low
知果	u			no-source	fallback	low
知要	u			no-source	fallback	low
知邊	u			no-source	fallback	low
福氣	u			no-source	fallback	low
稀有	u			no-source	fallback	low
稟	u			no-source	fallback	low
種子	u			no-source	fallback	low
稱職	u			no-source	fallback	low
窒息	n,v			cow-multi	cow	medium
窩心	u			no-source	fallback	low
第三日	u			no-source	fallback	low
第個	u			no-source	fallback	low
等國	u			no-source	fallback	low
答答	u			no-source	fallback	low
粒子	n			cow-single	cow	medium
純正	u			no-source	fallback	low
紫菜	u			no-source	fallback	low
細過	u			no-source	fallback	low
結晶	n			cow-single	cow	medium
絕招	u			no-source	fallback	low
緊嚟	u			no-source	fallback	low
緊機	u			no-source	fallback	low
線婆	u			no-source	fallback	low
緻	u			no-source	fallback	low
總結	n,v			cow-multi	cow	medium
罪名	u			no-source	fallback	low
罪行	n			cow-single	cow	medium
美術	u			no-source	fallback	low
美魔	u			no-source	fallback	low
翻個	u			no-source	fallback	low
老夫	u			no-source	fallback	low
老板娘	u			no-source	fallback	low
考場	u			no-source	fallback	low
考成點	u			no-source	fallback	low
而來	u			no-source	fallback	low
聖三一	u			no-source	fallback	low
聲譽	n			cow-single	cow	medium
聽覺	n			cow-single	cow	medium
肥仔昌	u			no-source	fallback	low
肥榮叔	u			no-source	fallback	low
脆	u			no-source	fallback	low
腸粉	u			no-source	fallback	low
自摸	u			no-source	fallback	low
自虐	u			no-source	fallback	low
自行	u			no-source	fallback	low
舅舅	n			cow-single	cow	medium
舉高	u			no-source	fallback	low
舊式	u			no-source	fallback	low
芙蕾雅湖	u			no-source	fallback	low
芥辣	u			no-source	fallback	low
莉	u			no-source	fallback	low
萌	u			no-source	fallback	low
藥引	u			no-source	fallback	low
螢光	u			no-source	fallback	low
螺絲	u			no-source	fallback	low
蠱	u			no-source	fallback	low
血管	n			cow-single	cow	medium
血脈	u			no-source	fallback	low
行多	u			no-source	fallback	low
衝落	u			no-source	fallback	low
衰女	u			no-source	fallback	low
袁澤守	u			no-source	fallback	low
裙底	u			no-source	fallback	low
裝扮	n			cow-single	cow	medium
褲頭	u			no-source	fallback	low
西行	u			no-source	fallback	low
要令	u			no-source	fallback	low
見返	u			no-source	fallback	low
解圍	u			no-source	fallback	low
觸電	n			cow-single	cow	medium
計時	n,v			cow-multi	cow	medium
討論區	u			no-source	fallback	low
訓喇	u			no-source	fallback	low
談判	n			cow-single	cow	medium
講說話	u			no-source	fallback	low
講邊	u			no-source	fallback	low
謝絲	u			no-source	fallback	low
識穿	u			no-source	fallback	low
警衛	u			no-source	fallback	low
讀到	u			no-source	fallback	low
豪華	n			cow-single	cow	medium
責	u			no-source	fallback	low
買返	u			no-source	fallback	low
資金	n			cow-single	cow	medium
走堂	u			no-source	fallback	low
走失	u			no-source	fallback	low
趕唔切	u			no-source	fallback	low
趷	u			no-source	fallback	low
跟進	u			no-source	fallback	low
跨越	v			cow-single	cow	medium
躬	v			cow-single	cow	medium
車牌	n			cow-single	cow	medium
軍團	u			no-source	fallback	low
軍裝	n			cow-single	cow	medium
輔助	u			no-source	fallback	low
轉到	u			no-source	fallback	low
轉過身	u			no-source	fallback	low
近視	n			cow-single	cow	medium
返好	u			no-source	fallback	low
迷戀	u			no-source	fallback	low
逃出	u			no-source	fallback	low
逐步	u			no-source	fallback	low
連住	v			verb-suffix	heuristic	medium
運動場	n			cow-single	cow	medium
過一次	u			no-source	fallback	low
過同	u			no-source	fallback	low
過節	u			no-source	fallback	low
道術	u			no-source	fallback	low
遙遠	u			no-source	fallback	low
遺願	u			no-source	fallback	low
還擊	u			no-source	fallback	low
那怕	u			no-source	fallback	low
都將	u			no-source	fallback	low
配搭	u			no-source	fallback	low
醋	u			no-source	fallback	low
醫學	n			cow-single	cow	medium
野外	n			cow-single	cow	medium
野有	u			no-source	fallback	low
金鐘	n			cow-single	cow	medium
鈴聲	n			cow-single	cow	medium
錯嘢	u			no-source	fallback	low
鏽	n			cow-single	cow	medium
鐮	u			no-source	fallback	low
鐵人	u			no-source	fallback	low
鐵通	u			no-source	fallback	low
開得	u			no-source	fallback	low
開過	u			no-source	fallback	low
阿瑜	u			no-source	fallback	low
阿黃	u			no-source	fallback	low
附上	u			no-source	fallback	low
隨風	u			no-source	fallback	low
雞肉	u			no-source	fallback	low
難會	u			no-source	fallback	low
雨褸	u			no-source	fallback	low
雪梨	u			no-source	fallback	low
霹靂	n			cow-single	cow	medium
青龍	u			no-source	fallback	low
韓月兒	u			no-source	fallback	low
響邊	u			no-source	fallback	low
順攤	u			no-source	fallback	low
預咗	u			no-source	fallback	low
顛覆	v			cow-single	cow	medium
顧及	v			cow-single	cow	medium
顧言風	u			no-source	fallback	low
顫	u			no-source	fallback	low
風光	u			no-source	fallback	low
飛拳	u			no-source	fallback	low
飛身	u			no-source	fallback	low
飯食	u			no-source	fallback	low
飲品	u			no-source	fallback	low
飲飲	u			no-source	fallback	low
養大	u			no-source	fallback	low
養貓	u			no-source	fallback	low
餐牌	u			no-source	fallback	low
驗	u			no-source	fallback	low
驚會	u			no-source	fallback	low
驚起	u			no-source	fallback	low
體位	u			no-source	fallback	low
鬼仔	u			no-source	fallback	low
鮮紅	u			no-source	fallback	low
黑到	u			no-source	fallback	low
黑黑	u			no-source	fallback	low
點名	u			no-source	fallback	low
點搞	u			no-source	fallback	low
點行	u			no-source	fallback	low
點走	u			no-source	fallback	low
鼻腔	u			no-source	fallback	low
鼻頭	u			no-source	fallback	low
一些東西	u			no-source	fallback	low
上榜	u			no-source	fallback	low
卻說	u			no-source	fallback	low
史上最	u			no-source	fallback	low
啓	n			cow-single	cow	medium
在一家	u			no-source	fallback	low
我看過	u			no-source	fallback	low
摟着	u			no-source	fallback	low
會再	u			no-source	fallback	low
沒有機會	u			no-source	fallback	low
湯唯	u			no-source	fallback	low
無線網絡	n			len4-noun-heuristic	heuristic	medium
磋商	n			cow-single	cow	medium
秋水	u			no-source	fallback	low
突然想起	u			no-source	fallback	low
總想	u			no-source	fallback	low
聽音樂	u			no-source	fallback	low
製冷	u			no-source	fallback	low
便攜式	u			no-source	fallback	low
婕	u			no-source	fallback	low
察看	v			cow-single	cow	medium
專家組	u			no-source	fallback	low
最低價	u			no-source	fallback	low
服務體系	u			no-source	fallback	low
望去	u			no-source	fallback	low
沒到	u			no-source	fallback	low
田野	n			cow-single	cow	medium
茨	u			no-source	fallback	low
萬畝	u			no-source	fallback	low
變得更加	u			no-source	fallback	low
高等學校	u			no-source	fallback	low
刷屏	u			no-source	fallback	low
創新能力	u			no-source	fallback	low
圓圓	u			no-source	fallback	low
工業大學	n			len4-noun-heuristic	heuristic	medium
已將	u			no-source	fallback	low
強制性	u			no-source	fallback	low
村級	u			no-source	fallback	low
模版	u			no-source	fallback	low
知名品牌	u			no-source	fallback	low
製片人	n			cow-single	cow	medium
頗具	u			no-source	fallback	low
兩部分	u			no-source	fallback	low
區號	u			no-source	fallback	low
及其它	u			no-source	fallback	low
垃圾郵件	u			no-source	fallback	low
實際行動	u			no-source	fallback	low
對華	u			no-source	fallback	low
建站	u			no-source	fallback	low
直到現在	u			no-source	fallback	low
豹子	u			no-source	fallback	low
趕回	u			no-source	fallback	low
防僞	u			no-source	fallback	low
風尚	u			no-source	fallback	low
一輛車	u			no-source	fallback	low
吐了	u			no-source	fallback	low
女排	u			no-source	fallback	low
如要	u			no-source	fallback	low
宏大	u			no-source	fallback	low
摳	u			no-source	fallback	low
污垢	u			no-source	fallback	low
涂	u			no-source	fallback	low
發病率	u			no-source	fallback	low
管理軟件	u			no-source	fallback	low
緊缺	u			no-source	fallback	low
請他	u			no-source	fallback	low
踏板	n			cow-single	cow	medium
這個消息	u			no-source	fallback	low
都像	u			no-source	fallback	low
開庭	v			cow-single	cow	medium
需要注意	u			no-source	fallback	low
音視頻	u			no-source	fallback	low
中心主任	u			no-source	fallback	low
只看到	u			no-source	fallback	low
夜宵	u			no-source	fallback	low
大成	u			no-source	fallback	low
姓氏	u			no-source	fallback	low
有如	u			no-source	fallback	low
樞紐	u			no-source	fallback	low
比亞迪	u			no-source	fallback	low
無公害	u			no-source	fallback	low
老牌	u			no-source	fallback	low
藍屏	u			no-source	fallback	low
貳	u			no-source	fallback	low
雅閣	u			no-source	fallback	low
電腦前	u			no-source	fallback	low
值得一提	u			no-source	fallback	low
僅限於	u			no-source	fallback	low
刊載	u			no-source	fallback	low
勞資	u			no-source	fallback	low
多些	u			no-source	fallback	low
天哪	u			no-source	fallback	low
安全問題	n			len4-noun-heuristic	heuristic	medium
曾任	u			no-source	fallback	low
欠費	u			no-source	fallback	low
洗浴	u			no-source	fallback	low
濟南市	u			no-source	fallback	low
燈具	u			no-source	fallback	low
積極開展	u			no-source	fallback	low
自治州	u			no-source	fallback	low
襄樊	u			no-source	fallback	low
警官	n			cow-single	cow	medium
跟人	u			no-source	fallback	low
閉上眼睛	u			no-source	fallback	low
一鍵	u			no-source	fallback	low
並不知道	u			no-source	fallback	low
伊利	u			no-source	fallback	low
包裏	u			no-source	fallback	low
取締	v			cow-single	cow	medium
專業課	u			no-source	fallback	low
崑崙	u			no-source	fallback	low
挺大	u			no-source	fallback	low
氯	n			cow-single	cow	medium
穆斯林	u			no-source	fallback	low
第三代	u			no-source	fallback	low
經驗豐富	u			no-source	fallback	low
聽證會	u			no-source	fallback	low
中國區	u			no-source	fallback	low
之稱	u			no-source	fallback	low
作爲一名	u			no-source	fallback	low
在生活中	u			no-source	fallback	low
地走	u			no-source	fallback	low
定做	v			cow-single	cow	medium
戰後	u			no-source	fallback	low
搶了	u			no-source	fallback	low
月下	u			no-source	fallback	low
無痕	u			no-source	fallback	low
玫瑰花	u			no-source	fallback	low
簽定	u			no-source	fallback	low
這個國家	n			len4-noun-heuristic	heuristic	medium
違紀	u			no-source	fallback	low
靜電	u			no-source	fallback	low
黃石	u			no-source	fallback	low
一夥	u			no-source	fallback	low
公益性	u			no-source	fallback	low
募集資金	u			no-source	fallback	low
卡丁車	u			no-source	fallback	low
寫點	u			no-source	fallback	low
市場價	n			cow-single	cow	medium
廈門市	u			no-source	fallback	low
改革發展	u			no-source	fallback	low
新家	u			no-source	fallback	low
更遠	u			no-source	fallback	low
略顯	u			no-source	fallback	low
祁	u			no-source	fallback	low
第一輪	u			no-source	fallback	low
紅星	u			no-source	fallback	low
該書	u			no-source	fallback	low
不動產	n			cow-single	cow	medium
估價	n,v			cow-multi	cow	medium
假定	n,v			cow-multi	cow	medium
印製	u			no-source	fallback	low
合理性	u			no-source	fallback	low
孰	u			no-source	fallback	low
常德	u			no-source	fallback	low
愛情是	u			no-source	fallback	low
才明白	u			no-source	fallback	low
攜程	u			no-source	fallback	low
最後一天	u			no-source	fallback	low
的家	u			no-source	fallback	low
矢量	n			cow-single	cow	medium
西方人	u			no-source	fallback	low
那套	u			no-source	fallback	low
一點一點	u			no-source	fallback	low
冶金	u			no-source	fallback	low
好喜歡	u			no-source	fallback	low
巍峨	u			no-source	fallback	low
狗屎	u			no-source	fallback	low
第三季	u			no-source	fallback	low
籌建	u			no-source	fallback	low
臨沂	u			no-source	fallback	low
行政許可	u			no-source	fallback	low
論壇裏	u			no-source	fallback	low
酵母	n			cow-single	cow	medium
三元	u			no-source	fallback	low
前置	u			no-source	fallback	low
可別	u			no-source	fallback	low
多看	u			no-source	fallback	low
它不	u			no-source	fallback	low
將領	u			no-source	fallback	low
布朗	u			no-source	fallback	low
房裏	u			no-source	fallback	low
璀璨	u			no-source	fallback	low
空運	n,v			cow-multi	cow	medium
紅葉	u			no-source	fallback	low
花癡	u			no-source	fallback	low
說了算	u			no-source	fallback	low
貼着	u			no-source	fallback	low
跟在	u			no-source	fallback	low
鐵道部	u			no-source	fallback	low
降雨	u			no-source	fallback	low
不斷擴大	u			no-source	fallback	low
以上學歷	u			no-source	fallback	low
偏愛	n,v			cow-multi	cow	medium
史料	u			no-source	fallback	low
喝點	u			no-source	fallback	low
圓明園	u			no-source	fallback	low
她的手	u			no-source	fallback	low
如此之	u			no-source	fallback	low
將球	u			no-source	fallback	low
專家學者	n			len4-noun-heuristic	heuristic	medium
廊坊	u			no-source	fallback	low
循環經濟	n			len4-noun-heuristic	heuristic	medium
抑鬱症	n			cow-single	cow	medium
拿不到	u			no-source	fallback	low
民辦	u			no-source	fallback	low
沒有錯	u			no-source	fallback	low
營業員	n			cow-single	cow	medium
用在	u			no-source	fallback	low
稻	u			no-source	fallback	low
纔怪	u			no-source	fallback	low
衡陽	u			no-source	fallback	low
閃存	n			cow-single	cow	medium
開荒	u			no-source	fallback	low
上部	u			no-source	fallback	low
乙烯	u			no-source	fallback	low
做事情	u			no-source	fallback	low
全球經濟	n			len4-noun-heuristic	heuristic	medium
助學	u			no-source	fallback	low
博士後	u			no-source	fallback	low
在網站	u			no-source	fallback	low
好書	u			no-source	fallback	low
層出不窮	u			no-source	fallback	low
山地	u			no-source	fallback	low
成績單	u			no-source	fallback	low
既可	u			no-source	fallback	low
早上好	u			no-source	fallback	low
桑拿浴	u			no-source	fallback	low
正式啓動	u			no-source	fallback	low
的幫助下	u			no-source	fallback	low
相關資料	n			len4-noun-heuristic	heuristic	medium
真得	u			no-source	fallback	low
稿費	u			no-source	fallback	low
被害人	v		passive	prefix-passive	heuristic	medium
走紅	u			no-source	fallback	low
這都	u			no-source	fallback	low
雜交	u			no-source	fallback	low
鞍山	u			no-source	fallback	low
高速發展	u			no-source	fallback	low
俠客	u			no-source	fallback	low
前田	u			no-source	fallback	low
剛買	u			no-source	fallback	low
又怕	u			no-source	fallback	low
國學	u			no-source	fallback	low
增生	n			cow-single	cow	medium
戰歌	u			no-source	fallback	low
日暮	u			no-source	fallback	low
第五屆	u			no-source	fallback	low
聲道	u			no-source	fallback	low
裏去	u			no-source	fallback	low
詳解	u			no-source	fallback	low
遠在	u			no-source	fallback	low
還去	u			no-source	fallback	low
上萬	u			no-source	fallback	low
動力學	u			no-source	fallback	low
告訴自己	u			no-source	fallback	low
國奧	u			no-source	fallback	low
宮頸	u			no-source	fallback	low
對你說	u			no-source	fallback	low
思維方式	u			no-source	fallback	low
控股股東	u			no-source	fallback	low
摔倒	v			cow-single	cow	medium
最新版	u			no-source	fallback	low
繼續努力	u			no-source	fallback	low
荊	u			no-source	fallback	low
賣方	n			cow-single	cow	medium
那天晚上	u			no-source	fallback	low
世界觀	u			no-source	fallback	low
主要表現	u			no-source	fallback	low
人所	u			no-source	fallback	low
但同時	u			no-source	fallback	low
劇照	u			no-source	fallback	low
囑咐	u			no-source	fallback	low
回扣	n,v			cow-multi	cow	medium
執導	u			no-source	fallback	low
大炮	n			cow-single	cow	medium
昌平	u			no-source	fallback	low
景氣	n			cow-single	cow	medium
曾經的	u			no-source	fallback	low
本品	u			no-source	fallback	low
歌壇	u			no-source	fallback	low
沒睡	u			no-source	fallback	low
看得見	u			no-source	fallback	low
第一階段	u			no-source	fallback	low
纔來	u			no-source	fallback	low
颶風	n			cow-single	cow	medium
鹽城	u			no-source	fallback	low
齷齪	n			cow-single	cow	medium
上證指數	u			no-source	fallback	low
來人	u			no-source	fallback	low
先在	u			no-source	fallback	low
南美	u			no-source	fallback	low
始於	u			no-source	fallback	low
婚慶	u			no-source	fallback	low
實施方案	u			no-source	fallback	low
將她	u			no-source	fallback	low
將面臨	u			no-source	fallback	low
快訊	u			no-source	fallback	low
我走了	u			no-source	fallback	low
條規定	u			no-source	fallback	low
用不了	u			no-source	fallback	low
疙瘩	n			cow-single	cow	medium
肩負	u			no-source	fallback	low
評語	u			no-source	fallback	low
馬上就要	u			no-source	fallback	low
不斷完善	u			no-source	fallback	low
中型	a			cow-single	cow	medium
主子	u			no-source	fallback	low
之謎	u			no-source	fallback	low
也正	u			no-source	fallback	low
他們將	u			no-source	fallback	low
但目前	u			no-source	fallback	low
億美	u			no-source	fallback	low
全書	u			no-source	fallback	low
切實加強	u			no-source	fallback	low
劉嘉玲	u			no-source	fallback	low
去愛	u			no-source	fallback	low
可得	u			no-source	fallback	low
它也	u			no-source	fallback	low
怎麼用	u			no-source	fallback	low
所持	u			no-source	fallback	low
斷網	u			no-source	fallback	low
李亞鵬	u			no-source	fallback	low
梨花	u			no-source	fallback	low
王某	u			no-source	fallback	low
符合條件	u			no-source	fallback	low
角逐	n			cow-single	cow	medium
配置文件	u			no-source	fallback	low
下臺	u			no-source	fallback	low
中轉	u			no-source	fallback	low
內需	u			no-source	fallback	low
娛樂八卦	u			no-source	fallback	low
宋代	u			no-source	fallback	low
將與	u			no-source	fallback	low
幺	u			no-source	fallback	low
座機	u			no-source	fallback	low
承擔責任	u			no-source	fallback	low
改變自己	u			no-source	fallback	low
有一條	u			no-source	fallback	low
氨	n			cow-single	cow	medium
涉外	u			no-source	fallback	low
潮州	u			no-source	fallback	low
熒光	u			no-source	fallback	low
爬到	u			no-source	fallback	low
瞪着	u			no-source	fallback	low
中長期	u			no-source	fallback	low
主營業務	n			len4-noun-heuristic	heuristic	medium
人事部	u			no-source	fallback	low
入戶	u			no-source	fallback	low
利潤率	u			no-source	fallback	low
剛畢業	u			no-source	fallback	low
喫個	u			no-source	fallback	low
對價	u			no-source	fallback	low
巴塞羅那	u			no-source	fallback	low
忙得	u			no-source	fallback	low
打拼	u			no-source	fallback	low
技術服務	n			len4-noun-heuristic	heuristic	medium
此書	u			no-source	fallback	low
特殊性	u			no-source	fallback	low
畜牧	u			no-source	fallback	low
西單	u			no-source	fallback	low
音色	u			no-source	fallback	low
什麼話	u			no-source	fallback	low
何不	u			no-source	fallback	low
哎喲	u			no-source	fallback	low
大環境	u			no-source	fallback	low
天宇	u			no-source	fallback	low
存量	u			no-source	fallback	low
搶走	u			no-source	fallback	low
整個世界	u			no-source	fallback	low
本地區	u			no-source	fallback	low
神廟	u			no-source	fallback	low
藥劑	u			no-source	fallback	low
裝着	u			no-source	fallback	low
複製到	u			no-source	fallback	low
課堂教學	u			no-source	fallback	low
讀研	u			no-source	fallback	low
不要以爲	u			no-source	fallback	low
交通運輸	u			no-source	fallback	low
人才網	u			no-source	fallback	low
保單	u			no-source	fallback	low
廣交會	u			no-source	fallback	low
汽車站	u			no-source	fallback	low
索要	u			no-source	fallback	low
課時	u			no-source	fallback	low
質檢	u			no-source	fallback	low
酸性	n			cow-single	cow	medium
銀監會	u			no-source	fallback	low
降息	u			no-source	fallback	low
免費下載	u			no-source	fallback	low
出什麼	u			no-source	fallback	low
外資銀行	u			no-source	fallback	low
很難說	u			no-source	fallback	low
應答	u			no-source	fallback	low
打遊戲	u			no-source	fallback	low
技術水平	n			len4-noun-heuristic	heuristic	medium
拉肚子	u			no-source	fallback	low
文件系統	n			len4-noun-heuristic	heuristic	medium
活化	n			cow-single	cow	medium
被困	v		passive	prefix-passive	heuristic	medium
三個方面	u			no-source	fallback	low
乒乓	u			no-source	fallback	low
城建	u			no-source	fallback	low
小妞	u			no-source	fallback	low
引出	u			no-source	fallback	low
彩妝	u			no-source	fallback	low
後排	u			no-source	fallback	low
提供服務	n			len4-noun-heuristic	heuristic	medium
操盤	u			no-source	fallback	low
新來的	u			no-source	fallback	low
有一段	u			no-source	fallback	low
爲中心的	u			no-source	fallback	low
茶館	u			no-source	fallback	low
違約金	u			no-source	fallback	low
金融業	u			no-source	fallback	low
一書	u			no-source	fallback	low
三款	u			no-source	fallback	low
不法	u			no-source	fallback	low
倡議	n			cow-single	cow	medium
傷病	u			no-source	fallback	low
卡爾	u			no-source	fallback	low
合集	u			no-source	fallback	low
我一定會	u			no-source	fallback	low
李敖	u			no-source	fallback	low
添加劑	n			cow-single	cow	medium
減去	u			no-source	fallback	low
漢人	u			no-source	fallback	low
發消息	u			no-source	fallback	low
真能	u			no-source	fallback	low
着裝	u			no-source	fallback	low
管理機構	n			len4-noun-heuristic	heuristic	medium
這是他	u			no-source	fallback	low
餘人	u			no-source	fallback	low
伊斯蘭	u			no-source	fallback	low
六七	x			numeral	heuristic	high
共青團	u			no-source	fallback	low
加蓋	u			no-source	fallback	low
小三	u			no-source	fallback	low
常來	u			no-source	fallback	low
感傷	u			no-source	fallback	low
晨報	u			no-source	fallback	low
柑橘	n			cow-single	cow	medium
求職者	u			no-source	fallback	low
海峽	u			no-source	fallback	low
牀單	n			cow-single	cow	medium
真沒	u			no-source	fallback	low
糧油	u			no-source	fallback	low
趕往	u			no-source	fallback	low
遺蹟	u			no-source	fallback	low
還請	u			no-source	fallback	low
重要講話	u			no-source	fallback	low
閩	u			no-source	fallback	low
青銅	n			cow-single	cow	medium
馬達	n			cow-single	cow	medium
客流	u			no-source	fallback	low
專業生產	u			no-source	fallback	low
很久沒有	u			no-source	fallback	low
很滿意	u			no-source	fallback	low
很無聊	u			no-source	fallback	low
復牌	u			no-source	fallback	low
時刻表	n			cow-single	cow	medium
東北人	u			no-source	fallback	low
步行街	u			no-source	fallback	low
滑蓋	u			no-source	fallback	low
漳州	u			no-source	fallback	low
鄭智	u			no-source	fallback	low
以太網	u			no-source	fallback	low
來玩	u			no-source	fallback	low
均是	u			no-source	fallback	low
彪悍	u			no-source	fallback	low
戰略性	u			no-source	fallback	low
擦拭	u			no-source	fallback	low
曝	u			no-source	fallback	low
溢價	u			no-source	fallback	low
王朔	u			no-source	fallback	low
請與	u			no-source	fallback	low
遠遠超過	u			no-source	fallback	low
閔	u			no-source	fallback	low
隨心所欲	v			cow-single	cow	medium
上還	u			no-source	fallback	low
並不一定	u			no-source	fallback	low
全球通	u			no-source	fallback	low
分層	n			cow-single	cow	medium
剛剛開始	u			no-source	fallback	low
十屆	u			no-source	fallback	low
又名	u			no-source	fallback	low
毛錢	u			no-source	fallback	low
申明	u			no-source	fallback	low
發信息	u			no-source	fallback	low
編譯器	u			no-source	fallback	low
老三	u			no-source	fallback	low
託運	v			cow-single	cow	medium
調料	u			no-source	fallback	low
豆子	u			no-source	fallback	low
不敢相信	u			no-source	fallback	low
令他	u			no-source	fallback	low
公共衛生	u			no-source	fallback	low
套現	u			no-source	fallback	low
很煩	u			no-source	fallback	low
徵文	u			no-source	fallback	low
懶人	u			no-source	fallback	low
房產證	u			no-source	fallback	low
捐獻	n,v			cow-multi	cow	medium
教研室	u			no-source	fallback	low
海賊王	u			no-source	fallback	low
燒香	u			no-source	fallback	low
社會生活	u			no-source	fallback	low
第一頁	u			no-source	fallback	low
籌集	v			cow-single	cow	medium
統計局	u			no-source	fallback	low
總隊	u			no-source	fallback	low
臺海	u			no-source	fallback	low
與她	u			no-source	fallback	low
迄今爲止	u			no-source	fallback	low
銀川	u			no-source	fallback	low
一個勁	u			no-source	fallback	low
三鹿	u			no-source	fallback	low
之感	u			no-source	fallback	low
作曲	v			cow-single	cow	medium
偏遠	u			no-source	fallback	low
出席會議	u			no-source	fallback	low
好久沒有	u			no-source	fallback	low
如玉	u			no-source	fallback	low
所載	u			no-source	fallback	low
會晤	n,v			cow-multi	cow	medium
油菜	u			no-source	fallback	low
營業額	u			no-source	fallback	low
科技園	u			no-source	fallback	low
緊跟	u			no-source	fallback	low
訪華	u			no-source	fallback	low
調製	u			no-source	fallback	low
鎂	n			cow-single	cow	medium
雖是	u			no-source	fallback	low
不感興趣	u			no-source	fallback	low
任何時候	u			no-source	fallback	low
刀子	n			cow-single	cow	medium
李寧	u			no-source	fallback	low
經濟實力	u			no-source	fallback	low
縣級以上	u			no-source	fallback	low
跪在	u			no-source	fallback	low
鋪設	u			no-source	fallback	low
開發利用	u			no-source	fallback	low
麥子	u			no-source	fallback	low
一致性	n			cow-single	cow	medium
卻讓	u			no-source	fallback	low
四個字	u			no-source	fallback	low
微星	u			no-source	fallback	low
愛自己	u			no-source	fallback	low
投資價值	u			no-source	fallback	low
發表文章	u			no-source	fallback	low
突然覺得	u			no-source	fallback	low
綜合素質	u			no-source	fallback	low
詞庫	u			no-source	fallback	low
輕信	v			cow-single	cow	medium
集訓	u			no-source	fallback	low
不搞	u			no-source	fallback	low
交通銀行	u			no-source	fallback	low
伴着	u			no-source	fallback	low
優先級	u			no-source	fallback	low
勳	u			no-source	fallback	low
周潤發	u			no-source	fallback	low
壓縮包	u			no-source	fallback	low
天後	u			no-source	fallback	low
寫手	u			no-source	fallback	low
寶安	u			no-source	fallback	low
後將	u			no-source	fallback	low
復位	u			no-source	fallback	low
撞到	u			no-source	fallback	low
淮	u			no-source	fallback	low
熟知	u			no-source	fallback	low
物價局	u			no-source	fallback	low
第六章	u			no-source	fallback	low
糞便	n			cow-single	cow	medium
要被	u			no-source	fallback	low
迅馳	u			no-source	fallback	low
迴音	n			cow-single	cow	medium
阿曼	u			no-source	fallback	low
一體機	u			no-source	fallback	low
兩廂	u			no-source	fallback	low
大旗	u			no-source	fallback	low
大連市	u			no-source	fallback	low
存入	u			no-source	fallback	low
審定	u			no-source	fallback	low
小樓	u			no-source	fallback	low
浙江大學	n			len4-noun-heuristic	heuristic	medium
的風	u			no-source	fallback	low
第一場	u			no-source	fallback	low
諮詢服務	n			len4-noun-heuristic	heuristic	medium
謹	u			no-source	fallback	low
開具	u			no-source	fallback	low
騙了	u			no-source	fallback	low
不是嗎	u			no-source	fallback	low
中英文	u			no-source	fallback	low
債權人	u			no-source	fallback	low
女同學	u			no-source	fallback	low
實務	u			no-source	fallback	low
年代初	u			no-source	fallback	low
摸着	u			no-source	fallback	low
早盤	u			no-source	fallback	low
時也	u			no-source	fallback	low
珊瑚蟲	n			cow-single	cow	medium
美圖	u			no-source	fallback	low
辦公桌	u			no-source	fallback	low
遠景	n			cow-single	cow	medium
上海大衆	u			no-source	fallback	low
之列	u			no-source	fallback	low
基金管理	u			no-source	fallback	low
娛	u			no-source	fallback	low
技術研究	u			no-source	fallback	low
控制檯	u			no-source	fallback	low
散發出	u			no-source	fallback	low
有人認爲	u			no-source	fallback	low
每種	u			no-source	fallback	low
浦發	u			no-source	fallback	low
發展過程	u			no-source	fallback	low
盈利能力	u			no-source	fallback	low
礦井	n			cow-single	cow	medium
簡體中文	u			no-source	fallback	low
老牛	u			no-source	fallback	low
進行調查	u			no-source	fallback	low
金髮	u			no-source	fallback	low
雖不	u			no-source	fallback	low
雨中	u			no-source	fallback	low
三個代表	u			no-source	fallback	low
信息發佈	u			no-source	fallback	low
十六屆	u			no-source	fallback	low
安全套	n			cow-single	cow	medium
心眼	u			no-source	fallback	low
校園裏	u			no-source	fallback	low
歸結	v			cow-single	cow	medium
河西	u			no-source	fallback	low
洗乾淨	u			no-source	fallback	low
盪漾	u			no-source	fallback	low
看着你	u			no-source	fallback	low
科技發展	u			no-source	fallback	low
組圖	u			no-source	fallback	low
聚聚	u			no-source	fallback	low
舊金山	u			no-source	fallback	low
複雜性	u			no-source	fallback	low
買什麼	u			no-source	fallback	low
過硬	u			no-source	fallback	low
電極	n			cow-single	cow	medium
侷限性	n			cow-single	cow	medium
冠軍盃	u			no-source	fallback	low
功放	u			no-source	fallback	low
在工作中	u			no-source	fallback	low
地下水	n			cow-single	cow	medium
多種形式	u			no-source	fallback	low
好漂亮	u			no-source	fallback	low
寄存器	u			no-source	fallback	low
富婆	u			no-source	fallback	low
小企業	u			no-source	fallback	low
庫房	n			cow-single	cow	medium
建築師	n			cow-single	cow	medium
德行	u			no-source	fallback	low
戰國	u			no-source	fallback	low
托盤	n			cow-single	cow	medium
投資項目	u			no-source	fallback	low
文案	u			no-source	fallback	low
昕	u			no-source	fallback	low
沒變	u			no-source	fallback	low
窗體	u			no-source	fallback	low
結交	n,v			cow-multi	cow	medium
腿上	u			no-source	fallback	low
臺商	u			no-source	fallback	low
象棋	u			no-source	fallback	low
部副	u			no-source	fallback	low
都看	u			no-source	fallback	low
首輪	u			no-source	fallback	low
一卡通	u			no-source	fallback	low
丸子	u			no-source	fallback	low
六個月	u			no-source	fallback	low
冰川	n			cow-single	cow	medium
央企	u			no-source	fallback	low
張某	u			no-source	fallback	low
架設	u			no-source	fallback	low
檢察官	u			no-source	fallback	low
濱江	u			no-source	fallback	low
發電機	n			cow-single	cow	medium
科技進步	u			no-source	fallback	low
美容院	n			cow-single	cow	medium
西部地區	n			len4-noun-heuristic	heuristic	medium
試論	u			no-source	fallback	low
那個男人	u			no-source	fallback	low
不可能的	u			no-source	fallback	low
不斷發展	u			no-source	fallback	low
住進	u			no-source	fallback	low
俗話說	u			no-source	fallback	low
克林頓	u			no-source	fallback	low
墨跡	u			no-source	fallback	low
外灘	u			no-source	fallback	low
大關	u			no-source	fallback	low
如願	u			no-source	fallback	low
幹線	u			no-source	fallback	low
板材	u			no-source	fallback	low
歸於	u			no-source	fallback	low
潤滑油	n			cow-single	cow	medium
申請書	u			no-source	fallback	low
總有一天	u			no-source	fallback	low
能幫	u			no-source	fallback	low
躋身	u			no-source	fallback	low
配售	u			no-source	fallback	low
酒後	u			no-source	fallback	low
交易量	u			no-source	fallback	low
大容量	u			no-source	fallback	low
您也	u			no-source	fallback	low
所學校	u			no-source	fallback	low
街區	n			cow-single	cow	medium
謹防	u			no-source	fallback	low
踐踏	v			cow-single	cow	medium
轉載自	u			no-source	fallback	low
重大問題	n			len4-noun-heuristic	heuristic	medium
雙魚	u			no-source	fallback	low
保護區	u			no-source	fallback	low
宣泄	u			no-source	fallback	low
實事	u			no-source	fallback	low
物業公司	n			len4-noun-heuristic	heuristic	medium
眼霜	u			no-source	fallback	low
老劉	u			no-source	fallback	low
背離	v			cow-single	cow	medium
充值卡	u			no-source	fallback	low
具有良好	u			no-source	fallback	low
四個月	u			no-source	fallback	low
慘重	u			no-source	fallback	low
抓狂	u			no-source	fallback	low
樂山	u			no-source	fallback	low
發佈時間	u			no-source	fallback	low
省得	u			no-source	fallback	low
老哥	u			no-source	fallback	low
英文名	u			no-source	fallback	low
輪子	n			cow-single	cow	medium
遠古	u			no-source	fallback	low
那要	u			no-source	fallback	low
電話費	u			no-source	fallback	low
點位	u			no-source	fallback	low
也快	u			no-source	fallback	low
便有	u			no-source	fallback	low
受到影響	v		passive	prefix-passive	heuristic	medium
多做	u			no-source	fallback	low
應該可以	u			no-source	fallback	low
皮皮	u			no-source	fallback	low
範例	n			cow-single	cow	medium
講臺	u			no-source	fallback	low
長春市	u			no-source	fallback	low
難找	u			no-source	fallback	low
一直以爲	u			no-source	fallback	low
不足爲奇	u			no-source	fallback	low
刀具	u			no-source	fallback	low
升至	u			no-source	fallback	low
害我	u			no-source	fallback	low
專業性	u			no-source	fallback	low
專項整治	u			no-source	fallback	low
就找	u			no-source	fallback	low
撥款	n			cow-single	cow	medium
數碼產品	n			len4-noun-heuristic	heuristic	medium
文采	u			no-source	fallback	low
有意識	u			no-source	fallback	low
望京	u			no-source	fallback	low
林子	u			no-source	fallback	low
毛利率	u			no-source	fallback	low
爲情	u			no-source	fallback	low
爲零	u			no-source	fallback	low
看得到	u			no-source	fallback	low
研究者	u			no-source	fallback	low
社會和諧	u			no-source	fallback	low
被逼	v		passive	prefix-passive	heuristic	medium
赤裸裸	n,r			cow-multi	cow	medium
都江堰	u			no-source	fallback	low
一對一	u			no-source	fallback	low
不能接受	u			no-source	fallback	low
中介機構	n			len4-noun-heuristic	heuristic	medium
信息安全	n			len4-noun-heuristic	heuristic	medium
充分肯定	u			no-source	fallback	low
南大	u			no-source	fallback	low
去北京	u			no-source	fallback	low
可選擇	u			no-source	fallback	low
回頭看	u			no-source	fallback	low
女孩兒	n			cow-single	cow	medium
廣告位	u			no-source	fallback	low
承受能力	u			no-source	fallback	low
捷達	u			no-source	fallback	low
搬運	v			cow-single	cow	medium
普洱茶	u			no-source	fallback	low
無量	u			no-source	fallback	low
短時間	u			no-source	fallback	low
處女座	u			no-source	fallback	low
該做	u			no-source	fallback	low
說聲	u			no-source	fallback	low
調價	u			no-source	fallback	low
跑得	u			no-source	fallback	low
金銀	u			no-source	fallback	low
風機	u			no-source	fallback	low
價格戰	n			cow-single	cow	medium
增產	u			no-source	fallback	low
娘子	u			no-source	fallback	low
新聞中心	n			len4-noun-heuristic	heuristic	medium
求租	u			no-source	fallback	low
秦始皇	u			no-source	fallback	low
網站建設	u			no-source	fallback	low
薦	u			no-source	fallback	low
要等	u			no-source	fallback	low
亂了	u			no-source	fallback	low
唱着	u			no-source	fallback	low
據我	u			no-source	fallback	low
未登錄	u			no-source	fallback	low
殿堂	u			no-source	fallback	low
海棠	n			cow-single	cow	medium
滑坡	u			no-source	fallback	low
發揮作用	n			len4-noun-heuristic	heuristic	medium
研究會	u			no-source	fallback	low
管子	n			cow-single	cow	medium
級以上	u			no-source	fallback	low
給了他	u			no-source	fallback	low
謀劃	n			cow-single	cow	medium
買好	u			no-source	fallback	low
這在	u			no-source	fallback	low
這張專輯	u			no-source	fallback	low
鎮政府	u			no-source	fallback	low
魯尼	u			no-source	fallback	low
不負	u			no-source	fallback	low
九天	u			no-source	fallback	low
亞運會	u			no-source	fallback	low
人死亡	u			no-source	fallback	low
來接	u			no-source	fallback	low
哪邊	u			no-source	fallback	low
在新的	u			no-source	fallback	low
後才能	u			no-source	fallback	low
怎麼去	u			no-source	fallback	low
成色	u			no-source	fallback	low
換下	u			no-source	fallback	low
擦肩而過	u			no-source	fallback	low
月度	u			no-source	fallback	low
服藥	u			no-source	fallback	low
磨難	n			cow-single	cow	medium
突破口	u			no-source	fallback	low
籠子	n			cow-single	cow	medium
總體規劃	u			no-source	fallback	low
表達自己	u			no-source	fallback	low
調查結果	n			len4-noun-heuristic	heuristic	medium
農民增收	u			no-source	fallback	low
那種感覺	u			no-source	fallback	low
集錦	u			no-source	fallback	low
餐檯	u			no-source	fallback	low
三環	u			no-source	fallback	low
冠心病	n			cow-single	cow	medium
勞動法	u			no-source	fallback	low
大衣	n			cow-single	cow	medium
大都市	u			no-source	fallback	low
實爲	u			no-source	fallback	low
小公司	u			no-source	fallback	low
我的愛	u			no-source	fallback	low
誰又	u			no-source	fallback	low
賽道	n			cow-single	cow	medium
逼我	u			no-source	fallback	low
一年後	u			no-source	fallback	low
乳液	n			cow-single	cow	medium
佳佳	u			no-source	fallback	low
做大做強	u			no-source	fallback	low
南開	v			verb-suffix	heuristic	medium
卻能	u			no-source	fallback	low
大紅	u			no-source	fallback	low
忽忽	u			no-source	fallback	low
所愛	u			no-source	fallback	low
技術性	u			no-source	fallback	low
新媒體	u			no-source	fallback	low
爲生	u			no-source	fallback	low
球衣	u			no-source	fallback	low
由於其	u			no-source	fallback	low
第一集	u			no-source	fallback	low
自信心	n			cow-single	cow	medium
記不清	u			no-source	fallback	low
說白了	u			no-source	fallback	low
豐胸	u			no-source	fallback	low
這個遊戲	u			no-source	fallback	low
高盛	u			no-source	fallback	low
但沒	u			no-source	fallback	low
何潔	u			no-source	fallback	low
勘探	n,v			cow-multi	cow	medium
商業地產	u			no-source	fallback	low
噢噢	u			no-source	fallback	low
將此	u			no-source	fallback	low
就打	u			no-source	fallback	low
很抱歉	u			no-source	fallback	low
性子	u			no-source	fallback	low
我告訴你	u			no-source	fallback	low
投資環境	u			no-source	fallback	low
李嘉誠	u			no-source	fallback	low
根本原因	u			no-source	fallback	low
江陰	u			no-source	fallback	low
硫	n			cow-single	cow	medium
簽名檔	u			no-source	fallback	low
老者	u			no-source	fallback	low
能與	u			no-source	fallback	low
說服力	u			no-source	fallback	low
這起	u			no-source	fallback	low
還貸	u			no-source	fallback	low
錯的	u			no-source	fallback	low
飛機票	u			no-source	fallback	low
魅族	u			no-source	fallback	low
中天	u			no-source	fallback	low
交朋友	u			no-source	fallback	low
代表大會	u			no-source	fallback	low
公元前	r			cow-single	cow	medium
寶雞	u			no-source	fallback	low
帶她	u			no-source	fallback	low
抗震	u			no-source	fallback	low
教育培訓	u			no-source	fallback	low
方纔	u			no-source	fallback	low
株洲	u			no-source	fallback	low
歡迎訪問	u			no-source	fallback	low
牀邊	u			no-source	fallback	low
白糖	u			no-source	fallback	low
組織者	u			no-source	fallback	low
胰島素	u			no-source	fallback	low
銀行貸款	u			no-source	fallback	low
印發	u			no-source	fallback	low
可以買	u			no-source	fallback	low
嘉定	u			no-source	fallback	low
小東西	u			no-source	fallback	low
小組賽	u			no-source	fallback	low
徵稅	u			no-source	fallback	low
搜索結果	n			len4-noun-heuristic	heuristic	medium
收支	u			no-source	fallback	low
是該	u			no-source	fallback	low
木木	u			no-source	fallback	low
本場比賽	u			no-source	fallback	low
決定性	u			no-source	fallback	low
無任何	u			no-source	fallback	low
無線網卡	u			no-source	fallback	low
組織開展	u			no-source	fallback	low
腳上	u			no-source	fallback	low
舜	u			no-source	fallback	low
航運	n			cow-single	cow	medium
設計理念	u			no-source	fallback	low
越來越好	u			no-source	fallback	low
去打	u			no-source	fallback	low
唱得	u			no-source	fallback	low
大病	u			no-source	fallback	low
存儲器	n			cow-single	cow	medium
學英語	u			no-source	fallback	low
小女生	u			no-source	fallback	low
尚無	u			no-source	fallback	low
征戰	u			no-source	fallback	low
所使用	u			no-source	fallback	low
查殺	u			no-source	fallback	low
標誌性	u			no-source	fallback	low
毫升	n			cow-single	cow	medium
篡改	v			cow-single	cow	medium
簽發	u			no-source	fallback	low
與您	u			no-source	fallback	low
辭去	v			cow-single	cow	medium
週轉	u			no-source	fallback	low
非線性	u			no-source	fallback	low
丁俊暉	u			no-source	fallback	low
並由	u			no-source	fallback	low
主要領導	u			no-source	fallback	low
光標	n			cow-single	cow	medium
准考證	u			no-source	fallback	low
去面對	u			no-source	fallback	low
均在	u			no-source	fallback	low
報文	u			no-source	fallback	low
寫博客	u			no-source	fallback	low
對她說	u			no-source	fallback	low
小塊	u			no-source	fallback	low
整個過程	u			no-source	fallback	low
有意者	u			no-source	fallback	low
東城	u			no-source	fallback	low
母乳	u			no-source	fallback	low
沒有理由	u			no-source	fallback	low
沿用	u			no-source	fallback	low
熱播	u			no-source	fallback	low
第一代	u			no-source	fallback	low
紅火	u			no-source	fallback	low
紋理	n			cow-single	cow	medium
線下	u			no-source	fallback	low
肇事	u			no-source	fallback	low
間距	n			cow-single	cow	medium
國家規定	u			no-source	fallback	low
山村	u			no-source	fallback	low
差異化	u			no-source	fallback	low
得住	v			verb-suffix	heuristic	medium
我正	u			no-source	fallback	low
抨擊	n,v			cow-multi	cow	medium
招投標	u			no-source	fallback	low
教育活動	u			no-source	fallback	low
物語	u			no-source	fallback	low
百分百	u			no-source	fallback	low
終於找到	u			no-source	fallback	low
綜藝	u			no-source	fallback	low
腿部	u			no-source	fallback	low
舒淇	u			no-source	fallback	low
蕭山	u			no-source	fallback	low
蘇州市	u			no-source	fallback	low
財務部	u			no-source	fallback	low
進行全面	u			no-source	fallback	low
逼着	u			no-source	fallback	low
選股	u			no-source	fallback	low
量大	u			no-source	fallback	low
倒地	u			no-source	fallback	low
全美	u			no-source	fallback	low
大家庭	u			no-source	fallback	low
安妮	u			no-source	fallback	low
專業技術	n			len4-noun-heuristic	heuristic	medium
工作流	u			no-source	fallback	low
探測器	n			cow-single	cow	medium
最優秀的	u			no-source	fallback	low
申辦	u			no-source	fallback	low
社會經濟	n			len4-noun-heuristic	heuristic	medium
給我發	u			no-source	fallback	low
經營權	u			no-source	fallback	low
航海	n,v			cow-multi	cow	medium
要回	u			no-source	fallback	low
要帶	u			no-source	fallback	low
創設	u			no-source	fallback	low
加勒比	u			no-source	fallback	low
合作協議	u			no-source	fallback	low
多層次	u			no-source	fallback	low
小動物	u			no-source	fallback	low
岡	u			no-source	fallback	low
手機短信	u			no-source	fallback	low
搗	u			no-source	fallback	low
時應	u			no-source	fallback	low
畜禽	u			no-source	fallback	low
第一大	u			no-source	fallback	low
過濾器	n			cow-single	cow	medium
鐵礦	u			no-source	fallback	low
但因	u			no-source	fallback	low
借了	u			no-source	fallback	low
冬日	u			no-source	fallback	low
則表示	u			no-source	fallback	low
勁舞團	u			no-source	fallback	low
十佳	u			no-source	fallback	low
可以作爲	u			no-source	fallback	low
幹了	u			no-source	fallback	low
我說過	u			no-source	fallback	low
拿什麼	u			no-source	fallback	low
最晚	u			no-source	fallback	low
瞎子	u			no-source	fallback	low
趙雲	u			no-source	fallback	low
養的	u			no-source	fallback	low
餵養	v			cow-single	cow	medium
別提	u			no-source	fallback	low
原作者	u			no-source	fallback	low
叫道	u			no-source	fallback	low
史詩	u			no-source	fallback	low
在新	u			no-source	fallback	low
失真	n			cow-single	cow	medium
完成任務	u			no-source	fallback	low
對外貿易	u			no-source	fallback	low
常熟	u			no-source	fallback	low
扶着	u			no-source	fallback	low
款車型	u			no-source	fallback	low
生在	u			no-source	fallback	low
衛浴	u			no-source	fallback	low
褐色	u			no-source	fallback	low
解壓縮	u			no-source	fallback	low
許許多多	u			no-source	fallback	low
賀卡	u			no-source	fallback	low
配套設施	u			no-source	fallback	low
鏈路	u			no-source	fallback	low
黃曉明	u			no-source	fallback	low
鼓樓	u			no-source	fallback	low
仍不	u			no-source	fallback	low
信息披露	u			no-source	fallback	low
卻不知道	u			no-source	fallback	low
受體	v		passive	prefix-passive	heuristic	medium
另一個人	u			no-source	fallback	low
多款	u			no-source	fallback	low
我有個	u			no-source	fallback	low
房主	u			no-source	fallback	low
挂	u			no-source	fallback	low
捂着	u			no-source	fallback	low
有新	u			no-source	fallback	low
海選	u			no-source	fallback	low
爺們	u			no-source	fallback	low
特許	n,v			cow-multi	cow	medium
現金流	n			cow-single	cow	medium
生產成本	n			len4-noun-heuristic	heuristic	medium
突出問題	n			len4-noun-heuristic	heuristic	medium
面值	n			cow-single	cow	medium
順豐	u			no-source	fallback	low
中國石化	u			no-source	fallback	low
增設	u			no-source	fallback	low
天青	u			no-source	fallback	low
女明星	u			no-source	fallback	low
安慶	u			no-source	fallback	low
想再	u			no-source	fallback	low
有良好的	u			no-source	fallback	low
注射液	u			no-source	fallback	low
溼熱	u			no-source	fallback	low
胃腸	u			no-source	fallback	low
衝高	u			no-source	fallback	low
講故事	u			no-source	fallback	low
這個時代	u			no-source	fallback	low
作廢	u			no-source	fallback	low
供貨商	u			no-source	fallback	low
先做	u			no-source	fallback	low
叫着	u			no-source	fallback	low
安娜	u			no-source	fallback	low
對比度	u			no-source	fallback	low
少林寺	u			no-source	fallback	low
工作環境	u			no-source	fallback	low
教師節	u			no-source	fallback	low
有關問題	n			len4-noun-heuristic	heuristic	medium
樣機	u			no-source	fallback	low
江水	u			no-source	fallback	low
產銷	u			no-source	fallback	low
男籃	u			no-source	fallback	low
社會治安	u			no-source	fallback	low
誰叫	u			no-source	fallback	low
財稅	u			no-source	fallback	low
鳳凰衛視	u			no-source	fallback	low
一起分享	u			no-source	fallback	low
三隻	u			no-source	fallback	low
初二	u			no-source	fallback	low
則有	u			no-source	fallback	low
可以用來	u			no-source	fallback	low
哪去	u			no-source	fallback	low
售前	u			no-source	fallback	low
壓縮機	u			no-source	fallback	low
夥計	u			no-source	fallback	low
大獎賽	u			no-source	fallback	low
招考	u			no-source	fallback	low
更讓	u			no-source	fallback	low
沒有見過	u			no-source	fallback	low
治療方法	n			len4-noun-heuristic	heuristic	medium
看不慣	u			no-source	fallback	low
般地	u			no-source	fallback	low
蘇丹	u			no-source	fallback	low
虹橋	u			no-source	fallback	low
質保	u			no-source	fallback	low
都對	u			no-source	fallback	low
重構	u			no-source	fallback	low
隱祕	u			no-source	fallback	low
一條路	u			no-source	fallback	low
人民日報	u			no-source	fallback	low
使它	u			no-source	fallback	low
全隊	u			no-source	fallback	low
塗層	n			cow-single	cow	medium
攝取	n			cow-single	cow	medium
暫不	u			no-source	fallback	low
植被	n			cow-single	cow	medium
營收	u			no-source	fallback	low
現價	u			no-source	fallback	low
第二階段	u			no-source	fallback	low
粘膜	u			no-source	fallback	low
計劃經濟	n			len4-noun-heuristic	heuristic	medium
記者問	u			no-source	fallback	low
豔遇	u			no-source	fallback	low
迅速發展	u			no-source	fallback	low
那不	u			no-source	fallback	low
不對勁	u			no-source	fallback	low
供暖	u			no-source	fallback	low
兼併	u			no-source	fallback	low
前場	u			no-source	fallback	low
剔除	v			cow-single	cow	medium
嚷嚷	u			no-source	fallback	low
好心人	u			no-source	fallback	low
平板電視	u			no-source	fallback	low
年中	u			no-source	fallback	low
攻剋	u			no-source	fallback	low
時才	u			no-source	fallback	low
替他	u			no-source	fallback	low
月末	u			no-source	fallback	low
機櫃	u			no-source	fallback	low
登記表	u			no-source	fallback	low
自治縣	u			no-source	fallback	low
記不	u			no-source	fallback	low
諮詢電話	n			len4-noun-heuristic	heuristic	medium
需要幫助	u			no-source	fallback	low
香山	u			no-source	fallback	low
黎巴嫩	u			no-source	fallback	low
共和	u			no-source	fallback	low
喝完	v			verb-suffix	heuristic	medium
外文	u			no-source	fallback	low
天極	n			cow-single	cow	medium
待在	u			no-source	fallback	low
我好想	u			no-source	fallback	low
所擁有	u			no-source	fallback	low
拉屎	u			no-source	fallback	low
救贖	u			no-source	fallback	low
明知道	u			no-source	fallback	low
江河	u			no-source	fallback	low
泰安	u			no-source	fallback	low
玫	u			no-source	fallback	low
甄	u			no-source	fallback	low
移動電話	n			len4-noun-heuristic	heuristic	medium
篇章	u			no-source	fallback	low
經常性	u			no-source	fallback	low
美國總統	u			no-source	fallback	low
而至	u			no-source	fallback	low
聽不見	u			no-source	fallback	low
蛤蟆	u			no-source	fallback	low
鈺	u			no-source	fallback	low
高職	u			no-source	fallback	low
鹽水	n			cow-single	cow	medium
先進技術	n			len4-noun-heuristic	heuristic	medium
共性	n			cow-single	cow	medium
南寧市	u			no-source	fallback	low
可好	u			no-source	fallback	low
售出	u			no-source	fallback	low
學習貫徹	u			no-source	fallback	low
對新	u			no-source	fallback	low
廉租房	u			no-source	fallback	low
慣了	u			no-source	fallback	low
政策法規	u			no-source	fallback	low
文章來源	u			no-source	fallback	low
旅店	n			cow-single	cow	medium
書目	u			no-source	fallback	low
泰達	u			no-source	fallback	low
深加工	u			no-source	fallback	low
用例	u			no-source	fallback	low
畜牧業	n			cow-single	cow	medium
看去	u			no-source	fallback	low
管理體系	u			no-source	fallback	low
給與	u			no-source	fallback	low
股神	u			no-source	fallback	low
轉帖	u			no-source	fallback	low
選好	u			no-source	fallback	low
上攻	u			no-source	fallback	low
健身房	n			cow-single	cow	medium
公款	u			no-source	fallback	low
可以提供	u			no-source	fallback	low
堅定不移	v			cow-single	cow	medium
安防	u			no-source	fallback	low
小女人	u			no-source	fallback	low
就在這	u			no-source	fallback	low
岳陽	u			no-source	fallback	low
幾年的	u			no-source	fallback	low
打掉	v			verb-suffix	heuristic	medium
抑	u			no-source	fallback	low
敖	u			no-source	fallback	low
教室裏	u			no-source	fallback	low
機械化	n			cow-single	cow	medium
社會問題	n			len4-noun-heuristic	heuristic	medium
習題	n			cow-single	cow	medium
自擔	u			no-source	fallback	low
調高	u			no-source	fallback	low
酮	u			no-source	fallback	low
錦繡	u			no-source	fallback	low
隊伍建設	u			no-source	fallback	low
騙取	v			cow-single	cow	medium
任何事情	u			no-source	fallback	low
就先	u			no-source	fallback	low
很痛苦	u			no-source	fallback	low
房子裏	u			no-source	fallback	low
摸了	u			no-source	fallback	low
構架	u			no-source	fallback	low
溫州市	u			no-source	fallback	low
激活碼	u			no-source	fallback	low
爲愛	u			no-source	fallback	low
着臉	u			no-source	fallback	low
華潤	u			no-source	fallback	low
衛生局	u			no-source	fallback	low
複核	n,v			cow-multi	cow	medium
誰不	u			no-source	fallback	low
超聲波	u			no-source	fallback	low
較早	u			no-source	fallback	low
這個數字	u			no-source	fallback	low
那個女人	u			no-source	fallback	low
郵電	u			no-source	fallback	low
降水	u			no-source	fallback	low
丹丹	u			no-source	fallback	low
全面推進	u			no-source	fallback	low
別克	u			no-source	fallback	low
創建一個	u			no-source	fallback	low
加水	u			no-source	fallback	low
在一	u			no-source	fallback	low
外接	u			no-source	fallback	low
存在問題	n			len4-noun-heuristic	heuristic	medium
寶貝兒	u			no-source	fallback	low
收盤價	u			no-source	fallback	low
數萬	u			no-source	fallback	low
比擬	u			no-source	fallback	low
沒敢	u			no-source	fallback	low
湘西	u			no-source	fallback	low
看盤	u			no-source	fallback	low
背誦	u			no-source	fallback	low
能到	u			no-source	fallback	low
頸椎	u			no-source	fallback	low
劉若英	u			no-source	fallback	low
去見	u			no-source	fallback	low
叉叉	u			no-source	fallback	low
大腕	u			no-source	fallback	low
安全管理	u			no-source	fallback	low
工期	u			no-source	fallback	low
庭審	u			no-source	fallback	low
很生氣	u			no-source	fallback	low
情慾	u			no-source	fallback	low
抗旱	u			no-source	fallback	low
機車	n			cow-single	cow	medium
民政	u			no-source	fallback	low
畫冊	n			cow-single	cow	medium
老爺子	u			no-source	fallback	low
那個地方	u			no-source	fallback	low
一些事情	u			no-source	fallback	low
三分鐘	u			no-source	fallback	low
之窗	u			no-source	fallback	low
在各	u			no-source	fallback	low
學習成績	u			no-source	fallback	low
學術界	n			cow-single	cow	medium
快報	u			no-source	fallback	low
想找個	u			no-source	fallback	low
愛車	u			no-source	fallback	low
支球隊	u			no-source	fallback	low
發展成爲	u			no-source	fallback	low
與其說	u			no-source	fallback	low
萬元以上	u			no-source	fallback	low
迷迷糊糊	u			no-source	fallback	low
連夜	u			no-source	fallback	low
那可	u			no-source	fallback	low
題爲	u			no-source	fallback	low
驚現	u			no-source	fallback	low
不同類型	u			no-source	fallback	low
也從	u			no-source	fallback	low
亮亮	u			no-source	fallback	low
全黨	u			no-source	fallback	low
功利	u			no-source	fallback	low
叫好	u			no-source	fallback	low
大河	u			no-source	fallback	low
專項資金	u			no-source	fallback	low
幾年來	u			no-source	fallback	low
投資收益	u			no-source	fallback	low
持有人	u			no-source	fallback	low
提價	u			no-source	fallback	low
敲定	u			no-source	fallback	low
最棒	u			no-source	fallback	low
空頭	u			no-source	fallback	low
算計	u			no-source	fallback	low
豐臺	u			no-source	fallback	low
賦值	u			no-source	fallback	low
趕不上	u			no-source	fallback	low
鈴木	u			no-source	fallback	low
鎮上	u			no-source	fallback	low
借給	u			no-source	fallback	low
充分認識	u			no-source	fallback	low
取捨	u			no-source	fallback	low
報業	u			no-source	fallback	low
外觀設計	u			no-source	fallback	low
就讓我	u			no-source	fallback	low
投資公司	n			len4-noun-heuristic	heuristic	medium
母公司	u			no-source	fallback	low
法學院	u			no-source	fallback	low
遠程教育	u			no-source	fallback	low
非常不錯	u			no-source	fallback	low
領到	u			no-source	fallback	low
下棋	u			no-source	fallback	low
優劣	u			no-source	fallback	low
喫飽了	u			no-source	fallback	low
固件	u			no-source	fallback	low
增資	u			no-source	fallback	low
外設	u			no-source	fallback	low
好自爲之	u			no-source	fallback	low
宋祖德	u			no-source	fallback	low
小包	u			no-source	fallback	low
建築工程	n			len4-noun-heuristic	heuristic	medium
後宮	u			no-source	fallback	low
打不	u			no-source	fallback	low
掘金	u			no-source	fallback	low
書評	u			no-source	fallback	low
有啊	u			no-source	fallback	low
服務費	n			cow-single	cow	medium
本年度	u			no-source	fallback	low
榜單	u			no-source	fallback	low
特殊情況	n			len4-noun-heuristic	heuristic	medium
生薑	u			no-source	fallback	low
用用	u			no-source	fallback	low
研發中心	n			len4-noun-heuristic	heuristic	medium
診療	u			no-source	fallback	low
試點工作	u			no-source	fallback	low
趕赴	u			no-source	fallback	low
一代人	u			no-source	fallback	low
主旋律	u			no-source	fallback	low
低壓	u			no-source	fallback	low
值得關注	u			no-source	fallback	low
參加活動	u			no-source	fallback	low
回族	u			no-source	fallback	low
定在	u			no-source	fallback	low
家有	u			no-source	fallback	low
幫您	u			no-source	fallback	low
文章內容	u			no-source	fallback	low
新聞聯播	u			no-source	fallback	low
水泵	u			no-source	fallback	low
流媒體	u			no-source	fallback	low
清查	u			no-source	fallback	low
示意圖	n			cow-single	cow	medium
而你	u			no-source	fallback	low
蒼天	u			no-source	fallback	low
見鬼	u			no-source	fallback	low
話語權	u			no-source	fallback	low
金價	u			no-source	fallback	low
點吧	u			no-source	fallback	low
中歐	u			no-source	fallback	low
也無	u			no-source	fallback	low
企業內部	u			no-source	fallback	low
准入	u			no-source	fallback	low
好辦	u			no-source	fallback	low
小寶寶	u			no-source	fallback	low
峽	u			no-source	fallback	low
工單	u			no-source	fallback	low
很熟	u			no-source	fallback	low
得上	u			no-source	fallback	low
德育	u			no-source	fallback	low
掉進	u			no-source	fallback	low
曬太陽	u			no-source	fallback	low
有此	u			no-source	fallback	low
梧桐	u			no-source	fallback	low
爲基礎的	u			no-source	fallback	low
爲榮	u			no-source	fallback	low
研究室	u			no-source	fallback	low
箱體	u			no-source	fallback	low
簽收	u			no-source	fallback	low
走上了	u			no-source	fallback	low
馬丁	u			no-source	fallback	low
不漲	u			no-source	fallback	low
二元	u			no-source	fallback	low
保時捷	u			no-source	fallback	low
商行	n			cow-single	cow	medium
啊哈	u			no-source	fallback	low
套利	n,v			cow-multi	cow	medium
寢	u			no-source	fallback	low
收費站	u			no-source	fallback	low
斯大林	u			no-source	fallback	low
研究機構	n			len4-noun-heuristic	heuristic	medium
神龍	u			no-source	fallback	low
經濟運行	u			no-source	fallback	low
舟山	u			no-source	fallback	low
若不	u			no-source	fallback	low
西城	u			no-source	fallback	low
騎自行車	u			no-source	fallback	low
京東	u			no-source	fallback	low
僑	u			no-source	fallback	low
先天性	u			no-source	fallback	low
園地	u			no-source	fallback	low
在社會上	u			no-source	fallback	low
基本要求	u			no-source	fallback	low
外線	u			no-source	fallback	low
想方設法	u			no-source	fallback	low
想死	u			no-source	fallback	low
摘掉	v			verb-suffix	heuristic	medium
服務機構	n			len4-noun-heuristic	heuristic	medium
無畏	u			no-source	fallback	low
爲空	u			no-source	fallback	low
秀才	u			no-source	fallback	low
端午	u			no-source	fallback	low
第七章	u			no-source	fallback	low
缺錢	u			no-source	fallback	low
茅臺	u			no-source	fallback	low
買衣服	u			no-source	fallback	low
連戰	u			no-source	fallback	low
週期性	u			no-source	fallback	low
電價	u			no-source	fallback	low
餘名	u			no-source	fallback	low
也多	u			no-source	fallback	low
剛性	u			no-source	fallback	low
北航	u			no-source	fallback	low
區域性	u			no-source	fallback	low
呼嘯	v			cow-single	cow	medium
垃圾桶	n			cow-single	cow	medium
塵世	u			no-source	fallback	low
密切關注	u			no-source	fallback	low
就餐	u			no-source	fallback	low
工作效率	u			no-source	fallback	low
忙活	u			no-source	fallback	low
技術開發	u			no-source	fallback	low
招待所	n			cow-single	cow	medium
日本政府	n			len4-noun-heuristic	heuristic	medium
梅雨	u			no-source	fallback	low
比她	u			no-source	fallback	low
海事	u			no-source	fallback	low
率達	u			no-source	fallback	low
穿衣	u			no-source	fallback	low
第六屆	u			no-source	fallback	low
規模化	u			no-source	fallback	low
設計方案	u			no-source	fallback	low
說啥	u			no-source	fallback	low
速騰	u			no-source	fallback	low
關鍵技術	n			len4-noun-heuristic	heuristic	medium
音樂人	u			no-source	fallback	low
中山大學	n			len4-noun-heuristic	heuristic	medium
主義者	u			no-source	fallback	low
出納	u			no-source	fallback	low
協議書	u			no-source	fallback	low
只可惜	u			no-source	fallback	low
小溪	u			no-source	fallback	low
小道	u			no-source	fallback	low
您就	u			no-source	fallback	low
想給	u			no-source	fallback	low
我一眼	u			no-source	fallback	low
所寫	u			no-source	fallback	low
改掉	v			verb-suffix	heuristic	medium
是一座	u			no-source	fallback	low
最牛	u			no-source	fallback	low
東湖	u			no-source	fallback	low
溫總理	u			no-source	fallback	low
灌輸	u			no-source	fallback	low
盜號	u			no-source	fallback	low
精良	u			no-source	fallback	low
精裝	u			no-source	fallback	low
總收入	u			no-source	fallback	low
羅湖	u			no-source	fallback	low
肝腎	u			no-source	fallback	low
言辭	u			no-source	fallback	low
該局	u			no-source	fallback	low
陽痿	u			no-source	fallback	low
驛站	u			no-source	fallback	low
三年前	u			no-source	fallback	low
不會忘記	u			no-source	fallback	low
交費	u			no-source	fallback	low
代工	u			no-source	fallback	low
你說我	u			no-source	fallback	low
制度改革	u			no-source	fallback	low
喬治	u			no-source	fallback	low
得不	u			no-source	fallback	low
承德	u			no-source	fallback	low
搞的	u			no-source	fallback	low
教教	u			no-source	fallback	low
權衡	v			cow-single	cow	medium
王府井	u			no-source	fallback	low
節日快樂	u			no-source	fallback	low
紐帶	n			cow-single	cow	medium
耦合	u			no-source	fallback	low
視頻播放	u			no-source	fallback	low
該說	u			no-source	fallback	low
諮詢機構	n			len4-noun-heuristic	heuristic	medium
這股	u			no-source	fallback	low
進行調整	u			no-source	fallback	low
達賴	u			no-source	fallback	low
那般	u			no-source	fallback	low
重量級	u			no-source	fallback	low
長長	u			no-source	fallback	low
鬧得	u			no-source	fallback	low
不快樂	u			no-source	fallback	low
你愛	u			no-source	fallback	low
可以享受	u			no-source	fallback	low
啓程	v			cow-single	cow	medium
廣角	u			no-source	fallback	low
微量元素	n			len4-noun-heuristic	heuristic	medium
教育教學	u			no-source	fallback	low
校對	u			no-source	fallback	low
給人以	u			no-source	fallback	low
絲毫沒有	u			no-source	fallback	low
行權	u			no-source	fallback	low
詳細資料	n			len4-noun-heuristic	heuristic	medium
踊	u			no-source	fallback	low
車友	u			no-source	fallback	low
輸液	u			no-source	fallback	low
還小	u			no-source	fallback	low
陣列	n			cow-single	cow	medium
陳先生	u			no-source	fallback	low
韌性	u			no-source	fallback	low
頂峯	n			cow-single	cow	medium
一個點	u			no-source	fallback	low
一圈	u			no-source	fallback	low
一托	u			no-source	fallback	low
一條友	u			no-source	fallback	low
一百八十度	u			no-source	fallback	low
一節	u			no-source	fallback	low
一語	u			no-source	fallback	low
一頓	u			no-source	fallback	low
一體	u			no-source	fallback	low
三份	u			no-source	fallback	low
三大	u			no-source	fallback	low
三短	u			no-source	fallback	low
三秒	u			no-source	fallback	low
上映	v			cow-single	cow	medium
下挫	u			no-source	fallback	low
下等	n			cow-single	cow	medium
下風	n			cow-single	cow	medium
不多	u			no-source	fallback	low
不帶	u			no-source	fallback	low
不想	u			no-source	fallback	low
不棄	u			no-source	fallback	low
不樂	u			no-source	fallback	low
不肯	u			no-source	fallback	low
中三	u			no-source	fallback	low
中山市	u			no-source	fallback	low
乖巧	u			no-source	fallback	low
乜料	u			no-source	fallback	low
亂倫	u			no-source	fallback	low
五日	u			no-source	fallback	low
亞祖	u			no-source	fallback	low
交接	u			no-source	fallback	low
交配	u			no-source	fallback	low
享用	u			no-source	fallback	low
人之常情	n			len4-noun-heuristic	heuristic	medium
人品	u			no-source	fallback	low
人嚟架	u			no-source	fallback	low
人理	u			no-source	fallback	low
人馬	u			no-source	fallback	low
仔問	u			no-source	fallback	low
以防	u			no-source	fallback	low
仲對	u			no-source	fallback	low
任人	u			no-source	fallback	low
休	u			no-source	fallback	low
但過	u			no-source	fallback	low
但響	u			no-source	fallback	low
住客	u			no-source	fallback	low
余生講	u			no-source	fallback	low
作風	n			cow-single	cow	medium
你仲想	u			no-source	fallback	low
你度	u			no-source	fallback	low
你換	u			no-source	fallback	low
你會知	u			no-source	fallback	low
你贏	u			no-source	fallback	low
你鐘	u			no-source	fallback	low
使錢	u			no-source	fallback	low
來來	u			no-source	fallback	low
來往	u			no-source	fallback	low
來臨	v			cow-single	cow	medium
依家點	u			no-source	fallback	low
依招	u			no-source	fallback	low
侵	u			no-source	fallback	low
便服	n			cow-single	cow	medium
俘虜	n			cow-single	cow	medium
保重	u			no-source	fallback	low
信紙	u			no-source	fallback	low
修練	u			no-source	fallback	low
修羅	u			no-source	fallback	low
倚	u			no-source	fallback	low
做架	u			no-source	fallback	low
傳過	u			no-source	fallback	low
傷痛	n,v			cow-multi	cow	medium
傻更更	u			no-source	fallback	low
傾完	v			verb-suffix	heuristic	medium
儘快	u			no-source	fallback	low
儲錢	u			no-source	fallback	low
充沛	u			no-source	fallback	low
先鋒	n			cow-single	cow	medium
光纖	u			no-source	fallback	low
克服	v			cow-single	cow	medium
免去	u			no-source	fallback	low
免費提供	u			no-source	fallback	low
兜個	u			no-source	fallback	low
入得	u			no-source	fallback	low
內情	u			no-source	fallback	low
兩個頭	u			no-source	fallback	low
兩公婆	u			no-source	fallback	low
兩條友	u			no-source	fallback	low
兩腿	u			no-source	fallback	low
公文	n			cow-single	cow	medium
兮	u			no-source	fallback	low
共產黨	u			no-source	fallback	low
典禮	n			cow-single	cow	medium
再打	u			no-source	fallback	low
冷靜下	u			no-source	fallback	low
凍冰冰	u			no-source	fallback	low
凡事	u			no-source	fallback	low
出氣	u			no-source	fallback	low
分攤	n,v			cow-multi	cow	medium
分泌	n			cow-single	cow	medium
列	n			cow-single	cow	medium
別墅	n			cow-single	cow	medium
別把	u			no-source	fallback	low
到條	u			no-source	fallback	low
勒	u			no-source	fallback	low
勝	u			no-source	fallback	low
化妝品	n			cow-single	cow	medium
匣	u			no-source	fallback	low
十二室	u			no-source	fallback	low
十指	u			no-source	fallback	low
十歲	u			no-source	fallback	low
升到	u			no-source	fallback	low
半疑	u			no-source	fallback	low
半龍人	u			no-source	fallback	low
印住	v			verb-suffix	heuristic	medium
印度	u			no-source	fallback	low
卵	n			cow-single	cow	medium
叛軍	u			no-source	fallback	low
口快快	u			no-source	fallback	low
口爆	u			no-source	fallback	low
古龍	u			no-source	fallback	low
叩	u			no-source	fallback	low
只求	u			no-source	fallback	low
可沒	u			no-source	fallback	low
可謂	u			no-source	fallback	low
右轉	u			no-source	fallback	low
吊頸	u			no-source	fallback	low
同到	u			no-source	fallback	low
同劫	u			no-source	fallback	low
同燒	u			no-source	fallback	low
同香港	u			no-source	fallback	low
含意	n			cow-single	cow	medium
含着	u			no-source	fallback	low
呼呼	u			no-source	fallback	low
呼氣	v			cow-single	cow	medium
命名	v			cow-single	cow	medium
咖喇	u			no-source	fallback	low
咗啫	u			no-source	fallback	low
咗嚿	u			no-source	fallback	low
咗房	u			no-source	fallback	low
咗會	u			no-source	fallback	low
咗機	u			no-source	fallback	low
咗添	u			no-source	fallback	low
咗無耐	u			no-source	fallback	low
咗近	u			no-source	fallback	low
咗酒	u			no-source	fallback	low
咚咚	u			no-source	fallback	low
唔知醜	u			no-source	fallback	low
唱片	n			cow-single	cow	medium
啊燁	u			no-source	fallback	low
問一	u			no-source	fallback	low
問問	u			no-source	fallback	low
問多	u			no-source	fallback	low
問好	u			no-source	fallback	low
問起	u			no-source	fallback	low
喃	u			no-source	fallback	low
喊到	u			no-source	fallback	low
喊過	u			no-source	fallback	low
喪	u			no-source	fallback	low
嗅覺	n			cow-single	cow	medium
嘅心	u			no-source	fallback	low
嘅歌	u			no-source	fallback	low
嘅水	u			no-source	fallback	low
嘜	u			no-source	fallback	low
嘢想講	u			no-source	fallback	low
噤	u			no-source	fallback	low
嚇咗一嚇	u			no-source	fallback	low
嚟好	u			no-source	fallback	low
嚟要	u			no-source	fallback	low
嚴厲	u			no-source	fallback	low
四位	u			no-source	fallback	low
固然	u			no-source	fallback	low
國民	n			cow-single	cow	medium
國立	u			no-source	fallback	low
圍攻	n			cow-single	cow	medium
土豪	u			no-source	fallback	low
地返	u			no-source	fallback	low
地震	n			cow-single	cow	medium
坐陣	u			no-source	fallback	low
坑渠	u			no-source	fallback	low
型號	u			no-source	fallback	low
埋去	u			no-source	fallback	low
埋藏	v			cow-single	cow	medium
城主府	u			no-source	fallback	low
執生	u			no-source	fallback	low
執番	u			no-source	fallback	low
培	u			no-source	fallback	low
壯觀	u			no-source	fallback	low
大同	u			no-source	fallback	low
大褸	u			no-source	fallback	low
太婆	u			no-source	fallback	low
太長	u			no-source	fallback	low
失效	v			cow-single	cow	medium
失誤	n,v			cow-multi	cow	medium
契	u			no-source	fallback	low
女個	u			no-source	fallback	low
好多次	u			no-source	fallback	low
好夠	u			no-source	fallback	low
好夾	u			no-source	fallback	low
好少會	u			no-source	fallback	low
好機會	u			no-source	fallback	low
好淫	u			no-source	fallback	low
好紅	u			no-source	fallback	low
妻子	n			cow-single	cow	medium
姑且	u			no-source	fallback	low
姓名	u			no-source	fallback	low
姚魅兒	u			no-source	fallback	low
媽呀	u			no-source	fallback	low
媽的	u			no-source	fallback	low
媾到	u			no-source	fallback	low
嫂	u			no-source	fallback	low
子孫	n			cow-single	cow	medium
字面	u			no-source	fallback	low
孤	u			no-source	fallback	low
安息	n			cow-single	cow	medium
安置	n,v			cow-multi	cow	medium
宣告	v			cow-single	cow	medium
容同	u			no-source	fallback	low
實踐	n,v			cow-multi	cow	medium
寫過	u			no-source	fallback	low
寶寶同	u			no-source	fallback	low
將個頭	u			no-source	fallback	low
將塊	u			no-source	fallback	low
將心	u			no-source	fallback	low
將要	u			no-source	fallback	low
對個	u			no-source	fallback	low
對着	u			no-source	fallback	low
對講機	n			cow-single	cow	medium
小伙子	u			no-source	fallback	low
小哥	u			no-source	fallback	low
小弟弟	u			no-source	fallback	low
