head	reason	batch_id
一世英名	cultural_no_binary	syn-len4-b07-20260718
一以貫之	cultural_no_binary	syn-len4-b05-20260718
一個二個	polysemous_no_stable_sense	syn-len4-b01-20260718
一個勁兒	cultural_no_binary	syn-len4-b02-20260718
一元復始	cultural_no_binary	syn-len4-b10-20260718
一分一秒	cultural_no_binary	syn-len4-b02-20260718
一千零一	other_documented	syn-len4-b02-20260718
一句話	no_stable_near_synonym	syn-top5000-b04-20260718
一哄而起	cultural_no_binary	syn-len4-b10-20260718
一問一答	cultural_no_binary	syn-len4-b05-20260718
一嘢	function_word	syn-top5000-b03-20260718
一堆	function_word	syn-top5000-b03-20260718
一場	function_word	syn-top5000-b02-20260718
一夜風流	cultural_no_binary	syn-len4-b05-20260718
一夫多妻	other_documented	syn-len4-b04-20260718
一夫當關	cultural_no_binary	syn-len4-b05-20260718
一套	function_word	syn-top5000-b03-20260718
一如	function_word	syn-top5000-b05-20260718
一妻多夫	other_documented	syn-len4-b08-20260718
一字不差	other_documented	syn-len4-b06-20260718
一字之差	cultural_no_binary	syn-len4-b05-20260718
一官半職	cultural_no_binary	syn-len4-b06-20260718
一席之地	cultural_no_binary	syn-len4-b01-20260718
一年一度	other_documented	syn-len4-b02-20260718
一式兩份	other_documented	syn-len4-b04-20260718
一忍再忍	other_documented	syn-len4-b07-20260718
一念之間	cultural_no_binary	syn-len4-b02-20260718
一房一廳	other_documented	syn-len4-b02-20260718
一手一腳	cultural_no_binary	syn-len4-b02-20260718
一拍兩散	cultural_no_binary	syn-len4-b06-20260718
一招半式	cultural_no_binary	syn-len4-b09-20260718
一排	function_word	syn-top5000-b03-20260718
一於	function_word	syn-top5000-b04-20260718
一日	function_word	syn-top5000-b01-20260718
一時糊塗	other_documented	syn-len4-b06-20260718
一本	function_word	syn-top5000-b06-20260718
一柱擎天	cultural_no_binary	syn-len4-b05-20260718
一次	function_word	syn-top5000-b01-20260718
一步	function_word	syn-top5000-b02-20260718
一死一傷	cultural_no_binary	syn-len4-b05-20260718
一死了之	cultural_no_binary	syn-len4-b07-20260718
一段	function_word	syn-top5000-b01-20260718
一氧化碳	no_stable_near_synonym	syn-len4-b01-20260718
一池春水	cultural_no_binary	syn-len4-b07-20260718
一波又起	cultural_no_binary	syn-len4-b03-20260718
一波未平	cultural_no_binary	syn-len4-b03-20260718
一潭死水	cultural_no_binary	syn-len4-b04-20260718
一片	function_word	syn-top5000-b02-20260718
一片空白	cultural_no_binary	syn-len4-b01-20260718
一病不起	cultural_no_binary	syn-len4-b05-20260718
一瘸一拐	cultural_no_binary	syn-len4-b03-20260718
一眼	function_word	syn-top5000-b02-20260718
一眼望去	cultural_no_binary	syn-len4-b05-20260718
一眼看穿	polysemous_no_stable_sense	syn-len4-b07-20260718
一笑了之	cultural_no_binary	syn-len4-b04-20260718
一箭之仇	cultural_no_binary	syn-len4-b06-20260718
一篇文章	no_stable_near_synonym	syn-len4-b01-20260718
一紙空文	cultural_no_binary	syn-len4-b05-20260718
一級士官	other_documented	syn-len4-b06-20260718
一統天下	cultural_no_binary	syn-len4-b03-20260718
一線之隔	cultural_no_binary	syn-len4-b06-20260718
一線希望	no_stable_near_synonym	syn-len4-reaudit-20260719
一線生機	no_stable_near_synonym	syn-len4-reaudit-20260719
一脈相承	cultural_no_binary	syn-len4-b02-20260718
一腔熱血	cultural_no_binary	syn-len4-b04-20260718
一腳踢開	cultural_no_binary	syn-len4-b05-20260718
一臂之力	cultural_no_binary	syn-len4-b02-20260718
一舉成功	other_documented	syn-len4-b08-20260718
一般原則	other_documented	syn-len4-b05-20260718
一般規定	other_documented	syn-len4-b04-20260718
一般貿易	other_documented	syn-len4-b04-20260718
一葉扁舟	cultural_no_binary	syn-len4-b04-20260718
一葉知秋	polysemous_no_stable_sense	syn-len4-b05-20260718
一親芳澤	cultural_no_binary	syn-len4-b08-20260718
一言不合	cultural_no_binary	syn-len4-b07-20260718
一言難盡	cultural_no_binary	syn-len4-b02-20260718
一語成讖	cultural_no_binary	syn-len4-b07-20260718
一語雙關	other_documented	syn-len4-b07-20260718
一跌再跌	other_documented	syn-len4-b09-20260718
一長一短	polysemous_no_stable_sense	syn-len4-b10-20260718
一閃而過	cultural_no_binary	syn-len4-b02-20260718
一面之交	no_stable_near_synonym	syn-len4-final-audit-20260718
一面之緣	no_stable_near_synonym	syn-len4-final-audit-20260718
一頭霧水	cultural_no_binary	syn-len4-b01-20260718
一飲而盡	cultural_no_binary	syn-len4-b02-20260718
一飽口福	other_documented	syn-len4-b08-20260718
一體兩面	polysemous_no_stable_sense	syn-len4-b09-20260718
七分之一	other_documented	syn-len4-b07-20260718
七十二變	proper_name_or_deixis	syn-len4-b03-20260718
七孔流血	cultural_no_binary	syn-len4-b10-20260718
七年之癢	cultural_no_binary	syn-len4-b03-20260718
七情六慾	cultural_no_binary	syn-len4-b02-20260718
七拐八拐	other_documented	syn-len4-b08-20260718
七擒七縱	cultural_no_binary	syn-len4-b09-20260718
七級浮屠	cultural_no_binary	syn-len4-b08-20260718
七葷八素	cultural_no_binary	syn-len4-b05-20260718
七言絕句	other_documented	syn-len4-b08-20260718
七點	function_word	syn-top5000-b04-20260718
三不五時	cultural_no_binary	syn-len4-b07-20260718
三人成虎	cultural_no_binary	syn-len4-b09-20260718
三代同堂	no_stable_near_synonym	syn-len4-final-audit-20260718
三位一體	cultural_no_binary	syn-len4-b01-20260718
三俠五義	proper_name_or_deixis	syn-len4-b08-20260718
三十二相	cultural_no_binary	syn-len4-b08-20260718
三十六計	cultural_no_binary	syn-len4-b09-20260718
三十而立	cultural_no_binary	syn-len4-b04-20260718
三國時代	proper_name_or_deixis	syn-len4-b04-20260718
三國演義	proper_name_or_deixis	syn-len4-b01-20260718
三國鼎立	no_stable_near_synonym	syn-len4-final-audit-20260718
三妻四妾	cultural_no_binary	syn-len4-b04-20260718
三姑六婆	cultural_no_binary	syn-len4-b05-20260718
三寸金蓮	cultural_no_binary	syn-len4-b07-20260718
三岔路口	other_documented	syn-len4-b07-20260718
三峽水庫	proper_name_or_deixis	syn-len4-b05-20260718
三年五載	cultural_no_binary	syn-len4-b09-20260718
三從四德	cultural_no_binary	syn-len4-b06-20260718
三房一廳	other_documented	syn-len4-b04-20260718
三房二廳	other_documented	syn-len4-b03-20260718
三振出局	other_documented	syn-len4-b10-20260718
三權分立	other_documented	syn-len4-b05-20260718
三民主義	proper_name_or_deixis	syn-len4-b04-20260718
三氯化鐵	other_documented	syn-len4-b08-20260718
三皇五帝	proper_name_or_deixis	syn-len4-b06-20260718
三級士官	other_documented	syn-len4-b07-20260718
三綱五常	cultural_no_binary	syn-len4-b09-20260718
三藏法師	proper_name_or_deixis	syn-len4-b07-20260718
三言兩語	cultural_no_binary	syn-len4-b02-20260718
三足金烏	proper_name_or_deixis	syn-len4-b10-20260718
三足鼎立	no_stable_near_synonym	syn-len4-final-audit-20260718
三跪九叩	cultural_no_binary	syn-len4-b10-20260718
三輪車夫	other_documented	syn-len4-b05-20260718
三農問題	other_documented	syn-len4-b04-20260718
三陪小姐	other_documented	syn-len4-b07-20260718
三陽開泰	cultural_no_binary	syn-len4-b09-20260718
三頭六臂	cultural_no_binary	syn-len4-b04-20260718
三點	function_word	syn-top5000-b04-20260718
上中下游	other_documented	syn-len4-b10-20260718
上便	function_word	syn-top5000-b02-20260718
上合組織	proper_name_or_deixis	syn-len4-b04-20260718
上吐下瀉	cultural_no_binary	syn-len4-b05-20260718
上天入地	cultural_no_binary	syn-len4-b05-20260718
上山下海	other_documented	syn-len4-b08-20260718
上山下鄉	cultural_no_binary	syn-len4-b03-20260718
上市公司	function_word	syn-top5000-b04-20260718
上流人士	other_documented	syn-len4-b10-20260718
上皮細胞	other_documented	syn-len4-b02-20260718
上皮組織	other_documented	syn-len4-b08-20260718
上級領導	no_stable_near_synonym	syn-len4-b01-20260718
上綱上線	cultural_no_binary	syn-len4-b02-20260718
上網	no_stable_near_synonym	syn-top5000-b02-20260718
上陣殺敵	cultural_no_binary	syn-len4-b10-20260718
下下	function_word	syn-top5000-b04-20260718
下低	function_word	syn-top5000-b05-20260718
下便	function_word	syn-top5000-b05-20260718
下層社會	other_documented	syn-len4-b09-20260718
下次	no_stable_near_synonym	syn-top5000-b02-20260718
下流社會	other_documented	syn-len4-b10-20260718
下班時間	other_documented	syn-len4-b02-20260718
下線儀式	other_documented	syn-len4-b09-20260718
下集	no_stable_near_synonym	syn-top5000-b04-20260718
不乾不淨	other_documented	syn-len4-b08-20260718
不予置評	no_stable_near_synonym	syn-len4-final-audit-20260718
不信任案	other_documented	syn-len4-b10-20260718
不入虎穴	cultural_no_binary	syn-len4-b08-20260718
不出	function_word	syn-top5000-b05-20260718
不加修飾	other_documented	syn-len4-b07-20260718
不加掩飾	other_documented	syn-len4-b07-20260718
不加選擇	cultural_no_binary	syn-len4-b10-20260718
不勝酒力	cultural_no_binary	syn-len4-b05-20260718
不升反降	other_documented	syn-len4-b07-20260718
不受歡迎	other_documented	syn-len4-b02-20260718
不可侵犯	cultural_no_binary	syn-len4-b03-20260718
不可抗力	other_documented	syn-len4-b02-20260718
不可挽回	cultural_no_binary	syn-len4-b04-20260718
不可收拾	cultural_no_binary	syn-len4-b02-20260718
不可逾越	cultural_no_binary	syn-len4-b03-20260718
不可限量	cultural_no_binary	syn-len4-b04-20260718
不吐不快	cultural_no_binary	syn-len4-b03-20260718
不吵不鬧	other_documented	syn-len4-b08-20260718
不失時機	cultural_no_binary	syn-len4-b02-20260718
不孝有三	cultural_no_binary	syn-len4-b10-20260718
不安於室	cultural_no_binary	syn-len4-b09-20260718
不定冠詞	other_documented	syn-len4-b10-20260718
不定積分	other_documented	syn-len4-b08-20260718
不宣而戰	other_documented	syn-len4-b10-20260718
不實之詞	other_documented	syn-len4-b10-20260718
不得好死	cultural_no_binary	syn-len4-b02-20260718
不情之請	cultural_no_binary	syn-len4-b09-20260718
不惑之年	cultural_no_binary	syn-len4-b04-20260718
不惜一切	cultural_no_binary	syn-len4-b02-20260718
不惜工本	cultural_no_binary	syn-len4-b09-20260718
不惜犧牲	cultural_no_binary	syn-len4-b04-20260718
不懂裝懂	cultural_no_binary	syn-len4-b05-20260718
不成比例	cultural_no_binary	syn-len4-b04-20260718
不成氣候	no_stable_near_synonym	syn-len4-reaudit-20260719
不戰而退	cultural_no_binary	syn-len4-b10-20260718
不支倒地	other_documented	syn-len4-b10-20260718
不明事理	other_documented	syn-len4-b07-20260718
不明就裏	cultural_no_binary	syn-len4-b05-20260718
不毛之地	cultural_no_binary	syn-len4-b06-20260718
不畏強暴	cultural_no_binary	syn-len4-b09-20260718
不當得利	other_documented	syn-len4-b04-20260718
不知幾	function_word	syn-top5000-b05-20260718
不知所謂	cultural_no_binary	syn-len4-b01-20260718
不知疲倦	cultural_no_binary	syn-len4-b02-20260718
不知輕重	other_documented	syn-len4-b08-20260718
不破不立	cultural_no_binary	syn-len4-b07-20260718
不能抵抗	other_documented	syn-len4-b09-20260718
不良傾向	other_documented	syn-len4-b08-20260718
不見不散	cultural_no_binary	syn-len4-b02-20260718
不見天日	cultural_no_binary	syn-len4-b05-20260718
不解風情	cultural_no_binary	syn-len4-b03-20260718
不識好歹	cultural_no_binary	syn-len4-b07-20260718
不識泰山	cultural_no_binary	syn-len4-b08-20260718
不讓鬚眉	cultural_no_binary	syn-len4-b04-20260718
不負責任	no_stable_near_synonym	syn-len4-b01-20260718
不進則退	cultural_no_binary	syn-len4-b06-20260718
不遑多讓	cultural_no_binary	syn-len4-b07-20260718
不醉不歸	cultural_no_binary	syn-len4-b06-20260718
不離不棄	cultural_no_binary	syn-len4-b01-20260718
世態炎涼	cultural_no_binary	syn-len4-b03-20260718
世界主義	other_documented	syn-len4-b09-20260718
世界地圖	other_documented	syn-len4-b02-20260718
世界大同	cultural_no_binary	syn-len4-b07-20260718
世界強國	other_documented	syn-len4-b06-20260718
世界文化	other_documented	syn-len4-b02-20260718
世界末日	cultural_no_binary	syn-len4-b01-20260718
世界經濟	no_stable_near_synonym	syn-len4-final-audit-20260718
世界銀行	proper_name_or_deixis	syn-len4-b01-20260718
世紀	no_stable_near_synonym	syn-top5000-final-audit-20260718
世貿中心	proper_name_or_deixis	syn-len4-b03-20260718
世貿大樓	proper_name_or_deixis	syn-len4-b10-20260718
世風日下	cultural_no_binary	syn-len4-b05-20260718
丙烯酸酯	other_documented	syn-len4-b03-20260718
丟盔卸甲	no_stable_near_synonym	syn-len4-reaudit-20260719
並肩而行	other_documented	syn-len4-b07-20260718
並行不悖	cultural_no_binary	syn-len4-b07-20260718
並行程序	other_documented	syn-len4-b10-20260718
並行計算	other_documented	syn-len4-b05-20260718
中俄關系	other_documented	syn-len4-b06-20260718
中值定理	other_documented	syn-len4-b08-20260718
中出	function_word	syn-top5000-b04-20260718
中國大陸	proper_name_or_deixis	syn-len4-b01-20260718
中國文化	no_stable_near_synonym	syn-len4-b01-20260718
中國文學	no_stable_near_synonym	syn-len4-b01-20260718
中國社會	no_stable_near_synonym	syn-len4-b01-20260718
中央空調	no_stable_near_synonym	syn-len4-b01-20260718
中庸之道	cultural_no_binary	syn-len4-b04-20260718
中式英語	other_documented	syn-len4-b06-20260718
中指	polysemous_no_stable_sense	syn-top5000-b04-20260718
中法戰爭	proper_name_or_deixis	syn-len4-b08-20260718
中秋月餅	other_documented	syn-len4-b02-20260718
中英對照	other_documented	syn-len4-b03-20260718
中華文化	no_stable_near_synonym	syn-len4-b01-20260718
中規中矩	cultural_no_binary	syn-len4-b02-20260718
丹霞地貌	other_documented	syn-len4-b04-20260718
主動免疫	other_documented	syn-len4-b09-20260718
主動脈弓	other_documented	syn-len4-b09-20260718
主打品牌	other_documented	syn-len4-b08-20260718
主權國家	other_documented	syn-len4-b04-20260718
主題公園	no_stable_near_synonym	syn-len4-b01-20260718
久別重逢	cultural_no_binary	syn-len4-b03-20260718
久病成醫	cultural_no_binary	syn-len4-b10-20260718
乍暖還寒	cultural_no_binary	syn-len4-b04-20260718
乍看之下	other_documented	syn-len4-b07-20260718
乏善可陳	cultural_no_binary	syn-len4-b04-20260718
乒乓球拍	other_documented	syn-len4-b04-20260718
乘龍快婿	cultural_no_binary	syn-len4-b09-20260718
乜乜物物	cultural_no_binary	syn-len4-b09-20260718
九九歸一	cultural_no_binary	syn-len4-b06-20260718
九九重陽	cultural_no_binary	syn-len4-b07-20260718
九唔搭八	cultural_no_binary	syn-len4-b01-20260718
九月	function_word	syn-top5000-b06-20260718
九霄雲外	cultural_no_binary	syn-len4-b03-20260718
九點	function_word	syn-top5000-b04-20260718
九龍	proper_name_or_deixis	syn-top5000-b05-20260718
九龍半島	proper_name_or_deixis	syn-len4-b09-20260718
乾柴烈火	cultural_no_binary	syn-len4-b05-20260718
亂世佳人	proper_name_or_deixis	syn-len4-b03-20260718
亂臣賊子	cultural_no_binary	syn-len4-b07-20260718
亂點鴛鴦	cultural_no_binary	syn-len4-b06-20260718
事不關己	cultural_no_binary	syn-len4-b03-20260718
事到臨頭	other_documented	syn-len4-b07-20260718
事務律師	other_documented	syn-len4-b10-20260718
事隔多年	no_stable_near_synonym	syn-len4-reaudit-20260719
二人世界	no_stable_near_synonym	syn-len4-b01-20260718
二十一條	proper_name_or_deixis	syn-len4-b02-20260718
二次函數	other_documented	syn-len4-b05-20260718
二氧化碳	no_stable_near_synonym	syn-len4-b01-20260718
二氧化錳	other_documented	syn-len4-b06-20260718
二氯甲烷	other_documented	syn-len4-b06-20260718
二硫化碳	other_documented	syn-len4-b07-20260718
二級士官	other_documented	syn-len4-b07-20260718
互相幫助	other_documented	syn-len4-b02-20260718
互相推諉	no_stable_near_synonym	syn-len4-final-audit-20260718
互相監督	other_documented	syn-len4-b06-20260718
互相聯繫	other_documented	syn-len4-b06-20260718
互相連接	other_documented	syn-len4-b09-20260718
五	polysemous_no_stable_sense	syn-top5000-b01-20260718
五代十國	proper_name_or_deixis	syn-len4-b04-20260718
五卅運動	proper_name_or_deixis	syn-len4-b10-20260718
五味俱全	cultural_no_binary	syn-len4-b07-20260718
五味雜陳	cultural_no_binary	syn-len4-b05-20260718
五四運動	proper_name_or_deixis	syn-len4-b02-20260718
五大連池	proper_name_or_deixis	syn-len4-b02-20260718
五官端正	cultural_no_binary	syn-len4-b02-20260718
五年計劃	other_documented	syn-len4-b03-20260718
五燈會元	proper_name_or_deixis	syn-len4-b09-20260718
五福臨門	cultural_no_binary	syn-len4-b06-20260718
五聲音階	other_documented	syn-len4-b10-20260718
五臟俱全	cultural_no_binary	syn-len4-b06-20260718
五角大樓	proper_name_or_deixis	syn-len4-b01-20260718
五講四美	cultural_no_binary	syn-len4-b08-20260718
五雷轟頂	cultural_no_binary	syn-len4-b05-20260718
五項全能	other_documented	syn-len4-b09-20260718
五馬分屍	cultural_no_binary	syn-len4-b07-20260718
五點	function_word	syn-top5000-b04-20260718
亞硝酸鈉	other_documented	syn-len4-b06-20260718
亞馬遜河	proper_name_or_deixis	syn-len4-b06-20260718
亡國滅種	cultural_no_binary	syn-len4-b09-20260718
交叉火力	other_documented	syn-len4-b07-20260718
交換技術	other_documented	syn-len4-b04-20260718
交相輝映	cultural_no_binary	syn-len4-b02-20260718
交通擁擠	no_stable_near_synonym	syn-len4-reaudit-20260719
亦莊亦諧	cultural_no_binary	syn-len4-b10-20260718
亨利五世	proper_name_or_deixis	syn-len4-b10-20260718
人五人六	cultural_no_binary	syn-len4-b10-20260718
人仔細細	no_stable_near_synonym	syn-len4-reaudit-20260719
人力資源	no_stable_near_synonym	syn-len4-b01-20260718
人各有志	cultural_no_binary	syn-len4-b07-20260718
人嚟	function_word	syn-top5000-b05-20260718
人均收入	no_stable_near_synonym	syn-len4-b01-20260718
人如其名	cultural_no_binary	syn-len4-b06-20260718
人定勝天	cultural_no_binary	syn-len4-b05-20260718
人小鬼大	cultural_no_binary	syn-len4-b05-20260718
人心不古	cultural_no_binary	syn-len4-b07-20260718
人情冷暖	cultural_no_binary	syn-len4-b04-20260718
人才外流	other_documented	syn-len4-b10-20260718
人文景觀	no_stable_near_synonym	syn-len4-b01-20260718
人文社科	other_documented	syn-len4-b02-20260718
人格魅力	no_stable_near_synonym	syn-len4-b01-20260718
人機界面	other_documented	syn-len4-b02-20260718
人民起義	other_documented	syn-len4-b10-20260718
人浮於事	cultural_no_binary	syn-len4-b07-20260718
人海戰術	cultural_no_binary	syn-len4-b05-20260718
人海茫茫	cultural_no_binary	syn-len4-b04-20260718
人無完人	cultural_no_binary	syn-len4-b04-20260718
人物描寫	other_documented	syn-len4-b08-20260718
人生	polysemous_no_stable_sense	syn-top5000-b01-20260718
人生在世	cultural_no_binary	syn-len4-b02-20260718
人生如夢	cultural_no_binary	syn-len4-b03-20260718
人生意義	other_documented	syn-len4-b05-20260718
人盡可夫	cultural_no_binary	syn-len4-b09-20260718
人稱代詞	other_documented	syn-len4-b06-20260718
人窮志短	cultural_no_binary	syn-len4-b10-20260718
人話	function_word	syn-top5000-b04-20260718
人身保險	other_documented	syn-len4-b02-20260718
人身攻擊	no_stable_near_synonym	syn-len4-b01-20260718
人間仙境	cultural_no_binary	syn-len4-b02-20260718
人間佛教	other_documented	syn-len4-b07-20260718
人間喜劇	proper_name_or_deixis	syn-len4-b08-20260718
人間天堂	cultural_no_binary	syn-len4-b03-20260718
人非草木	cultural_no_binary	syn-len4-b09-20260718
人面桃花	cultural_no_binary	syn-len4-b04-20260718
人類	no_stable_near_synonym	syn-top5000-b01-20260718
人類起源	other_documented	syn-len4-b06-20260718
人體器官	other_documented	syn-len4-b03-20260718
人體解剖	other_documented	syn-len4-b03-20260718
人魚小姐	proper_name_or_deixis	syn-len4-b04-20260718
仁者無敵	cultural_no_binary	syn-len4-b06-20260718
仁者見仁	cultural_no_binary	syn-len4-b02-20260718
仆街	other_documented	syn-top5000-b01-20260718
今不如昔	cultural_no_binary	syn-len4-b09-20260718
他們	function_word	syn-top5000-b02-20260718
付款條件	other_documented	syn-len4-b08-20260718
以卵擊石	cultural_no_binary	syn-len4-b07-20260718
以太網絡	other_documented	syn-len4-b07-20260718
以少勝多	cultural_no_binary	syn-len4-b06-20260718
以弗所書	proper_name_or_deixis	syn-len4-b09-20260718
以德服人	cultural_no_binary	syn-len4-b05-20260718
以暴制暴	cultural_no_binary	syn-len4-b05-20260718
以柔克剛	cultural_no_binary	syn-len4-b06-20260718
以毒攻毒	cultural_no_binary	syn-len4-b05-20260718
以理服人	other_documented	syn-len4-b07-20260718
以藥養醫	other_documented	syn-len4-b08-20260718
以訛傳訛	cultural_no_binary	syn-len4-b04-20260718
以貌取人	cultural_no_binary	syn-len4-b03-20260718
以賽亞書	proper_name_or_deixis	syn-len4-b08-20260718
以身相許	cultural_no_binary	syn-len4-b02-20260718
以馬內利	proper_name_or_deixis	syn-len4-b08-20260718
以點帶面	cultural_no_binary	syn-len4-b05-20260718
仰韶文化	proper_name_or_deixis	syn-len4-b06-20260718
仲話	function_word	syn-top5000-b04-20260718
任人宰割	cultural_no_binary	syn-len4-b04-20260718
伊利亞特	proper_name_or_deixis	syn-len4-b08-20260718
伊斯坦堡	proper_name_or_deixis	syn-len4-b08-20260718
伏爾加河	proper_name_or_deixis	syn-len4-b06-20260718
伐木工人	other_documented	syn-len4-b09-20260718
休閒活動	other_documented	syn-len4-b04-20260718
似曾相識	cultural_no_binary	syn-len4-b01-20260718
但願如此	polysemous_no_stable_sense	syn-len4-b09-20260718
佈	function_word	syn-top5000-b05-20260718
位極人臣	cultural_no_binary	syn-len4-b10-20260718
低俗之風	cultural_no_binary	syn-len4-b03-20260718
低空飛行	other_documented	syn-len4-b06-20260718
低等生物	other_documented	syn-len4-b10-20260718
低音提琴	other_documented	syn-len4-b08-20260718
佔地面積	no_stable_near_synonym	syn-len4-b01-20260718
何以見得	polysemous_no_stable_sense	syn-len4-b09-20260718
何年何月	cultural_no_binary	syn-len4-b03-20260718
何德何能	cultural_no_binary	syn-len4-b05-20260718
何必如此	cultural_no_binary	syn-len4-b05-20260718
何必當初	cultural_no_binary	syn-len4-b06-20260718
何時何地	cultural_no_binary	syn-len4-b02-20260718
佛羅倫斯	proper_name_or_deixis	syn-len4-b01-20260718
作業系統	other_documented	syn-len4-b05-20260718
作風正派	other_documented	syn-len4-b07-20260718
你估	function_word	syn-top5000-b03-20260718
你來我往	cultural_no_binary	syn-len4-b03-20260718
你們	function_word	syn-top5000-b03-20260718
你好	no_stable_near_synonym	syn-top5000-final-audit-20260718
佢	proper_name_or_deixis	syn-top5000-b01-20260718
侃侃而談	cultural_no_binary	syn-len4-b02-20260718
來日方長	cultural_no_binary	syn-len4-b05-20260718
來者不善	cultural_no_binary	syn-len4-b04-20260718
來電顯示	other_documented	syn-len4-b02-20260718
侏	function_word	syn-top5000-b04-20260718
供書教學	other_documented	syn-len4-b09-20260718
供油系統	other_documented	syn-len4-b08-20260718
依個	proper_name_or_deixis	syn-top5000-b01-20260718
依山傍水	cultural_no_binary	syn-len4-b03-20260718
依種	function_word	syn-top5000-b03-20260718
便民利民	other_documented	syn-len4-b05-20260718
係	function_word	syn-top5000-b01-20260718
係噉	function_word	syn-top5000-b03-20260718
俗不可耐	cultural_no_binary	syn-len4-b04-20260718
保外就醫	other_documented	syn-len4-b06-20260718
保定地區	proper_name_or_deixis	syn-len4-b08-20260718
保護模式	other_documented	syn-len4-b06-20260718
保護環境	no_stable_near_synonym	syn-len4-b01-20260718
俠盜飛車	proper_name_or_deixis	syn-len4-b02-20260718
信仰自由	cultural_no_binary	syn-len4-b05-20260718
信心十足	no_stable_near_synonym	syn-len4-b01-20260718
信息時代	no_stable_near_synonym	syn-len4-b01-20260718
信息產業	no_stable_near_synonym	syn-len4-b01-20260718
信息管理	no_stable_near_synonym	syn-len4-b01-20260718
信用危機	other_documented	syn-len4-b06-20260718
信號處理	other_documented	syn-len4-b02-20260718
信陽地區	proper_name_or_deixis	syn-len4-b10-20260718
修煉成仙	cultural_no_binary	syn-len4-b09-20260718
個人主義	other_documented	syn-len4-b02-20260718
個人資料	no_stable_near_synonym	syn-len4-b01-20260718
個位	function_word	syn-top5000-b01-20260718
個月	function_word	syn-top5000-b03-20260718
借腹生子	other_documented	syn-len4-b08-20260718
值得品味	no_stable_near_synonym	syn-len4-reaudit-20260719
假以時日	cultural_no_binary	syn-len4-b06-20260718
假性近視	other_documented	syn-len4-b06-20260718
假戲真做	cultural_no_binary	syn-len4-b04-20260718
偈	function_word	syn-top5000-b03-20260718
做愛	no_stable_near_synonym	syn-top5000-b03-20260718
做牛做馬	cultural_no_binary	syn-len4-b05-20260718
停戰協定	other_documented	syn-len4-b06-20260718
健健康康	no_stable_near_synonym	syn-len4-reaudit-20260719
健康教育	no_stable_near_synonym	syn-len4-b01-20260718
偶然之間	other_documented	syn-len4-b10-20260718
偶聯反應	other_documented	syn-len4-b10-20260718
偷天換日	cultural_no_binary	syn-len4-b04-20260718
偷食禁果	cultural_no_binary	syn-len4-b10-20260718
催化作用	other_documented	syn-len4-b04-20260718
催化裂化	other_documented	syn-len4-b04-20260718
催眠狀態	no_stable_near_synonym	syn-len4-reaudit-20260719
傳真發送	other_documented	syn-len4-b10-20260718
傳統教育	other_documented	syn-len4-b02-20260718
傳統觀念	no_stable_near_synonym	syn-len4-b01-20260718
傳輸控制	other_documented	syn-len4-b08-20260718
傳輸服務	other_documented	syn-len4-b07-20260718
傳輸模式	other_documented	syn-len4-b05-20260718
傳輸設備	other_documented	syn-len4-b04-20260718
傳輸距離	other_documented	syn-len4-b03-20260718
傷亡慘重	cultural_no_binary	syn-len4-b04-20260718
傷痕累累	cultural_no_binary	syn-len4-b01-20260718
傾囊相授	other_documented	syn-len4-b08-20260718
傾巢而出	cultural_no_binary	syn-len4-b06-20260718
像模像樣	cultural_no_binary	syn-len4-b03-20260718
僵屍網絡	other_documented	syn-len4-b06-20260718
價值判斷	other_documented	syn-len4-b03-20260718
價值工程	other_documented	syn-len4-b06-20260718
價值標準	other_documented	syn-len4-b05-20260718
價值規律	other_documented	syn-len4-b05-20260718
價格標籤	other_documented	syn-len4-b08-20260718
億萬富翁	no_stable_near_synonym	syn-len4-b01-20260718
儒林外史	proper_name_or_deixis	syn-len4-b04-20260718
優先發展	other_documented	syn-len4-b02-20260718
優勝劣汰	cultural_no_binary	syn-len4-b02-20260718
優化組合	other_documented	syn-len4-b04-20260718
優惠貸款	other_documented	syn-len4-b07-20260718
優秀學生	other_documented	syn-len4-b01-20260718
儲蓄存款	other_documented	syn-len4-b02-20260718
儲蓄機構	other_documented	syn-len4-b09-20260718
儲蓄銀行	other_documented	syn-len4-b02-20260718
元素符號	other_documented	syn-len4-b08-20260718
充分利用	no_stable_near_synonym	syn-len4-b01-20260718
充分就業	other_documented	syn-len4-b04-20260718
充分考慮	no_stable_near_synonym	syn-len4-b01-20260718
充要條件	other_documented	syn-len4-b08-20260718
先到先得	cultural_no_binary	syn-len4-b03-20260718
先後順序	other_documented	syn-len4-b02-20260718
先得	function_word	syn-top5000-b04-20260718
先禮後兵	cultural_no_binary	syn-len4-b07-20260718
先進水平	other_documented	syn-len4-b02-20260718
光合作用	other_documented	syn-len4-b02-20260718
光學玻璃	other_documented	syn-len4-b05-20260718
光纖接口	other_documented	syn-len4-b08-20260718
光電效應	other_documented	syn-len4-b08-20260718
克己奉公	cultural_no_binary	syn-len4-b10-20260718
克己復禮	cultural_no_binary	syn-len4-b10-20260718
克林黴素	proper_name_or_deixis	syn-len4-b04-20260718
克里米亞	proper_name_or_deixis	syn-len4-b08-20260718
免受傷害	other_documented	syn-len4-b09-20260718
免疫應答	other_documented	syn-len4-b05-20260718
免疫系統	no_stable_near_synonym	syn-len4-b01-20260718
免責聲明	other_documented	syn-len4-b01-20260718
免開尊口	cultural_no_binary	syn-len4-b09-20260718
兒科醫生	other_documented	syn-len4-b05-20260718
兒童教育	other_documented	syn-len4-b02-20260718
兔死狐悲	cultural_no_binary	syn-len4-b08-20260718
兜過	no_stable_near_synonym	syn-top5000-b02-20260718
入到	function_word	syn-top5000-b02-20260718
入口即化	other_documented	syn-len4-b07-20260718
入境手續	no_stable_near_synonym	syn-len4-final-audit-20260718
入境簽證	no_stable_near_synonym	syn-len4-reaudit-20260719
內分泌腺	other_documented	syn-len4-b07-20260718
內心深處	other_documented	syn-len4-b02-20260718
內江地區	proper_name_or_deixis	syn-len4-b10-20260718
內酰胺酶	other_documented	syn-len4-b05-20260718
全副武裝	cultural_no_binary	syn-len4-b02-20260718
全國人民	other_documented	syn-len4-b01-20260718
全國各地	no_stable_near_synonym	syn-len4-b01-20260718
全場	no_stable_near_synonym	syn-top5000-b04-20260718
全文檢索	other_documented	syn-len4-b02-20260718
全權代表	other_documented	syn-len4-b07-20260718
全權大使	other_documented	syn-len4-b09-20260718
全權處理	other_documented	syn-len4-b08-20260718
全身而退	cultural_no_binary	syn-len4-b02-20260718
全輪驅動	other_documented	syn-len4-b07-20260718
全速前進	other_documented	syn-len4-b07-20260718
全黨全軍	cultural_no_binary	syn-len4-b10-20260718
兩下	function_word	syn-top5000-b05-20260718
兩個文明	other_documented	syn-len4-b05-20260718
兩岸三地	proper_name_or_deixis	syn-len4-b02-20260718
兩岸關係	no_stable_near_synonym	syn-len4-b01-20260718
兩敗俱傷	cultural_no_binary	syn-len4-b02-20260718
兩棲作戰	other_documented	syn-len4-b10-20260718
兩棲登陸	other_documented	syn-len4-b09-20260718
兩肋插刀	cultural_no_binary	syn-len4-b04-20260718
兩虎相爭	cultural_no_binary	syn-len4-b08-20260718
兩點	function_word	syn-top5000-b05-20260718
八	polysemous_no_stable_sense	syn-top5000-b01-20260718
八國聯軍	proper_name_or_deixis	syn-len4-b02-20260718
八月	function_word	syn-top5000-b06-20260718
八點	function_word	syn-top5000-b04-20260718
公主	no_stable_near_synonym	syn-top5000-b03-20260718
公共事務	other_documented	syn-len4-b02-20260718
公共安全	no_stable_near_synonym	syn-len4-b01-20260718
公共政策	no_stable_near_synonym	syn-len4-b01-20260718
公共秩序	other_documented	syn-len4-b03-20260718
公共行政	other_documented	syn-len4-b03-20260718
公共設施	no_stable_near_synonym	syn-len4-b01-20260718
公共責任	other_documented	syn-len4-b10-20260718
公共道德	other_documented	syn-len4-b07-20260718
公共電視	other_documented	syn-len4-b08-20260718
公司會議	other_documented	syn-len4-b03-20260718
公司理財	other_documented	syn-len4-b05-20260718
公報私仇	cultural_no_binary	syn-len4-b07-20260718
公平合理	cultural_no_binary	syn-len4-b03-20260718
公平貿易	other_documented	syn-len4-b05-20260718
公民義務	other_documented	syn-len4-b10-20260718
公私分明	cultural_no_binary	syn-len4-b07-20260718
公立醫院	no_stable_near_synonym	syn-len4-b01-20260718
公職人員	other_documented	syn-len4-b02-20260718
公費醫療	other_documented	syn-len4-b04-20260718
六	polysemous_no_stable_sense	syn-top5000-b01-20260718
六十四卦	proper_name_or_deixis	syn-len4-b05-20260718
六根清淨	cultural_no_binary	syn-len4-b08-20260718
六氟化硫	other_documented	syn-len4-b07-20260718
六道輪迴	proper_name_or_deixis	syn-len4-b03-20260718
六點	function_word	syn-top5000-b04-20260718
共同基金	other_documented	syn-len4-b04-20260718
共同市場	other_documented	syn-len4-b06-20260718
共商大計	cultural_no_binary	syn-len4-b10-20260718
共處一室	cultural_no_binary	syn-len4-b05-20260718
共襄盛舉	other_documented	syn-len4-b07-20260718
兵不厭詐	cultural_no_binary	syn-len4-b06-20260718
兵家大忌	cultural_no_binary	syn-len4-b10-20260718
兵臨城下	cultural_no_binary	syn-len4-b02-20260718
典型調查	other_documented	syn-len4-b10-20260718
冇人冇物	cultural_no_binary	syn-len4-b09-20260718
冇嘢	no_stable_near_synonym	syn-top5000-b03-20260718
冇得	function_word	syn-top5000-b03-20260718
再好不過	cultural_no_binary	syn-len4-b03-20260718
再造手術	other_documented	syn-len4-b10-20260718
冒險主義	other_documented	syn-len4-b09-20260718
冥冥之中	cultural_no_binary	syn-len4-b02-20260718
冬暖夏涼	cultural_no_binary	syn-len4-b03-20260718
冰上運動	other_documented	syn-len4-b10-20260718
冰山一角	cultural_no_binary	syn-len4-b03-20260718
冰糖葫蘆	proper_name_or_deixis	syn-len4-b03-20260718
冰雪聰明	cultural_no_binary	syn-len4-b04-20260718
冶金工業	other_documented	syn-len4-b02-20260718
冷汗	no_stable_near_synonym	syn-top5000-b06-20260718
冷血動物	polysemous_no_stable_sense	syn-len4-b04-20260718
凹凸有致	cultural_no_binary	syn-len4-b04-20260718
出便	function_word	syn-top5000-b04-20260718
出入平安	cultural_no_binary	syn-len4-b10-20260718
出口成章	cultural_no_binary	syn-len4-b06-20260718
出師不利	cultural_no_binary	syn-len4-b04-20260718
出庭作證	other_documented	syn-len4-b04-20260718
出此下策	cultural_no_binary	syn-len4-b06-20260718
出版日期	other_documented	syn-len4-b02-20260718
出生缺陷	other_documented	syn-len4-b03-20260718
出錯信息	other_documented	syn-len4-b08-20260718
出門在外	other_documented	syn-len4-b02-20260718
函數	function_word	syn-top5000-b04-20260718
刀槍不入	cultural_no_binary	syn-len4-b04-20260718
刀耕火種	other_documented	syn-len4-b07-20260718
分一杯羹	cultural_no_binary	syn-len4-b04-20260718
分子結構	other_documented	syn-len4-b03-20260718
分子運動	other_documented	syn-len4-b09-20260718
分子雜交	other_documented	syn-len4-b10-20260718
分工合作	other_documented	syn-len4-b04-20260718
分形幾何	other_documented	syn-len4-b10-20260718
分析處理	other_documented	syn-len4-b04-20260718
分權制衡	other_documented	syn-len4-b10-20260718
分組交換	other_documented	syn-len4-b06-20260718
分組討論	other_documented	syn-len4-b04-20260718
分而治之	cultural_no_binary	syn-len4-b09-20260718
分裂組織	other_documented	syn-len4-b10-20260718
分解代謝	other_documented	syn-len4-b07-20260718
分辨真假	other_documented	syn-len4-b07-20260718
分類廣告	other_documented	syn-len4-b09-20260718
切削用量	other_documented	syn-len4-b09-20260718
切削速度	other_documented	syn-len4-b08-20260718
切合實際	cultural_no_binary	syn-len4-b03-20260718
切片檢查	other_documented	syn-len4-b10-20260718
切身利益	no_stable_near_synonym	syn-len4-b01-20260718
刑事判決	other_documented	syn-len4-b06-20260718
刑事拘留	other_documented	syn-len4-b01-20260718
刑事訴訟	no_stable_near_synonym	syn-len4-b01-20260718
列隊歡迎	cultural_no_binary	syn-len4-b09-20260718
初步設想	other_documented	syn-len4-b08-20260718
初級小學	no_stable_near_synonym	syn-len4-reaudit-20260719
初試啼聲	no_stable_near_synonym	syn-len4-final-audit-20260718
初露鋒芒	cultural_no_binary	syn-len4-b03-20260718
判若兩人	cultural_no_binary	syn-len4-b03-20260718
利國利民	cultural_no_binary	syn-len4-b04-20260718
利己主義	other_documented	syn-len4-b06-20260718
利益輸送	other_documented	syn-len4-b05-20260718
到此一遊	cultural_no_binary	syn-len4-b03-20260718
制動踏板	other_documented	syn-len4-b06-20260718
刻苦努力	no_stable_near_synonym	syn-len4-reaudit-20260719
刻苦鑽研	cultural_no_binary	syn-len4-b04-20260718
前世姻緣	cultural_no_binary	syn-len4-b10-20260718
前便	function_word	syn-top5000-b05-20260718
前倨後恭	cultural_no_binary	syn-len4-b09-20260718
前列腺炎	no_stable_near_synonym	syn-len4-b01-20260718
前列腺素	other_documented	syn-len4-b03-20260718
前塵往事	cultural_no_binary	syn-len4-b03-20260718
前寒武紀	other_documented	syn-len4-b09-20260718
前景可期	cultural_no_binary	syn-len4-b09-20260718
前途渺茫	no_stable_near_synonym	syn-len4-final-audit-20260718
剖腹自殺	no_stable_near_synonym	syn-len4-reaudit-20260719
副總司令	other_documented	syn-len4-b07-20260718
副總經理	other_documented	syn-len4-b02-20260718
副董事長	other_documented	syn-len4-b02-20260718
副駕駛員	other_documented	syn-len4-b09-20260718
劃清界線	other_documented	syn-len4-b06-20260718
劍走偏鋒	cultural_no_binary	syn-len4-b04-20260718
功不可沒	cultural_no_binary	syn-len4-b01-20260718
功率輸出	other_documented	syn-len4-b05-20260718
功能模塊	other_documented	syn-len4-b02-20260718
加大油門	other_documented	syn-len4-b07-20260718
加工成本	other_documented	syn-len4-b06-20260718
加工效率	other_documented	syn-len4-b08-20260718
加深印象	polysemous_no_stable_sense	syn-len4-b08-20260718
加深理解	other_documented	syn-len4-b06-20260718
劣跡斑斑	other_documented	syn-len4-b08-20260718
助學貸款	no_stable_near_synonym	syn-len4-b01-20260718
勇冠三軍	cultural_no_binary	syn-len4-b10-20260718
動態影像	other_documented	syn-len4-b05-20260718
動態更新	other_documented	syn-len4-b07-20260718
動態網頁	other_documented	syn-len4-b03-20260718
動物分類	other_documented	syn-len4-b08-20260718
勝任能力	other_documented	syn-len4-b07-20260718
勞動保護	other_documented	syn-len4-b02-20260718
勞動對象	other_documented	syn-len4-b10-20260718
勞動就業	no_stable_near_synonym	syn-len4-b01-20260718
勞動教養	other_documented	syn-len4-b03-20260718
勞動條件	other_documented	syn-len4-b05-20260718
勞動產品	other_documented	syn-len4-b09-20260718
勞動能力	other_documented	syn-len4-b02-20260718
勞斯萊斯	proper_name_or_deixis	syn-len4-b01-20260718
勞資糾紛	other_documented	syn-len4-b05-20260718
勞逸結合	cultural_no_binary	syn-len4-b02-20260718
勢在必行	cultural_no_binary	syn-len4-b01-20260718
勤勞致富	cultural_no_binary	syn-len4-b06-20260718
勤工儉學	no_stable_near_synonym	syn-len4-final-audit-20260718
勤能補拙	cultural_no_binary	syn-len4-b07-20260718
勻速運動	other_documented	syn-len4-b10-20260718
勾魂攝魄	cultural_no_binary	syn-len4-b07-20260718
勿忘國恥	cultural_no_binary	syn-len4-b05-20260718
包打天下	cultural_no_binary	syn-len4-b10-20260718
包治百病	cultural_no_binary	syn-len4-b06-20260718
包皮環切	other_documented	syn-len4-b04-20260718
包頭地區	proper_name_or_deixis	syn-len4-b10-20260718
匈牙利語	proper_name_or_deixis	syn-len4-b06-20260718
匍匐前進	other_documented	syn-len4-b06-20260718
化學分析	other_documented	syn-len4-b02-20260718
化學平衡	other_documented	syn-len4-b06-20260718
化學成分	no_stable_near_synonym	syn-len4-b01-20260718
化學變化	other_documented	syn-len4-b04-20260718
北印度語	proper_name_or_deixis	syn-len4-b07-20260718
北戴河區	proper_name_or_deixis	syn-len4-b04-20260718
北洋水師	proper_name_or_deixis	syn-len4-b05-20260718
區域網絡	other_documented	syn-len4-b08-20260718
十三太保	proper_name_or_deixis	syn-len4-b07-20260718
十二地支	proper_name_or_deixis	syn-len4-b08-20260718
十二時辰	other_documented	syn-len4-b08-20260718
十二生肖	proper_name_or_deixis	syn-len4-b01-20260718
十二經脈	other_documented	syn-len4-b07-20260718
十二點	function_word	syn-top5000-b05-20260718
十四行詩	other_documented	syn-len4-b06-20260718
十里洋場	proper_name_or_deixis	syn-len4-b07-20260718
十面埋伏	cultural_no_binary	syn-len4-b01-20260718
十項全能	other_documented	syn-len4-b05-20260718
十點	function_word	syn-top5000-b06-20260718
千刀萬剮	cultural_no_binary	syn-len4-b05-20260718
千古罪人	cultural_no_binary	syn-len4-b06-20260718
千呼萬喚	cultural_no_binary	syn-len4-b03-20260718
千島羣島	proper_name_or_deixis	syn-len4-b09-20260718
千萬富翁	other_documented	syn-len4-b02-20260718
千金小姐	cultural_no_binary	syn-len4-b03-20260718
千金要方	proper_name_or_deixis	syn-len4-b08-20260718
千錘百鍊	cultural_no_binary	syn-len4-b04-20260718
升官發財	cultural_no_binary	syn-len4-b03-20260718
半坡遺址	proper_name_or_deixis	syn-len4-b10-20260718
半壁江山	cultural_no_binary	syn-len4-b01-20260718
半工半讀	no_stable_near_synonym	syn-len4-final-audit-20260718
半明半暗	other_documented	syn-len4-b10-20260718
半機械化	other_documented	syn-len4-b10-20260718
半老徐娘	cultural_no_binary	syn-len4-b07-20260718
半胱氨酸	other_documented	syn-len4-b03-20260718
半身	function_word	syn-top5000-b04-20260718
卑鄙無恥	cultural_no_binary	syn-len4-b04-20260718
南沙羣島	proper_name_or_deixis	syn-len4-b02-20260718
博士學位	no_stable_near_synonym	syn-len4-b01-20260718
博客寫手	other_documented	syn-len4-b09-20260718
卡布其諾	other_documented	syn-len4-b06-20260718
卡爾加里	proper_name_or_deixis	syn-len4-b05-20260718
印地安納	proper_name_or_deixis	syn-len4-b10-20260718
印度斯坦	proper_name_or_deixis	syn-len4-b10-20260718
印度音樂	other_documented	syn-len4-b09-20260718
危急關頭	no_stable_near_synonym	syn-len4-final-audit-20260718
危機重重	cultural_no_binary	syn-len4-b04-20260718
危重病人	other_documented	syn-len4-b04-20260718
即可	no_stable_near_synonym	syn-top5000-b03-20260718
卵母細胞	no_stable_near_synonym	syn-len4-final-audit-20260718
原子光譜	other_documented	syn-len4-b09-20260718
原子半徑	other_documented	syn-len4-b10-20260718
原子序數	other_documented	syn-len4-b08-20260718
原核生物	other_documented	syn-len4-b08-20260718
原核細胞	other_documented	syn-len4-b10-20260718
厠	function_word	syn-top5000-b03-20260718
去其糟粕	other_documented	syn-len4-b08-20260718
參考價值	other_documented	syn-len4-b02-20260718
參考手冊	no_stable_near_synonym	syn-len4-final-audit-20260718
參考消息	proper_name_or_deixis	syn-len4-b02-20260718
參謀總長	other_documented	syn-len4-b08-20260718
及時行樂	cultural_no_binary	syn-len4-b05-20260718
友好訪問	other_documented	syn-len4-b04-20260718
友誼萬歲	cultural_no_binary	syn-len4-b06-20260718
反動勢力	other_documented	syn-len4-b07-20260718
反射療法	other_documented	syn-len4-b10-20260718
反導系統	other_documented	syn-len4-b04-20260718
反托拉斯	other_documented	syn-len4-b08-20260718
反面教材	cultural_no_binary	syn-len4-b04-20260718
取得一致	other_documented	syn-len4-b07-20260718
受之有愧	cultural_no_binary	syn-len4-b09-20260718
受騙上當	cultural_no_binary	syn-len4-b03-20260718
口不擇言	other_documented	syn-len4-b06-20260718
口乾舌燥	cultural_no_binary	syn-len4-b03-20260718
口交	function_word	syn-top5000-b05-20260718
口口聲聲	cultural_no_binary	syn-len4-b02-20260718
口沫橫飛	other_documented	syn-len4-b08-20260718
口耳相傳	cultural_no_binary	syn-len4-b06-20260718
口腹之慾	other_documented	syn-len4-b07-20260718
口述歷史	other_documented	syn-len4-b06-20260718
口頭文學	other_documented	syn-len4-b10-20260718
口齒不清	other_documented	syn-len4-b05-20260718
口齒清楚	no_stable_near_synonym	syn-len4-final-audit-20260718
古今中外	cultural_no_binary	syn-len4-b01-20260718
古典藝術	other_documented	syn-len4-b06-20260718
古典音樂	no_stable_near_synonym	syn-len4-b01-20260718
古吉拉特	proper_name_or_deixis	syn-len4-b09-20260718
古墓麗影	proper_name_or_deixis	syn-len4-b02-20260718
古希臘語	proper_name_or_deixis	syn-len4-b10-20260718
古文字學	other_documented	syn-len4-b09-20260718
古文觀止	proper_name_or_deixis	syn-len4-b05-20260718
古文運動	other_documented	syn-len4-b09-20260718
古靈精怪	cultural_no_binary	syn-len4-b02-20260718
另一	function_word	syn-top5000-b05-20260718
另當別論	cultural_no_binary	syn-len4-b02-20260718
另行安排	other_documented	syn-len4-b07-20260718
另行通知	other_documented	syn-len4-b02-20260718
另請高明	cultural_no_binary	syn-len4-b10-20260718
另謀出路	no_stable_near_synonym	syn-len4-final-audit-20260718
只會	no_stable_near_synonym	syn-top5000-b02-20260718
只欠東風	cultural_no_binary	syn-len4-b06-20260718
叫醒服務	other_documented	syn-len4-b04-20260718
召之即來	cultural_no_binary	syn-len4-b09-20260718
叮叮	function_word	syn-top5000-b05-20260718
叮叮噹噹	cultural_no_binary	syn-len4-b04-20260718
可供參考	no_stable_near_synonym	syn-len4-final-audit-20260718
可喜可賀	cultural_no_binary	syn-len4-b04-20260718
可圈可點	cultural_no_binary	syn-len4-b01-20260718
可多可少	polysemous_no_stable_sense	syn-len4-b10-20260718
可大可小	cultural_no_binary	syn-len4-b05-20260718
可想而知	no_stable_near_synonym	syn-len4-b01-20260718
可憐巴巴	cultural_no_binary	syn-len4-b03-20260718
可接受性	other_documented	syn-len4-b09-20260718
可移植性	other_documented	syn-len4-b07-20260718
可視電話	other_documented	syn-len4-b03-20260718
可造之材	cultural_no_binary	syn-len4-b09-20260718
右上	function_word	syn-top5000-b05-20260718
司法制度	other_documented	syn-len4-b03-20260718
司法機關	no_stable_near_synonym	syn-len4-b01-20260718
司法獨立	other_documented	syn-len4-b05-20260718
各取所需	cultural_no_binary	syn-len4-b03-20260718
各懷鬼胎	no_stable_near_synonym	syn-len4-final-audit-20260718
各有所長	cultural_no_binary	syn-len4-b04-20260718
各界人士	polysemous_no_stable_sense	syn-len4-b01-20260718
各盡所能	cultural_no_binary	syn-len4-b08-20260718
各路人馬	other_documented	syn-len4-b07-20260718
各領風騷	cultural_no_binary	syn-len4-b05-20260718
吆五喝六	other_documented	syn-len4-b09-20260718
合乎邏輯	other_documented	syn-len4-b05-20260718
合作無間	other_documented	syn-len4-b08-20260718
合成橡膠	other_documented	syn-len4-b03-20260718
吉爾吉斯	proper_name_or_deixis	syn-len4-b05-20260718
吊銷執照	other_documented	syn-len4-b09-20260718
吋	function_word	syn-top5000-b03-20260718
同名同姓	other_documented	syn-len4-b05-20260718
同性相斥	cultural_no_binary	syn-len4-b10-20260718
同歸於盡	cultural_no_binary	syn-len4-b05-20260718
同母異父	other_documented	syn-len4-b02-20260718
同氣連枝	cultural_no_binary	syn-len4-b10-20260718
同父異母	other_documented	syn-len4-b04-20260718
同牀共枕	cultural_no_binary	syn-len4-b04-20260718
同班同學	no_stable_near_synonym	syn-len4-b01-20260718
同等學力	other_documented	syn-len4-b02-20260718
名利雙收	cultural_no_binary	syn-len4-b03-20260718
名譽博士	other_documented	syn-len4-b08-20260718
名譽會長	other_documented	syn-len4-b04-20260718
后羿射日	proper_name_or_deixis	syn-len4-b07-20260718
吐蕃王朝	proper_name_or_deixis	syn-len4-b09-20260718
向巴平措	proper_name_or_deixis	syn-len4-b09-20260718
吔	function_word	syn-top5000-b02-20260718
吖	function_word	syn-top5000-b01-20260718
君主專制	other_documented	syn-len4-b06-20260718
君子之交	cultural_no_binary	syn-len4-b04-20260718
君子協定	other_documented	syn-len4-b08-20260718
君臨天下	cultural_no_binary	syn-len4-b02-20260718
吞噬細胞	other_documented	syn-len4-b07-20260718
吞雲吐霧	polysemous_no_stable_sense	syn-len4-b05-20260718
吟詩作對	other_documented	syn-len4-b08-20260718
吡拉西坦	other_documented	syn-len4-b09-20260718
否定一切	cultural_no_binary	syn-len4-b09-20260718
含笑九泉	cultural_no_binary	syn-len4-b09-20260718
含糊不清	cultural_no_binary	syn-len4-b03-20260718
含苞待放	cultural_no_binary	syn-len4-b03-20260718
吳儂軟語	cultural_no_binary	syn-len4-b07-20260718
吳王闔閭	proper_name_or_deixis	syn-len4-b09-20260718
吳越春秋	proper_name_or_deixis	syn-len4-b08-20260718
吹灰之力	cultural_no_binary	syn-len4-b03-20260718
呢排	function_word	syn-top5000-b03-20260718
呢種	function_word	syn-top5000-b02-20260718
周口地區	proper_name_or_deixis	syn-len4-b08-20260718
周遊世界	cultural_no_binary	syn-len4-b03-20260718
周遊列國	cultural_no_binary	syn-len4-b05-20260718
呯	function_word	syn-top5000-b03-20260718
呱	function_word	syn-top5000-b06-20260718
呵呵	function_word	syn-top5000-b01-20260718
呻吟	no_stable_near_synonym	syn-top5000-final-audit-20260718
呼來喝去	other_documented	syn-len4-b08-20260718
呼吸困難	no_stable_near_synonym	syn-len4-b01-20260718
呼哧呼哧	cultural_no_binary	syn-len4-b06-20260718
命不該絕	polysemous_no_stable_sense	syn-len4-b08-20260718
咁	function_word	syn-top5000-b01-20260718
咁上下	function_word	syn-top5000-b03-20260718
咁鬼	function_word	syn-top5000-b04-20260718
和平共處	no_stable_near_synonym	syn-len4-reaudit-20260719
和平利用	other_documented	syn-len4-b06-20260718
和氣生財	cultural_no_binary	syn-len4-b06-20260718
和而不同	cultural_no_binary	syn-len4-b07-20260718
咔	function_word	syn-top5000-b03-20260718
咕	function_word	syn-top5000-b05-20260718
咖	function_word	syn-top5000-b06-20260718
咖啡	polysemous_no_stable_sense	syn-top5000-b02-20260718
咗	function_word	syn-top5000-b01-20260718
咧開嘴笑	other_documented	syn-len4-b08-20260718
咩	function_word	syn-top5000-b01-20260718
咪	function_word	syn-top5000-b01-20260718
咫尺天涯	cultural_no_binary	syn-len4-b03-20260718
咬舌自盡	other_documented	syn-len4-b09-20260718
咭	function_word	syn-top5000-b02-20260718
品味生活	cultural_no_binary	syn-len4-b03-20260718
品學兼優	cultural_no_binary	syn-len4-b02-20260718
品種改良	no_stable_near_synonym	syn-len4-final-audit-20260718
品質管制	other_documented	syn-len4-b10-20260718
哈巴雪山	proper_name_or_deixis	syn-len4-b07-20260718
哈根達斯	proper_name_or_deixis	syn-len4-b01-20260718
哈特福德	proper_name_or_deixis	syn-len4-b09-20260718
哋	function_word	syn-top5000-b01-20260718
哩個	proper_name_or_deixis	syn-top5000-b01-20260718
哼哼唧唧	cultural_no_binary	syn-len4-b05-20260718
唏哩嘩啦	other_documented	syn-len4-b07-20260718
唔切	function_word	syn-top5000-b03-20260718
唔多唔少	function_word	syn-top5000-b05-20260718
唔知幾	function_word	syn-top5000-b03-20260718
售後服務	no_stable_near_synonym	syn-len4-b01-20260718
唯物史觀	proper_name_or_deixis	syn-len4-b05-20260718
唱片公司	no_stable_near_synonym	syn-len4-b01-20260718
唱獨角戲	other_documented	syn-len4-b07-20260718
唱空城計	cultural_no_binary	syn-len4-b10-20260718
商品價值	other_documented	syn-len4-b05-20260718
商品生產	other_documented	syn-len4-b04-20260718
商業應用	other_documented	syn-len4-b05-20260718
商業版本	other_documented	syn-len4-b08-20260718
商業發票	other_documented	syn-len4-b04-20260718
商業計劃	other_documented	syn-len4-b02-20260718
問題少年	other_documented	syn-len4-b06-20260718
問鼎中原	other_documented	syn-len4-b09-20260718
啓動技術	other_documented	syn-len4-b10-20260718
啞然失笑	cultural_no_binary	syn-len4-b03-20260718
啡	function_word	syn-top5000-b05-20260718
啤	function_word	syn-top5000-b03-20260718
啤住	function_word	syn-top5000-b05-20260718
啤啤	function_word	syn-top5000-b01-20260718
啪	function_word	syn-top5000-b01-20260718
啫	function_word	syn-top5000-b01-20260718
啲	function_word	syn-top5000-b01-20260718
啵	function_word	syn-top5000-b02-20260718
喃喃自語	no_stable_near_synonym	syn-len4-reaudit-20260719
善後事宜	other_documented	syn-len4-b05-20260718
善有善報	cultural_no_binary	syn-len4-b06-20260718
善解人意	cultural_no_binary	syn-len4-b01-20260718
喇	function_word	syn-top5000-b01-20260718
喎	function_word	syn-top5000-b01-20260718
喜怒無常	no_stable_near_synonym	syn-len4-final-audit-20260718
喜新厭舊	cultural_no_binary	syn-len4-b02-20260718
喜極而泣	cultural_no_binary	syn-len4-b03-20260718
喥	function_word	syn-top5000-b05-20260718
喧賓奪主	cultural_no_binary	syn-len4-b04-20260718
喪失殆盡	other_documented	syn-len4-b06-20260718
喪家之犬	cultural_no_binary	syn-len4-b06-20260718
單刀赴會	cultural_no_binary	syn-len4-b05-20260718
單嘢	function_word	syn-top5000-b04-20260718
單核細胞	other_documented	syn-len4-b04-20260718
單模光纖	other_documented	syn-len4-b05-20260718
單純皰疹	no_stable_near_synonym	syn-len4-final-audit-20260718
單身貴族	cultural_no_binary	syn-len4-b02-20260718
單邊主義	other_documented	syn-len4-b08-20260718
喱	function_word	syn-top5000-b01-20260718
喵	function_word	syn-top5000-b01-20260718
喺	function_word	syn-top5000-b01-20260718
嗄	function_word	syn-top5000-b02-20260718
嗚	function_word	syn-top5000-b01-20260718
嗜血桿菌	other_documented	syn-len4-b05-20260718
嗰	function_word	syn-top5000-b01-20260718
嗰次	function_word	syn-top5000-b05-20260718
嗰種	function_word	syn-top5000-b03-20260718
嘅	function_word	syn-top5000-b01-20260718
嘅嘢	other_documented	syn-top5000-b01-20260718
嘅樣	function_word	syn-top5000-b03-20260718
嘅話	function_word	syn-top5000-b02-20260718
嘈喧巴閉	cultural_no_binary	syn-len4-b05-20260718
嘖嘖稱奇	cultural_no_binary	syn-len4-b05-20260718
嘛	function_word	syn-top5000-b01-20260718
嘥	function_word	syn-top5000-b04-20260718
嘩	function_word	syn-top5000-b01-20260718
嘩啦一聲	other_documented	syn-len4-b08-20260718
嘰哩咕嚕	no_stable_near_synonym	syn-len4-final-audit-20260718
嘰嘰咕咕	no_stable_near_synonym	syn-len4-final-audit-20260718
嘴角	no_stable_near_synonym	syn-top5000-final-audit-20260718
噉	function_word	syn-top5000-b01-20260718
噏	function_word	syn-top5000-b03-20260718
噠	function_word	syn-top5000-b04-20260718
噶	function_word	syn-top5000-b04-20260718
噹	function_word	syn-top5000-b01-20260718
噼	function_word	syn-top5000-b01-20260718
嚟㗎	function_word	syn-top5000-b02-20260718
嚟講	function_word	syn-top5000-b02-20260718
嚮	function_word	syn-top5000-b01-20260718
嚴刑峻法	other_documented	syn-len4-b09-20260718
嚴正聲明	cultural_no_binary	syn-len4-b03-20260718
囉	function_word	syn-top5000-b01-20260718
囊中羞澀	cultural_no_binary	syn-len4-b03-20260718
四世同堂	no_stable_near_synonym	syn-len4-b03-20260718
四大名著	proper_name_or_deixis	syn-len4-b02-20260718
四大天王	proper_name_or_deixis	syn-len4-b01-20260718
四大石窟	proper_name_or_deixis	syn-len4-b10-20260718
四大美女	proper_name_or_deixis	syn-len4-b03-20260718
四季如春	cultural_no_binary	syn-len4-b04-20260718
四平地區	proper_name_or_deixis	syn-len4-b10-20260718
四捨五入	other_documented	syn-len4-b04-20260718
四書五經	proper_name_or_deixis	syn-len4-b04-20260718
四氯乙烯	other_documented	syn-len4-b06-20260718
四海一家	cultural_no_binary	syn-len4-b05-20260718
四腳朝天	other_documented	syn-len4-b05-20260718
四處尋找	cultural_no_binary	syn-len4-b03-20260718
四角號碼	other_documented	syn-len4-b08-20260718
四門轎車	other_documented	syn-len4-b02-20260718
四點	function_word	syn-top5000-b04-20260718
回眸一笑	cultural_no_binary	syn-len4-b03-20260718
因式分解	other_documented	syn-len4-b08-20260718
因材施教	cultural_no_binary	syn-len4-b02-20260718
因果關係	no_stable_near_synonym	syn-len4-b01-20260718
因紐特人	proper_name_or_deixis	syn-len4-b10-20260718
因緣際會	cultural_no_binary	syn-len4-b06-20260718
困獸之鬥	cultural_no_binary	syn-len4-b06-20260718
固定價格	other_documented	syn-len4-b09-20260718
固體物理	other_documented	syn-len4-b06-20260718
國事訪問	other_documented	syn-len4-b04-20260718
國內市場	no_stable_near_synonym	syn-len4-b01-20260718
國內生產	other_documented	syn-len4-b02-20260718
國務部長	other_documented	syn-len4-b09-20260718
國土安全	other_documented	syn-len4-b06-20260718
國外市場	no_stable_near_synonym	syn-len4-final-audit-20260718
國家主義	other_documented	syn-len4-b06-20260718
國家代碼	other_documented	syn-len4-b08-20260718
國家公園	other_documented	syn-len4-b02-20260718
國家利益	no_stable_near_synonym	syn-len4-b01-20260718
國家制度	other_documented	syn-len4-b06-20260718
國家安全	other_documented	syn-len4-b01-20260718
國家標準	other_documented	syn-len4-b01-20260718
國家機器	other_documented	syn-len4-b04-20260718
國家機密	other_documented	syn-len4-b03-20260718
國家權力	other_documented	syn-len4-b02-20260718
國家考試	other_documented	syn-len4-b06-20260718
國家興亡	cultural_no_binary	syn-len4-b08-20260718
國家銀行	other_documented	syn-len4-b05-20260718
國家預算	no_stable_near_synonym	syn-len4-final-audit-20260718
國家體委	proper_name_or_deixis	syn-len4-b06-20260718
國會議員	other_documented	syn-len4-b03-20260718
國民大會	proper_name_or_deixis	syn-len4-b07-20260718
國民收入	other_documented	syn-len4-b02-20260718
國民經濟	no_stable_near_synonym	syn-len4-b01-20260718
國立大學	other_documented	syn-len4-b02-20260718
國計民生	other_documented	syn-len4-b02-20260718
國際公約	other_documented	syn-len4-b03-20260718
國際慣例	no_stable_near_synonym	syn-len4-b01-20260718
國際新聞	other_documented	syn-len4-b02-20260718
國際標準	no_stable_near_synonym	syn-len4-b01-20260718
國際機場	no_stable_near_synonym	syn-len4-b01-20260718
國際經濟	no_stable_near_synonym	syn-len4-final-audit-20260718
國際聯盟	proper_name_or_deixis	syn-len4-b06-20260718
國際足聯	proper_name_or_deixis	syn-len4-b01-20260718
國際跳棋	other_documented	syn-len4-b10-20260718
國際都市	other_documented	syn-len4-b08-20260718
國際關係	no_stable_near_synonym	syn-len4-b01-20260718
國際音標	other_documented	syn-len4-b03-20260718
圓錐曲線	other_documented	syn-len4-b07-20260718
圖形界面	other_documented	syn-len4-b02-20260718
圖騰崇拜	other_documented	syn-len4-b07-20260718
團團圍住	cultural_no_binary	syn-len4-b03-20260718
團隊精神	other_documented	syn-len4-b01-20260718
土耳其語	other_documented	syn-len4-b05-20260718
在商言商	cultural_no_binary	syn-len4-b08-20260718
在真空中	other_documented	syn-len4-b07-20260718
地下錢莊	other_documented	syn-len4-b04-20260718
地主之誼	cultural_no_binary	syn-len4-b06-20260718
地主家庭	other_documented	syn-len4-b10-20260718
地區衝突	other_documented	syn-len4-b09-20260718
地圖	no_stable_near_synonym	syn-top5000-b02-20260718
地心吸力	other_documented	syn-len4-b02-20260718
地方停車	other_documented	syn-len4-b09-20260718
地方國營	other_documented	syn-len4-b07-20260718
地方政府	no_stable_near_synonym	syn-len4-b01-20260718
地方武裝	other_documented	syn-len4-b07-20260718
地方法院	other_documented	syn-len4-b03-20260718
地方自治	other_documented	syn-len4-b06-20260718
地殼運動	other_documented	syn-len4-b05-20260718
地熱資源	other_documented	syn-len4-b06-20260718
地球大氣	other_documented	syn-len4-b05-20260718
地理位置	no_stable_near_synonym	syn-len4-b01-20260718
地理環境	no_stable_near_synonym	syn-len4-b01-20260718
地緣戰略	no_stable_near_synonym	syn-len4-reaudit-20260719
地緣政治	no_stable_near_synonym	syn-len4-reaudit-20260719
地震預報	other_documented	syn-len4-b04-20260718
坦白從寬	cultural_no_binary	syn-len4-b06-20260718
垂直搜索	other_documented	syn-len4-b05-20260718
垂簾聽政	cultural_no_binary	syn-len4-b07-20260718
埃德蒙頓	proper_name_or_deixis	syn-len4-b06-20260718
城市熱島	other_documented	syn-len4-b09-20260718
城市貧民	other_documented	syn-len4-b09-20260718
域名	polysemous_no_stable_sense	syn-top5000-b02-20260718
域名搶注	other_documented	syn-len4-b07-20260718
域名註冊	no_stable_near_synonym	syn-len4-b01-20260718
執政方式	other_documented	syn-len4-b07-20260718
執行董事	no_stable_near_synonym	syn-len4-b01-20260718
基因突變	other_documented	syn-len4-b02-20260718
基地組織	proper_name_or_deixis	syn-len4-b03-20260718
基尼係數	proper_name_or_deixis	syn-len4-b05-20260718
基底動脈	other_documented	syn-len4-b06-20260718
基本單位	other_documented	syn-len4-b04-20260718
基本國策	other_documented	syn-len4-b03-20260718
基本矛盾	other_documented	syn-len4-b06-20260718
基本粒子	other_documented	syn-len4-b06-20260718
基本詞彙	other_documented	syn-len4-b08-20260718
基礎代謝	other_documented	syn-len4-b05-20260718
基礎問題	no_stable_near_synonym	syn-len4-reaudit-20260719
基礎結構	other_documented	syn-len4-b05-20260718
基里巴斯	proper_name_or_deixis	syn-len4-b08-20260718
堂吉訶德	proper_name_or_deixis	syn-len4-b03-20260718
堅壁清野	cultural_no_binary	syn-len4-b08-20260718
報刊雜誌	other_documented	syn-len4-b02-20260718
塔城地區	proper_name_or_deixis	syn-len4-b03-20260718
塔里木河	proper_name_or_deixis	syn-len4-b04-20260718
塞翁失馬	cultural_no_binary	syn-len4-b04-20260718
填字遊戲	other_documented	syn-len4-b06-20260718
填海造地	other_documented	syn-len4-b10-20260718
塵土飛揚	cultural_no_binary	syn-len4-b03-20260718
增長速度	no_stable_near_synonym	syn-len4-b01-20260718
壓寨夫人	cultural_no_binary	syn-len4-b07-20260718
壓縮空氣	other_documented	syn-len4-b02-20260718
壟斷市場	other_documented	syn-len4-b06-20260718
士農工商	cultural_no_binary	syn-len4-b10-20260718
夏目漱石	proper_name_or_deixis	syn-len4-b09-20260718
夕陽西下	cultural_no_binary	syn-len4-b02-20260718
外交關係	other_documented	syn-len4-b03-20260718
外來物種	other_documented	syn-len4-b07-20260718
外剛內柔	cultural_no_binary	syn-len4-b09-20260718
外力作用	other_documented	syn-len4-b06-20260718
外勤人員	other_documented	syn-len4-b10-20260718
外匯收入	other_documented	syn-len4-b06-20260718
外圓內方	cultural_no_binary	syn-len4-b09-20260718
外幣存款	other_documented	syn-len4-b05-20260718
外強中乾	cultural_no_binary	syn-len4-b06-20260718
外生殖器	other_documented	syn-len4-b04-20260718
外界壓力	other_documented	syn-len4-b08-20260718
外界影響	other_documented	syn-len4-b07-20260718
外科手術	no_stable_near_synonym	syn-len4-b01-20260718
外科醫生	other_documented	syn-len4-b02-20260718
外籍人士	other_documented	syn-len4-b03-20260718
外籍華人	other_documented	syn-len4-b08-20260718
外賣	no_stable_near_synonym	syn-top5000-b04-20260718
外部連接	other_documented	syn-len4-b05-20260718
外部鏈接	other_documented	syn-len4-b02-20260718
多事之秋	cultural_no_binary	syn-len4-b03-20260718
多位	function_word	syn-top5000-b04-20260718
多個	function_word	syn-top5000-b02-20260718
多功能表	other_documented	syn-len4-b07-20260718
多勞多得	cultural_no_binary	syn-len4-b05-20260718
多嘢	function_word	syn-top5000-b02-20260718
多國部隊	other_documented	syn-len4-b07-20260718
多子多福	cultural_no_binary	syn-len4-b10-20260718
多得	function_word	syn-top5000-b05-20260718
多模光纖	other_documented	syn-len4-b05-20260718
多種經營	other_documented	syn-len4-b03-20260718
多米尼克	proper_name_or_deixis	syn-len4-b04-20260718
多胎妊娠	other_documented	syn-len4-b09-20260718
多退少補	other_documented	syn-len4-b07-20260718
多邊合作	other_documented	syn-len4-b09-20260718
多重選擇	other_documented	syn-len4-b10-20260718
多難興邦	cultural_no_binary	syn-len4-b06-20260718
夜不歸宿	cultural_no_binary	syn-len4-b04-20260718
夜夜笙歌	cultural_no_binary	syn-len4-b06-20260718
夜貓	no_stable_near_synonym	syn-top5000-b04-20260718
夢溪筆談	proper_name_or_deixis	syn-len4-b06-20260718
大不如前	cultural_no_binary	syn-len4-b04-20260718
大事不妙	cultural_no_binary	syn-len4-b06-20260718
大事化小	cultural_no_binary	syn-len4-b05-20260718
大便乾燥	no_stable_near_synonym	syn-len4-final-audit-20260718
大受歡迎	cultural_no_binary	syn-len4-b03-20260718
大可不必	cultural_no_binary	syn-len4-b01-20260718
大吉利是	no_stable_near_synonym	syn-len4-final-audit-20260718
大同世界	cultural_no_binary	syn-len4-b08-20260718
大喝一聲	cultural_no_binary	syn-len4-b02-20260718
大地回春	other_documented	syn-len4-b09-20260718
大型企業	no_stable_near_synonym	syn-len4-b01-20260718
大失所望	cultural_no_binary	syn-len4-b03-20260718
大學	polysemous_no_stable_sense	syn-top5000-b01-20260718
大寫字母	other_documented	syn-len4-b05-20260718
大將之風	cultural_no_binary	syn-len4-b08-20260718
大專學生	other_documented	syn-len4-b10-20260718
大專院校	no_stable_near_synonym	syn-len4-b01-20260718
大小姐	no_stable_near_synonym	syn-top5000-final-audit-20260718
大幹一場	cultural_no_binary	syn-len4-b04-20260718
大打折扣	cultural_no_binary	syn-len4-b01-20260718
大提琴手	other_documented	syn-len4-b09-20260718
大放厥詞	cultural_no_binary	syn-len4-b05-20260718
大放異彩	cultural_no_binary	syn-len4-b02-20260718
大日如來	proper_name_or_deixis	syn-len4-b06-20260718
大是大非	cultural_no_binary	syn-len4-b05-20260718
大材小用	cultural_no_binary	syn-len4-b06-20260718
大權在握	cultural_no_binary	syn-len4-b06-20260718
大氣環流	other_documented	syn-len4-b06-20260718
大漢民族	other_documented	syn-len4-b10-20260718
大田作物	other_documented	syn-len4-b08-20260718
大病初癒	other_documented	syn-len4-b05-20260718
大禹治水	proper_name_or_deixis	syn-len4-b04-20260718
大而化之	cultural_no_binary	syn-len4-b06-20260718
大舉進攻	other_documented	syn-len4-b05-20260718
大談特談	other_documented	syn-len4-b07-20260718
大開殺戒	cultural_no_binary	syn-len4-b03-20260718
大陸漂移	other_documented	syn-len4-b10-20260718
大雅之堂	cultural_no_binary	syn-len4-b04-20260718
大雪紛飛	cultural_no_binary	syn-len4-b04-20260718
大駕光臨	other_documented	syn-len4-b05-20260718
大魚大肉	cultural_no_binary	syn-len4-b03-20260718
大鳴大放	cultural_no_binary	syn-len4-b10-20260718
天下一家	cultural_no_binary	syn-len4-b09-20260718
天主教徒	other_documented	syn-len4-b04-20260718
天主教會	proper_name_or_deixis	syn-len4-b06-20260718
天人交戰	cultural_no_binary	syn-len4-b08-20260718
天人合一	cultural_no_binary	syn-len4-b01-20260718
天人永隔	other_documented	syn-len4-b08-20260718
天使	no_stable_near_synonym	syn-top5000-b02-20260718
天冬氨酸	other_documented	syn-len4-b06-20260718
天地不容	other_documented	syn-len4-b08-20260718
天地良心	cultural_no_binary	syn-len4-b07-20260718
天地萬物	cultural_no_binary	syn-len4-b03-20260718
天外來客	cultural_no_binary	syn-len4-b05-20260718
天外有天	cultural_no_binary	syn-len4-b05-20260718
天妒英才	cultural_no_binary	syn-len4-b07-20260718
天干地支	other_documented	syn-len4-b06-20260718
天打雷劈	cultural_no_binary	syn-len4-b06-20260718
天文單位	other_documented	syn-len4-b10-20260718
天星碼頭	proper_name_or_deixis	syn-len4-b10-20260718
天氣形勢	other_documented	syn-len4-b09-20260718
天然橡膠	other_documented	syn-len4-b02-20260718
天然纖維	other_documented	syn-len4-b04-20260718
天然資源	other_documented	syn-len4-b07-20260718
天線寶寶	proper_name_or_deixis	syn-len4-b02-20260718
天誅地滅	cultural_no_binary	syn-len4-b06-20260718
天賜良緣	cultural_no_binary	syn-len4-b03-20260718
天造地設	cultural_no_binary	syn-len4-b05-20260718
天體物理	other_documented	syn-len4-b05-20260718
太僕寺旗	proper_name_or_deixis	syn-len4-b05-20260718
太大	no_stable_near_synonym	syn-top5000-b03-20260718
太好	no_stable_near_synonym	syn-top5000-b04-20260718
太平紳士	cultural_no_binary	syn-len4-b09-20260718
太空舞步	other_documented	syn-len4-b08-20260718
太空行走	other_documented	syn-len4-b03-20260718
太陽活動	other_documented	syn-len4-b07-20260718
太陽能板	other_documented	syn-len4-b07-20260718
太陽輻射	other_documented	syn-len4-b04-20260718
太陽黑子	other_documented	syn-len4-b06-20260718
夫妻反目	other_documented	syn-len4-b10-20260718
失效日期	other_documented	syn-len4-b07-20260718
失物招領	other_documented	syn-len4-b02-20260718
失而復得	cultural_no_binary	syn-len4-b02-20260718
失道寡助	cultural_no_binary	syn-len4-b10-20260718
夾起尾巴	cultural_no_binary	syn-len4-b10-20260718
奇文共賞	cultural_no_binary	syn-len4-b10-20260718
奇花異草	cultural_no_binary	syn-len4-b04-20260718
奇醜無比	other_documented	syn-len4-b07-20260718
奇門遁甲	proper_name_or_deixis	syn-len4-b03-20260718
奇風異俗	other_documented	syn-len4-b08-20260718
奉命行事	cultural_no_binary	syn-len4-b09-20260718
奏鳴曲式	other_documented	syn-len4-b10-20260718
奔走呼號	other_documented	syn-len4-b09-20260718
奧匈帝國	proper_name_or_deixis	syn-len4-b07-20260718
奪眶而出	cultural_no_binary	syn-len4-b03-20260718
奪門而出	cultural_no_binary	syn-len4-b06-20260718
女士優先	cultural_no_binary	syn-len4-b06-20260718
女媧補天	proper_name_or_deixis	syn-len4-b05-20260718
女扮男裝	cultural_no_binary	syn-len4-b03-20260718
女權運動	no_stable_near_synonym	syn-len4-final-audit-20260718
女流之輩	no_stable_near_synonym	syn-len4-final-audit-20260718
女繼承人	other_documented	syn-len4-b10-20260718
奴隸制度	other_documented	syn-len4-b08-20260718
她們	function_word	syn-top5000-b04-20260718
好人難做	cultural_no_binary	syn-len4-b08-20260718
好勇鬥狠	other_documented	syn-len4-b08-20260718
好好睇睇	no_stable_near_synonym	syn-len4-b01-20260718
好言相勸	other_documented	syn-len4-b06-20260718
如假包換	no_stable_near_synonym	syn-len4-final-audit-20260718
如履平地	cultural_no_binary	syn-len4-b07-20260718
如意算盤	cultural_no_binary	syn-len4-b03-20260718
如意郎君	cultural_no_binary	syn-len4-b05-20260718
如是	function_word	syn-top5000-b04-20260718
如詩如畫	cultural_no_binary	syn-len4-b03-20260718
妙手空空	cultural_no_binary	syn-len4-b09-20260718
妙筆生花	cultural_no_binary	syn-len4-b05-20260718
妙齡少女	cultural_no_binary	syn-len4-b04-20260718
妥善處理	no_stable_near_synonym	syn-len4-b01-20260718
妳	proper_name_or_deixis	syn-top5000-b01-20260718
始亂終棄	cultural_no_binary	syn-len4-b05-20260718
姑息養奸	cultural_no_binary	syn-len4-b09-20260718
委以重任	cultural_no_binary	syn-len4-b05-20260718
委屈求全	cultural_no_binary	syn-len4-b06-20260718
姦夫淫婦	cultural_no_binary	syn-len4-b07-20260718
威風八面	no_stable_near_synonym	syn-len4-reaudit-20260719
娛樂場所	no_stable_near_synonym	syn-len4-b01-20260718
娛樂節目	no_stable_near_synonym	syn-len4-b01-20260718
婆羅門教	proper_name_or_deixis	syn-len4-b08-20260718
婚喪喜慶	cultural_no_binary	syn-len4-b10-20260718
婚生子女	other_documented	syn-len4-b10-20260718
婦人之仁	cultural_no_binary	syn-len4-b08-20260718
婦女運動	no_stable_near_synonym	syn-len4-final-audit-20260718
婦科醫生	other_documented	syn-len4-b04-20260718
婦道人家	no_stable_near_synonym	syn-len4-final-audit-20260718
嫁狗隨狗	cultural_no_binary	syn-len4-b10-20260718
嫁雞隨雞	cultural_no_binary	syn-len4-b08-20260718
嫌貧愛富	cultural_no_binary	syn-len4-b05-20260718
嫦娥奔月	proper_name_or_deixis	syn-len4-b04-20260718
嬉笑怒罵	cultural_no_binary	syn-len4-b04-20260718
嬴	no_stable_near_synonym	syn-top5000-b05-20260718
子宮頸癌	other_documented	syn-len4-b03-20260718
孔子家語	proper_name_or_deixis	syn-len4-b09-20260718
孔武有力	other_documented	syn-len4-b08-20260718
孔融讓梨	proper_name_or_deixis	syn-len4-b09-20260718
孔雀開屏	proper_name_or_deixis	syn-len4-b05-20260718
孖	function_word	syn-top5000-b02-20260718
字正腔圓	other_documented	syn-len4-b06-20260718
字母順序	other_documented	syn-len4-b05-20260718
存在主義	other_documented	syn-len4-b04-20260718
孝子賢孫	cultural_no_binary	syn-len4-b10-20260718
孟加拉語	proper_name_or_deixis	syn-len4-b10-20260718
孟德斯鳩	proper_name_or_deixis	syn-len4-b05-20260718
孟母三遷	proper_name_or_deixis	syn-len4-b08-20260718
季風氣候	other_documented	syn-len4-b03-20260718
孤男寡女	cultural_no_binary	syn-len4-b05-20260718
孤立主義	other_documented	syn-len4-b10-20260718
孤膽英雄	cultural_no_binary	syn-len4-b05-20260718
孤魂野鬼	cultural_no_binary	syn-len4-b04-20260718
孫臏兵法	proper_name_or_deixis	syn-len4-b09-20260718
孰真孰假	polysemous_no_stable_sense	syn-len4-b10-20260718
孰能無過	cultural_no_binary	syn-len4-b10-20260718
學以致用	cultural_no_binary	syn-len4-b03-20260718
學位論文	no_stable_near_synonym	syn-len4-b01-20260718
學位證書	other_documented	syn-len4-b02-20260718
學士學位	no_stable_near_synonym	syn-len4-b01-20260718
學富五車	cultural_no_binary	syn-len4-b06-20260718
學成歸國	cultural_no_binary	syn-len4-b09-20260718
學校同學	no_stable_near_synonym	syn-len4-final-audit-20260718
學校成績	other_documented	syn-len4-b09-20260718
學無止境	cultural_no_binary	syn-len4-b05-20260718
學生手冊	other_documented	syn-len4-b08-20260718
學習計劃	other_documented	syn-len4-b02-20260718
學而不思	polysemous_no_stable_sense	syn-len4-b09-20260718
學術研究	no_stable_near_synonym	syn-len4-b01-20260718
學術自由	other_documented	syn-len4-b06-20260718
孿生兄弟	other_documented	syn-len4-b03-20260718
宅心仁厚	cultural_no_binary	syn-len4-b09-20260718
守土有責	cultural_no_binary	syn-len4-b10-20260718
守恆定律	other_documented	syn-len4-b04-20260718
守身如玉	cultural_no_binary	syn-len4-b06-20260718
安全措施	no_stable_near_synonym	syn-len4-b01-20260718
安全電壓	other_documented	syn-len4-b09-20260718
安安心心	cultural_no_binary	syn-len4-b04-20260718
安慶地區	proper_name_or_deixis	syn-len4-b10-20260718
安步當車	cultural_no_binary	syn-len4-b10-20260718
安非他命	other_documented	syn-len4-b09-20260718
完全兼容	other_documented	syn-len4-b05-20260718
完全變態	other_documented	syn-len4-b08-20260718
宗教法庭	other_documented	syn-len4-b10-20260718
官僚資本	other_documented	syn-len4-b06-20260718
官商勾結	cultural_no_binary	syn-len4-b03-20260718
官宦人家	cultural_no_binary	syn-len4-b09-20260718
定向越野	other_documented	syn-len4-b06-20260718
客服	no_stable_near_synonym	syn-top5000-final-audit-20260718
客觀世界	other_documented	syn-len4-b03-20260718
客觀真理	other_documented	syn-len4-b10-20260718
宣傳教育	no_stable_near_synonym	syn-len4-b01-20260718
室內設計	no_stable_near_synonym	syn-len4-b01-20260718
宮保雞丁	proper_name_or_deixis	syn-len4-b03-20260718
害人不淺	cultural_no_binary	syn-len4-b05-20260718
家常豆腐	other_documented	syn-len4-b09-20260718
家庭主夫	other_documented	syn-len4-b10-20260718
家庭主婦	other_documented	syn-len4-b02-20260718
家庭教師	no_stable_near_synonym	syn-len4-reaudit-20260719
家庭計劃	other_documented	syn-len4-b08-20260718
家用電腦	other_documented	syn-len4-b02-20260718
家頭細務	cultural_no_binary	syn-len4-b09-20260718
容量分析	other_documented	syn-len4-b05-20260718
宿舍	no_stable_near_synonym	syn-top5000-b04-20260718
密碼保護	other_documented	syn-len4-b01-20260718
富家子弟	cultural_no_binary	syn-len4-b03-20260718
富貴在天	cultural_no_binary	syn-len4-b09-20260718
富貴逼人	cultural_no_binary	syn-len4-b08-20260718
寒光閃閃	other_documented	syn-len4-b07-20260718
寒風刺骨	other_documented	syn-len4-b07-20260718
實不相瞞	cultural_no_binary	syn-len4-b10-20260718
實屬不易	cultural_no_binary	syn-len4-b04-20260718
實況錄音	other_documented	syn-len4-b10-20260718
實至名歸	cultural_no_binary	syn-len4-b03-20260718
實變函數	other_documented	syn-len4-b09-20260718
寧波地區	proper_name_or_deixis	syn-len4-b04-20260718
寧靜致遠	cultural_no_binary	syn-len4-b04-20260718
審美活動	other_documented	syn-len4-b08-20260718
審美疲勞	cultural_no_binary	syn-len4-b02-20260718
寬衣解帶	cultural_no_binary	syn-len4-b05-20260718
寵愛有加	cultural_no_binary	syn-len4-b06-20260718
寵物	no_stable_near_synonym	syn-top5000-b03-20260718
寶刀未老	cultural_no_binary	syn-len4-b05-20260718
寸土寸金	cultural_no_binary	syn-len4-b05-20260718
寸土必爭	cultural_no_binary	syn-len4-b09-20260718
寸步不讓	other_documented	syn-len4-b08-20260718
封建思想	other_documented	syn-len4-b05-20260718
封頂儀式	other_documented	syn-len4-b10-20260718
射出	no_stable_near_synonym	syn-top5000-b05-20260718
將我	function_word	syn-top5000-b02-20260718
將計就計	cultural_no_binary	syn-len4-b02-20260718
將門虎子	cultural_no_binary	syn-len4-b10-20260718
專員公署	proper_name_or_deixis	syn-len4-b06-20260718
專家系統	other_documented	syn-len4-b02-20260718
專家評價	other_documented	syn-len4-b08-20260718
專家評論	other_documented	syn-len4-b02-20260718
專案小組	other_documented	syn-len4-b09-20260718
專業人士	no_stable_near_synonym	syn-len4-b01-20260718
專業教育	other_documented	syn-len4-b03-20260718
專業精神	no_stable_near_synonym	syn-len4-final-audit-20260718
專業組織	other_documented	syn-len4-b07-20260718
專欄作家	other_documented	syn-len4-b02-20260718
專線電話	other_documented	syn-len4-b04-20260718
專門人員	other_documented	syn-len4-b05-20260718
專題報告	other_documented	syn-len4-b02-20260718
專題研究	other_documented	syn-len4-b01-20260718
尊姓大名	other_documented	syn-len4-b07-20260718
尊師重道	no_stable_near_synonym	syn-len4-final-audit-20260718
尊老愛幼	cultural_no_binary	syn-len4-b04-20260718
尋尋覓覓	cultural_no_binary	syn-len4-b02-20260718
對數函數	other_documented	syn-len4-b08-20260718
對症下藥	cultural_no_binary	syn-len4-b01-20260718
對簿公堂	cultural_no_binary	syn-len4-b04-20260718
對酒當歌	cultural_no_binary	syn-len4-b04-20260718
導彈潛艇	other_documented	syn-len4-b10-20260718
導彈系統	other_documented	syn-len4-b05-20260718
導航系統	no_stable_near_synonym	syn-len4-b01-20260718
小亞細亞	proper_name_or_deixis	syn-len4-b07-20260718
小國寡民	cultural_no_binary	syn-len4-b10-20260718
小恩小惠	cultural_no_binary	syn-len4-b07-20260718
小蘿蔔頭	other_documented	syn-len4-b07-20260718
小行星帶	other_documented	syn-len4-b09-20260718
小鳥依人	cultural_no_binary	syn-len4-b03-20260718
小麥胚芽	other_documented	syn-len4-b04-20260718
少兒不宜	cultural_no_binary	syn-len4-b04-20260718
少管閒事	cultural_no_binary	syn-len4-b10-20260718
尖嘴猴腮	cultural_no_binary	syn-len4-b08-20260718
就事論事	cultural_no_binary	syn-len4-b01-20260718
就地取材	cultural_no_binary	syn-len4-b05-20260718
就好	function_word	syn-top5000-b03-20260718
就職演講	other_documented	syn-len4-b07-20260718
尾大不掉	cultural_no_binary	syn-len4-b09-20260718
居住環境	no_stable_near_synonym	syn-len4-final-audit-20260718
屋頂花園	other_documented	syn-len4-b03-20260718
屌	polysemous_no_stable_sense	syn-top5000-b01-20260718
屍橫遍野	cultural_no_binary	syn-len4-b06-20260718
屏氣凝神	other_documented	syn-len4-b09-20260718
展望未來	cultural_no_binary	syn-len4-b03-20260718
展翅高飛	cultural_no_binary	syn-len4-b04-20260718
屢建奇功	other_documented	syn-len4-b09-20260718
屢戰屢敗	cultural_no_binary	syn-len4-b04-20260718
屢敗屢戰	cultural_no_binary	syn-len4-b05-20260718
屢禁不絕	other_documented	syn-len4-b09-20260718
屢試不爽	cultural_no_binary	syn-len4-b04-20260718
山崩地裂	cultural_no_binary	syn-len4-b04-20260718
山盟海誓	cultural_no_binary	syn-len4-b02-20260718
山羊鬍子	other_documented	syn-len4-b08-20260718
山長水遠	cultural_no_binary	syn-len4-b01-20260718
山雨欲來	cultural_no_binary	syn-len4-b02-20260718
山高水遠	cultural_no_binary	syn-len4-b10-20260718
崇洋媚外	cultural_no_binary	syn-len4-b02-20260718
崇高理想	no_stable_near_synonym	syn-len4-final-audit-20260718
崗位培訓	other_documented	syn-len4-b02-20260718
崢嶸歲月	cultural_no_binary	syn-len4-b03-20260718
嵊泗列島	proper_name_or_deixis	syn-len4-b08-20260718
巍然屹立	other_documented	syn-len4-b06-20260718
州官放火	cultural_no_binary	syn-len4-b09-20260718
巡回法庭	other_documented	syn-len4-b09-20260718
巢湖地區	proper_name_or_deixis	syn-len4-b10-20260718
工人階級	other_documented	syn-len4-b01-20260718
工業中心	other_documented	syn-len4-b06-20260718
工業化學	other_documented	syn-len4-b09-20260718
工業學校	other_documented	syn-len4-b02-20260718
工業時代	other_documented	syn-len4-b04-20260718
工業設計	no_stable_near_synonym	syn-len4-b01-20260718
工科大學	no_stable_near_synonym	syn-len4-final-audit-20260718
工科學生	other_documented	syn-len4-b10-20260718
工程設計	no_stable_near_synonym	syn-len4-b01-20260718
工程項目	no_stable_near_synonym	syn-len4-b01-20260718
左上	function_word	syn-top5000-b03-20260718
左擁右抱	cultural_no_binary	syn-len4-b04-20260718
巨噬細胞	other_documented	syn-len4-b02-20260718
差分方程	other_documented	syn-len4-b08-20260718
差別待遇	other_documented	syn-len4-b08-20260718
巴山夜雨	proper_name_or_deixis	syn-len4-b06-20260718
巴山蜀水	proper_name_or_deixis	syn-len4-b07-20260718
巴膠	function_word	syn-top5000-b05-20260718
市井小民	other_documented	syn-len4-b08-20260718
市場機制	no_stable_near_synonym	syn-len4-b01-20260718
市場準入	no_stable_near_synonym	syn-len4-b01-20260718
市民社會	other_documented	syn-len4-b04-20260718
布朗運動	proper_name_or_deixis	syn-len4-b09-20260718
希伯來人	proper_name_or_deixis	syn-len4-b08-20260718
希伯來書	proper_name_or_deixis	syn-len4-b08-20260718
希伯來語	other_documented	syn-len4-b05-20260718
帖子	polysemous_no_stable_sense	syn-top5000-b02-20260718
帝國主義	other_documented	syn-len4-b01-20260718
師兄	no_stable_near_synonym	syn-top5000-final-audit-20260718
師出有名	cultural_no_binary	syn-len4-b09-20260718
師姐	polysemous_no_stable_sense	syn-top5000-b01-20260718
席地而坐	cultural_no_binary	syn-len4-b04-20260718
帶薪休假	no_stable_near_synonym	syn-len4-b02-20260718
常染色體	other_documented	syn-len4-b06-20260718
常見問題	no_stable_near_synonym	syn-len4-b01-20260718
常規戰爭	other_documented	syn-len4-b10-20260718
帽子戲法	cultural_no_binary	syn-len4-b02-20260718
平均速度	other_documented	syn-len4-b05-20260718
平安夜	no_stable_near_synonym	syn-top5000-b04-20260718
平心而論	cultural_no_binary	syn-len4-b06-20260718
平板玻璃	other_documented	syn-len4-b04-20260718
平津戰役	proper_name_or_deixis	syn-len4-b06-20260718
平版印刷	other_documented	syn-len4-b08-20260718
平面設計	no_stable_near_synonym	syn-len4-b01-20260718
年年有餘	cultural_no_binary	syn-len4-b06-20260718
年老色衰	cultural_no_binary	syn-len4-b07-20260718
年輕貌美	cultural_no_binary	syn-len4-b04-20260718
幸福家庭	other_documented	syn-len4-b03-20260718
幸運抽獎	other_documented	syn-len4-b07-20260718
幾個	function_word	syn-top5000-b01-20260718
幾咁	function_word	syn-top5000-b02-20260718
幾大	function_word	syn-top5000-b04-20260718
幾日	function_word	syn-top5000-b02-20260718
幾次	function_word	syn-top5000-b03-20260718
幾步	function_word	syn-top5000-b04-20260718
底格里斯	proper_name_or_deixis	syn-len4-b08-20260718
底褲	polysemous_no_stable_sense	syn-top5000-b01-20260718
庖丁解牛	cultural_no_binary	syn-len4-b07-20260718
庫克羣島	proper_name_or_deixis	syn-len4-b09-20260718
庫存現金	other_documented	syn-len4-b06-20260718
庭外和解	no_stable_near_synonym	syn-len4-final-audit-20260718
康熙字典	proper_name_or_deixis	syn-len4-b05-20260718
廠家直銷	other_documented	syn-len4-b01-20260718
廣告條幅	other_documented	syn-len4-b10-20260718
廣播地址	other_documented	syn-len4-b09-20260718
廣泛影響	other_documented	syn-len4-b05-20260718
廣結善緣	cultural_no_binary	syn-len4-b08-20260718
廣開言路	cultural_no_binary	syn-len4-b08-20260718
延安地區	proper_name_or_deixis	syn-len4-b10-20260718
延邊地區	proper_name_or_deixis	syn-len4-b09-20260718
建築公司	no_stable_near_synonym	syn-len4-b01-20260718
建築面積	no_stable_near_synonym	syn-len4-b01-20260718
廿	function_word	syn-top5000-b04-20260718
廿四小時	other_documented	syn-len4-b09-20260718
引咎辭職	cultural_no_binary	syn-len4-b04-20260718
引導扇區	other_documented	syn-len4-b07-20260718
引水工程	other_documented	syn-len4-b06-20260718
引火燒身	cultural_no_binary	syn-len4-b06-20260718
弗蘭西斯	proper_name_or_deixis	syn-len4-b08-20260718
弱肉強食	cultural_no_binary	syn-len4-b02-20260718
強忍悲痛	cultural_no_binary	syn-len4-b09-20260718
強烈願望	other_documented	syn-len4-b04-20260718
強買強賣	cultural_no_binary	syn-len4-b05-20260718
強身健體	cultural_no_binary	syn-len4-b02-20260718
強迫觀念	other_documented	syn-len4-b10-20260718
彈丸之地	cultural_no_binary	syn-len4-b06-20260718
彌勒菩薩	proper_name_or_deixis	syn-len4-b06-20260718
形勢逼人	cultural_no_binary	syn-len4-b10-20260718
形同陌路	cultural_no_binary	syn-len4-b03-20260718
形式邏輯	other_documented	syn-len4-b06-20260718
形跡可疑	other_documented	syn-len4-b07-20260718
往事如風	cultural_no_binary	syn-len4-b05-20260718
後事之師	cultural_no_binary	syn-len4-b10-20260718
後人乘涼	cultural_no_binary	syn-len4-b10-20260718
後會有期	cultural_no_binary	syn-len4-b06-20260718
後會無期	cultural_no_binary	syn-len4-b07-20260718
後知後覺	cultural_no_binary	syn-len4-b02-20260718
後繼有人	cultural_no_binary	syn-len4-b04-20260718
後西遊記	proper_name_or_deixis	syn-len4-b10-20260718
後起之秀	cultural_no_binary	syn-len4-b03-20260718
後進先出	other_documented	syn-len4-b10-20260718
後院起火	cultural_no_binary	syn-len4-b06-20260718
後顧之憂	cultural_no_binary	syn-len4-b01-20260718
徐娘半老	cultural_no_binary	syn-len4-b09-20260718
得切	function_word	syn-top5000-b05-20260718
得多	function_word	syn-top5000-b02-20260718
得滯	function_word	syn-top5000-b05-20260718
得而復失	cultural_no_binary	syn-len4-b05-20260718
得過	function_word	syn-top5000-b03-20260718
從嚴處理	other_documented	syn-len4-b09-20260718
從有到無	polysemous_no_stable_sense	syn-len4-b10-20260718
從無到有	cultural_no_binary	syn-len4-b02-20260718
從長計議	cultural_no_binary	syn-len4-b02-20260718
從頭到腳	other_documented	syn-len4-b02-20260718
復活節島	proper_name_or_deixis	syn-len4-b07-20260718
復興時代	other_documented	syn-len4-b08-20260718
微細加工	other_documented	syn-len4-b10-20260718
微觀世界	other_documented	syn-len4-b05-20260718
微觀經濟	other_documented	syn-len4-b02-20260718
德克薩斯	proper_name_or_deixis	syn-len4-b02-20260718
德國馬克	proper_name_or_deixis	syn-len4-b09-20260718
德州地區	proper_name_or_deixis	syn-len4-b09-20260718
德才兼備	cultural_no_binary	syn-len4-b03-20260718
德智體美	other_documented	syn-len4-b07-20260718
心如止水	cultural_no_binary	syn-len4-b02-20260718
心存僥倖	cultural_no_binary	syn-len4-b04-20260718
心懷鬼胎	no_stable_near_synonym	syn-len4-final-audit-20260718
心有不甘	cultural_no_binary	syn-len4-b09-20260718
心有餘悸	cultural_no_binary	syn-len4-b01-20260718
心理作用	no_stable_near_synonym	syn-len4-b01-20260718
心理因素	other_documented	syn-len4-b02-20260718
心理治療	no_stable_near_synonym	syn-len4-b01-20260718
心理準備	no_stable_near_synonym	syn-len4-b01-20260718
心理現象	other_documented	syn-len4-b05-20260718
心理醫生	no_stable_near_synonym	syn-len4-b01-20260718
心胸開闊	cultural_no_binary	syn-len4-b05-20260718
心臟病發	other_documented	syn-len4-b06-20260718
心裏癢癢	cultural_no_binary	syn-len4-b07-20260718
心路歷程	no_stable_near_synonym	syn-len4-b01-20260718
心電感應	other_documented	syn-len4-b06-20260718
心高氣傲	cultural_no_binary	syn-len4-b03-20260718
必死無疑	cultural_no_binary	syn-len4-b03-20260718
必然結果	cultural_no_binary	syn-len4-b03-20260718
忍者	no_stable_near_synonym	syn-top5000-b03-20260718
忍者神龜	proper_name_or_deixis	syn-len4-b01-20260718
忍辱負重	cultural_no_binary	syn-len4-b02-20260718
忍飢挨餓	no_stable_near_synonym	syn-len4-final-audit-20260718
志願服務	no_stable_near_synonym	syn-len4-b01-20260718
忘記密碼	other_documented	syn-len4-b01-20260718
忙進忙出	other_documented	syn-len4-b10-20260718
忠君愛國	cultural_no_binary	syn-len4-b10-20260718
忠肝義膽	cultural_no_binary	syn-len4-b09-20260718
忠言逆耳	cultural_no_binary	syn-len4-b06-20260718
快捷方式	no_stable_near_synonym	syn-len4-b01-20260718
快樂幸福	other_documented	syn-len4-b02-20260718
忽上忽下	other_documented	syn-len4-b07-20260718
忽高忽低	cultural_no_binary	syn-len4-b06-20260718
怎麼回事	polysemous_no_stable_sense	syn-len4-b01-20260718
思想交流	other_documented	syn-len4-b05-20260718
思想包袱	cultural_no_binary	syn-len4-b06-20260718
急性腸炎	other_documented	syn-len4-b08-20260718
怦然心動	cultural_no_binary	syn-len4-b02-20260718
性別角色	other_documented	syn-len4-b07-20260718
性奴	function_word	syn-top5000-b04-20260718
性情中人	cultural_no_binary	syn-len4-b02-20260718
性慾高潮	other_documented	syn-len4-b10-20260718
怪力亂神	cultural_no_binary	syn-len4-b08-20260718
怪石嶙峋	other_documented	syn-len4-b07-20260718
恍恍惚惚	cultural_no_binary	syn-len4-b03-20260718
恐怖組織	other_documented	syn-len4-b02-20260718
恢復名譽	other_documented	syn-len4-b08-20260718
恢復常態	other_documented	syn-len4-b07-20260718
恩恩愛愛	cultural_no_binary	syn-len4-b05-20260718
恩愛夫妻	cultural_no_binary	syn-len4-b04-20260718
恩斷義絕	other_documented	syn-len4-b08-20260718
恭喜發財	cultural_no_binary	syn-len4-b01-20260718
悔恨交加	cultural_no_binary	syn-len4-b10-20260718
悲歡離合	cultural_no_binary	syn-len4-b01-20260718
情人節	proper_name_or_deixis	syn-top5000-b05-20260718
情何以堪	cultural_no_binary	syn-len4-b03-20260718
情意綿綿	cultural_no_binary	syn-len4-b04-20260718
情真意切	cultural_no_binary	syn-len4-b04-20260718
情緒狀態	other_documented	syn-len4-b06-20260718
惜墨如金	cultural_no_binary	syn-len4-b10-20260718
惡性循環	no_stable_near_synonym	syn-len4-b01-20260718
惡意代碼	other_documented	syn-len4-b03-20260718
惡有惡報	cultural_no_binary	syn-len4-b05-20260718
想要	no_stable_near_synonym	syn-top5000-b04-20260718
惺惺相惜	cultural_no_binary	syn-len4-b02-20260718
愈戰愈勇	cultural_no_binary	syn-len4-b09-20260718
意下如何	other_documented	syn-len4-b06-20260718
意亂情迷	cultural_no_binary	syn-len4-b02-20260718
意興闌珊	cultural_no_binary	syn-len4-b06-20260718
意識形態	other_documented	syn-len4-b01-20260718
愛人如己	cultural_no_binary	syn-len4-b10-20260718
愛民如子	cultural_no_binary	syn-len4-b09-20260718
愛爾蘭語	proper_name_or_deixis	syn-len4-b09-20260718
感性認識	other_documented	syn-len4-b03-20260718
感應線圈	other_documented	syn-len4-b10-20260718
感應電流	other_documented	syn-len4-b08-20260718
愧不敢當	cultural_no_binary	syn-len4-b10-20260718
慈善事業	no_stable_near_synonym	syn-len4-b01-20260718
慢性疼痛	other_documented	syn-len4-b07-20260718
慾	function_word	syn-top5000-b03-20260718
慾火焚身	cultural_no_binary	syn-len4-b05-20260718
憂患意識	cultural_no_binary	syn-len4-b02-20260718
憨豆先生	proper_name_or_deixis	syn-len4-b03-20260718
應付帳款	other_documented	syn-len4-b06-20260718
應召女郎	other_documented	syn-len4-b05-20260718
應用力學	other_documented	syn-len4-b07-20260718
應用技術	no_stable_near_synonym	syn-len4-b01-20260718
應用物理	other_documented	syn-len4-b04-20260718
應用程式	other_documented	syn-len4-b07-20260718
應變措施	other_documented	syn-len4-b10-20260718
懷柔政策	other_documented	syn-len4-b10-20260718
懷璧其罪	cultural_no_binary	syn-len4-b08-20260718
懸壺濟世	cultural_no_binary	syn-len4-b08-20260718
懸而未決	cultural_no_binary	syn-len4-b04-20260718
戀母情結	other_documented	syn-len4-b05-20260718
戇	function_word	syn-top5000-b03-20260718
戎馬生涯	cultural_no_binary	syn-len4-b08-20260718
成人教育	other_documented	syn-len4-b02-20260718
成個	function_word	syn-top5000-b01-20260718
成敗得失	cultural_no_binary	syn-len4-b05-20260718
成語典故	other_documented	syn-len4-b06-20260718
成語接龍	cultural_no_binary	syn-len4-b03-20260718
成身	function_word	syn-top5000-b03-20260718
我愛我家	proper_name_or_deixis	syn-len4-b01-20260718
我見	other_documented	syn-top5000-b01-20260718
我見猶憐	cultural_no_binary	syn-len4-b07-20260718
我識	function_word	syn-top5000-b03-20260718
戒驕戒躁	cultural_no_binary	syn-len4-b07-20260718
戰國時代	proper_name_or_deixis	syn-len4-b03-20260718
戰火紛飛	cultural_no_binary	syn-len4-b03-20260718
戰略轟炸	other_documented	syn-len4-b04-20260718
戰術導彈	other_documented	syn-len4-b07-20260718
戰雲密佈	other_documented	syn-len4-b07-20260718
戴綠帽子	polysemous_no_stable_sense	syn-len4-b06-20260718
所屬單位	other_documented	syn-len4-b03-20260718
手下敗將	cultural_no_binary	syn-len4-b05-20260718
手寫識別	other_documented	syn-len4-b07-20260718
手扳葫蘆	other_documented	syn-len4-b03-20260718
手抓羊肉	other_documented	syn-len4-b08-20260718
手拉葫蘆	other_documented	syn-len4-b02-20260718
才貌雙全	cultural_no_binary	syn-len4-b04-20260718
扎魯特旗	proper_name_or_deixis	syn-len4-b07-20260718
扐	function_word	syn-top5000-b05-20260718
打嚟	function_word	syn-top5000-b04-20260718
打情罵俏	cultural_no_binary	syn-len4-b02-20260718
打打鬧鬧	other_documented	syn-len4-b02-20260718
打機	no_stable_near_synonym	syn-top5000-final-audit-20260718
打畀	function_word	syn-top5000-b05-20260718
打翻身仗	cultural_no_binary	syn-len4-b09-20260718
打草驚蛇	cultural_no_binary	syn-len4-b04-20260718
打起精神	cultural_no_binary	syn-len4-b02-20260718
打道回府	cultural_no_binary	syn-len4-b03-20260718
打高爾夫	other_documented	syn-len4-b02-20260718
托塔天王	proper_name_or_deixis	syn-len4-b09-20260718
扣式電池	other_documented	syn-len4-b10-20260718
批量購買	other_documented	syn-len4-b08-20260718
技術含量	no_stable_near_synonym	syn-len4-b01-20260718
技術指導	no_stable_near_synonym	syn-len4-b01-20260718
技術援助	other_documented	syn-len4-b07-20260718
技術知識	other_documented	syn-len4-b02-20260718
技術科學	other_documented	syn-len4-b05-20260718
技術移民	other_documented	syn-len4-b03-20260718
技術規範	no_stable_near_synonym	syn-len4-b01-20260718
把酒言歡	cultural_no_binary	syn-len4-b05-20260718
抑制作用	other_documented	syn-len4-b02-20260718
抓耳撓腮	cultural_no_binary	syn-len4-b06-20260718
投懷送抱	cultural_no_binary	syn-len4-b03-20260718
投河自盡	cultural_no_binary	syn-len4-b09-20260718
投石問路	cultural_no_binary	syn-len4-b05-20260718
投票表決	other_documented	syn-len4-b03-20260718
投筆從戎	cultural_no_binary	syn-len4-b07-20260718
投資組合	no_stable_near_synonym	syn-len4-b01-20260718
投鼠忌器	cultural_no_binary	syn-len4-b06-20260718
抗壞血酸	other_documented	syn-len4-b04-20260718
抗精神病	other_documented	syn-len4-b05-20260718
披頭散髮	cultural_no_binary	syn-len4-b04-20260718
披麻戴孝	cultural_no_binary	syn-len4-b09-20260718
抽象思維	other_documented	syn-len4-b05-20260718
拉卜楞寺	proper_name_or_deixis	syn-len4-b06-20260718
拉米夫定	proper_name_or_deixis	syn-len4-b04-20260718
拒不接受	other_documented	syn-len4-b08-20260718
拒之門外	cultural_no_binary	syn-len4-b01-20260718
拔刀相助	cultural_no_binary	syn-len4-b05-20260718
拔地而起	cultural_no_binary	syn-len4-b02-20260718
拔河比賽	other_documented	syn-len4-b04-20260718
招財進寶	cultural_no_binary	syn-len4-b05-20260718
拜師學藝	cultural_no_binary	syn-len4-b04-20260718
拜科努爾	proper_name_or_deixis	syn-len4-b10-20260718
拜託	no_stable_near_synonym	syn-top5000-b04-20260718
拱手相讓	cultural_no_binary	syn-len4-b06-20260718
拼圖遊戲	other_documented	syn-len4-b04-20260718
拼寫錯誤	other_documented	syn-len4-b07-20260718
拼花地板	other_documented	syn-len4-b10-20260718
拾人牙慧	cultural_no_binary	syn-len4-b09-20260718
拾遺補缺	cultural_no_binary	syn-len4-b09-20260718
拾金不昧	cultural_no_binary	syn-len4-b03-20260718
拿不出手	cultural_no_binary	syn-len4-b06-20260718
拿鐵咖啡	other_documented	syn-len4-b09-20260718
持槍搶劫	other_documented	syn-len4-b04-20260718
指名道姓	no_stable_near_synonym	syn-len4-reaudit-20260719
指示代詞	other_documented	syn-len4-b09-20260718
按兵不動	cultural_no_binary	syn-len4-b03-20260718
按摩療法	other_documented	syn-len4-b06-20260718
按需分配	cultural_no_binary	syn-len4-b09-20260718
挑戰	polysemous_no_stable_sense	syn-top5000-b04-20260718
挖掘機械	other_documented	syn-len4-b07-20260718
捉拿歸案	other_documented	syn-len4-b09-20260718
捨	function_word	syn-top5000-b05-20260718
捨己救人	cultural_no_binary	syn-len4-b06-20260718
捨我其誰	cultural_no_binary	syn-len4-b04-20260718
捲	function_word	syn-top5000-b04-20260718
捷報頻傳	cultural_no_binary	syn-len4-b05-20260718
捽	function_word	syn-top5000-b03-20260718
授人以柄	cultural_no_binary	syn-len4-b10-20260718
授受不親	cultural_no_binary	syn-len4-b07-20260718
授權範圍	other_documented	syn-len4-b04-20260718
掉頭就走	other_documented	syn-len4-b07-20260718
掌握電腦	other_documented	syn-len4-b08-20260718
掌聲雷動	no_stable_near_synonym	syn-len4-reaudit-20260719
掛在嘴上	cultural_no_binary	syn-len4-b04-20260718
探明儲量	other_documented	syn-len4-b05-20260718
接住	no_stable_near_synonym	syn-top5000-final-audit-20260718
接觸不良	other_documented	syn-len4-b02-20260718
控股公司	no_stable_near_synonym	syn-len4-b01-20260718
推卸責任	no_stable_near_synonym	syn-len4-b02-20260718
掩面而泣	other_documented	syn-len4-b08-20260718
提拉米蘇	proper_name_or_deixis	syn-len4-b02-20260718
插科打諢	cultural_no_binary	syn-len4-b05-20260718
揚長而去	cultural_no_binary	syn-len4-b02-20260718
換位思考	other_documented	syn-len4-b02-20260718
握手	no_stable_near_synonym	syn-top5000-b06-20260718
揭不開鍋	other_documented	syn-len4-b08-20260718
揭開序幕	other_documented	syn-len4-b07-20260718
援助交際	other_documented	syn-len4-b09-20260718
援助機構	other_documented	syn-len4-b05-20260718
搖搖板	no_stable_near_synonym	syn-top5000-b05-20260718
搜尋引擎	other_documented	syn-len4-b06-20260718
搣	polysemous_no_stable_sense	syn-top5000-b01-20260718
搶購一空	cultural_no_binary	syn-len4-b04-20260718
搶險救災	other_documented	syn-len4-b02-20260718
摑	function_word	syn-top5000-b05-20260718
摩卡咖啡	other_documented	syn-len4-b08-20260718
摩擦阻力	other_documented	syn-len4-b08-20260718
摷	function_word	syn-top5000-b03-20260718
摺	function_word	syn-top5000-b03-20260718
撒馬爾罕	proper_name_or_deixis	syn-len4-b10-20260718
撚	polysemous_no_stable_sense	syn-top5000-b01-20260718
撥號連接	other_documented	syn-len4-b06-20260718
播放列表	no_stable_near_synonym	syn-len4-b01-20260718
撲面而來	cultural_no_binary	syn-len4-b01-20260718
撻	function_word	syn-top5000-b06-20260718
擁兵自重	cultural_no_binary	syn-len4-b10-20260718
擁政愛民	cultural_no_binary	syn-len4-b09-20260718
擁軍優屬	cultural_no_binary	syn-len4-b07-20260718
擅離職守	other_documented	syn-len4-b08-20260718
操作規程	other_documented	syn-len4-b01-20260718
擒賊擒王	cultural_no_binary	syn-len4-b08-20260718
據理力爭	cultural_no_binary	syn-len4-b04-20260718
擦亮眼睛	cultural_no_binary	syn-len4-b03-20260718
擦身而過	cultural_no_binary	syn-len4-b01-20260718
擾人清夢	cultural_no_binary	syn-len4-b09-20260718
支付不起	polysemous_no_stable_sense	syn-len4-b10-20260718
支付得起	polysemous_no_stable_sense	syn-len4-b10-20260718
支氣管炎	no_stable_near_synonym	syn-len4-b01-20260718
收之桑榆	cultural_no_binary	syn-len4-b09-20260718
收回成命	cultural_no_binary	syn-len4-b09-20260718
收復失地	other_documented	syn-len4-b04-20260718
收拾殘局	cultural_no_binary	syn-len4-b04-20260718
收放自如	cultural_no_binary	syn-len4-b04-20260718
收發短信	other_documented	syn-len4-b07-20260718
收盤價格	other_documented	syn-len4-b04-20260718
收線	function_word	syn-top5000-b05-20260718
收買人心	no_stable_near_synonym	syn-len4-reaudit-20260719
改弦易轍	cultural_no_binary	syn-len4-b09-20260718
改換門庭	cultural_no_binary	syn-len4-b09-20260718
改朝換代	cultural_no_binary	syn-len4-b04-20260718
改良主義	other_documented	syn-len4-b09-20260718
改良品種	other_documented	syn-len4-b10-20260718
改革開放	other_documented	syn-len4-b01-20260718
放下包袱	other_documented	syn-len4-b06-20260718
放不下心	other_documented	syn-len4-b08-20260718
放手一搏	no_stable_near_synonym	syn-len4-reaudit-20260719
放手去做	no_stable_near_synonym	syn-len4-reaudit-20260719
放聲大哭	cultural_no_binary	syn-len4-b02-20260718
放高利貸	no_stable_near_synonym	syn-len4-final-audit-20260718
政教合一	cultural_no_binary	syn-len4-b06-20260718
政治學家	other_documented	syn-len4-b08-20260718
政治經濟	no_stable_near_synonym	syn-len4-b01-20260718
政治避難	other_documented	syn-len4-b10-20260718
政界人士	other_documented	syn-len4-b08-20260718
政黨政治	other_documented	syn-len4-b07-20260718
故障排除	other_documented	syn-len4-b02-20260718
效益工資	other_documented	syn-len4-b08-20260718
敏	function_word	syn-top5000-b04-20260718
救人一命	cultural_no_binary	syn-len4-b07-20260718
救命恩人	other_documented	syn-len4-b03-20260718
敗絮其中	cultural_no_binary	syn-len4-b08-20260718
敗興而歸	no_stable_near_synonym	syn-len4-final-audit-20260718
教學大綱	other_documented	syn-len4-b02-20260718
教學機構	other_documented	syn-len4-b06-20260718
教學活動	no_stable_near_synonym	syn-len4-b01-20260718
教學相長	cultural_no_binary	syn-len4-b05-20260718
教導有方	cultural_no_binary	syn-len4-b10-20260718
教會學校	other_documented	syn-len4-b07-20260718
教畜	function_word	syn-top5000-b04-20260718
教育制度	other_documented	syn-len4-b02-20260718
教育大學	proper_name_or_deixis	syn-len4-b06-20260718
教育學院	proper_name_or_deixis	syn-len4-b01-20260718
教育局長	other_documented	syn-len4-b04-20260718
教育廳長	other_documented	syn-len4-b09-20260718
教育改革	no_stable_near_synonym	syn-len4-b01-20260718
教育質量	no_stable_near_synonym	syn-len4-b01-20260718
教育部長	other_documented	syn-len4-b04-20260718
教育電視	other_documented	syn-len4-b03-20260718
敦煌石窟	proper_name_or_deixis	syn-len4-b07-20260718
敬業精神	no_stable_near_synonym	syn-len4-final-audit-20260718
整風運動	other_documented	syn-len4-b06-20260718
敵我矛盾	other_documented	syn-len4-b10-20260718
數值分析	other_documented	syn-len4-b03-20260718
數字時鐘	other_documented	syn-len4-b09-20260718
數字通信	no_stable_near_synonym	syn-len4-reaudit-20260719
數學物理	other_documented	syn-len4-b03-20260718
數據中心	no_stable_near_synonym	syn-len4-b01-20260718
數據挖掘	no_stable_near_synonym	syn-len4-b01-20260718
數據網絡	other_documented	syn-len4-b05-20260718
數據總線	other_documented	syn-len4-b06-20260718
數據通信	no_stable_near_synonym	syn-len4-reaudit-20260719
數理邏輯	other_documented	syn-len4-b07-20260718
數碼相機	no_stable_near_synonym	syn-len4-b01-20260718
數量分析	other_documented	syn-len4-b07-20260718
文件大小	no_stable_near_synonym	syn-len4-b01-20260718
文件夾	function_word	syn-top5000-b05-20260718
文件格式	no_stable_near_synonym	syn-len4-b01-20260718
文化交流	no_stable_near_synonym	syn-len4-b01-20260718
文化水平	no_stable_near_synonym	syn-len4-b01-20260718
文化遺產	no_stable_near_synonym	syn-len4-b01-20260718
文如其人	cultural_no_binary	syn-len4-b09-20260718
文字學家	other_documented	syn-len4-b09-20260718
文字處理	other_documented	syn-len4-b02-20260718
文學作品	no_stable_near_synonym	syn-len4-b01-20260718
文學評論	other_documented	syn-len4-b03-20260718
文學語言	other_documented	syn-len4-b07-20260718
文學運動	other_documented	syn-len4-b08-20260718
文房四寶	cultural_no_binary	syn-len4-b03-20260718
文明國家	other_documented	syn-len4-b07-20260718
文明社會	other_documented	syn-len4-b03-20260718
文武百官	cultural_no_binary	syn-len4-b05-20260718
文殊菩薩	proper_name_or_deixis	syn-len4-b04-20260718
文治武功	cultural_no_binary	syn-len4-b09-20260718
文科學生	other_documented	syn-len4-b09-20260718
文職人員	other_documented	syn-len4-b05-20260718
文藝作品	other_documented	syn-len4-b03-20260718
文藝批評	other_documented	syn-len4-b08-20260718
文藝活動	other_documented	syn-len4-b04-20260718
文藝演出	no_stable_near_synonym	syn-len4-b01-20260718
文革時期	proper_name_or_deixis	syn-len4-b03-20260718
斯科普里	proper_name_or_deixis	syn-len4-b10-20260718
新人新事	cultural_no_binary	syn-len4-b10-20260718
新婚燕爾	cultural_no_binary	syn-len4-b06-20260718
新年快樂	other_documented	syn-len4-b01-20260718
新新人類	cultural_no_binary	syn-len4-b03-20260718
新聞週刊	proper_name_or_deixis	syn-len4-b02-20260718
新華日報	proper_name_or_deixis	syn-len4-b04-20260718
新鮮空氣	other_documented	syn-len4-b02-20260718
斷袖之癖	cultural_no_binary	syn-len4-b10-20260718
斷裂強度	other_documented	syn-len4-b10-20260718
於心不忍	cultural_no_binary	syn-len4-b04-20260718
施政報告	other_documented	syn-len4-b09-20260718
施洗約翰	proper_name_or_deixis	syn-len4-b10-20260718
旁系血親	other_documented	syn-len4-b08-20260718
旅行支票	other_documented	syn-len4-b06-20260718
旅行裝備	other_documented	syn-len4-b10-20260718
旅遊景點	no_stable_near_synonym	syn-len4-b01-20260718
旅遊集散	other_documented	syn-len4-b02-20260718
旅順口區	proper_name_or_deixis	syn-len4-b03-20260718
旋轉木馬	other_documented	syn-len4-b02-20260718
旋轉運動	other_documented	syn-len4-b07-20260718
旋轉餐廳	other_documented	syn-len4-b05-20260718
日久生情	cultural_no_binary	syn-len4-b03-20260718
日光浴室	cultural_no_binary	syn-len4-b10-20260718
日復一日	cultural_no_binary	syn-len4-b01-20260718
日新月異	cultural_no_binary	syn-len4-b01-20260718
日耳曼人	proper_name_or_deixis	syn-len4-b07-20260718
日行一善	cultural_no_binary	syn-len4-b08-20260718
日記	no_stable_near_synonym	syn-top5000-b04-20260718
日趨嚴重	cultural_no_binary	syn-len4-b04-20260718
早生貴子	cultural_no_binary	syn-len4-b06-20260718
旱澇保收	other_documented	syn-len4-b07-20260718
旺角	function_word	syn-top5000-b03-20260718
昂山素季	proper_name_or_deixis	syn-len4-b08-20260718
昂首挺胸	no_stable_near_synonym	syn-len4-final-audit-20260718
昇	function_word	syn-top5000-b05-20260718
明十三陵	proper_name_or_deixis	syn-len4-b06-20260718
明升暗降	cultural_no_binary	syn-len4-b10-20260718
明心見性	cultural_no_binary	syn-len4-b06-20260718
明智之舉	cultural_no_binary	syn-len4-b03-20260718
明月清風	cultural_no_binary	syn-len4-b06-20260718
明槍易躲	cultural_no_binary	syn-len4-b10-20260718
明豔照人	cultural_no_binary	syn-len4-b09-20260718
昏昏沉沉	other_documented	syn-len4-b02-20260718
易守難攻	cultural_no_binary	syn-len4-b07-20260718
星星之火	cultural_no_binary	syn-len4-b03-20260718
星火燎原	cultural_no_binary	syn-len4-b05-20260718
星際爭霸	proper_name_or_deixis	syn-len4-b01-20260718
春心蕩漾	cultural_no_binary	syn-len4-b06-20260718
春意盎然	cultural_no_binary	syn-len4-b02-20260718
春秋大夢	cultural_no_binary	syn-len4-b08-20260718
春秋戰國	proper_name_or_deixis	syn-len4-b02-20260718
春秋繁露	proper_name_or_deixis	syn-len4-b10-20260718
春花秋月	cultural_no_binary	syn-len4-b04-20260718
春華秋實	cultural_no_binary	syn-len4-b04-20260718
春風一度	polysemous_no_stable_sense	syn-len4-b09-20260718
是非不分	other_documented	syn-len4-b08-20260718
是非之地	cultural_no_binary	syn-len4-b05-20260718
時光倒流	cultural_no_binary	syn-len4-b02-20260718
時刻準備	cultural_no_binary	syn-len4-b03-20260718
時大時小	other_documented	syn-len4-b09-20260718
時好時壞	cultural_no_binary	syn-len4-b03-20260718
時運不濟	cultural_no_binary	syn-len4-b06-20260718
晃晃悠悠	cultural_no_binary	syn-len4-b02-20260718
晏子春秋	proper_name_or_deixis	syn-len4-b09-20260718
晚婚晚育	other_documented	syn-len4-b07-20260718
晚期癌症	other_documented	syn-len4-b07-20260718
晚節不保	cultural_no_binary	syn-len4-b07-20260718
晞	function_word	syn-top5000-b03-20260718
普利策獎	proper_name_or_deixis	syn-len4-b07-20260718
普賢菩薩	proper_name_or_deixis	syn-len4-b04-20260718
普通教育	other_documented	syn-len4-b05-20260718
普通郵票	other_documented	syn-len4-b09-20260718
普魯卡因	other_documented	syn-len4-b05-20260718
智能設計	other_documented	syn-len4-b08-20260718
智能障礙	other_documented	syn-len4-b10-20260718
智障人士	other_documented	syn-len4-b07-20260718
暗香疏影	cultural_no_binary	syn-len4-b09-20260718
暮色蒼茫	other_documented	syn-len4-b08-20260718
曇花一現	cultural_no_binary	syn-len4-b01-20260718
曚	function_word	syn-top5000-b03-20260718
曱	function_word	syn-top5000-b02-20260718
曲徑通幽	cultural_no_binary	syn-len4-b04-20260718
曲折離奇	other_documented	syn-len4-b05-20260718
曲終人散	cultural_no_binary	syn-len4-b02-20260718
曲線擬合	other_documented	syn-len4-b09-20260718
曳	function_word	syn-top5000-b01-20260718
曳曳	function_word	syn-top5000-b03-20260718
更勝一籌	cultural_no_binary	syn-len4-b02-20260718
更高性能	other_documented	syn-len4-b08-20260718
書面許可	other_documented	syn-len4-b03-20260718
書香門第	cultural_no_binary	syn-len4-b03-20260718
替代燃料	other_documented	syn-len4-b08-20260718
最低工資	no_stable_near_synonym	syn-len4-b01-20260718
最低限度	other_documented	syn-len4-b03-20260718
最大	no_stable_near_synonym	syn-top5000-b03-20260718
最小二乘	other_documented	syn-len4-b06-20260718
最新消息	no_stable_near_synonym	syn-len4-b01-20260718
會計科目	other_documented	syn-len4-b03-20260718
月圓花好	cultural_no_binary	syn-len4-b09-20260718
月明星稀	cultural_no_binary	syn-len4-b07-20260718
月白風清	cultural_no_binary	syn-len4-b09-20260718
月黑風高	cultural_no_binary	syn-len4-b03-20260718
有人	no_stable_near_synonym	syn-top5000-b02-20260718
有仇必報	cultural_no_binary	syn-len4-b08-20260718
有何指教	polysemous_no_stable_sense	syn-len4-b10-20260718
有則改之	polysemous_no_stable_sense	syn-len4-b09-20260718
有勇無謀	cultural_no_binary	syn-len4-b07-20260718
有名有姓	polysemous_no_stable_sense	syn-len4-b07-20260718
有夫之婦	cultural_no_binary	syn-len4-b05-20260718
有婦之夫	other_documented	syn-len4-b04-20260718
有容乃大	cultural_no_binary	syn-len4-b03-20260718
有感而發	cultural_no_binary	syn-len4-b02-20260718
有所不知	cultural_no_binary	syn-len4-b05-20260718
有手有腳	other_documented	syn-len4-b08-20260718
有排	function_word	syn-top5000-b04-20260718
有損壓縮	other_documented	syn-len4-b10-20260718
有效射程	other_documented	syn-len4-b06-20260718
有效數字	other_documented	syn-len4-b08-20260718
有核國家	other_documented	syn-len4-b10-20260718
有機合成	other_documented	syn-len4-b03-20260718
有機結合	no_stable_near_synonym	syn-len4-b01-20260718
有權有勢	cultural_no_binary	syn-len4-b05-20260718
有氧運動	other_documented	syn-len4-b02-20260718
有求於人	cultural_no_binary	syn-len4-b08-20260718
有礙觀瞻	other_documented	syn-len4-b08-20260718
有線廣播	other_documented	syn-len4-b06-20260718
有線通信	other_documented	syn-len4-b09-20260718
有色人種	other_documented	syn-len4-b08-20260718
有色眼鏡	polysemous_no_stable_sense	syn-len4-b04-20260718
有軌電車	no_stable_near_synonym	syn-len4-final-audit-20260718
有進取心	other_documented	syn-len4-b06-20260718
有錢有勢	cultural_no_binary	syn-len4-b04-20260718
有錢有閒	other_documented	syn-len4-b09-20260718
有關各方	other_documented	syn-len4-b04-20260718
有關方面	polysemous_no_stable_sense	syn-len4-b01-20260718
有限元法	other_documented	syn-len4-b04-20260718
有限單元	other_documented	syn-len4-b08-20260718
服務質量	no_stable_near_synonym	syn-len4-b01-20260718
望其項背	cultural_no_binary	syn-len4-b05-20260718
望文生義	cultural_no_binary	syn-len4-b07-20260718
望聞問切	cultural_no_binary	syn-len4-b06-20260718
朝九晚五	cultural_no_binary	syn-len4-b02-20260718
朝夕相處	cultural_no_binary	syn-len4-b01-20260718
朝朝暮暮	cultural_no_binary	syn-len4-b03-20260718
朝陽地區	proper_name_or_deixis	syn-len4-b08-20260718
朝陽產業	other_documented	syn-len4-b03-20260718
期末考試	no_stable_near_synonym	syn-len4-b01-20260718
木口木面	cultural_no_binary	syn-len4-b09-20260718
木牛流馬	proper_name_or_deixis	syn-len4-b08-20260718
木薯澱粉	other_documented	syn-len4-b08-20260718
未嘗不可	cultural_no_binary	syn-len4-b03-20260718
未完待續	cultural_no_binary	syn-len4-b02-20260718
未能免俗	cultural_no_binary	syn-len4-b10-20260718
未解之謎	other_documented	syn-len4-b02-20260718
末日審判	cultural_no_binary	syn-len4-b07-20260718
本性難移	cultural_no_binary	syn-len4-b05-20260718
朵	function_word	syn-top5000-b04-20260718
李	function_word	syn-top5000-b04-20260718
杏仁豆腐	other_documented	syn-len4-b08-20260718
杜莎夫人	proper_name_or_deixis	syn-len4-b05-20260718
杜鵑啼血	cultural_no_binary	syn-len4-b09-20260718
東坡肘子	proper_name_or_deixis	syn-len4-b10-20260718
東巴文化	proper_name_or_deixis	syn-len4-b07-20260718
東方國家	other_documented	syn-len4-b08-20260718
東方文化	other_documented	syn-len4-b02-20260718
東方文明	other_documented	syn-len4-b05-20260718
東郭先生	proper_name_or_deixis	syn-len4-b06-20260718
板塊構造	other_documented	syn-len4-b07-20260718
林可黴素	other_documented	syn-len4-b06-20260718
林芝地區	proper_name_or_deixis	syn-len4-b03-20260718
枯草桿菌	other_documented	syn-len4-b09-20260718
柒頭	function_word	syn-top5000-b05-20260718
柯南	proper_name_or_deixis	syn-top5000-b03-20260718
柳暗花明	cultural_no_binary	syn-len4-b02-20260718
校車	no_stable_near_synonym	syn-top5000-final-audit-20260718
核心價值	other_documented	syn-len4-b01-20260718
核糖核酸	other_documented	syn-len4-b04-20260718
格林納達	proper_name_or_deixis	syn-len4-b07-20260718
格殺勿論	polysemous_no_stable_sense	syn-len4-b07-20260718
格蘭芬多	proper_name_or_deixis	syn-len4-b07-20260718
格里高利	proper_name_or_deixis	syn-len4-b06-20260718
桃園結義	proper_name_or_deixis	syn-len4-b07-20260718
桃紅柳綠	cultural_no_binary	syn-len4-b07-20260718
桃花心木	other_documented	syn-len4-b08-20260718
案頭工作	other_documented	syn-len4-b10-20260718
桌椅板凳	other_documented	syn-len4-b07-20260718
桌面系統	other_documented	syn-len4-b06-20260718
梅開二度	cultural_no_binary	syn-len4-b01-20260718
條件反射	no_stable_near_synonym	syn-len4-b01-20260718
棉紡織業	other_documented	syn-len4-b10-20260718
棋高一着	cultural_no_binary	syn-len4-b09-20260718
植入	function_word	syn-top5000-b03-20260718
楂	polysemous_no_stable_sense	syn-top5000-b01-20260718
楚河漢界	cultural_no_binary	syn-len4-b06-20260718
楚漢戰爭	proper_name_or_deixis	syn-len4-b10-20260718
楚漢相爭	proper_name_or_deixis	syn-len4-b09-20260718
業務水平	other_documented	syn-len4-b02-20260718
業界標準	other_documented	syn-len4-b09-20260718
業精於勤	cultural_no_binary	syn-len4-b06-20260718
業餘愛好	other_documented	syn-len4-b02-20260718
極限運動	other_documented	syn-len4-b02-20260718
榆林地區	proper_name_or_deixis	syn-len4-b09-20260718
構造運動	other_documented	syn-len4-b07-20260718
槍林彈雨	cultural_no_binary	syn-len4-b03-20260718
槓桿原理	other_documented	syn-len4-b08-20260718
樂在其中	cultural_no_binary	syn-len4-b02-20260718
樂山地區	proper_name_or_deixis	syn-len4-b10-20260718
樂府詩集	proper_name_or_deixis	syn-len4-b09-20260718
樂於助人	cultural_no_binary	syn-len4-b02-20260718
樂觀其成	cultural_no_binary	syn-len4-b10-20260718
標準尺寸	no_stable_near_synonym	syn-len4-final-audit-20260718
標準狀態	other_documented	syn-len4-b08-20260718
標準組織	other_documented	syn-len4-b05-20260718
標準規格	no_stable_near_synonym	syn-len4-final-audit-20260718
模式標本	other_documented	syn-len4-b09-20260718
模擬信號	other_documented	syn-len4-b03-20260718
模擬考試	other_documented	syn-len4-b02-20260718
模糊邏輯	other_documented	syn-len4-b07-20260718
樹上開花	cultural_no_binary	syn-len4-b10-20260718
機不可失	cultural_no_binary	syn-len4-b05-20260718
機會主義	other_documented	syn-len4-b04-20260718
機會成本	other_documented	syn-len4-b03-20260718
機械運動	other_documented	syn-len4-b06-20260718
機緣巧合	cultural_no_binary	syn-len4-b02-20260718
機關算盡	cultural_no_binary	syn-len4-b04-20260718
機電設備	no_stable_near_synonym	syn-len4-b01-20260718
橢圓曲線	other_documented	syn-len4-b07-20260718
橫刀奪愛	cultural_no_binary	syn-len4-b05-20260718
橫斷山脈	proper_name_or_deixis	syn-len4-b06-20260718
橫空出世	cultural_no_binary	syn-len4-b01-20260718
欄目	no_stable_near_synonym	syn-top5000-final-audit-20260718
權利法案	proper_name_or_deixis	syn-len4-b09-20260718
權利聲明	other_documented	syn-len4-b02-20260718
權利能力	other_documented	syn-len4-b06-20260718
權利要求	other_documented	syn-len4-b03-20260718
權衡利弊	cultural_no_binary	syn-len4-b04-20260718
次生災害	other_documented	syn-len4-b05-20260718
次級貸款	other_documented	syn-len4-b07-20260718
欲罷不能	cultural_no_binary	syn-len4-b01-20260718
欲蓋彌彰	cultural_no_binary	syn-len4-b04-20260718
欲購從速	cultural_no_binary	syn-len4-b03-20260718
欺人太甚	cultural_no_binary	syn-len4-b04-20260718
歡喜冤家	cultural_no_binary	syn-len4-b03-20260718
歡聲笑語	cultural_no_binary	syn-len4-b01-20260718
歡聲雷動	no_stable_near_synonym	syn-len4-reaudit-20260719
歡迎光臨	other_documented	syn-len4-b01-20260718
正六邊形	other_documented	syn-len4-b10-20260718
正反兩面	cultural_no_binary	syn-len4-b05-20260718
正多邊形	other_documented	syn-len4-b09-20260718
正所謂	no_stable_near_synonym	syn-top5000-final-audit-20260718
正是如此	cultural_no_binary	syn-len4-b04-20260718
正月初三	proper_name_or_deixis	syn-len4-b08-20260718
正月初二	proper_name_or_deixis	syn-len4-b08-20260718
正正	function_word	syn-top5000-b02-20260718
正確路線	other_documented	syn-len4-b10-20260718
正鑲白旗	proper_name_or_deixis	syn-len4-b04-20260718
此路不通	cultural_no_binary	syn-len4-b08-20260718
步調一致	other_documented	syn-len4-b05-20260718
步進馬達	other_documented	syn-len4-b09-20260718
武漢地區	proper_name_or_deixis	syn-len4-b03-20260718
武王伐紂	proper_name_or_deixis	syn-len4-b06-20260718
武藝高強	other_documented	syn-len4-b06-20260718
武術指導	other_documented	syn-len4-b05-20260718
武術比賽	other_documented	syn-len4-b05-20260718
武裝分子	other_documented	syn-len4-b02-20260718
武裝鬥爭	other_documented	syn-len4-b05-20260718
歪曲事實	other_documented	syn-len4-b05-20260718
歲歲平安	other_documented	syn-len4-b08-20260718
歷史沿革	other_documented	syn-len4-b02-20260718
歷史版本	other_documented	syn-len4-b03-20260718
歷史遺產	other_documented	syn-len4-b08-20260718
歷歷在目	cultural_no_binary	syn-len4-b01-20260718
死不足惜	cultural_no_binary	syn-len4-b09-20260718
死於安樂	cultural_no_binary	syn-len4-b08-20260718
死無對證	cultural_no_binary	syn-len4-b09-20260718
死而不僵	cultural_no_binary	syn-len4-b10-20260718
殃及池魚	cultural_no_binary	syn-len4-b06-20260718
殘羹剩飯	other_documented	syn-len4-b09-20260718
殘花敗柳	cultural_no_binary	syn-len4-b08-20260718
殺人放火	cultural_no_binary	syn-len4-b04-20260718
殺人滅口	cultural_no_binary	syn-len4-b03-20260718
殺氣	no_stable_near_synonym	syn-top5000-b04-20260718
毀屍滅跡	cultural_no_binary	syn-len4-b06-20260718
毀譽參半	other_documented	syn-len4-b07-20260718
母乳餵養	no_stable_near_synonym	syn-len4-b01-20260718
每週一次	cultural_no_binary	syn-len4-b03-20260718
比薩斜塔	proper_name_or_deixis	syn-len4-b06-20260718
比較分析	other_documented	syn-len4-b02-20260718
毛手毛腳	cultural_no_binary	syn-len4-b06-20260718
毫無保留	cultural_no_binary	syn-len4-b02-20260718
毫無價值	cultural_no_binary	syn-len4-b04-20260718
毫無用處	no_stable_near_synonym	syn-len4-final-audit-20260718
毫無道理	cultural_no_binary	syn-len4-b05-20260718
民主生活	other_documented	syn-len4-b02-20260718
民主監督	other_documented	syn-len4-b02-20260718
民事訴訟	no_stable_near_synonym	syn-len4-b01-20260718
民族工業	other_documented	syn-len4-b04-20260718
民族平等	other_documented	syn-len4-b08-20260718
民族形式	other_documented	syn-len4-b10-20260718
民族舞蹈	no_stable_near_synonym	syn-len4-final-audit-20260718
民族資本	other_documented	syn-len4-b06-20260718
民族運動	other_documented	syn-len4-b08-20260718
民粹主義	other_documented	syn-len4-b07-20260718
民脂民膏	cultural_no_binary	syn-len4-b08-20260718
民間舞蹈	no_stable_near_synonym	syn-len4-final-audit-20260718
氣候變化	no_stable_near_synonym	syn-len4-b01-20260718
氣動控制	other_documented	syn-len4-b08-20260718
氣動葫蘆	other_documented	syn-len4-b09-20260718
氣勢不凡	no_stable_near_synonym	syn-len4-final-audit-20260718
氣勢如虹	cultural_no_binary	syn-len4-b04-20260718
氣宇軒昂	cultural_no_binary	syn-len4-b05-20260718
氣數已盡	cultural_no_binary	syn-len4-b09-20260718
氣管痙攣	other_documented	syn-len4-b08-20260718
氣體燃料	other_documented	syn-len4-b10-20260718
氧化作用	other_documented	syn-len4-b03-20260718
氫氧化物	other_documented	syn-len4-b08-20260718
氫氧化鋁	other_documented	syn-len4-b04-20260718
水上人家	other_documented	syn-len4-b08-20260718
水上芭蕾	other_documented	syn-len4-b09-20260718
水利樞紐	other_documented	syn-len4-b03-20260718
水力發電	no_stable_near_synonym	syn-len4-final-audit-20260718
水力資源	other_documented	syn-len4-b07-20260718
水土不服	cultural_no_binary	syn-len4-b02-20260718
水土流失	no_stable_near_synonym	syn-len4-b01-20260718
水天一色	cultural_no_binary	syn-len4-b03-20260718
水木清華	proper_name_or_deixis	syn-len4-b04-20260718
水滸全傳	proper_name_or_deixis	syn-len4-b09-20260718
水滸後傳	proper_name_or_deixis	syn-len4-b10-20260718
水生動物	other_documented	syn-len4-b05-20260718
水生植物	other_documented	syn-len4-b03-20260718
水花四濺	cultural_no_binary	syn-len4-b09-20260718
永久和平	other_documented	syn-len4-b10-20260718
永久磁鐵	other_documented	syn-len4-b10-20260718
永浴愛河	cultural_no_binary	syn-len4-b10-20260718
永結同心	cultural_no_binary	syn-len4-b05-20260718
求同存異	cultural_no_binary	syn-len4-b04-20260718
求救信號	other_documented	syn-len4-b05-20260718
汕頭地區	proper_name_or_deixis	syn-len4-b09-20260718
江河湖海	other_documented	syn-len4-b06-20260718
江湖術士	no_stable_near_synonym	syn-len4-final-audit-20260718
江郎才盡	cultural_no_binary	syn-len4-b05-20260718
池魚之殃	cultural_no_binary	syn-len4-b09-20260718
污水處理	no_stable_near_synonym	syn-len4-b01-20260718
決勝千里	cultural_no_binary	syn-len4-b06-20260718
汽水	no_stable_near_synonym	syn-top5000-b04-20260718
沉沒成本	other_documented	syn-len4-b09-20260718
沉積作用	other_documented	syn-len4-b10-20260718
沉船事故	other_documented	syn-len4-b06-20260718
沉默是金	cultural_no_binary	syn-len4-b03-20260718
沒大沒小	cultural_no_binary	syn-len4-b05-20260718
沒有品味	other_documented	syn-len4-b09-20260718
沒有差別	other_documented	syn-len4-b05-20260718
沒有形狀	other_documented	syn-len4-b09-20260718
沖	polysemous_no_stable_sense	syn-top5000-b01-20260718
沙丁胺醇	other_documented	syn-len4-b08-20260718
沙沙	function_word	syn-top5000-b05-20260718
沙漠之狐	proper_name_or_deixis	syn-len4-b09-20260718
沙灘排球	other_documented	syn-len4-b02-20260718
河北日報	proper_name_or_deixis	syn-len4-b05-20260718
河東獅吼	cultural_no_binary	syn-len4-b04-20260718
油料作物	other_documented	syn-len4-b06-20260718
油盡燈枯	cultural_no_binary	syn-len4-b08-20260718
油鹽醬醋	cultural_no_binary	syn-len4-b03-20260718
治病救人	cultural_no_binary	syn-len4-b04-20260718
沼澤地帶	other_documented	syn-len4-b10-20260718
沾不上邊	other_documented	syn-len4-b08-20260718
沾花惹草	cultural_no_binary	syn-len4-b06-20260718
法利賽人	proper_name_or_deixis	syn-len4-b09-20260718
法定貨幣	other_documented	syn-len4-b08-20260718
法律效力	other_documented	syn-len4-b01-20260718
法律責任	no_stable_near_synonym	syn-len4-b01-20260718
法律顧問	no_stable_near_synonym	syn-len4-b01-20260718
法治建設	other_documented	syn-len4-b03-20260718
泡沫經濟	other_documented	syn-len4-b05-20260718
波波	function_word	syn-top5000-b01-20260718
波瀾起伏	cultural_no_binary	syn-len4-b04-20260718
波西米亞	proper_name_or_deixis	syn-len4-b02-20260718
注意安全	other_documented	syn-len4-b01-20260718
泰晤士河	proper_name_or_deixis	syn-len4-b05-20260718
泰米爾語	proper_name_or_deixis	syn-len4-b10-20260718
洛陽地區	proper_name_or_deixis	syn-len4-b09-20260718
洞天福地	cultural_no_binary	syn-len4-b06-20260718
洞察一切	cultural_no_binary	syn-len4-b09-20260718
活動看板	other_documented	syn-len4-b09-20260718
活學活用	cultural_no_binary	syn-len4-b04-20260718
活血止痛	other_documented	syn-len4-b07-20260718
流亡政府	other_documented	syn-len4-b08-20260718
流光溢彩	cultural_no_binary	syn-len4-b02-20260718
流動資產	other_documented	syn-len4-b02-20260718
流年不利	cultural_no_binary	syn-len4-b06-20260718
流於形式	cultural_no_binary	syn-len4-b03-20260718
流星趕月	cultural_no_binary	syn-len4-b10-20260718
流水無情	cultural_no_binary	syn-len4-b05-20260718
流行病學	no_stable_near_synonym	syn-len4-b01-20260718
流行音樂	no_stable_near_synonym	syn-len4-final-audit-20260718
浩氣長存	cultural_no_binary	syn-len4-b10-20260718
浩然正氣	cultural_no_binary	syn-len4-b05-20260718
海上運動	other_documented	syn-len4-b10-20260718
海南雞飯	proper_name_or_deixis	syn-len4-b07-20260718
海水浴場	no_stable_near_synonym	syn-len4-b02-20260718
海水養殖	other_documented	syn-len4-b05-20260718
海納百川	cultural_no_binary	syn-len4-b02-20260718
海軍基地	other_documented	syn-len4-b04-20260718
海運公司	other_documented	syn-len4-b08-20260718
消化不良	no_stable_near_synonym	syn-len4-b01-20260718
消化器官	other_documented	syn-len4-b06-20260718
消毒藥水	other_documented	syn-len4-b08-20260718
消費基金	other_documented	syn-len4-b10-20260718
消費習慣	other_documented	syn-len4-b02-20260718
消防安全	no_stable_near_synonym	syn-len4-b01-20260718
涉世未深	cultural_no_binary	syn-len4-b03-20260718
液壓傳動	other_documented	syn-len4-b04-20260718
淘寶	proper_name_or_deixis	syn-top5000-b04-20260718
淡妝濃抹	cultural_no_binary	syn-len4-b09-20260718
淫賤	function_word	syn-top5000-b03-20260718
淮海戰役	proper_name_or_deixis	syn-len4-b03-20260718
深入人心	cultural_no_binary	syn-len4-b01-20260718
深入探討	cultural_no_binary	syn-len4-b03-20260718
深切關懷	other_documented	syn-len4-b09-20260718
深刻印象	other_documented	syn-len4-b02-20260718
深受感動	cultural_no_binary	syn-len4-b04-20260718
深宅大院	other_documented	syn-len4-b08-20260718
深居簡出	cultural_no_binary	syn-len4-b06-20260718
深情款款	cultural_no_binary	syn-len4-b04-20260718
深處	polysemous_no_stable_sense	syn-top5000-b05-20260718
深表同情	other_documented	syn-len4-b07-20260718
混合感染	other_documented	syn-len4-b05-20260718
混合模型	other_documented	syn-len4-b10-20260718
淺斟低唱	cultural_no_binary	syn-len4-b10-20260718
添磚加瓦	cultural_no_binary	syn-len4-b03-20260718
清倉查庫	other_documented	syn-len4-b05-20260718
清心寡慾	other_documented	syn-len4-b05-20260718
清澈見底	cultural_no_binary	syn-len4-b03-20260718
清秀佳人	other_documented	syn-len4-b09-20260718
清算業務	other_documented	syn-len4-b09-20260718
清風徐來	cultural_no_binary	syn-len4-b08-20260718
清點人數	other_documented	syn-len4-b08-20260718
減租減息	cultural_no_binary	syn-len4-b09-20260718
渾然天成	cultural_no_binary	syn-len4-b03-20260718
渾身解數	cultural_no_binary	syn-len4-b03-20260718
湯姆斯杯	proper_name_or_deixis	syn-len4-b08-20260718
溝女	no_stable_near_synonym	syn-top5000-b04-20260718
滄海遺珠	cultural_no_binary	syn-len4-b10-20260718
滴酒不沾	other_documented	syn-len4-b06-20260718
滾子軸承	other_documented	syn-len4-b02-20260718
滿口髒話	other_documented	syn-len4-b10-20260718
滿城風雨	cultural_no_binary	syn-len4-b05-20260718
滿心歡喜	cultural_no_binary	syn-len4-b02-20260718
滿漢全席	proper_name_or_deixis	syn-len4-b03-20260718
滿腔熱血	cultural_no_binary	syn-len4-b05-20260718
滿門抄斬	cultural_no_binary	syn-len4-b08-20260718
漁人之利	cultural_no_binary	syn-len4-b10-20260718
演出地點	other_documented	syn-len4-b04-20260718
漢坦病毒	proper_name_or_deixis	syn-len4-b10-20260718
漫無目的	cultural_no_binary	syn-len4-b01-20260718
漸行漸遠	cultural_no_binary	syn-len4-b02-20260718
潑婦罵街	cultural_no_binary	syn-len4-b08-20260718
潤腸通便	other_documented	syn-len4-b04-20260718
潺潺流水	other_documented	syn-len4-b06-20260718
濃墨重彩	cultural_no_binary	syn-len4-b03-20260718
濟南地區	proper_name_or_deixis	syn-len4-b06-20260718
濟寧地區	proper_name_or_deixis	syn-len4-b08-20260718
瀑布	polysemous_no_stable_sense	syn-top5000-b03-20260718
火中取栗	cultural_no_binary	syn-len4-b07-20260718
火山爆發	other_documented	syn-len4-b02-20260718
火災現場	other_documented	syn-len4-b04-20260718
炙手可熱	cultural_no_binary	syn-len4-b01-20260718
烏爾都語	proper_name_or_deixis	syn-len4-b08-20260718
烏蘭察布	proper_name_or_deixis	syn-len4-b02-20260718
焗	function_word	syn-top5000-b03-20260718
焚書坑儒	proper_name_or_deixis	syn-len4-b07-20260718
焚琴煮鶴	cultural_no_binary	syn-len4-b10-20260718
無一倖免	cultural_no_binary	syn-len4-b05-20260718
無冕之王	cultural_no_binary	syn-len4-b05-20260718
無利可圖	cultural_no_binary	syn-len4-b05-20260718
無則加勉	cultural_no_binary	syn-len4-b10-20260718
無可否認	no_stable_near_synonym	syn-len4-b01-20260718
無可奉告	no_stable_near_synonym	syn-len4-final-audit-20260718
無字天書	cultural_no_binary	syn-len4-b05-20260718
無師自通	cultural_no_binary	syn-len4-b03-20260718
無性繁殖	other_documented	syn-len4-b07-20260718
無怨無悔	cultural_no_binary	syn-len4-b01-20260718
無惡不作	cultural_no_binary	syn-len4-b05-20260718
無所遁形	cultural_no_binary	syn-len4-b05-20260718
無法替代	cultural_no_binary	syn-len4-b03-20260718
無疾而終	cultural_no_binary	syn-len4-b09-20260718
無的放矢	cultural_no_binary	syn-len4-b07-20260718
無福消受	other_documented	syn-len4-b07-20260718
無私奉獻	cultural_no_binary	syn-len4-b01-20260718
無米之炊	cultural_no_binary	syn-len4-b06-20260718
無線上網	no_stable_near_synonym	syn-len4-b01-20260718
無花果樹	other_documented	syn-len4-b08-20260718
無處可尋	no_stable_near_synonym	syn-len4-reaudit-20260719
無遠弗屆	cultural_no_binary	syn-len4-b10-20260718
煎炸食品	other_documented	syn-len4-b10-20260718
煢煢孑立	cultural_no_binary	syn-len4-b09-20260718
照明設備	other_documented	syn-len4-b04-20260718
熊仔	no_stable_near_synonym	syn-top5000-final-audit-20260718
熱帶植物	other_documented	syn-len4-b02-20260718
熱帶氣候	other_documented	syn-len4-b06-20260718
熱帶雨林	no_stable_near_synonym	syn-len4-b01-20260718
熱情奔放	cultural_no_binary	syn-len4-b03-20260718
熱氣騰騰	cultural_no_binary	syn-len4-b02-20260718
熱線電話	no_stable_near_synonym	syn-len4-b01-20260718
熱門話題	no_stable_near_synonym	syn-len4-b01-20260718
燃放鞭炮	other_documented	syn-len4-b07-20260718
燃氣輪機	other_documented	syn-len4-b04-20260718
燃煤鍋爐	other_documented	syn-len4-b04-20260718
燈火通明	cultural_no_binary	syn-len4-b02-20260718
燙手山芋	cultural_no_binary	syn-len4-b05-20260718
營養不良	no_stable_near_synonym	syn-len4-b01-20260718
爭名奪利	no_stable_near_synonym	syn-len4-final-audit-20260718
爭強好勝	cultural_no_binary	syn-len4-b03-20260718
爭權奪利	no_stable_near_synonym	syn-len4-final-audit-20260718
父母雙亡	cultural_no_binary	syn-len4-b04-20260718
版權所有	other_documented	syn-len4-b01-20260718
牙牙學語	other_documented	syn-len4-b06-20260718
牙膏	polysemous_no_stable_sense	syn-top5000-b02-20260718
牛肉拉麪	no_stable_near_synonym	syn-len4-reaudit-20260719
牛郎織女	proper_name_or_deixis	syn-len4-b02-20260718
牢獄之災	cultural_no_binary	syn-len4-b03-20260718
物主代詞	other_documented	syn-len4-b09-20260718
物我兩忘	cultural_no_binary	syn-len4-b08-20260718
物極必反	cultural_no_binary	syn-len4-b04-20260718
物理現象	other_documented	syn-len4-b06-20260718
物理結構	other_documented	syn-len4-b07-20260718
物理變化	other_documented	syn-len4-b08-20260718
物種起源	proper_name_or_deixis	syn-len4-b06-20260718
物競天擇	cultural_no_binary	syn-len4-b06-20260718
物質享受	other_documented	syn-len4-b04-20260718
物質文明	other_documented	syn-len4-b01-20260718
物質獎勵	other_documented	syn-len4-b05-20260718
物質生活	no_stable_near_synonym	syn-len4-b01-20260718
物質財富	other_documented	syn-len4-b03-20260718
物質需要	other_documented	syn-len4-b08-20260718
物超所值	cultural_no_binary	syn-len4-b02-20260718
特務組織	other_documented	syn-len4-b09-20260718
特此通知	other_documented	syn-len4-b06-20260718
特殊護理	other_documented	syn-len4-b08-20260718
特派記者	other_documented	syn-len4-b03-20260718
特異功能	other_documented	syn-len4-b02-20260718
特約記者	other_documented	syn-len4-b02-20260718
牽線搭橋	cultural_no_binary	syn-len4-b03-20260718
犬儒主義	other_documented	syn-len4-b08-20260718
犯罪集團	other_documented	syn-len4-b05-20260718
狀態參數	other_documented	syn-len4-b10-20260718
狂人日記	proper_name_or_deixis	syn-len4-b05-20260718
狗仔	no_stable_near_synonym	syn-top5000-final-audit-20260718
狗尾續貂	cultural_no_binary	syn-len4-b07-20260718
狗頭軍師	cultural_no_binary	syn-len4-b07-20260718
狼	polysemous_no_stable_sense	syn-top5000-b02-20260718
狼多肉少	cultural_no_binary	syn-len4-b10-20260718
獨尊儒術	cultural_no_binary	syn-len4-b09-20260718
獨當一面	cultural_no_binary	syn-len4-b03-20260718
獨立宣言	proper_name_or_deixis	syn-len4-b05-20260718
獨立思想	no_stable_near_synonym	syn-len4-final-audit-20260718
獨立思考	no_stable_near_synonym	syn-len4-b01-20260718
獨立運動	other_documented	syn-len4-b06-20260718
獨霸一方	other_documented	syn-len4-b09-20260718
獸性大發	other_documented	syn-len4-b07-20260718
玉樹臨風	cultural_no_binary	syn-len4-b03-20260718
玉皇大帝	proper_name_or_deixis	syn-len4-b03-20260718
玉石俱焚	cultural_no_binary	syn-len4-b05-20260718
王侯將相	proper_name_or_deixis	syn-len4-b07-20260718
王母娘娘	proper_name_or_deixis	syn-len4-b03-20260718
玩家	no_stable_near_synonym	syn-top5000-b04-20260718
玻璃	polysemous_no_stable_sense	syn-top5000-b02-20260718
玻璃纖維	other_documented	syn-len4-b02-20260718
珍珠奶茶	other_documented	syn-len4-b02-20260718
珍禽異獸	cultural_no_binary	syn-len4-b06-20260718
珠胎暗結	cultural_no_binary	syn-len4-b10-20260718
班師回朝	other_documented	syn-len4-b08-20260718
班門弄斧	cultural_no_binary	syn-len4-b05-20260718
現代五項	other_documented	syn-len4-b04-20260718
現代文學	other_documented	syn-len4-b02-20260718
現在分詞	other_documented	syn-len4-b06-20260718
現場會議	other_documented	syn-len4-b03-20260718
現學現用	other_documented	syn-len4-b09-20260718
球墨鑄鐵	other_documented	syn-len4-b03-20260718
理化因素	other_documented	syn-len4-b10-20260718
理學博士	other_documented	syn-len4-b09-20260718
理性認識	other_documented	syn-len4-b04-20260718
理論貢獻	other_documented	syn-len4-b09-20260718
琉球羣島	proper_name_or_deixis	syn-len4-b07-20260718
琳	function_word	syn-top5000-b05-20260718
琴	polysemous_no_stable_sense	syn-top5000-b01-20260718
琴棋書畫	cultural_no_binary	syn-len4-b02-20260718
瑞士軍刀	proper_name_or_deixis	syn-len4-b02-20260718
環保主義	other_documented	syn-len4-b06-20260718
環保意識	other_documented	syn-len4-b02-20260718
環境	no_stable_near_synonym	syn-top5000-b01-20260718
環境問題	no_stable_near_synonym	syn-len4-b01-20260718
環境損害	other_documented	syn-len4-b10-20260718
環境污染	no_stable_near_synonym	syn-len4-b01-20260718
環氧乙烷	other_documented	syn-len4-b05-20260718
環氧樹脂	other_documented	syn-len4-b02-20260718
瓊樓玉宇	cultural_no_binary	syn-len4-b07-20260718
瓊漿玉液	cultural_no_binary	syn-len4-b08-20260718
瓦努阿圖	proper_name_or_deixis	syn-len4-b06-20260718
甜甜蜜蜜	cultural_no_binary	syn-len4-b03-20260718
甜而不膩	other_documented	syn-len4-b08-20260718
生不如死	cultural_no_binary	syn-len4-b02-20260718
生化危機	proper_name_or_deixis	syn-len4-b01-20260718
生命跡象	other_documented	syn-len4-b06-20260718
生存之道	cultural_no_binary	syn-len4-b02-20260718
生存空間	no_stable_near_synonym	syn-len4-b01-20260718
生意興隆	cultural_no_binary	syn-len4-b02-20260718
生態危機	other_documented	syn-len4-b07-20260718
生態平衡	other_documented	syn-len4-b03-20260718
生態環境	no_stable_near_synonym	syn-len4-b01-20260718
生態足跡	other_documented	syn-len4-b05-20260718
生態農業	no_stable_near_synonym	syn-len4-b01-20260718
生於憂患	cultural_no_binary	syn-len4-b07-20260718
生日快樂	other_documented	syn-len4-b01-20260718
生日派對	other_documented	syn-len4-b03-20260718
生日蛋糕	other_documented	syn-len4-b02-20260718
生死有命	cultural_no_binary	syn-len4-b09-20260718
生死未卜	cultural_no_binary	syn-len4-b04-20260718
生死關頭	no_stable_near_synonym	syn-len4-final-audit-20260718
生殖器官	other_documented	syn-len4-b02-20260718
生活態度	no_stable_near_synonym	syn-len4-b01-20260718
生活方式	no_stable_near_synonym	syn-len4-b01-20260718
生活條件	no_stable_near_synonym	syn-len4-b01-20260718
生活污水	other_documented	syn-len4-b02-20260718
生活環境	no_stable_near_synonym	syn-len4-final-audit-20260718
生活空間	other_documented	syn-len4-b02-20260718
生活習慣	no_stable_near_synonym	syn-len4-b01-20260718
生活設施	other_documented	syn-len4-b02-20260718
生涯規劃	other_documented	syn-len4-b02-20260718
生物化學	no_stable_near_synonym	syn-len4-b01-20260718
生物學系	other_documented	syn-len4-b07-20260718
生物材料	other_documented	syn-len4-b04-20260718
生物測定	other_documented	syn-len4-b10-20260718
生物燃料	other_documented	syn-len4-b03-20260718
生物質能	other_documented	syn-len4-b02-20260718
生物降解	other_documented	syn-len4-b02-20260718
生生不息	cultural_no_binary	syn-len4-b02-20260718
生生世世	cultural_no_binary	syn-len4-b02-20260718
生產勞動	other_documented	syn-len4-b04-20260718
生產方式	no_stable_near_synonym	syn-len4-b01-20260718
生產過程	no_stable_near_synonym	syn-len4-b01-20260718
生辰八字	cultural_no_binary	syn-len4-b03-20260718
產業集羣	no_stable_near_synonym	syn-len4-b01-20260718
產科醫生	other_documented	syn-len4-b04-20260718
用武之地	cultural_no_binary	syn-len4-b02-20260718
用餐時間	other_documented	syn-len4-b06-20260718
由上而下	other_documented	syn-len4-b06-20260718
由表及裏	other_documented	syn-len4-b07-20260718
甲型肝炎	other_documented	syn-len4-b06-20260718
甲殼動物	other_documented	syn-len4-b08-20260718
甲氧西林	other_documented	syn-len4-b08-20260718
甲硫氨酸	other_documented	syn-len4-b09-20260718
甲蟲	polysemous_no_stable_sense	syn-top5000-b02-20260718
甴	function_word	syn-top5000-b02-20260718
男人老狗	cultural_no_binary	syn-len4-b01-20260718
男兒本色	cultural_no_binary	syn-len4-b03-20260718
男女平等	other_documented	syn-len4-b02-20260718
男尊女卑	cultural_no_binary	syn-len4-b06-20260718
男左女右	cultural_no_binary	syn-len4-b04-20260718
男才女貌	cultural_no_binary	syn-len4-b04-20260718
男扮女裝	cultural_no_binary	syn-len4-b03-20260718
男歡女愛	cultural_no_binary	syn-len4-b03-20260718
男盜女娼	cultural_no_binary	syn-len4-b08-20260718
男神	no_stable_near_synonym	syn-top5000-final-audit-20260718
男耕女織	cultural_no_binary	syn-len4-b08-20260718
畀人	no_stable_near_synonym	syn-top5000-b02-20260718
留存收益	other_documented	syn-len4-b07-20260718
畢業論文	no_stable_near_synonym	syn-len4-b01-20260718
番茄紅素	other_documented	syn-len4-b03-20260718
異亮氨酸	other_documented	syn-len4-b09-20260718
異國情調	cultural_no_binary	syn-len4-b04-20260718
異常現象	other_documented	syn-len4-b04-20260718
異性相吸	other_documented	syn-len4-b07-20260718
異戊二烯	other_documented	syn-len4-b08-20260718
當且僅當	cultural_no_binary	syn-len4-b09-20260718
當代中國	no_stable_near_synonym	syn-len4-b01-20260718
當家作主	cultural_no_binary	syn-len4-b02-20260718
疏肝理氣	other_documented	syn-len4-b08-20260718
疑問代詞	other_documented	syn-len4-b10-20260718
疑難問題	no_stable_near_synonym	syn-len4-b01-20260718
疑難解答	other_documented	syn-len4-b03-20260718
疑難雜症	cultural_no_binary	syn-len4-b02-20260718
疲勞轟炸	other_documented	syn-len4-b10-20260718
疲勞過度	no_stable_near_synonym	syn-len4-final-audit-20260718
病從口入	cultural_no_binary	syn-len4-b05-20260718
痛入骨髓	other_documented	syn-len4-b09-20260718
癌症腫瘤	other_documented	syn-len4-b08-20260718
登堂入室	cultural_no_binary	syn-len4-b04-20260718
登報聲明	other_documented	syn-len4-b09-20260718
登山運動	other_documented	syn-len4-b05-20260718
發揮所長	cultural_no_binary	syn-len4-b08-20260718
發明創造	other_documented	syn-len4-b02-20260718
發生關係	other_documented	syn-len4-b01-20260718
發票	no_stable_near_synonym	syn-top5000-final-audit-20260718
發音器官	other_documented	syn-len4-b09-20260718
白山黑水	proper_name_or_deixis	syn-len4-b06-20260718
白日見鬼	cultural_no_binary	syn-len4-b10-20260718
白色污染	other_documented	syn-len4-b05-20260718
白衣天使	proper_name_or_deixis	syn-len4-b03-20260718
白裏透紅	cultural_no_binary	syn-len4-b03-20260718
白雪皚皚	cultural_no_binary	syn-len4-b04-20260718
白馬雪山	proper_name_or_deixis	syn-len4-b08-20260718
白駒過隙	cultural_no_binary	syn-len4-b04-20260718
百	no_stable_near_synonym	syn-top5000-b02-20260718
百口莫辯	cultural_no_binary	syn-len4-b06-20260718
百團大戰	proper_name_or_deixis	syn-len4-b06-20260718
百家爭鳴	cultural_no_binary	syn-len4-b02-20260718
百密一疏	cultural_no_binary	syn-len4-b07-20260718
百年好合	cultural_no_binary	syn-len4-b04-20260718
百年樹人	cultural_no_binary	syn-len4-b05-20260718
百歲老人	other_documented	syn-len4-b03-20260718
百獸之王	cultural_no_binary	syn-len4-b02-20260718
百看不厭	cultural_no_binary	syn-len4-b04-20260718
百科詞典	other_documented	syn-len4-b02-20260718
百聽不厭	cultural_no_binary	syn-len4-b04-20260718
百萬雄師	cultural_no_binary	syn-len4-b07-20260718
百貨商場	no_stable_near_synonym	syn-len4-final-audit-20260718
百鳥朝鳳	cultural_no_binary	syn-len4-b06-20260718
皇天后土	cultural_no_binary	syn-len4-b10-20260718
皇恩浩蕩	cultural_no_binary	syn-len4-b10-20260718
皮下注射	other_documented	syn-len4-b04-20260718
皮下組織	no_stable_near_synonym	syn-len4-b01-20260718
皰疹病毒	other_documented	syn-len4-b03-20260718
盆	polysemous_no_stable_sense	syn-top5000-b02-20260718
盜亦有道	cultural_no_binary	syn-len4-b07-20260718
盡忠職守	cultural_no_binary	syn-len4-b06-20260718
監管體制	other_documented	syn-len4-b04-20260718
盤古開天	proper_name_or_deixis	syn-len4-b04-20260718
目標地址	other_documented	syn-len4-b08-20260718
目標管理	no_stable_near_synonym	syn-len4-b01-20260718
盲目崇拜	cultural_no_binary	syn-len4-b05-20260718
直呼其名	no_stable_near_synonym	syn-len4-reaudit-20260719
直接經驗	other_documented	syn-len4-b08-20260718
直搗黃龍	cultural_no_binary	syn-len4-b07-20260718
直落	function_word	syn-top5000-b05-20260718
直角座標	other_documented	syn-len4-b06-20260718
相夫教子	cultural_no_binary	syn-len4-b03-20260718
相安無事	cultural_no_binary	syn-len4-b01-20260718
相對而坐	other_documented	syn-len4-b08-20260718
相對誤差	other_documented	syn-len4-b08-20260718
相對速度	other_documented	syn-len4-b09-20260718
相形見絀	cultural_no_binary	syn-len4-b05-20260718
相機	no_stable_near_synonym	syn-top5000-final-audit-20260718
相視而笑	cultural_no_binary	syn-len4-b05-20260718
相談甚歡	cultural_no_binary	syn-len4-b05-20260718
省直管縣	other_documented	syn-len4-b05-20260718
看不習慣	polysemous_no_stable_sense	syn-len4-b10-20260718
看不過去	cultural_no_binary	syn-len4-b04-20260718
真命天子	cultural_no_binary	syn-len4-b02-20260718
真情流露	cultural_no_binary	syn-len4-b03-20260718
真皮組織	other_documented	syn-len4-b10-20260718
真空地帶	other_documented	syn-len4-b08-20260718
真誠待人	other_documented	syn-len4-b07-20260718
眼仔碌碌	no_stable_near_synonym	syn-len4-b01-20260718
眼定定	function_word	syn-top5000-b05-20260718
眼淚汪汪	cultural_no_binary	syn-len4-b04-20260718
眼甘甘	function_word	syn-top5000-b05-20260718
眼神不好	polysemous_no_stable_sense	syn-len4-b08-20260718
眼科醫生	other_documented	syn-len4-b06-20260718
眼鏡	polysemous_no_stable_sense	syn-top5000-b01-20260718
睇唔過眼	cultural_no_binary	syn-len4-b01-20260718
睡眠不足	no_stable_near_synonym	syn-len4-b01-20260718
睡眼惺忪	cultural_no_binary	syn-len4-b04-20260718
睾丸激素	no_stable_near_synonym	syn-len4-final-audit-20260718
矇混過關	cultural_no_binary	syn-len4-b04-20260718
知恩圖報	cultural_no_binary	syn-len4-b04-20260718
知情不報	cultural_no_binary	syn-len4-b10-20260718
知情同意	other_documented	syn-len4-b06-20260718
知易行難	cultural_no_binary	syn-len4-b08-20260718
知法犯法	cultural_no_binary	syn-len4-b07-20260718
知無不言	cultural_no_binary	syn-len4-b06-20260718
知行合一	cultural_no_binary	syn-len4-b06-20260718
知識寶庫	no_stable_near_synonym	syn-len4-final-audit-20260718
知識經濟	other_documented	syn-len4-b01-20260718
知識青年	other_documented	syn-len4-b03-20260718
矯形外科	other_documented	syn-len4-b03-20260718
研製過程	other_documented	syn-len4-b08-20260718
破罐破摔	cultural_no_binary	syn-len4-b08-20260718
破財免災	cultural_no_binary	syn-len4-b09-20260718
破除迷信	other_documented	syn-len4-b08-20260718
碌	function_word	syn-top5000-b02-20260718
碎屍萬段	cultural_no_binary	syn-len4-b06-20260718
碎片整理	other_documented	syn-len4-b04-20260718
碗	polysemous_no_stable_sense	syn-top5000-b01-20260718
碧海青天	cultural_no_binary	syn-len4-b07-20260718
碩士學位	no_stable_near_synonym	syn-len4-b01-20260718
示例代碼	other_documented	syn-len4-b07-20260718
示範單位	other_documented	syn-len4-b03-20260718
社區建設	other_documented	syn-len4-b01-20260718
社會	no_stable_near_synonym	syn-top5000-final-audit-20260718
社會事業	no_stable_near_synonym	syn-len4-b01-20260718
社會存在	other_documented	syn-len4-b04-20260718
社會平等	other_documented	syn-len4-b10-20260718
社會形態	other_documented	syn-len4-b04-20260718
社會意識	other_documented	syn-len4-b04-20260718
社會效益	no_stable_near_synonym	syn-len4-b01-20260718
社會正義	other_documented	syn-len4-b05-20260718
社會活動	no_stable_near_synonym	syn-len4-b01-20260718
社會現象	no_stable_near_synonym	syn-len4-b01-20260718
社會福利	no_stable_near_synonym	syn-len4-b01-20260718
社會科學	no_stable_near_synonym	syn-len4-b01-20260718
社會秩序	no_stable_near_synonym	syn-len4-b01-20260718
社會等級	other_documented	syn-len4-b09-20260718
社會青年	other_documented	syn-len4-b05-20260718
神來之筆	cultural_no_binary	syn-len4-b04-20260718
神智清醒	other_documented	syn-len4-b10-20260718
神父	no_stable_near_synonym	syn-top5000-final-audit-20260718
神經毒素	other_documented	syn-len4-b10-20260718
神經膠質	other_documented	syn-len4-b07-20260718
神職人員	other_documented	syn-len4-b05-20260718
神龍汽車	proper_name_or_deixis	syn-len4-b05-20260718
票房毒藥	cultural_no_binary	syn-len4-b10-20260718
禁止停車	other_documented	syn-len4-b10-20260718
禁止通行	other_documented	syn-len4-b07-20260718
禍國殃民	cultural_no_binary	syn-len4-b04-20260718
禍從口出	cultural_no_binary	syn-len4-b05-20260718
福利事業	other_documented	syn-len4-b04-20260718
福壽雙全	cultural_no_binary	syn-len4-b10-20260718
福星高照	cultural_no_binary	syn-len4-b05-20260718
福無雙至	cultural_no_binary	syn-len4-b09-20260718
福至心靈	cultural_no_binary	syn-len4-b09-20260718
禮義廉恥	cultural_no_binary	syn-len4-b08-20260718
禽獸不如	cultural_no_binary	syn-len4-b02-20260718
秀色可餐	cultural_no_binary	syn-len4-b03-20260718
私定終身	other_documented	syn-len4-b08-20260718
私家偵探	other_documented	syn-len4-b02-20260718
私營企業	no_stable_near_synonym	syn-len4-b01-20260718
秋水伊人	cultural_no_binary	syn-len4-b04-20260718
秋風送爽	cultural_no_binary	syn-len4-b08-20260718
秋高氣爽	cultural_no_binary	syn-len4-b03-20260718
科學種田	other_documented	syn-len4-b08-20260718
科學管理	no_stable_near_synonym	syn-len4-b01-20260718
科學精神	other_documented	syn-len4-b02-20260718
科技大學	proper_name_or_deixis	syn-len4-b01-20260718
科技成果	no_stable_near_synonym	syn-len4-b01-20260718
科特迪瓦	proper_name_or_deixis	syn-len4-b02-20260718
科研小組	other_documented	syn-len4-b08-20260718
秦始皇陵	proper_name_or_deixis	syn-len4-b03-20260718
移動設備	other_documented	syn-len4-b02-20260718
移山填海	cultural_no_binary	syn-len4-b10-20260718
移情別戀	cultural_no_binary	syn-len4-b03-20260718
程控電話	other_documented	syn-len4-b03-20260718
稍遜一籌	other_documented	syn-len4-b07-20260718
種姓製度	other_documented	syn-len4-b09-20260718
種子植物	other_documented	syn-len4-b07-20260718
種子選手	other_documented	syn-len4-b04-20260718
種族歧視	other_documented	syn-len4-b02-20260718
稱兄道弟	cultural_no_binary	syn-len4-b03-20260718
積分方程	other_documented	syn-len4-b07-20260718
積分變換	other_documented	syn-len4-b09-20260718
積壓物資	other_documented	syn-len4-b03-20260718
積極反應	other_documented	syn-len4-b10-20260718
空中飛人	polysemous_no_stable_sense	syn-len4-b04-20260718
空手而歸	cultural_no_binary	syn-len4-b04-20260718
空氣動力	other_documented	syn-len4-b02-20260718
空氣取樣	other_documented	syn-len4-b10-20260718
空氣污染	no_stable_near_synonym	syn-len4-b01-20260718
空氣阻力	other_documented	syn-len4-b06-20260718
空無一人	cultural_no_binary	syn-len4-b01-20260718
空間探測	other_documented	syn-len4-b08-20260718
穿越時空	other_documented	syn-len4-b01-20260718
穿金戴銀	other_documented	syn-len4-b08-20260718
窒	function_word	syn-top5000-b04-20260718
窮兵黷武	cultural_no_binary	syn-len4-b08-20260718
窮則思變	cultural_no_binary	syn-len4-b09-20260718
立地成佛	cultural_no_binary	syn-len4-b07-20260718
立於不敗	cultural_no_binary	syn-len4-b02-20260718
立此存照	polysemous_no_stable_sense	syn-len4-b09-20260718
立法	no_stable_near_synonym	syn-top5000-final-audit-20260718
立法機關	no_stable_near_synonym	syn-len4-reaudit-20260719
立等可取	other_documented	syn-len4-b08-20260718
立體照片	other_documented	syn-len4-b10-20260718
立體電影	other_documented	syn-len4-b04-20260718
站不住腳	cultural_no_binary	syn-len4-b04-20260718
童言無忌	cultural_no_binary	syn-len4-b02-20260718
競爭模式	other_documented	syn-len4-b08-20260718
競爭產品	other_documented	syn-len4-b07-20260718
竹籃打水	cultural_no_binary	syn-len4-b05-20260718
笑臉相迎	cultural_no_binary	syn-len4-b04-20260718
第一世界	other_documented	syn-len4-b07-20260718
第一人稱	other_documented	syn-len4-b02-20260718
第一夫人	proper_name_or_deixis	syn-len4-b02-20260718
第一時間	no_stable_near_synonym	syn-len4-b01-20260718
第一桶金	cultural_no_binary	syn-len4-b01-20260718
第一產業	other_documented	syn-len4-b03-20260718
第三人稱	other_documented	syn-len4-b03-20260718
第二世界	other_documented	syn-len4-b06-20260718
第二人稱	other_documented	syn-len4-b08-20260718
第二國際	proper_name_or_deixis	syn-len4-b09-20260718
第二產業	other_documented	syn-len4-b03-20260718
第二課堂	other_documented	syn-len4-b04-20260718
等離子體	no_stable_near_synonym	syn-len4-b01-20260718
算無遺策	cultural_no_binary	syn-len4-b09-20260718
管理功能	no_stable_near_synonym	syn-len4-b01-20260718
管理接口	other_documented	syn-len4-b10-20260718
管道運輸	other_documented	syn-len4-b05-20260718
節哀順變	cultural_no_binary	syn-len4-b08-20260718
節目	no_stable_near_synonym	syn-top5000-final-audit-20260718
節節上升	other_documented	syn-len4-b08-20260718
節節敗退	cultural_no_binary	syn-len4-b04-20260718
簡單勞動	other_documented	syn-len4-b10-20260718
簡單機械	other_documented	syn-len4-b09-20260718
簡繁轉換	other_documented	syn-len4-b08-20260718
籠絡人心	no_stable_near_synonym	syn-len4-reaudit-20260719
粒子物理	other_documented	syn-len4-b06-20260718
精兵簡政	cultural_no_binary	syn-len4-b09-20260718
精力旺盛	cultural_no_binary	syn-len4-b03-20260718
精子密度	other_documented	syn-len4-b10-20260718
精密儀器	other_documented	syn-len4-b02-20260718
精忠報國	cultural_no_binary	syn-len4-b04-20260718
精神文明	other_documented	syn-len4-b01-20260718
精神財富	other_documented	syn-len4-b02-20260718
精神面貌	other_documented	syn-len4-b02-20260718
精神領袖	other_documented	syn-len4-b03-20260718
糖水	no_stable_near_synonym	syn-top5000-b03-20260718
糖醋里脊	other_documented	syn-len4-b08-20260718
糧草先行	cultural_no_binary	syn-len4-b09-20260718
糾纏不清	cultural_no_binary	syn-len4-b02-20260718
約定俗成	cultural_no_binary	syn-len4-b03-20260718
約會對象	other_documented	syn-len4-b09-20260718
約束條件	other_documented	syn-len4-b04-20260718
紅杏出牆	cultural_no_binary	syn-len4-b01-20260718
紅白喜事	cultural_no_binary	syn-len4-b06-20260718
紅色高棉	proper_name_or_deixis	syn-len4-b07-20260718
紅衣主教	other_documented	syn-len4-b05-20260718
紅頭文件	other_documented	syn-len4-b03-20260718
紅顏知己	cultural_no_binary	syn-len4-b01-20260718
紅顏薄命	cultural_no_binary	syn-len4-b05-20260718
納米技術	no_stable_near_synonym	syn-len4-b01-20260718
納粹主義	other_documented	syn-len4-b09-20260718
純粹數學	other_documented	syn-len4-b10-20260718
素面朝天	cultural_no_binary	syn-len4-b04-20260718
紡織工業	other_documented	syn-len4-b02-20260718
紫羅蘭色	other_documented	syn-len4-b07-20260718
紮	function_word	syn-top5000-b02-20260718
細嚼慢嚥	cultural_no_binary	syn-len4-b04-20260718
細細品味	cultural_no_binary	syn-len4-b02-20260718
細胞因子	other_documented	syn-len4-b02-20260718
細胞培養	other_documented	syn-len4-b03-20260718
細胞毒性	other_documented	syn-len4-b06-20260718
細胞組織	other_documented	syn-len4-b05-20260718
細胞色素	other_documented	syn-len4-b04-20260718
細胞融合	other_documented	syn-len4-b08-20260718
細胞週期	other_documented	syn-len4-b03-20260718
細胞骨架	other_documented	syn-len4-b08-20260718
紹興地區	proper_name_or_deixis	syn-len4-b09-20260718
終審法院	other_documented	syn-len4-b09-20260718
終年積雪	other_documented	syn-len4-b08-20260718
終生伴侶	other_documented	syn-len4-b08-20260718
組合而成	cultural_no_binary	syn-len4-b03-20260718
組織生活	other_documented	syn-len4-b03-20260718
組織領導	no_stable_near_synonym	syn-len4-b01-20260718
結伴同行	cultural_no_binary	syn-len4-b04-20260718
結核菌素	other_documented	syn-len4-b09-20260718
結業典禮	other_documented	syn-len4-b07-20260718
結業證書	other_documented	syn-len4-b03-20260718
結構理論	other_documented	syn-len4-b05-20260718
結界	polysemous_no_stable_sense	syn-top5000-b02-20260718
結社自由	other_documented	syn-len4-b10-20260718
結算方式	other_documented	syn-len4-b03-20260718
結締組織	other_documented	syn-len4-b02-20260718
結繩記事	cultural_no_binary	syn-len4-b09-20260718
絕密文件	other_documented	syn-len4-b08-20260718
絕對優勢	other_documented	syn-len4-b01-20260718
絕對地址	other_documented	syn-len4-b10-20260718
絕對真理	other_documented	syn-len4-b07-20260718
絕緣材料	other_documented	syn-len4-b02-20260718
絡腮鬍子	other_documented	syn-len4-b06-20260718
統一招生	other_documented	syn-len4-b06-20260718
統一發票	other_documented	syn-len4-b03-20260718
統一規劃	other_documented	syn-len4-b03-20260718
統一資源	other_documented	syn-len4-b10-20260718
統購統銷	other_documented	syn-len4-b08-20260718
絲襪	polysemous_no_stable_sense	syn-top5000-b05-20260718
經合組織	proper_name_or_deixis	syn-len4-b03-20260718
經天緯地	cultural_no_binary	syn-len4-b08-20260718
經歷風雨	cultural_no_binary	syn-len4-b03-20260718
經濟作物	other_documented	syn-len4-b02-20260718
經濟基礎	no_stable_near_synonym	syn-len4-b01-20260718
經濟效益	no_stable_near_synonym	syn-len4-b01-20260718
經濟活動	no_stable_near_synonym	syn-len4-b01-20260718
經濟特區	no_stable_near_synonym	syn-len4-b01-20260718
經濟落後	no_stable_near_synonym	syn-len4-reaudit-20260719
經濟週期	other_documented	syn-len4-b02-20260718
經院哲學	other_documented	syn-len4-b10-20260718
綜合治理	no_stable_near_synonym	syn-len4-b01-20260718
綜合藝術	other_documented	syn-len4-b06-20260718
綠草如茵	cultural_no_binary	syn-len4-b05-20260718
維吾爾語	proper_name_or_deixis	syn-len4-b07-20260718
維持秩序	other_documented	syn-len4-b03-20260718
維護和平	other_documented	syn-len4-b08-20260718
網上銀行	no_stable_near_synonym	syn-len4-b01-20260718
網管系統	other_documented	syn-len4-b06-20260718
網絡協議	other_documented	syn-len4-b02-20260718
網絡應用	no_stable_near_synonym	syn-len4-b01-20260718
網絡成癮	other_documented	syn-len4-b03-20260718
網絡管理	no_stable_near_synonym	syn-len4-b01-20260718
網絡設計	other_documented	syn-len4-b03-20260718
網絡語言	other_documented	syn-len4-b04-20260718
綾羅綢緞	other_documented	syn-len4-b08-20260718
緊密配合	other_documented	syn-len4-b04-20260718
編碼系統	other_documented	syn-len4-b09-20260718
緩衝作用	other_documented	syn-len4-b08-20260718
縮頭烏龜	cultural_no_binary	syn-len4-b05-20260718
縱情聲色	cultural_no_binary	syn-len4-b10-20260718
縱橫天下	cultural_no_binary	syn-len4-b02-20260718
縱橫捭闔	cultural_no_binary	syn-len4-b05-20260718
總務主任	other_documented	syn-len4-b10-20260718
總指揮部	other_documented	syn-len4-b03-20260718
總政治部	other_documented	syn-len4-b03-20260718
總領事館	other_documented	syn-len4-b03-20260718
總體目標	other_documented	syn-len4-b02-20260718
繁文縟節	cultural_no_binary	syn-len4-b06-20260718
繡花枕頭	cultural_no_binary	syn-len4-b07-20260718
纖維工業	other_documented	syn-len4-b04-20260718
缸	function_word	syn-top5000-b04-20260718
缺斤短兩	other_documented	syn-len4-b08-20260718
置身其中	cultural_no_binary	syn-len4-b04-20260718
羊入虎口	cultural_no_binary	syn-len4-b07-20260718
羊水穿刺	other_documented	syn-len4-b09-20260718
美中不足	cultural_no_binary	syn-len4-b05-20260718
美國軍人	other_documented	syn-len4-b08-20260718
美容手術	other_documented	syn-len4-b03-20260718
美式足球	polysemous_no_stable_sense	syn-len4-b06-20260718
羣雄逐鹿	cultural_no_binary	syn-len4-b04-20260718
羥基丁酸	other_documented	syn-len4-b10-20260718
羥自由基	other_documented	syn-len4-b10-20260718
義務勞動	other_documented	syn-len4-b04-20260718
義薄雲天	cultural_no_binary	syn-len4-b05-20260718
羹	function_word	syn-top5000-b03-20260718
羽翼豐滿	no_stable_near_synonym	syn-len4-final-audit-20260718
翁牛特旗	proper_name_or_deixis	syn-len4-b03-20260718
習慣用法	other_documented	syn-len4-b09-20260718
翰林學士	proper_name_or_deixis	syn-len4-b06-20260718
老味	function_word	syn-top5000-b05-20260718
老夫少妻	cultural_no_binary	syn-len4-b06-20260718
老夫老妻	cultural_no_binary	syn-len4-b04-20260718
老少皆宜	cultural_no_binary	syn-len4-b04-20260718
老弱婦孺	no_stable_near_synonym	syn-len4-final-audit-20260718
老有所養	cultural_no_binary	syn-len4-b05-20260718
老眼昏花	polysemous_no_stable_sense	syn-len4-b07-20260718
考研	no_stable_near_synonym	syn-top5000-b06-20260718
而立之年	cultural_no_binary	syn-len4-b03-20260718
耗時耗力	other_documented	syn-len4-b10-20260718
耳目一新	cultural_no_binary	syn-len4-b01-20260718
耳鼻咽喉	other_documented	syn-len4-b02-20260718
耳鼻喉科	other_documented	syn-len4-b02-20260718
聊天記錄	no_stable_near_synonym	syn-len4-b01-20260718
聊齋志異	proper_name_or_deixis	syn-len4-b02-20260718
聖地牙哥	proper_name_or_deixis	syn-len4-b10-20260718
聖母教堂	proper_name_or_deixis	syn-len4-b10-20260718
聖盧西亞	proper_name_or_deixis	syn-len4-b07-20260718
聖誕老人	no_stable_near_synonym	syn-top5000-b03-20260718
聚酯樹脂	other_documented	syn-len4-b05-20260718
聚酯纖維	other_documented	syn-len4-b05-20260718
聚酰亞胺	other_documented	syn-len4-b04-20260718
聞風而動	cultural_no_binary	syn-len4-b06-20260718
聯合政府	other_documented	syn-len4-b04-20260718
聯機遊戲	other_documented	syn-len4-b09-20260718
聯繫方式	no_stable_near_synonym	syn-len4-b01-20260718
聯邦政府	no_stable_near_synonym	syn-len4-b01-20260718
職業素質	other_documented	syn-len4-b02-20260718
聽信謠言	other_documented	syn-len4-b10-20260718
聽力理解	other_documented	syn-len4-b05-20260718
肅殺之氣	cultural_no_binary	syn-len4-b07-20260718
肌動蛋白	other_documented	syn-len4-b08-20260718
肌肉注射	other_documented	syn-len4-b04-20260718
肌肉發達	cultural_no_binary	syn-len4-b04-20260718
肌肉組織	other_documented	syn-len4-b04-20260718
肌膚之親	polysemous_no_stable_sense	syn-len4-b06-20260718
肛門直腸	other_documented	syn-len4-b07-20260718
股四頭肌	other_documented	syn-len4-b08-20260718
股票代號	other_documented	syn-len4-b10-20260718
肥妹	function_word	syn-top5000-b05-20260718
肥頭大耳	no_stable_near_synonym	syn-len4-final-audit-20260718
肱二頭肌	other_documented	syn-len4-b06-20260718
胃酸過多	other_documented	syn-len4-b06-20260718
背景音樂	no_stable_near_synonym	syn-len4-b01-20260718
胎死腹中	cultural_no_binary	syn-len4-b04-20260718
胚胎發生	other_documented	syn-len4-b09-20260718
胡志明市	proper_name_or_deixis	syn-len4-b03-20260718
胯下之辱	cultural_no_binary	syn-len4-b09-20260718
胸腺嘧啶	other_documented	syn-len4-b10-20260718
能上能下	cultural_no_binary	syn-len4-b08-20260718
能歌善舞	cultural_no_binary	syn-len4-b04-20260718
能量代謝	other_documented	syn-len4-b05-20260718
脾	function_word	syn-top5000-b04-20260718
腐敗無能	other_documented	syn-len4-b09-20260718
腦力激盪	other_documented	syn-len4-b08-20260718
腰椎間盤	other_documented	syn-len4-b02-20260718
腳痛醫腳	polysemous_no_stable_sense	syn-len4-b09-20260718
膊頭	polysemous_no_stable_sense	syn-top5000-b01-20260718
膠原纖維	other_documented	syn-len4-b05-20260718
膠原蛋白	no_stable_near_synonym	syn-len4-b01-20260718
膽鹼酯酶	other_documented	syn-len4-b06-20260718
臉都綠了	other_documented	syn-len4-b09-20260718
臨危受命	cultural_no_binary	syn-len4-b04-20260718
臨時代辦	other_documented	syn-len4-b10-20260718
臨汾地區	proper_name_or_deixis	syn-len4-b08-20260718
臨淵羨魚	cultural_no_binary	syn-len4-b08-20260718
臨牀特徵	other_documented	syn-len4-b04-20260718
臨界壓力	other_documented	syn-len4-b10-20260718
臨終關懷	other_documented	syn-len4-b06-20260718
自作聰明	cultural_no_binary	syn-len4-b03-20260718
自來水管	other_documented	syn-len4-b04-20260718
自動恢復	other_documented	syn-len4-b04-20260718
自動控制	no_stable_near_synonym	syn-len4-b01-20260718
自動提款	other_documented	syn-len4-b07-20260718
自取其辱	cultural_no_binary	syn-len4-b04-20260718
自問自答	cultural_no_binary	syn-len4-b05-20260718
自報家門	cultural_no_binary	syn-len4-b06-20260718
自學成才	cultural_no_binary	syn-len4-b04-20260718
自導自演	cultural_no_binary	syn-len4-b03-20260718
自彈自唱	cultural_no_binary	syn-len4-b04-20260718
自我介紹	other_documented	syn-len4-b02-20260718
自我安慰	other_documented	syn-len4-b02-20260718
自我評價	other_documented	syn-len4-b02-20260718
自掏腰包	cultural_no_binary	syn-len4-b03-20260718
自有主張	polysemous_no_stable_sense	syn-len4-b10-20260718
自有公論	cultural_no_binary	syn-len4-b10-20260718
自毀前程	other_documented	syn-len4-b08-20260718
自求多福	cultural_no_binary	syn-len4-b07-20260718
自然之友	proper_name_or_deixis	syn-len4-b08-20260718
自然科學	no_stable_near_synonym	syn-len4-b01-20260718
自然規律	no_stable_near_synonym	syn-len4-b01-20260718
自甘墮落	cultural_no_binary	syn-len4-b04-20260718
自生自滅	cultural_no_binary	syn-len4-b02-20260718
自由古巴	proper_name_or_deixis	syn-len4-b10-20260718
自由市場	other_documented	syn-len4-b02-20260718
自由心證	other_documented	syn-len4-b09-20260718
自由意志	other_documented	syn-len4-b04-20260718
自由戀愛	other_documented	syn-len4-b04-20260718
自由王國	cultural_no_binary	syn-len4-b09-20260718
自由競爭	other_documented	syn-len4-b05-20260718
自由職業	other_documented	syn-len4-b02-20260718
自由落體	cultural_no_binary	syn-len4-b03-20260718
自由貿易	no_stable_near_synonym	syn-len4-b01-20260718
自行決定	other_documented	syn-len4-b04-20260718
自行解決	other_documented	syn-len4-b04-20260718
自負盈虧	cultural_no_binary	syn-len4-b05-20260718
自選動作	other_documented	syn-len4-b07-20260718
臭狐	function_word	syn-top5000-b05-20260718
與時俱進	cultural_no_binary	syn-len4-b01-20260718
與民同樂	cultural_no_binary	syn-len4-b08-20260718
與生俱來	cultural_no_binary	syn-len4-b02-20260718
興味索然	cultural_no_binary	syn-len4-b09-20260718
舊約全書	proper_name_or_deixis	syn-len4-b10-20260718
舐犢情深	cultural_no_binary	syn-len4-b10-20260718
舟車勞頓	other_documented	syn-len4-b07-20260718
良心發現	cultural_no_binary	syn-len4-b03-20260718
良性腫瘤	other_documented	syn-len4-b03-20260718
良渚文化	proper_name_or_deixis	syn-len4-b04-20260718
良禽擇木	cultural_no_binary	syn-len4-b10-20260718
良種繁育	other_documented	syn-len4-b04-20260718
良藥苦口	cultural_no_binary	syn-len4-b08-20260718
良辰美景	cultural_no_binary	syn-len4-b04-20260718
色即是空	cultural_no_binary	syn-len4-b02-20260718
色厲內荏	cultural_no_binary	syn-len4-b08-20260718
色情雜誌	other_documented	syn-len4-b09-20260718
艾滋病毒	other_documented	syn-len4-b03-20260718
芝士蛋糕	proper_name_or_deixis	syn-len4-b03-20260718
花容失色	cultural_no_binary	syn-len4-b04-20260718
花拳繡腿	cultural_no_binary	syn-len4-b06-20260718
花樣年華	cultural_no_binary	syn-len4-b01-20260718
花草樹木	other_documented	syn-len4-b02-20260718
若即若離	cultural_no_binary	syn-len4-b02-20260718
若有若無	cultural_no_binary	syn-len4-b02-20260718
苦中作樂	cultural_no_binary	syn-len4-b04-20260718
苦心經營	cultural_no_binary	syn-len4-b03-20260718
苦苦哀求	cultural_no_binary	syn-len4-b03-20260718
苯丙氨酸	other_documented	syn-len4-b05-20260718
苯甲酰氯	other_documented	syn-len4-b09-20260718
英文	polysemous_no_stable_sense	syn-top5000-b01-20260718
英雄氣短	cultural_no_binary	syn-len4-b07-20260718
茄	function_word	syn-top5000-b04-20260718
茄子河區	proper_name_or_deixis	syn-len4-b09-20260718
荃灣	proper_name_or_deixis	syn-top5000-b06-20260718
草菅人命	cultural_no_binary	syn-len4-b06-20260718
草食動物	other_documented	syn-len4-b05-20260718
莎士比亞	proper_name_or_deixis	syn-len4-b01-20260718
菲力牛排	no_stable_near_synonym	syn-len4-final-audit-20260718
菲尼克斯	proper_name_or_deixis	syn-len4-b02-20260718
菲律賓人	proper_name_or_deixis	syn-len4-b07-20260718
菲律賓語	proper_name_or_deixis	syn-len4-b08-20260718
萬世師表	cultural_no_binary	syn-len4-b10-20260718
萬家燈火	cultural_no_binary	syn-len4-b02-20260718
萬有引力	other_documented	syn-len4-b03-20260718
萬物之靈	cultural_no_binary	syn-len4-b05-20260718
萬用手冊	other_documented	syn-len4-b08-20260718
萬能鑰匙	other_documented	syn-len4-b05-20260718
萬萬不可	cultural_no_binary	syn-len4-b04-20260718
萬頃碧波	cultural_no_binary	syn-len4-b10-20260718
落地生根	cultural_no_binary	syn-len4-b04-20260718
落地簽證	other_documented	syn-len4-b07-20260718
落於下風	cultural_no_binary	syn-len4-b09-20260718
落葉喬木	other_documented	syn-len4-b07-20260718
落葉歸根	cultural_no_binary	syn-len4-b03-20260718
葬身之地	cultural_no_binary	syn-len4-b04-20260718
蓄勢待發	cultural_no_binary	syn-len4-b01-20260718
蓋世英雄	cultural_no_binary	syn-len4-b04-20260718
蓬蓽生輝	cultural_no_binary	syn-len4-b08-20260718
蔚然成風	cultural_no_binary	syn-len4-b04-20260718
蕃	function_word	syn-top5000-b04-20260718
蕙質蘭心	cultural_no_binary	syn-len4-b09-20260718
蕹	function_word	syn-top5000-b03-20260718
蕾絲花邊	cultural_no_binary	syn-len4-b03-20260718
薄弱環節	no_stable_near_synonym	syn-len4-b01-20260718
薩拉曼卡	proper_name_or_deixis	syn-len4-b10-20260718
薩摩耶犬	proper_name_or_deixis	syn-len4-b06-20260718
薩斯卡通	proper_name_or_deixis	syn-len4-b09-20260718
薩爾茨堡	proper_name_or_deixis	syn-len4-b05-20260718
藍天白雲	other_documented	syn-len4-b01-20260718
藍顏知己	cultural_no_binary	syn-len4-b02-20260718
藏身之處	other_documented	syn-len4-b06-20260718
藝術學院	proper_name_or_deixis	syn-len4-b01-20260718
藤野先生	proper_name_or_deixis	syn-len4-b08-20260718
藥食同源	cultural_no_binary	syn-len4-b06-20260718
蘇州地區	proper_name_or_deixis	syn-len4-b04-20260718
蘇打餅乾	other_documented	syn-len4-b07-20260718
虎皮鸚鵡	proper_name_or_deixis	syn-len4-b10-20260718
處理方法	no_stable_near_synonym	syn-len4-b01-20260718
虛張聲勢	cultural_no_binary	syn-len4-b03-20260718
虛擬環境	other_documented	syn-len4-b05-20260718
虧佬	function_word	syn-top5000-b05-20260718
蚊蟲叮咬	cultural_no_binary	syn-len4-b03-20260718
蛇蠍美人	cultural_no_binary	syn-len4-b07-20260718
蛋蛋	function_word	syn-top5000-b05-20260718
蝦蝦霸霸	cultural_no_binary	syn-len4-b09-20260718
蝴蝶效應	cultural_no_binary	syn-len4-b02-20260718
螯	function_word	syn-top5000-b06-20260718
血債血償	cultural_no_binary	syn-len4-b07-20260718
血光之災	cultural_no_binary	syn-len4-b06-20260718
血吸蟲病	other_documented	syn-len4-b03-20260718
血栓形成	other_documented	syn-len4-b02-20260718
血汗工廠	other_documented	syn-len4-b06-20260718
血液循環	no_stable_near_synonym	syn-len4-b01-20260718
血清蛋白	other_documented	syn-len4-b07-20260718
血濃於水	cultural_no_binary	syn-len4-b03-20260718
血管硬化	no_stable_near_synonym	syn-len4-final-audit-20260718
血緣關係	no_stable_near_synonym	syn-len4-b01-20260718
血肉模糊	cultural_no_binary	syn-len4-b02-20260718
血腥瑪麗	proper_name_or_deixis	syn-len4-b09-20260718
血跡斑斑	cultural_no_binary	syn-len4-b05-20260718
行使職權	other_documented	syn-len4-b04-20260718
行俠仗義	cultural_no_binary	syn-len4-b05-20260718
行動不便	cultural_no_binary	syn-len4-b03-20260718
行政區劃	no_stable_near_synonym	syn-len4-b01-20260718
行政單位	other_documented	syn-len4-b04-20260718
行政拘留	other_documented	syn-len4-b02-20260718
行政效率	other_documented	syn-len4-b05-20260718
行政救濟	other_documented	syn-len4-b09-20260718
行政會議	other_documented	syn-len4-b08-20260718
行政管理	no_stable_near_synonym	syn-len4-b01-20260718
行政院長	proper_name_or_deixis	syn-len4-b07-20260718
行萬里路	cultural_no_binary	syn-len4-b05-20260718
行行	function_word	syn-top5000-b04-20260718
行行企企	cultural_no_binary	syn-len4-b09-20260718
行雲流水	cultural_no_binary	syn-len4-b02-20260718
衣食無憂	cultural_no_binary	syn-len4-b02-20260718
衣食父母	cultural_no_binary	syn-len4-b04-20260718
表哥	no_stable_near_synonym	syn-top5000-b03-20260718
表面文章	polysemous_no_stable_sense	syn-len4-b05-20260718
被動免疫	other_documented	syn-len4-b10-20260718
裝備齊全	other_documented	syn-len4-b07-20260718
裝神弄鬼	cultural_no_binary	syn-len4-b04-20260718
裝聾作啞	cultural_no_binary	syn-len4-b05-20260718
裝點門面	cultural_no_binary	syn-len4-b09-20260718
裡	function_word	syn-top5000-b02-20260718
製作方法	no_stable_near_synonym	syn-len4-b01-20260718
製藥企業	other_documented	syn-len4-b03-20260718
複變函數	other_documented	syn-len4-b05-20260718
西哈努克	proper_name_or_deixis	syn-len4-b06-20260718
西撒哈拉	proper_name_or_deixis	syn-len4-b10-20260718
西沙羣島	proper_name_or_deixis	syn-len4-b03-20260718
西班牙港	proper_name_or_deixis	syn-len4-b10-20260718
西瓜	no_stable_near_synonym	syn-top5000-final-audit-20260718
要死要活	cultural_no_binary	syn-len4-b04-20260718
見招拆招	polysemous_no_stable_sense	syn-len4-b05-20260718
見步行步	cultural_no_binary	syn-len4-b01-20260718
見死不救	cultural_no_binary	syn-len4-b02-20260718
見賢思齊	cultural_no_binary	syn-len4-b08-20260718
見過	no_stable_near_synonym	syn-top5000-b02-20260718
見過世面	cultural_no_binary	syn-len4-b04-20260718
見馬克思	cultural_no_binary	syn-len4-b10-20260718
規定動作	other_documented	syn-len4-b06-20260718
視覺藝術	other_documented	syn-len4-b02-20260718
視頻會議	no_stable_near_synonym	syn-len4-b01-20260718
視頻節目	other_documented	syn-len4-b04-20260718
視頻聊天	no_stable_near_synonym	syn-len4-b01-20260718
視頻點播	other_documented	syn-len4-b02-20260718
親上加親	cultural_no_binary	syn-len4-b09-20260718
親子關係	other_documented	syn-len4-b03-20260718
親密關係	other_documented	syn-len4-b02-20260718
親生父母	other_documented	syn-len4-b03-20260718
親眼所見	cultural_no_binary	syn-len4-b03-20260718
親筆簽名	other_documented	syn-len4-b03-20260718
親臨現場	cultural_no_binary	syn-len4-b03-20260718
親身經歷	no_stable_near_synonym	syn-len4-b01-20260718
解放組織	other_documented	syn-len4-b09-20260718
解放運動	other_documented	syn-len4-b04-20260718
解析函數	other_documented	syn-len4-b10-20260718
解決爭端	other_documented	syn-len4-b07-20260718
觸手可及	cultural_no_binary	syn-len4-b02-20260718
言多必失	cultural_no_binary	syn-len4-b08-20260718
言論自由	no_stable_near_synonym	syn-len4-b01-20260718
計上心來	cultural_no_binary	syn-len4-b09-20260718
計時收費	other_documented	syn-len4-b09-20260718
訓導主任	other_documented	syn-len4-b08-20260718
訪問方式	other_documented	syn-len4-b08-20260718
訪貧問苦	cultural_no_binary	syn-len4-b10-20260718
設計師	no_stable_near_synonym	syn-top5000-b06-20260718
設計程序	other_documented	syn-len4-b06-20260718
設計規範	other_documented	syn-len4-b02-20260718
許可協議	other_documented	syn-len4-b04-20260718
証	function_word	syn-top5000-b03-20260718
試管嬰兒	no_stable_near_synonym	syn-len4-final-audit-20260718
詩情畫意	cultural_no_binary	syn-len4-b01-20260718
詩詞歌賦	other_documented	syn-len4-b03-20260718
話到嘴邊	cultural_no_binary	syn-len4-b04-20260718
話口未完	cultural_no_binary	syn-len4-b01-20260718
話費	no_stable_near_synonym	syn-top5000-b05-20260718
話雖如此	polysemous_no_stable_sense	syn-len4-b09-20260718
該當何罪	polysemous_no_stable_sense	syn-len4-b09-20260718
認祖歸宗	cultural_no_binary	syn-len4-b06-20260718
認識自己	polysemous_no_stable_sense	syn-len4-b01-20260718
誒	other_documented	syn-top5000-b01-20260718
誓不罷休	cultural_no_binary	syn-len4-b05-20260718
語氣助詞	other_documented	syn-len4-b08-20260718
語義分析	other_documented	syn-len4-b08-20260718
語言訓練	other_documented	syn-len4-b06-20260718
語音信箱	other_documented	syn-len4-b05-20260718
語音信號	other_documented	syn-len4-b06-20260718
語音合成	other_documented	syn-len4-b06-20260718
語音識別	other_documented	syn-len4-b03-20260718
誤上賊船	cultural_no_binary	syn-len4-b10-20260718
誤人子弟	cultural_no_binary	syn-len4-b02-20260718
誤打誤撞	cultural_no_binary	syn-len4-b03-20260718
課外活動	other_documented	syn-len4-b02-20260718
課外輔導	other_documented	syn-len4-b03-20260718
調虎離山	cultural_no_binary	syn-len4-b04-20260718
談虎色變	cultural_no_binary	syn-len4-b08-20260718
請勿打擾	cultural_no_binary	syn-len4-b03-20260718
請君入甕	cultural_no_binary	syn-len4-b04-20260718
請多關照	cultural_no_binary	syn-len4-b06-20260718
論資排輩	cultural_no_binary	syn-len4-b07-20260718
諸子百家	proper_name_or_deixis	syn-len4-b03-20260718
諾貝爾獎	proper_name_or_deixis	syn-len4-b01-20260718
謀財害命	cultural_no_binary	syn-len4-b06-20260718
講下	no_stable_near_synonym	syn-top5000-b02-20260718
講乜	no_stable_near_synonym	syn-top5000-b03-20260718
講緊	no_stable_near_synonym	syn-top5000-b02-20260718
講開又講	cultural_no_binary	syn-len4-b01-20260718
謝通門縣	proper_name_or_deixis	syn-len4-b09-20260718
謹防假冒	other_documented	syn-len4-b08-20260718
證券公司	no_stable_near_synonym	syn-len4-b01-20260718
證券市場	other_documented	syn-len4-b01-20260718
證券經營	other_documented	syn-len4-b07-20260718
證明文件	no_stable_near_synonym	syn-len4-b01-20260718
警備司令	other_documented	syn-len4-b07-20260718
警報系統	other_documented	syn-len4-b08-20260718
警民衝突	other_documented	syn-len4-b10-20260718
議事規則	other_documented	syn-len4-b02-20260718
護士學校	other_documented	syn-len4-b09-20260718
護航艦隊	other_documented	syn-len4-b08-20260718
護花使者	cultural_no_binary	syn-len4-b03-20260718
讀寫能力	other_documented	syn-len4-b03-20260718
讀者	no_stable_near_synonym	syn-top5000-b04-20260718
變分原理	other_documented	syn-len4-b10-20260718
變生肘腋	cultural_no_binary	syn-len4-b08-20260718
變質作用	other_documented	syn-len4-b08-20260718
讓人羨慕	other_documented	syn-len4-b02-20260718
象徵主義	other_documented	syn-len4-b06-20260718
象牙海岸	proper_name_or_deixis	syn-len4-b10-20260718
豪言壯語	cultural_no_binary	syn-len4-b03-20260718
貓	no_stable_near_synonym	syn-top5000-b01-20260718
貓仔	no_stable_near_synonym	syn-top5000-final-audit-20260718
貓鼠遊戲	cultural_no_binary	syn-len4-b10-20260718
貞節牌坊	cultural_no_binary	syn-len4-b07-20260718
負有責任	cultural_no_binary	syn-len4-b04-20260718
負荊請罪	cultural_no_binary	syn-len4-b06-20260718
財務報表	no_stable_near_synonym	syn-len4-b01-20260718
財務總監	no_stable_near_synonym	syn-len4-b01-20260718
財務軟件	no_stable_near_synonym	syn-len4-b01-20260718
財團法人	other_documented	syn-len4-b07-20260718
財政危機	other_documented	syn-len4-b06-20260718
財政年度	other_documented	syn-len4-b04-20260718
財政預算	no_stable_near_synonym	syn-len4-b01-20260718
財產價值	other_documented	syn-len4-b10-20260718
財產公證	other_documented	syn-len4-b07-20260718
貢	function_word	syn-top5000-b06-20260718
貧富懸殊	other_documented	syn-len4-b05-20260718
貨到付款	other_documented	syn-len4-b01-20260718
貨幣主義	other_documented	syn-len4-b10-20260718
販夫走卒	cultural_no_binary	syn-len4-b08-20260718
貪小便宜	cultural_no_binary	syn-len4-b04-20260718
貴妃醉酒	proper_name_or_deixis	syn-len4-b05-20260718
費利克斯	proper_name_or_deixis	syn-len4-b10-20260718
貼紙	no_stable_near_synonym	syn-top5000-b04-20260718
貿易組織	other_documented	syn-len4-b02-20260718
資不抵債	other_documented	syn-len4-b05-20260718
資料傳輸	other_documented	syn-len4-b10-20260718
資本外逃	other_documented	syn-len4-b09-20260718
資產剝離	other_documented	syn-len4-b06-20260718
資訊科技	other_documented	syn-len4-b04-20260718
賊喊捉賊	cultural_no_binary	syn-len4-b07-20260718
賣官鬻爵	cultural_no_binary	syn-len4-b10-20260718
質量保障	other_documented	syn-len4-b03-20260718
購物中心	no_stable_near_synonym	syn-len4-b01-20260718
贛州地區	proper_name_or_deixis	syn-len4-b10-20260718
赫爾墨斯	proper_name_or_deixis	syn-len4-b09-20260718
赫耳墨斯	proper_name_or_deixis	syn-len4-b10-20260718
走火入魔	cultural_no_binary	syn-len4-b01-20260718
走馬觀花	cultural_no_binary	syn-len4-b02-20260718
起承轉合	cultural_no_binary	syn-len4-b07-20260718
起重葫蘆	other_documented	syn-len4-b10-20260718
超前意識	other_documented	syn-len4-b07-20260718
超敏反應	other_documented	syn-len4-b09-20260718
超級女生	proper_name_or_deixis	syn-len4-b02-20260718
越王勾踐	proper_name_or_deixis	syn-len4-b04-20260718
趨之若鶩	cultural_no_binary	syn-len4-b03-20260718
趨利避害	cultural_no_binary	syn-len4-b05-20260718
跌破眼鏡	cultural_no_binary	syn-len4-b06-20260718
跨海大橋	other_documented	syn-len4-b02-20260718
路由協議	other_documented	syn-len4-b03-20260718
踏雪尋梅	cultural_no_binary	syn-len4-b04-20260718
踏青賞花	cultural_no_binary	syn-len4-b10-20260718
踢波	no_stable_near_synonym	syn-top5000-b04-20260718
躡手躡腳	cultural_no_binary	syn-len4-b03-20260718
身上	function_word	syn-top5000-b01-20260718
身兼數職	other_documented	syn-len4-b07-20260718
身外之物	cultural_no_binary	syn-len4-b03-20260718
身家性命	cultural_no_binary	syn-len4-b06-20260718
身懷絕技	cultural_no_binary	syn-len4-b04-20260718
身經百戰	cultural_no_binary	syn-len4-b03-20260718
身負重傷	other_documented	syn-len4-b05-20260718
身首異處	cultural_no_binary	syn-len4-b06-20260718
身體健康	no_stable_near_synonym	syn-len4-b01-20260718
身體部分	other_documented	syn-len4-b09-20260718
身高	no_stable_near_synonym	syn-top5000-final-audit-20260718
車型	no_stable_near_synonym	syn-top5000-b05-20260718
車牌號碼	other_documented	syn-len4-b04-20260718
軍事學院	other_documented	syn-len4-b04-20260718
軍事機構	other_documented	syn-len4-b10-20260718
軍事演習	no_stable_near_synonym	syn-len4-b01-20260718
軍事行動	no_stable_near_synonym	syn-len4-b01-20260718
軍事部門	other_documented	syn-len4-b10-20260718
軍事顧問	other_documented	syn-len4-b07-20260718
軍備競賽	other_documented	syn-len4-b04-20260718
軍火交易	other_documented	syn-len4-b09-20260718
軍用機場	other_documented	syn-len4-b06-20260718
軍用物資	other_documented	syn-len4-b07-20260718
軍閥混戰	cultural_no_binary	syn-len4-b06-20260718
軟件企業	no_stable_near_synonym	syn-len4-b01-20260718
軟件技術	other_documented	syn-len4-b02-20260718
載入史冊	cultural_no_binary	syn-len4-b04-20260718
輕鬆愉快	cultural_no_binary	syn-len4-b02-20260718
輸入法	no_stable_near_synonym	syn-top5000-final-audit-20260718
輸入系統	other_documented	syn-len4-b07-20260718
輸入設備	other_documented	syn-len4-b04-20260718
輻射劑量	other_documented	syn-len4-b08-20260718
輻射強度	other_documented	syn-len4-b07-20260718
轆	function_word	syn-top5000-b01-20260718
轉入地下	other_documented	syn-len4-b09-20260718
轉動慣量	other_documented	syn-len4-b09-20260718
轉移安置	other_documented	syn-len4-b06-20260718
轉移支付	other_documented	syn-len4-b01-20260718
轉移視線	cultural_no_binary	syn-len4-b05-20260718
轉變過程	other_documented	syn-len4-b06-20260718
轟動一時	no_stable_near_synonym	syn-len4-final-audit-20260718
轟動效應	other_documented	syn-len4-b04-20260718
辛丑條約	proper_name_or_deixis	syn-len4-b08-20260718
辣手摧花	cultural_no_binary	syn-len4-b06-20260718
辦事機構	other_documented	syn-len4-b02-20260718
辦公地址	other_documented	syn-len4-b02-20260718
辦公設備	no_stable_near_synonym	syn-len4-b01-20260718
辯證邏輯	other_documented	syn-len4-b10-20260718
農業技術	no_stable_near_synonym	syn-len4-b01-20260718
農業社會	other_documented	syn-len4-b04-20260718
農民階級	other_documented	syn-len4-b08-20260718
迂迴曲折	other_documented	syn-len4-b06-20260718
迎來送往	cultural_no_binary	syn-len4-b06-20260718
迎風招展	other_documented	syn-len4-b07-20260718
近鄉情怯	cultural_no_binary	syn-len4-b09-20260718
返老還童	cultural_no_binary	syn-len4-b03-20260718
迴	function_word	syn-top5000-b05-20260718
迷宮	polysemous_no_stable_sense	syn-top5000-b02-20260718
追憶往事	other_documented	syn-len4-b09-20260718
追究責任	no_stable_near_synonym	syn-len4-b01-20260718
退休年齡	other_documented	syn-len4-b02-20260718
逃避現實	other_documented	syn-len4-b02-20260718
逃離現場	cultural_no_binary	syn-len4-b04-20260718
逆反心理	other_documented	syn-len4-b03-20260718
逆我者亡	cultural_no_binary	syn-len4-b09-20260718
逆流而上	no_stable_near_synonym	syn-len4-reaudit-20260719
逆轉錄酶	other_documented	syn-len4-b08-20260718
逆風而行	no_stable_near_synonym	syn-len4-reaudit-20260719
逐鹿中原	cultural_no_binary	syn-len4-b03-20260718
通俗文學	other_documented	syn-len4-b07-20260718
通俗讀物	other_documented	syn-len4-b07-20260718
通信地址	other_documented	syn-len4-b02-20260718
通信技術	no_stable_near_synonym	syn-len4-b01-20260718
通信服務	other_documented	syn-len4-b02-20260718
通信線路	other_documented	syn-len4-b05-20260718
通商口岸	other_documented	syn-len4-b07-20260718
通用電器	proper_name_or_deixis	syn-len4-b07-20260718
通訊設備	other_documented	syn-len4-b02-20260718
速溶咖啡	other_documented	syn-len4-b05-20260718
造就人才	other_documented	syn-len4-b09-20260718
造山運動	other_documented	syn-len4-b08-20260718
造成問題	cultural_no_binary	syn-len4-b10-20260718
造福人類	cultural_no_binary	syn-len4-b04-20260718
造紙工業	other_documented	syn-len4-b04-20260718
逢低買進	other_documented	syn-len4-b09-20260718
逢年過節	cultural_no_binary	syn-len4-b02-20260718
逢高賣出	other_documented	syn-len4-b08-20260718
連中三元	cultural_no_binary	syn-len4-b10-20260718
連名帶姓	other_documented	syn-len4-b10-20260718
連哄帶騙	other_documented	syn-len4-b07-20260718
連帶責任	no_stable_near_synonym	syn-len4-b01-20260718
連本帶利	other_documented	syn-len4-b07-20260718
連根拔起	cultural_no_binary	syn-len4-b04-20260718
連滾帶爬	cultural_no_binary	syn-len4-b04-20260718
連綿不絕	cultural_no_binary	syn-len4-b03-20260718
週年紀念	other_documented	syn-len4-b01-20260718
週末愉快	cultural_no_binary	syn-len4-b03-20260718
週邊設備	other_documented	syn-len4-b02-20260718
進出口商	other_documented	syn-len4-b09-20260718
進步人士	other_documented	syn-len4-b09-20260718
逼上梁山	cultural_no_binary	syn-len4-b04-20260718
遊吟詩人	other_documented	syn-len4-b08-20260718
遊戲人間	cultural_no_binary	syn-len4-b04-20260718
遊戲規則	no_stable_near_synonym	syn-len4-b01-20260718
遊戲設備	other_documented	syn-len4-b02-20260718
遊牧民族	other_documented	syn-len4-b03-20260718
遊移不定	other_documented	syn-len4-b08-20260718
運動方程	other_documented	syn-len4-b08-20260718
運動神經	other_documented	syn-len4-b04-20260718
運城地區	proper_name_or_deixis	syn-len4-b08-20260718
運算法則	other_documented	syn-len4-b08-20260718
運行方式	other_documented	syn-len4-b03-20260718
運行狀況	other_documented	syn-len4-b03-20260718
遍地開花	cultural_no_binary	syn-len4-b02-20260718
過境簽證	other_documented	syn-len4-b10-20260718
過失殺人	other_documented	syn-len4-b08-20260718
過從甚密	cultural_no_binary	syn-len4-b09-20260718
過時不候	cultural_no_binary	syn-len4-b10-20260718
過渡金屬	other_documented	syn-len4-b04-20260718
過關斬將	cultural_no_binary	syn-len4-b03-20260718
道德認識	other_documented	syn-len4-b10-20260718
達坂城區	proper_name_or_deixis	syn-len4-b06-20260718
達成協議	no_stable_near_synonym	syn-len4-b01-20260718
達斡爾族	proper_name_or_deixis	syn-len4-b04-20260718
達魯花赤	proper_name_or_deixis	syn-len4-b10-20260718
遠大理想	no_stable_near_synonym	syn-len4-final-audit-20260718
遠洋漁業	other_documented	syn-len4-b07-20260718
遠洋運輸	other_documented	syn-len4-b05-20260718
遠程導彈	other_documented	syn-len4-b05-20260718
遠程登錄	other_documented	syn-len4-b05-20260718
遠程監控	other_documented	syn-len4-b02-20260718
遠隔重洋	no_stable_near_synonym	syn-len4-reaudit-20260719
適者生存	cultural_no_binary	syn-len4-b03-20260718
遲到早退	other_documented	syn-len4-b06-20260718
選美皇后	other_documented	syn-len4-b08-20260718
遺傳信息	other_documented	syn-len4-b07-20260718
遺傳物質	other_documented	syn-len4-b05-20260718
遺失啓事	other_documented	syn-len4-b07-20260718
邊境衝突	other_documented	syn-len4-b09-20260718
邊有	function_word	syn-top5000-b02-20260718
邊緣地區	no_stable_near_synonym	syn-len4-reaudit-20260719
邊遠地區	no_stable_near_synonym	syn-len4-reaudit-20260719
邊防警察	other_documented	syn-len4-b10-20260718
邊際成本	other_documented	syn-len4-b06-20260718
邪不勝正	cultural_no_binary	syn-len4-b10-20260718
邯鄲地區	proper_name_or_deixis	syn-len4-b09-20260718
酒後失態	cultural_no_binary	syn-len4-b09-20260718
酒水飲料	other_documented	syn-len4-b07-20260718
酒精	polysemous_no_stable_sense	syn-top5000-b05-20260718
酒精中毒	other_documented	syn-len4-b04-20260718
酒色財氣	cultural_no_binary	syn-len4-b09-20260718
酒足飯飽	cultural_no_binary	syn-len4-b04-20260718
酒過三巡	cultural_no_binary	syn-len4-b08-20260718
酒酣耳熱	cultural_no_binary	syn-len4-b10-20260718
醇酸樹脂	other_documented	syn-len4-b07-20260718
醉翁之意	cultural_no_binary	syn-len4-b04-20260718
醉酒駕車	other_documented	syn-len4-b02-20260718
醋酸乙酯	other_documented	syn-len4-b05-20260718
醒世恆言	proper_name_or_deixis	syn-len4-b07-20260718
醫學檢驗	other_documented	syn-len4-b02-20260718
重出江湖	cultural_no_binary	syn-len4-b02-20260718
重力異常	other_documented	syn-len4-b10-20260718
重新統一	no_stable_near_synonym	syn-len4-final-audit-20260718
重男輕女	cultural_no_binary	syn-len4-b03-20260718
重色輕友	cultural_no_binary	syn-len4-b04-20260718
重量單位	other_documented	syn-len4-b10-20260718
野外求生	other_documented	syn-len4-b09-20260718
野生動物	no_stable_near_synonym	syn-len4-b01-20260718
野生植物	other_documented	syn-len4-b03-20260718
野生生物	other_documented	syn-len4-b08-20260718
量體裁衣	cultural_no_binary	syn-len4-b05-20260718
金光閃閃	cultural_no_binary	syn-len4-b03-20260718
金剛薩埵	proper_name_or_deixis	syn-len4-b09-20260718
金口玉言	cultural_no_binary	syn-len4-b08-20260718
金屬材料	no_stable_near_synonym	syn-len4-b01-20260718
金戈鐵馬	cultural_no_binary	syn-len4-b03-20260718
金無足赤	polysemous_no_stable_sense	syn-len4-b09-20260718
金童玉女	proper_name_or_deixis	syn-len4-b03-20260718
金縷玉衣	proper_name_or_deixis	syn-len4-b09-20260718
金華火腿	proper_name_or_deixis	syn-len4-b06-20260718
金融中心	no_stable_near_synonym	syn-len4-b01-20260718
金融市場	no_stable_near_synonym	syn-len4-b01-20260718
金融槓桿	no_stable_near_synonym	syn-len4-reaudit-20260719
金融機構	no_stable_near_synonym	syn-len4-b01-20260718
金融風波	other_documented	syn-len4-b10-20260718
金錢萬能	cultural_no_binary	syn-len4-b09-20260718
金髮女郎	other_documented	syn-len4-b06-20260718
金髮碧眼	cultural_no_binary	syn-len4-b04-20260718
釣魚執法	other_documented	syn-len4-b10-20260718
鈕	function_word	syn-top5000-b04-20260718
銀行利息	other_documented	syn-len4-b06-20260718
銅	no_stable_near_synonym	syn-top5000-final-audit-20260718
銅仁地區	proper_name_or_deixis	syn-len4-b02-20260718
鋼鐵工業	other_documented	syn-len4-b02-20260718
錦上添花	cultural_no_binary	syn-len4-b01-20260718
鍚	function_word	syn-top5000-b04-20260718
鎩羽而歸	no_stable_near_synonym	syn-len4-final-audit-20260718
鎮江地區	proper_name_or_deixis	syn-len4-b10-20260718
鏈接	polysemous_no_stable_sense	syn-top5000-b02-20260718
鐘	polysemous_no_stable_sense	syn-top5000-b01-20260718
鐘樓怪人	proper_name_or_deixis	syn-len4-b08-20260718
鐵器時代	other_documented	syn-len4-b08-20260718
鐵板牛肉	other_documented	syn-len4-b10-20260718
鐵達尼號	proper_name_or_deixis	syn-len4-b05-20260718
鑿壁偷光	cultural_no_binary	syn-len4-b10-20260718
長夜漫漫	cultural_no_binary	syn-len4-b05-20260718
長大成人	other_documented	syn-len4-b02-20260718
長孫無忌	proper_name_or_deixis	syn-len4-b05-20260718
長平之戰	proper_name_or_deixis	syn-len4-b07-20260718
長得	function_word	syn-top5000-b05-20260718
長期以來	no_stable_near_synonym	syn-len4-b01-20260718
長期共存	no_stable_near_synonym	syn-len4-reaudit-20260719
長期投資	no_stable_near_synonym	syn-len4-b01-20260718
長袍馬褂	cultural_no_binary	syn-len4-b10-20260718
長袖善舞	cultural_no_binary	syn-len4-b06-20260718
長足進步	cultural_no_binary	syn-len4-b05-20260718
長途旅行	no_stable_near_synonym	syn-len4-reaudit-20260719
長途話費	other_documented	syn-len4-b06-20260718
長途電話	other_documented	syn-len4-b05-20260718
長途飛行	other_documented	syn-len4-b08-20260718
長驅直入	cultural_no_binary	syn-len4-b04-20260718
門捷列夫	proper_name_or_deixis	syn-len4-b09-20260718
閃閃發光	cultural_no_binary	syn-len4-b02-20260718
閉卷考試	other_documented	syn-len4-b08-20260718
閉目養神	cultural_no_binary	syn-len4-b03-20260718
閉門造車	cultural_no_binary	syn-len4-b05-20260718
開元盛世	proper_name_or_deixis	syn-len4-b08-20260718
開國元勳	cultural_no_binary	syn-len4-b04-20260718
開天闢地	cultural_no_binary	syn-len4-b02-20260718
開始以前	polysemous_no_stable_sense	syn-len4-b10-20260718
開張大吉	cultural_no_binary	syn-len4-b05-20260718
開拓創新	other_documented	syn-len4-b01-20260718
開放政策	other_documented	syn-len4-b04-20260718
開放系統	other_documented	syn-len4-b07-20260718
開曼羣島	proper_name_or_deixis	syn-len4-b06-20260718
開會時間	other_documented	syn-len4-b10-20260718
開業大吉	cultural_no_binary	syn-len4-b07-20260718
開發環境	no_stable_near_synonym	syn-len4-b01-20260718
開發週期	other_documented	syn-len4-b04-20260718
開發過程	no_stable_near_synonym	syn-len4-b01-20260718
開花結果	cultural_no_binary	syn-len4-b02-20260718
開門揖盜	cultural_no_binary	syn-len4-b10-20260718
開閉幕式	other_documented	syn-len4-b03-20260718
閒雲野鶴	cultural_no_binary	syn-len4-b04-20260718
闆	function_word	syn-top5000-b01-20260718
關中地區	proper_name_or_deixis	syn-len4-b07-20260718
關我事	other_documented	syn-top5000-b05-20260718
關鍵問題	no_stable_near_synonym	syn-len4-reaudit-20260719
關鍵時刻	no_stable_near_synonym	syn-len4-b01-20260718
關門捉賊	cultural_no_binary	syn-len4-b10-20260718
防火設備	other_documented	syn-len4-b09-20260718
防禦工事	other_documented	syn-len4-b05-20260718
防風固沙	other_documented	syn-len4-b10-20260718
阻抗匹配	other_documented	syn-len4-b08-20260718
阻頭阻勢	cultural_no_binary	syn-len4-b05-20260718
阿奇黴素	proper_name_or_deixis	syn-len4-b03-20260718
阿布哈茲	proper_name_or_deixis	syn-len4-b04-20260718
阿爾伯塔	proper_name_or_deixis	syn-len4-b08-20260718
阿特拉斯	proper_name_or_deixis	syn-len4-b03-20260718
阿米巴病	proper_name_or_deixis	syn-len4-b10-20260718
阿貓阿狗	cultural_no_binary	syn-len4-b05-20260718
阿麗	function_word	syn-top5000-b05-20260718
附庸風雅	cultural_no_binary	syn-len4-b05-20260718
陰晴不定	no_stable_near_synonym	syn-len4-final-audit-20260718
陰毛	no_stable_near_synonym	syn-top5000-b06-20260718
陰盛陽衰	cultural_no_binary	syn-len4-b06-20260718
陰道	no_stable_near_synonym	syn-top5000-final-audit-20260718
陰魂不散	cultural_no_binary	syn-len4-b03-20260718
陳橋兵變	proper_name_or_deixis	syn-len4-b10-20260718
陷入絕境	cultural_no_binary	syn-len4-b05-20260718
陸海空軍	other_documented	syn-len4-b10-20260718
陽具	function_word	syn-top5000-b04-20260718
陽性反應	other_documented	syn-len4-b07-20260718
陽春白雪	cultural_no_binary	syn-len4-b04-20260718
隋唐演義	proper_name_or_deixis	syn-len4-b06-20260718
隔熱材料	other_documented	syn-len4-b04-20260718
隔行掃描	other_documented	syn-len4-b08-20260718
隨地吐痰	cultural_no_binary	syn-len4-b03-20260718
隨時待命	other_documented	syn-len4-b06-20260718
隨時歡迎	cultural_no_binary	syn-len4-b03-20260718
隨機存取	other_documented	syn-len4-b09-20260718
隨身攜帶	no_stable_near_synonym	syn-len4-b01-20260718
隨身行李	other_documented	syn-len4-b09-20260718
隱形飛機	other_documented	syn-len4-b10-20260718
隱私政策	other_documented	syn-len4-b02-20260718
隴南地區	proper_name_or_deixis	syn-len4-b09-20260718
隻	function_word	syn-top5000-b01-20260718
雄性不育	other_documented	syn-len4-b04-20260718
雄性激素	no_stable_near_synonym	syn-len4-b04-20260718
雅俗共賞	cultural_no_binary	syn-len4-b04-20260718
集市貿易	other_documented	syn-len4-b08-20260718
雌性激素	other_documented	syn-len4-b05-20260718
雌雄同體	other_documented	syn-len4-b06-20260718
雕樑畫棟	other_documented	syn-len4-b06-20260718
雖敗猶榮	cultural_no_binary	syn-len4-b05-20260718
雙方同意	cultural_no_binary	syn-len4-b03-20260718
雙邊會談	other_documented	syn-len4-b09-20260718
雙重人格	cultural_no_binary	syn-len4-b05-20260718
雙重國籍	other_documented	syn-len4-b08-20260718
雙重標準	other_documented	syn-len4-b04-20260718
雜技演員	other_documented	syn-len4-b07-20260718
雜食動物	other_documented	syn-len4-b10-20260718
雞同鴨講	cultural_no_binary	syn-len4-b07-20260718
雞尾酒會	other_documented	syn-len4-b06-20260718
雞新城疫	other_documented	syn-len4-b08-20260718
雞皮疙瘩	cultural_no_binary	syn-len4-b01-20260718
雞雞	function_word	syn-top5000-b05-20260718
離子交換	other_documented	syn-len4-b02-20260718
離情別緒	cultural_no_binary	syn-len4-b10-20260718
難以形容	cultural_no_binary	syn-len4-b03-20260718
難以捉摸	cultural_no_binary	syn-len4-b03-20260718
難以解決	cultural_no_binary	syn-len4-b03-20260718
難辭其咎	cultural_no_binary	syn-len4-b05-20260718
雪泥鴻爪	cultural_no_binary	syn-len4-b10-20260718
雲岡石窟	proper_name_or_deixis	syn-len4-b04-20260718
雲淡風輕	cultural_no_binary	syn-len4-b02-20260718
零度以下	other_documented	syn-len4-b08-20260718
雷達天線	other_documented	syn-len4-b09-20260718
雷雨交加	no_stable_near_synonym	syn-len4-reaudit-20260719
電力公司	no_stable_near_synonym	syn-len4-b01-20260718
電力工業	other_documented	syn-len4-b03-20260718
電力機車	other_documented	syn-len4-b03-20260718
電子	function_word	syn-top5000-b04-20260718
電子器件	other_documented	syn-len4-b02-20260718
電子工業	other_documented	syn-len4-b02-20260718
電子工程	other_documented	syn-len4-b02-20260718
電子文件	other_documented	syn-len4-b03-20260718
電子產品	no_stable_near_synonym	syn-len4-b01-20260718
電子網絡	other_documented	syn-len4-b07-20260718
電子警察	other_documented	syn-len4-b03-20260718
電子貨幣	other_documented	syn-len4-b06-20260718
電子電路	other_documented	syn-len4-b02-20260718
電影劇本	other_documented	syn-len4-b03-20260718
電機工程	other_documented	syn-len4-b04-20260718
電氣工程	other_documented	syn-len4-b02-20260718
電流強度	other_documented	syn-len4-b09-20260718
電源開關	other_documented	syn-len4-b02-20260718
電磁理論	other_documented	syn-len4-b10-20260718
電磁輻射	no_stable_near_synonym	syn-len4-b01-20260718
電腦病毒	other_documented	syn-len4-b03-20260718
電芯	function_word	syn-top5000-b03-20260718
電視公司	other_documented	syn-len4-b05-20260718
電視廣播	other_documented	syn-len4-b03-20260718
電視節目	no_stable_near_synonym	syn-len4-b01-20260718
電視頻道	other_documented	syn-len4-b02-20260718
電解電容	other_documented	syn-len4-b02-20260718
電話信號	other_documented	syn-len4-b09-20260718
電話號碼	no_stable_near_synonym	syn-len4-b01-20260718
霍比特人	proper_name_or_deixis	syn-len4-b08-20260718
霍爾木茲	proper_name_or_deixis	syn-len4-b09-20260718
靈魂深處	other_documented	syn-len4-b02-20260718
青春不再	cultural_no_binary	syn-len4-b06-20260718
青春永駐	cultural_no_binary	syn-len4-b05-20260718
青藏高原	proper_name_or_deixis	syn-len4-b01-20260718
靚靚	function_word	syn-top5000-b05-20260718
靜觀其變	cultural_no_binary	syn-len4-b04-20260718
非常時期	other_documented	syn-len4-b09-20260718
非我族類	polysemous_no_stable_sense	syn-len4-b09-20260718
靡靡之音	cultural_no_binary	syn-len4-b06-20260718
面對現實	other_documented	syn-len4-b02-20260718
面授機宜	other_documented	syn-len4-b08-20260718
面有難色	other_documented	syn-len4-b08-20260718
面目猙獰	cultural_no_binary	syn-len4-b04-20260718
面色蒼白	other_documented	syn-len4-b03-20260718
面試工作	other_documented	syn-len4-b05-20260718
面面相覷	cultural_no_binary	syn-len4-b02-20260718
革命先烈	cultural_no_binary	syn-len4-b03-20260718
革命委員	other_documented	syn-len4-b03-20260718
革命意志	other_documented	syn-len4-b10-20260718
革命戰爭	other_documented	syn-len4-b03-20260718
革命文學	other_documented	syn-len4-b09-20260718
鞍前馬後	cultural_no_binary	syn-len4-b07-20260718
韓國泡菜	other_documented	syn-len4-b05-20260718
韜光養晦	cultural_no_binary	syn-len4-b03-20260718
音樂	no_stable_near_synonym	syn-top5000-final-audit-20260718
音樂之聲	proper_name_or_deixis	syn-len4-b02-20260718
音頻文件	other_documented	syn-len4-b02-20260718
音頻設備	other_documented	syn-len4-b04-20260718
響應時間	no_stable_near_synonym	syn-len4-b01-20260718
頁	function_word	syn-top5000-b03-20260718
頁面	polysemous_no_stable_sense	syn-top5000-b02-20260718
項上人頭	cultural_no_binary	syn-len4-b10-20260718
順其自然	cultural_no_binary	syn-len4-b02-20260718
順勢療法	other_documented	syn-len4-b08-20260718
順水人情	cultural_no_binary	syn-len4-b07-20260718
預防接種	other_documented	syn-len4-b03-20260718
預防措施	no_stable_near_synonym	syn-len4-b01-20260718
頒獎典禮	no_stable_near_synonym	syn-len4-b01-20260718
頭疼腦熱	other_documented	syn-len4-b08-20260718
頭等大事	other_documented	syn-len4-b02-20260718
頭腦清楚	no_stable_near_synonym	syn-len4-reaudit-20260719
頭重腳輕	cultural_no_binary	syn-len4-b05-20260718
頻率合成	other_documented	syn-len4-b06-20260718
額爾古納	proper_name_or_deixis	syn-len4-b03-20260718
顛鸞倒鳳	cultural_no_binary	syn-len4-b09-20260718
顧全大局	cultural_no_binary	syn-len4-b04-20260718
顧問公司	other_documented	syn-len4-b02-20260718
顧客至上	cultural_no_binary	syn-len4-b03-20260718
風刀霜劍	cultural_no_binary	syn-len4-b08-20260718
風化作用	other_documented	syn-len4-b10-20260718
風情萬種	cultural_no_binary	syn-len4-b01-20260718
風月場所	other_documented	syn-len4-b08-20260718
風流成性	cultural_no_binary	syn-len4-b07-20260718
風花雪月	cultural_no_binary	syn-len4-b01-20260718
風車	polysemous_no_stable_sense	syn-top5000-b03-20260718
風險管理	no_stable_near_synonym	syn-len4-b01-20260718
風雨如晦	cultural_no_binary	syn-len4-b09-20260718
風雨欲來	cultural_no_binary	syn-len4-b03-20260718
風雨雷電	other_documented	syn-len4-b06-20260718
風靡一時	no_stable_near_synonym	syn-len4-final-audit-20260718
風韻猶存	cultural_no_binary	syn-len4-b06-20260718
飛來飛去	polysemous_no_stable_sense	syn-len4-b01-20260718
飛檐走壁	cultural_no_binary	syn-len4-b04-20260718
飛蛾撲火	cultural_no_binary	syn-len4-b02-20260718
飛鴿傳書	cultural_no_binary	syn-len4-b04-20260718
食不知味	other_documented	syn-len4-b08-20260718
食品工業	no_stable_near_synonym	syn-len4-b01-20260718
食得	function_word	syn-top5000-b04-20260718
食色性也	cultural_no_binary	syn-len4-b08-20260718
食髓知味	cultural_no_binary	syn-len4-b10-20260718
飯後服用	cultural_no_binary	syn-len4-b09-20260718
飲彈自盡	other_documented	syn-len4-b10-20260718
飲食男女	cultural_no_binary	syn-len4-b03-20260718
飽學之士	cultural_no_binary	syn-len4-b09-20260718
養兒防老	cultural_no_binary	syn-len4-b07-20260718
養兵千日	cultural_no_binary	syn-len4-b10-20260718
養老送終	cultural_no_binary	syn-len4-b08-20260718
養育之恩	cultural_no_binary	syn-len4-b03-20260718
餓虎撲食	cultural_no_binary	syn-len4-b10-20260718
餘情未了	no_stable_near_synonym	syn-len4-final-audit-20260718
餘震不斷	other_documented	syn-len4-b06-20260718
餵	polysemous_no_stable_sense	syn-top5000-b01-20260718
饒有興趣	cultural_no_binary	syn-len4-b03-20260718
首善之區	other_documented	syn-len4-b08-20260718
首尾相接	other_documented	syn-len4-b10-20260718
首席代表	other_documented	syn-len4-b03-20260718
首腦會晤	other_documented	syn-len4-b08-20260718
首開紀錄	cultural_no_binary	syn-len4-b05-20260718
香消玉殞	cultural_no_binary	syn-len4-b04-20260718
香港大學	proper_name_or_deixis	syn-len4-b01-20260718
香甜可口	other_documented	syn-len4-b06-20260718
馬列主義	proper_name_or_deixis	syn-len4-b02-20260718
馬可波羅	proper_name_or_deixis	syn-len4-b02-20260718
馬失前蹄	cultural_no_binary	syn-len4-b07-20260718
馬拉多納	proper_name_or_deixis	syn-len4-b01-20260718
馬爾康縣	proper_name_or_deixis	syn-len4-b07-20260718
馴養繁殖	other_documented	syn-len4-b08-20260718
駐顏有術	cultural_no_binary	syn-len4-b10-20260718
驀然回首	cultural_no_binary	syn-len4-b02-20260718
驅逐出境	other_documented	syn-len4-b05-20260718
驍勇善戰	cultural_no_binary	syn-len4-b05-20260718
驕兵必敗	cultural_no_binary	syn-len4-b10-20260718
驚奇不已	other_documented	syn-len4-b09-20260718
驚險刺激	cultural_no_binary	syn-len4-b03-20260718
驚鴻一瞥	cultural_no_binary	syn-len4-b03-20260718
骨牌效應	other_documented	syn-len4-b07-20260718
骨科醫生	no_stable_near_synonym	syn-len4-reaudit-20260719
骨肉相殘	no_stable_near_synonym	syn-len4-final-audit-20260718
體外循環	other_documented	syn-len4-b03-20260718
體育運動	no_stable_near_synonym	syn-len4-b01-20260718
體育鍛煉	no_stable_near_synonym	syn-len4-b01-20260718
高中	no_stable_near_synonym	syn-top5000-final-audit-20260718
高層建築	no_stable_near_synonym	syn-len4-b01-20260718
高山流水	cultural_no_binary	syn-len4-b02-20260718
高度評價	no_stable_near_synonym	syn-len4-b01-20260718
高手如雲	cultural_no_binary	syn-len4-b05-20260718
高檔服裝	other_documented	syn-len4-b06-20260718
高矮胖瘦	other_documented	syn-len4-b08-20260718
高等代數	other_documented	syn-len4-b05-20260718
高等動物	other_documented	syn-len4-b07-20260718
高等植物	no_stable_near_synonym	syn-len4-reaudit-20260719
高等院校	no_stable_near_synonym	syn-len4-b01-20260718
高級小學	other_documented	syn-len4-b08-20260718
高級職務	other_documented	syn-len4-b08-20260718
高級職員	other_documented	syn-len4-b07-20260718
高能粒子	other_documented	syn-len4-b10-20260718
高脂血症	other_documented	syn-len4-b02-20260718
高薪養廉	cultural_no_binary	syn-len4-b09-20260718
高速網絡	other_documented	syn-len4-b05-20260718
高速緩存	other_documented	syn-len4-b03-20260718
高風險區	other_documented	syn-len4-b10-20260718
高高在上	cultural_no_binary	syn-len4-b01-20260718
高麗王朝	proper_name_or_deixis	syn-len4-b10-20260718
髮	polysemous_no_stable_sense	syn-top5000-b01-20260718
鬍	function_word	syn-top5000-b04-20260718
鬚	function_word	syn-top5000-b03-20260718
鬧中取靜	cultural_no_binary	syn-len4-b03-20260718
鬱鬱而終	other_documented	syn-len4-b08-20260718
鬼使神差	cultural_no_binary	syn-len4-b02-20260718
魑魅魍魎	cultural_no_binary	syn-len4-b04-20260718
魚排	function_word	syn-top5000-b03-20260718
魚水之歡	polysemous_no_stable_sense	syn-len4-b06-20260718
魚與熊掌	cultural_no_binary	syn-len4-b04-20260718
魚貫而出	other_documented	syn-len4-b08-20260718
魚香茄子	other_documented	syn-len4-b07-20260718
鮮明個性	other_documented	syn-len4-b07-20260718
鮮明對比	other_documented	syn-len4-b02-20260718
鮮血淋漓	cultural_no_binary	syn-len4-b04-20260718
鳥不生蛋	cultural_no_binary	syn-len4-b09-20260718
鳥語花香	cultural_no_binary	syn-len4-b02-20260718
鳩	function_word	syn-top5000-b01-20260718
鳩佔鵲巢	cultural_no_binary	syn-len4-b07-20260718
鴉片貿易	other_documented	syn-len4-b10-20260718
鴨仔	no_stable_near_synonym	syn-top5000-final-audit-20260718
鷸蚌相爭	cultural_no_binary	syn-len4-b05-20260718
鹹魚翻身	cultural_no_binary	syn-len4-b04-20260718
麗水地區	proper_name_or_deixis	syn-len4-b09-20260718
麥克米蘭	proper_name_or_deixis	syn-len4-b08-20260718
麥田怪圈	other_documented	syn-len4-b04-20260718
麥芽糖醇	proper_name_or_deixis	syn-len4-b10-20260718
麥蓋提縣	proper_name_or_deixis	syn-len4-b08-20260718
麪	function_word	syn-top5000-b03-20260718
麵	polysemous_no_stable_sense	syn-top5000-b01-20260718
麻甩佬	no_stable_near_synonym	syn-top5000-b05-20260718
黃色書刊	other_documented	syn-len4-b10-20260718
黃花梨木	other_documented	syn-len4-b10-20260718
黐	function_word	syn-top5000-b03-20260718
黑客帝國	proper_name_or_deixis	syn-len4-b02-20260718
黑白兩道	cultural_no_binary	syn-len4-b04-20260718
黑白電視	other_documented	syn-len4-b04-20260718
黑色	polysemous_no_stable_sense	syn-top5000-b01-20260718
黑色幽默	cultural_no_binary	syn-len4-b01-20260718
黑芝麻糊	other_documented	syn-len4-b08-20260718
黑道家族	other_documented	syn-len4-b08-20260718
默罕默德	proper_name_or_deixis	syn-len4-b08-20260718
點呀	function_word	syn-top5000-b02-20260718
點呢	function_word	syn-top5000-b05-20260718
點啊	function_word	syn-top5000-b02-20260718
點會	other_documented	syn-top5000-b01-20260718
點火開關	other_documented	syn-len4-b04-20260718
點睛之筆	cultural_no_binary	syn-len4-b03-20260718
點講	no_stable_near_synonym	syn-top5000-b04-20260718
點都	function_word	syn-top5000-b02-20260718
黯淡無光	no_stable_near_synonym	syn-len4-final-audit-20260718
黯然失色	cultural_no_binary	syn-len4-b02-20260718
黴菌毒素	other_documented	syn-len4-b08-20260718
鼾聲如雷	cultural_no_binary	syn-len4-b09-20260718
齊人之福	cultural_no_binary	syn-len4-b04-20260718
齊天大聖	proper_name_or_deixis	syn-len4-b02-20260718
齊民要術	proper_name_or_deixis	syn-len4-b07-20260718
齊聚一堂	cultural_no_binary	syn-len4-b03-20260718
齒輪傳動	other_documented	syn-len4-b03-20260718
龍兄虎弟	cultural_no_binary	syn-len4-b09-20260718
龍山文化	proper_name_or_deixis	syn-len4-b06-20260718
龍樹菩薩	proper_name_or_deixis	syn-len4-b09-20260718
龍門石窟	proper_name_or_deixis	syn-len4-b02-20260718
龍馬精神	cultural_no_binary	syn-len4-b09-20260718
龍鳳呈祥	cultural_no_binary	syn-len4-b04-20260718
龐氏騙局	other_documented	syn-len4-b09-20260718
