literal	pos	family	voice	source	evidence	confidence	verdict	review_note	stratum	audit_verdict	audit_note
割肚牽腸	a	chengyu		china-idiom+agent	state-definition	high	accept	conservative syntax review	a|none|high	OK	explicit syntax or semantic-head evidence
微乎其微	a	chengyu		china-idiom+agent	state-definition	high	accept	conservative syntax review	a|none|high	OK	explicit syntax or semantic-head evidence
心亂如麻	a	chengyu		china-idiom+agent	state-definition	high	accept	conservative syntax review	a|none|high	OK	explicit syntax or semantic-head evidence
殊深軫念	a	chengyu		china-idiom+agent	state-definition	high	accept	conservative syntax review	a|none|high	OK	explicit syntax or semantic-head evidence
烏七八糟	a	chengyu		china-idiom+agent	state-definition	high	accept	conservative syntax review	a|none|high	OK	explicit syntax or semantic-head evidence
鼻青眼腫	a	chengyu	passive	china-idiom+agent	agent-reviewed-override	high	accept	conservative syntax review	a|passive|high	OK	explicit syntax or semantic-head evidence
所向披靡	a,v	chengyu		china-idiom+agent	agent-reviewed-override	high	accept	conservative syntax review	a,v|none|high	SOFT	multiple common slots have separate evidence
沾沾自喜	a,v	chengyu		china-idiom+agent	agent-reviewed-override	high	accept	conservative syntax review	a,v|none|high	SOFT	multiple common slots have separate evidence
刀山火海	n	chengyu		china-idiom+agent	nominal-slot-or-referent	high	accept	conservative syntax review	n|none|high	OK	explicit syntax or semantic-head evidence
笑面虎	n	chengyu		china-idiom+agent	nominal-slot-or-referent	high	accept	conservative syntax review	n|none|high	OK	explicit syntax or semantic-head evidence
緩兵之計	n	chengyu		china-idiom+agent	nominal-slot-or-referent	high	accept	conservative syntax review	n|none|high	OK	explicit syntax or semantic-head evidence
肘腋之患	n	chengyu		china-idiom+agent	nominal-slot-or-referent	high	accept	conservative syntax review	n|none|high	OK	explicit syntax or semantic-head evidence
赤子之心	n	chengyu		china-idiom+agent	nominal-slot-or-referent	high	accept	conservative syntax review	n|none|high	OK	explicit syntax or semantic-head evidence
一刀切	n,v	chengyu		china-idiom+agent	agent-reviewed-override	high	accept	conservative syntax review	n,v|none|high	SOFT	multiple common slots have separate evidence
憤世嫉俗	r	chengyu		china-idiom+agent	example-adverbial-de	high	accept	conservative syntax review	r|none|high	OK	explicit syntax or semantic-head evidence
披肝瀝膽	r	chengyu		china-idiom+agent	example-adverbial-de	high	accept	conservative syntax review	r|none|high	OK	explicit syntax or semantic-head evidence
接二連三	r	chengyu		china-idiom+agent	example-adverbial-de	high	accept	conservative syntax review	r|none|high	OK	explicit syntax or semantic-head evidence
生吞活剝	r	chengyu		china-idiom+agent	example-adverbial-de	high	accept	conservative syntax review	r|none|high	OK	explicit syntax or semantic-head evidence
誠惶誠恐	r	chengyu		china-idiom+agent	example-adverbial-de	high	accept	conservative syntax review	r|none|high	OK	explicit syntax or semantic-head evidence
一丁不識	u	chengyu		china-idiom+agent	insufficient-syntax-evidence	low	accept	conservative syntax review	u|none|low	OK	conservative terminal: no approved syntax evidence
一不做二不休	u	chengyu		china-idiom+agent	insufficient-syntax-evidence	low	accept	conservative syntax review	u|none|low	OK	conservative terminal: no approved syntax evidence
一了百了	u	chengyu		china-idiom+agent	insufficient-syntax-evidence	low	accept	conservative syntax review	u|none|low	OK	conservative terminal: no approved syntax evidence
一介不取	u	chengyu		china-idiom+agent	insufficient-syntax-evidence	low	accept	conservative syntax review	u|none|low	OK	conservative terminal: no approved syntax evidence
一代不如一代	u	chengyu		china-idiom+agent	insufficient-syntax-evidence	low	accept	conservative syntax review	u|none|low	OK	conservative terminal: no approved syntax evidence
一個巴掌拍不響	u	chengyu		china-idiom+agent	clause-without-syntax-slot	low	accept	conservative syntax review	u|none|low	OK	conservative terminal: no approved syntax evidence
一個蘿蔔一個坑	u	chengyu		china-idiom+agent	insufficient-syntax-evidence	low	accept	conservative syntax review	u|none|low	OK	conservative terminal: no approved syntax evidence
一分為二	u	chengyu		china-idiom+agent	insufficient-syntax-evidence	low	accept	conservative syntax review	u|none|low	OK	conservative terminal: no approved syntax evidence
一分耕耘一分收穫	u	chengyu		china-idiom+agent	insufficient-syntax-evidence	low	accept	conservative syntax review	u|none|low	OK	conservative terminal: no approved syntax evidence
一刻千金	u	chengyu		china-idiom+agent	insufficient-syntax-evidence	low	accept	conservative syntax review	u|none|low	OK	conservative terminal: no approved syntax evidence
一動不如一靜	u	chengyu		china-idiom+agent	insufficient-syntax-evidence	low	accept	conservative syntax review	u|none|low	OK	conservative terminal: no approved syntax evidence
一去不復返	u	chengyu		china-idiom+agent	insufficient-syntax-evidence	low	accept	conservative syntax review	u|none|low	OK	conservative terminal: no approved syntax evidence
一呼百應	u	chengyu		china-idiom+agent	insufficient-syntax-evidence	low	accept	conservative syntax review	u|none|low	OK	conservative terminal: no approved syntax evidence
一問三不知	u	chengyu		china-idiom+agent	insufficient-syntax-evidence	low	accept	conservative syntax review	u|none|low	OK	conservative terminal: no approved syntax evidence
一國三公	u	chengyu		china-idiom+agent	insufficient-syntax-evidence	low	accept	conservative syntax review	u|none|low	OK	conservative terminal: no approved syntax evidence
一團漆黑	u	chengyu		china-idiom+agent	insufficient-syntax-evidence	low	accept	conservative syntax review	u|none|low	OK	conservative terminal: no approved syntax evidence
一塌糊塗	u	chengyu		china-idiom+agent	insufficient-syntax-evidence	low	accept	conservative syntax review	u|none|low	OK	conservative terminal: no approved syntax evidence
一夔已足	u	chengyu		china-idiom+agent	insufficient-syntax-evidence	low	accept	conservative syntax review	u|none|low	OK	conservative terminal: no approved syntax evidence
一天一地	u	chengyu		china-idiom+agent	insufficient-syntax-evidence	low	accept	conservative syntax review	u|none|low	OK	conservative terminal: no approved syntax evidence
一失足成千古恨	u	chengyu		china-idiom+agent	insufficient-syntax-evidence	low	accept	conservative syntax review	u|none|low	OK	conservative terminal: no approved syntax evidence
一字千金	u	chengyu		china-idiom+agent	insufficient-syntax-evidence	low	accept	conservative syntax review	u|none|low	OK	conservative terminal: no approved syntax evidence
一字褒貶	u	chengyu		china-idiom+agent	insufficient-syntax-evidence	low	accept	conservative syntax review	u|none|low	OK	conservative terminal: no approved syntax evidence
一定之規	u	chengyu		china-idiom+agent	insufficient-syntax-evidence	low	accept	conservative syntax review	u|none|low	OK	conservative terminal: no approved syntax evidence
一寸光陰一寸金	u	chengyu		china-idiom+agent	insufficient-syntax-evidence	low	accept	conservative syntax review	u|none|low	OK	conservative terminal: no approved syntax evidence
一年半載	u	chengyu		china-idiom+agent	insufficient-syntax-evidence	low	accept	conservative syntax review	u|none|low	OK	conservative terminal: no approved syntax evidence
一彈指頃	u	chengyu		china-idiom+agent	insufficient-syntax-evidence	low	accept	conservative syntax review	u|none|low	OK	conservative terminal: no approved syntax evidence
一往情深	u	chengyu		china-idiom+agent	insufficient-syntax-evidence	low	accept	conservative syntax review	u|none|low	OK	conservative terminal: no approved syntax evidence
一往直前	u	chengyu		china-idiom+agent	insufficient-syntax-evidence	low	accept	conservative syntax review	u|none|low	OK	conservative terminal: no approved syntax evidence
一得之功	u	chengyu		china-idiom+agent	insufficient-syntax-evidence	low	accept	conservative syntax review	u|none|low	OK	conservative terminal: no approved syntax evidence
一念之差	u	chengyu		china-idiom+agent	insufficient-syntax-evidence	low	accept	conservative syntax review	u|none|low	OK	conservative terminal: no approved syntax evidence
一息尚存	u	chengyu		china-idiom+agent	insufficient-syntax-evidence	low	accept	conservative syntax review	u|none|low	OK	conservative terminal: no approved syntax evidence
一手包辦	u	chengyu		china-idiom+agent	insufficient-syntax-evidence	low	accept	conservative syntax review	u|none|low	OK	conservative terminal: no approved syntax evidence
一技之長	u	chengyu		china-idiom+agent	insufficient-syntax-evidence	low	accept	conservative syntax review	u|none|low	OK	conservative terminal: no approved syntax evidence
一把死拿	u	chengyu		china-idiom+agent	insufficient-syntax-evidence	low	accept	conservative syntax review	u|none|low	OK	conservative terminal: no approved syntax evidence
一拍即合	u	chengyu		china-idiom+agent	insufficient-syntax-evidence	low	accept	conservative syntax review	u|none|low	OK	conservative terminal: no approved syntax evidence
一搭一檔	u	chengyu		china-idiom+agent	insufficient-syntax-evidence	low	accept	conservative syntax review	u|none|low	OK	conservative terminal: no approved syntax evidence
一擲千金	u	chengyu		china-idiom+agent	insufficient-syntax-evidence	low	accept	conservative syntax review	u|none|low	OK	conservative terminal: no approved syntax evidence
一改故轍	u	chengyu		china-idiom+agent	insufficient-syntax-evidence	low	accept	conservative syntax review	u|none|low	OK	conservative terminal: no approved syntax evidence
一日三秋	u	chengyu		china-idiom+agent	insufficient-syntax-evidence	low	accept	conservative syntax review	u|none|low	OK	conservative terminal: no approved syntax evidence
一日之雅	u	chengyu		china-idiom+agent	insufficient-syntax-evidence	low	accept	conservative syntax review	u|none|low	OK	conservative terminal: no approved syntax evidence
一日千里	u	chengyu		china-idiom+agent	insufficient-syntax-evidence	low	accept	conservative syntax review	u|none|low	OK	conservative terminal: no approved syntax evidence
一時半晌	u	chengyu		china-idiom+agent	insufficient-syntax-evidence	low	accept	conservative syntax review	u|none|low	OK	conservative terminal: no approved syntax evidence
一暴十寒	u	chengyu		china-idiom+agent	insufficient-syntax-evidence	low	accept	conservative syntax review	u|none|low	OK	conservative terminal: no approved syntax evidence
一曝十寒	u	chengyu		china-idiom+agent	insufficient-syntax-evidence	low	accept	conservative syntax review	u|none|low	OK	conservative terminal: no approved syntax evidence
一朝一夕	u	chengyu		china-idiom+agent	insufficient-syntax-evidence	low	accept	conservative syntax review	u|none|low	OK	conservative terminal: no approved syntax evidence
一朝天子一朝臣	u	chengyu		china-idiom+agent	clause-without-syntax-slot	low	accept	conservative syntax review	u|none|low	OK	conservative terminal: no approved syntax evidence
一木難支	u	chengyu		china-idiom+agent	insufficient-syntax-evidence	low	accept	conservative syntax review	u|none|low	OK	conservative terminal: no approved syntax evidence
一本萬利	u	chengyu		china-idiom+agent	insufficient-syntax-evidence	low	accept	conservative syntax review	u|none|low	OK	conservative terminal: no approved syntax evidence
一板三眼	u	chengyu		china-idiom+agent	insufficient-syntax-evidence	low	accept	conservative syntax review	u|none|low	OK	conservative terminal: no approved syntax evidence
一枝之棲	u	chengyu		china-idiom+agent	insufficient-syntax-evidence	low	accept	conservative syntax review	u|none|low	OK	conservative terminal: no approved syntax evidence
一樹百穫	u	chengyu		china-idiom+agent	insufficient-syntax-evidence	low	accept	conservative syntax review	u|none|low	OK	conservative terminal: no approved syntax evidence
一步一個腳印	u	chengyu		china-idiom+agent	insufficient-syntax-evidence	low	accept	conservative syntax review	u|none|low	OK	conservative terminal: no approved syntax evidence
一步一趨	u	chengyu		china-idiom+agent	insufficient-syntax-evidence	low	accept	conservative syntax review	u|none|low	OK	conservative terminal: no approved syntax evidence
一步登天	u	chengyu		china-idiom+agent	insufficient-syntax-evidence	low	accept	conservative syntax review	u|none|low	OK	conservative terminal: no approved syntax evidence
一波三折	u	chengyu		china-idiom+agent	insufficient-syntax-evidence	low	accept	conservative syntax review	u|none|low	OK	conservative terminal: no approved syntax evidence
一清如水	u	chengyu		china-idiom+agent	insufficient-syntax-evidence	low	accept	conservative syntax review	u|none|low	OK	conservative terminal: no approved syntax evidence
一溜煙	u	chengyu		china-idiom+agent	insufficient-syntax-evidence	low	accept	conservative syntax review	u|none|low	OK	conservative terminal: no approved syntax evidence
一瀉千里	u	chengyu		china-idiom+agent	insufficient-syntax-evidence	low	accept	conservative syntax review	u|none|low	OK	conservative terminal: no approved syntax evidence
一無可取	u	chengyu		china-idiom+agent	insufficient-syntax-evidence	low	accept	conservative syntax review	u|none|low	OK	conservative terminal: no approved syntax evidence
一無所聞	u	chengyu		china-idiom+agent	insufficient-syntax-evidence	low	accept	conservative syntax review	u|none|low	OK	conservative terminal: no approved syntax evidence
一無長物	u	chengyu		china-idiom+agent	insufficient-syntax-evidence	low	accept	conservative syntax review	u|none|low	OK	conservative terminal: no approved syntax evidence
一物降一物	u	chengyu		china-idiom+agent	insufficient-syntax-evidence	low	accept	conservative syntax review	u|none|low	OK	conservative terminal: no approved syntax evidence
一狐之腋	u	chengyu		china-idiom+agent	insufficient-syntax-evidence	low	accept	conservative syntax review	u|none|low	OK	conservative terminal: no approved syntax evidence
一男半女	u	chengyu		china-idiom+agent	insufficient-syntax-evidence	low	accept	conservative syntax review	u|none|low	OK	conservative terminal: no approved syntax evidence
一瞑不視	u	chengyu		china-idiom+agent	insufficient-syntax-evidence	low	accept	conservative syntax review	u|none|low	OK	conservative terminal: no approved syntax evidence
一窩蜂	u	chengyu		china-idiom+agent	insufficient-syntax-evidence	low	accept	conservative syntax review	u|none|low	OK	conservative terminal: no approved syntax evidence
一窮二白	u	chengyu		china-idiom+agent	insufficient-syntax-evidence	low	accept	conservative syntax review	u|none|low	OK	conservative terminal: no approved syntax evidence
一竅不通	u	chengyu		china-idiom+agent	insufficient-syntax-evidence	low	accept	conservative syntax review	u|none|low	OK	conservative terminal: no approved syntax evidence
一筆不苟	u	chengyu		china-idiom+agent	insufficient-syntax-evidence	low	accept	conservative syntax review	u|none|low	OK	conservative terminal: no approved syntax evidence
一筆抹煞	u	chengyu		china-idiom+agent	insufficient-syntax-evidence	low	accept	conservative syntax review	u|none|low	OK	conservative terminal: no approved syntax evidence
一索得男	u	chengyu		china-idiom+agent	insufficient-syntax-evidence	low	accept	conservative syntax review	u|none|low	OK	conservative terminal: no approved syntax evidence
一絲一毫	u	chengyu		china-idiom+agent	insufficient-syntax-evidence	low	accept	conservative syntax review	u|none|low	OK	conservative terminal: no approved syntax evidence
一蟹不如一蟹	u	chengyu		china-idiom+agent	insufficient-syntax-evidence	low	accept	conservative syntax review	u|none|low	OK	conservative terminal: no approved syntax evidence
一表人才	u	chengyu		china-idiom+agent	insufficient-syntax-evidence	low	accept	conservative syntax review	u|none|low	OK	conservative terminal: no approved syntax evidence
一見如故	u	chengyu		china-idiom+agent	insufficient-syntax-evidence	low	accept	conservative syntax review	u|none|low	OK	conservative terminal: no approved syntax evidence
一覽無遺	u	chengyu		china-idiom+agent	insufficient-syntax-evidence	low	accept	conservative syntax review	u|none|low	OK	conservative terminal: no approved syntax evidence
一言中的	u	chengyu		china-idiom+agent	insufficient-syntax-evidence	low	accept	conservative syntax review	u|none|low	OK	conservative terminal: no approved syntax evidence
一言九鼎	u	chengyu		china-idiom+agent	insufficient-syntax-evidence	low	accept	conservative syntax review	u|none|low	OK	conservative terminal: no approved syntax evidence
一言千金	u	chengyu		china-idiom+agent	insufficient-syntax-evidence	low	accept	conservative syntax review	u|none|low	OK	conservative terminal: no approved syntax evidence
一言半語	u	chengyu		china-idiom+agent	insufficient-syntax-evidence	low	accept	conservative syntax review	u|none|low	OK	conservative terminal: no approved syntax evidence
一言喪邦	u	chengyu		china-idiom+agent	insufficient-syntax-evidence	low	accept	conservative syntax review	u|none|low	OK	conservative terminal: no approved syntax evidence
一言堂	u	chengyu		china-idiom+agent	insufficient-syntax-evidence	low	accept	conservative syntax review	u|none|low	OK	conservative terminal: no approved syntax evidence
一言既出駟馬難追	u	chengyu		china-idiom+agent	insufficient-syntax-evidence	low	accept	conservative syntax review	u|none|low	OK	conservative terminal: no approved syntax evidence
一言興邦	u	chengyu		china-idiom+agent	insufficient-syntax-evidence	low	accept	conservative syntax review	u|none|low	OK	conservative terminal: no approved syntax evidence
一諾千金	u	chengyu		china-idiom+agent	insufficient-syntax-evidence	low	accept	conservative syntax review	u|none|low	OK	conservative terminal: no approved syntax evidence
一走了之	u	chengyu		china-idiom+agent	insufficient-syntax-evidence	low	accept	conservative syntax review	u|none|low	OK	conservative terminal: no approved syntax evidence
一路順風	u	chengyu		china-idiom+agent	insufficient-syntax-evidence	low	accept	conservative syntax review	u|none|low	OK	conservative terminal: no approved syntax evidence
一蹴可幾	u	chengyu		china-idiom+agent	insufficient-syntax-evidence	low	accept	conservative syntax review	u|none|low	OK	conservative terminal: no approved syntax evidence
一蹴而得	u	chengyu		china-idiom+agent	insufficient-syntax-evidence	low	accept	conservative syntax review	u|none|low	OK	conservative terminal: no approved syntax evidence
一辭莫贊	u	chengyu		china-idiom+agent	insufficient-syntax-evidence	low	accept	conservative syntax review	u|none|low	OK	conservative terminal: no approved syntax evidence
一錢不值	u	chengyu		china-idiom+agent	insufficient-syntax-evidence	low	accept	conservative syntax review	u|none|low	OK	conservative terminal: no approved syntax evidence
一錢如命	u	chengyu		china-idiom+agent	insufficient-syntax-evidence	low	accept	conservative syntax review	u|none|low	OK	conservative terminal: no approved syntax evidence
一風吹	u	chengyu		china-idiom+agent	insufficient-syntax-evidence	low	accept	conservative syntax review	u|none|low	OK	conservative terminal: no approved syntax evidence
一髮千鈞	u	chengyu		china-idiom+agent	insufficient-syntax-evidence	low	accept	conservative syntax review	u|none|low	OK	conservative terminal: no approved syntax evidence
一鱗半爪	u	chengyu		china-idiom+agent	insufficient-syntax-evidence	low	accept	conservative syntax review	u|none|low	OK	conservative terminal: no approved syntax evidence
一鼻孔出氣	u	chengyu		china-idiom+agent	insufficient-syntax-evidence	low	accept	conservative syntax review	u|none|low	OK	conservative terminal: no approved syntax evidence
丁是丁卯是卯	u	chengyu		china-idiom+agent	insufficient-syntax-evidence	low	accept	conservative syntax review	u|none|low	OK	conservative terminal: no approved syntax evidence
七嘴八張	u	chengyu		china-idiom+agent	insufficient-syntax-evidence	low	accept	conservative syntax review	u|none|low	OK	conservative terminal: no approved syntax evidence
七嘴八舌	u	chengyu		china-idiom+agent	insufficient-syntax-evidence	low	accept	conservative syntax review	u|none|low	OK	conservative terminal: no approved syntax evidence
七孔生煙	u	chengyu		china-idiom+agent	insufficient-syntax-evidence	low	accept	conservative syntax review	u|none|low	OK	conservative terminal: no approved syntax evidence
七手八腳	u	chengyu		china-idiom+agent	insufficient-syntax-evidence	low	accept	conservative syntax review	u|none|low	OK	conservative terminal: no approved syntax evidence
七折八扣	u	chengyu		china-idiom+agent	insufficient-syntax-evidence	low	accept	conservative syntax review	u|none|low	OK	conservative terminal: no approved syntax evidence
七拼八湊	u	chengyu		china-idiom+agent	insufficient-syntax-evidence	low	accept	conservative syntax review	u|none|low	OK	conservative terminal: no approved syntax evidence
七橫八豎	u	chengyu		china-idiom+agent	insufficient-syntax-evidence	low	accept	conservative syntax review	u|none|low	OK	conservative terminal: no approved syntax evidence
七步成詩	u	chengyu		china-idiom+agent	insufficient-syntax-evidence	low	accept	conservative syntax review	u|none|low	OK	conservative terminal: no approved syntax evidence
七竅生煙	u	chengyu		china-idiom+agent	insufficient-syntax-evidence	low	accept	conservative syntax review	u|none|low	OK	conservative terminal: no approved syntax evidence
七長八短	u	chengyu		china-idiom+agent	insufficient-syntax-evidence	low	accept	conservative syntax review	u|none|low	OK	conservative terminal: no approved syntax evidence
七零八落	u	chengyu		china-idiom+agent	insufficient-syntax-evidence	low	accept	conservative syntax review	u|none|low	OK	conservative terminal: no approved syntax evidence
三下五除二	u	chengyu		china-idiom+agent	insufficient-syntax-evidence	low	accept	conservative syntax review	u|none|low	OK	conservative terminal: no approved syntax evidence
三五成羣	u	chengyu		china-idiom+agent	insufficient-syntax-evidence	low	accept	conservative syntax review	u|none|low	OK	conservative terminal: no approved syntax evidence
三人行必有我師	u	chengyu		china-idiom+agent	clause-without-syntax-slot	low	accept	conservative syntax review	u|none|low	OK	conservative terminal: no approved syntax evidence
三句不離本行	u	chengyu		china-idiom+agent	insufficient-syntax-evidence	low	accept	conservative syntax review	u|none|low	OK	conservative terminal: no approved syntax evidence
三句話不離本行	u	chengyu		china-idiom+agent	clause-without-syntax-slot	low	accept	conservative syntax review	u|none|low	OK	conservative terminal: no approved syntax evidence
三寸不爛之舌	u	chengyu		china-idiom+agent	insufficient-syntax-evidence	low	accept	conservative syntax review	u|none|low	OK	conservative terminal: no approved syntax evidence
三思而後行	u	chengyu		china-idiom+agent	insufficient-syntax-evidence	low	accept	conservative syntax review	u|none|low	OK	conservative terminal: no approved syntax evidence
三思而行	u	chengyu		china-idiom+agent	insufficient-syntax-evidence	low	accept	conservative syntax review	u|none|low	OK	conservative terminal: no approved syntax evidence
三瓦兩舍	u	chengyu		china-idiom+agent	insufficient-syntax-evidence	low	accept	conservative syntax review	u|none|low	OK	conservative terminal: no approved syntax evidence
三生有幸	u	chengyu		china-idiom+agent	insufficient-syntax-evidence	low	accept	conservative syntax review	u|none|low	OK	conservative terminal: no approved syntax evidence
三腳兩步	u	chengyu		china-idiom+agent	insufficient-syntax-evidence	low	accept	conservative syntax review	u|none|low	OK	conservative terminal: no approved syntax evidence
三茶六飯	u	chengyu		china-idiom+agent	insufficient-syntax-evidence	low	accept	conservative syntax review	u|none|low	OK	conservative terminal: no approved syntax evidence
三親六故	u	chengyu		china-idiom+agent	insufficient-syntax-evidence	low	accept	conservative syntax review	u|none|low	OK	conservative terminal: no approved syntax evidence
三言兩句	u	chengyu		china-idiom+agent	insufficient-syntax-evidence	low	accept	conservative syntax review	u|none|low	OK	conservative terminal: no approved syntax evidence
三貞九烈	u	chengyu		china-idiom+agent	insufficient-syntax-evidence	low	accept	conservative syntax review	u|none|low	OK	conservative terminal: no approved syntax evidence
三長兩短	u	chengyu		china-idiom+agent	insufficient-syntax-evidence	low	accept	conservative syntax review	u|none|low	OK	conservative terminal: no approved syntax evidence
三頭兩日	u	chengyu		china-idiom+agent	insufficient-syntax-evidence	low	accept	conservative syntax review	u|none|low	OK	conservative terminal: no approved syntax evidence
三顧茅廬	u	chengyu		china-idiom+agent	insufficient-syntax-evidence	low	accept	conservative syntax review	u|none|low	OK	conservative terminal: no approved syntax evidence
三顧草廬	u	chengyu		china-idiom+agent	insufficient-syntax-evidence	low	accept	conservative syntax review	u|none|low	OK	conservative terminal: no approved syntax evidence
三魂七魄	u	chengyu		china-idiom+agent	insufficient-syntax-evidence	low	accept	conservative syntax review	u|none|low	OK	conservative terminal: no approved syntax evidence
上下其手	u	chengyu		china-idiom+agent	insufficient-syntax-evidence	low	accept	conservative syntax review	u|none|low	OK	conservative terminal: no approved syntax evidence
上情下達	u	chengyu		china-idiom+agent	insufficient-syntax-evidence	low	accept	conservative syntax review	u|none|low	OK	conservative terminal: no approved syntax evidence
上樑不正下樑歪	u	chengyu		china-idiom+agent	clause-without-syntax-slot	low	accept	conservative syntax review	u|none|low	OK	conservative terminal: no approved syntax evidence
下不為例	u	chengyu		china-idiom+agent	insufficient-syntax-evidence	low	accept	conservative syntax review	u|none|low	OK	conservative terminal: no approved syntax evidence
下回分解	u	chengyu		china-idiom+agent	insufficient-syntax-evidence	low	accept	conservative syntax review	u|none|low	OK	conservative terminal: no approved syntax evidence
下情上達	u	chengyu		china-idiom+agent	insufficient-syntax-evidence	low	accept	conservative syntax review	u|none|low	OK	conservative terminal: no approved syntax evidence
下馬威	u	chengyu		china-idiom+agent	insufficient-syntax-evidence	low	accept	conservative syntax review	u|none|low	OK	conservative terminal: no approved syntax evidence
不一而足	u	chengyu		china-idiom+agent	insufficient-syntax-evidence	low	accept	conservative syntax review	u|none|low	OK	conservative terminal: no approved syntax evidence
不世之功	u	chengyu		china-idiom+agent	insufficient-syntax-evidence	low	accept	conservative syntax review	u|none|low	OK	conservative terminal: no approved syntax evidence
不世之業	u	chengyu		china-idiom+agent	insufficient-syntax-evidence	low	accept	conservative syntax review	u|none|low	OK	conservative terminal: no approved syntax evidence
不主故常	u	chengyu		china-idiom+agent	insufficient-syntax-evidence	low	accept	conservative syntax review	u|none|low	OK	conservative terminal: no approved syntax evidence
不乏其人	u	chengyu		china-idiom+agent	insufficient-syntax-evidence	low	accept	conservative syntax review	u|none|low	OK	conservative terminal: no approved syntax evidence
不二法門	u	chengyu		china-idiom+agent	insufficient-syntax-evidence	low	accept	conservative syntax review	u|none|low	OK	conservative terminal: no approved syntax evidence
不亢不卑	u	chengyu		china-idiom+agent	insufficient-syntax-evidence	low	accept	conservative syntax review	u|none|low	OK	conservative terminal: no approved syntax evidence
不仁不義	u	chengyu		china-idiom+agent	insufficient-syntax-evidence	low	accept	conservative syntax review	u|none|low	OK	conservative terminal: no approved syntax evidence
不以為意	u	chengyu		china-idiom+agent	insufficient-syntax-evidence	low	accept	conservative syntax review	u|none|low	OK	conservative terminal: no approved syntax evidence
不伏燒埋	u	chengyu		china-idiom+agent	insufficient-syntax-evidence	low	accept	conservative syntax review	u|none|low	OK	conservative terminal: no approved syntax evidence
不倫不類	u	chengyu		china-idiom+agent	insufficient-syntax-evidence	low	accept	conservative syntax review	u|none|low	OK	conservative terminal: no approved syntax evidence
不值一顧	u	chengyu		china-idiom+agent	insufficient-syntax-evidence	low	accept	conservative syntax review	u|none|low	OK	conservative terminal: no approved syntax evidence
不偏不倚	u	chengyu		china-idiom+agent	insufficient-syntax-evidence	low	accept	conservative syntax review	u|none|low	OK	conservative terminal: no approved syntax evidence
不傷脾胃	u	chengyu		china-idiom+agent	insufficient-syntax-evidence	low	accept	conservative syntax review	u|none|low	OK	conservative terminal: no approved syntax evidence
不入時宜	u	chengyu		china-idiom+agent	insufficient-syntax-evidence	low	accept	conservative syntax review	u|none|low	OK	conservative terminal: no approved syntax evidence
不共戴天	u	chengyu		china-idiom+agent	insufficient-syntax-evidence	low	accept	conservative syntax review	u|none|low	OK	conservative terminal: no approved syntax evidence
不出所料	u	chengyu		china-idiom+agent	insufficient-syntax-evidence	low	accept	conservative syntax review	u|none|low	OK	conservative terminal: no approved syntax evidence
不分軒輊	u	chengyu		china-idiom+agent	insufficient-syntax-evidence	low	accept	conservative syntax review	u|none|low	OK	conservative terminal: no approved syntax evidence
不分青紅皂白	u	chengyu		china-idiom+agent	insufficient-syntax-evidence	low	accept	conservative syntax review	u|none|low	OK	conservative terminal: no approved syntax evidence
不到黃河心不死	u	chengyu		china-idiom+agent	insufficient-syntax-evidence	low	accept	conservative syntax review	u|none|low	OK	conservative terminal: no approved syntax evidence
不務正業	u	chengyu		china-idiom+agent	insufficient-syntax-evidence	low	accept	conservative syntax review	u|none|low	OK	conservative terminal: no approved syntax evidence
不勝其煩	u	chengyu		china-idiom+agent	insufficient-syntax-evidence	low	accept	conservative syntax review	u|none|low	OK	conservative terminal: no approved syntax evidence
不勝枚舉	u	chengyu		china-idiom+agent	insufficient-syntax-evidence	low	accept	conservative syntax review	u|none|low	OK	conservative terminal: no approved syntax evidence
不即不離	u	chengyu		china-idiom+agent	insufficient-syntax-evidence	low	accept	conservative syntax review	u|none|low	OK	conservative terminal: no approved syntax evidence
不厭其煩	u	chengyu		china-idiom+agent	insufficient-syntax-evidence	low	accept	conservative syntax review	u|none|low	OK	conservative terminal: no approved syntax evidence
不厭其詳	u	chengyu		china-idiom+agent	insufficient-syntax-evidence	low	accept	conservative syntax review	u|none|low	OK	conservative terminal: no approved syntax evidence
不可勝數	u	chengyu		china-idiom+agent	insufficient-syntax-evidence	low	accept	conservative syntax review	u|none|low	OK	conservative terminal: no approved syntax evidence
不可同日而語	u	chengyu		china-idiom+agent	insufficient-syntax-evidence	low	accept	conservative syntax review	u|none|low	OK	conservative terminal: no approved syntax evidence
不可名狀	u	chengyu		china-idiom+agent	insufficient-syntax-evidence	low	accept	conservative syntax review	u|none|low	OK	conservative terminal: no approved syntax evidence
不可捉摸	u	chengyu		china-idiom+agent	insufficient-syntax-evidence	low	accept	conservative syntax review	u|none|low	OK	conservative terminal: no approved syntax evidence
不可枚舉	u	chengyu		china-idiom+agent	insufficient-syntax-evidence	low	accept	conservative syntax review	u|none|low	OK	conservative terminal: no approved syntax evidence
不可磨滅	u	chengyu		china-idiom+agent	insufficient-syntax-evidence	low	accept	conservative syntax review	u|none|low	OK	conservative terminal: no approved syntax evidence
不可端倪	u	chengyu		china-idiom+agent	insufficient-syntax-evidence	low	accept	conservative syntax review	u|none|low	OK	conservative terminal: no approved syntax evidence
不可終日	u	chengyu		china-idiom+agent	insufficient-syntax-evidence	low	accept	conservative syntax review	u|none|low	OK	conservative terminal: no approved syntax evidence
不可開交	u	chengyu		china-idiom+agent	insufficient-syntax-evidence	low	accept	conservative syntax review	u|none|low	OK	conservative terminal: no approved syntax evidence
不合時宜	u	chengyu		china-idiom+agent	insufficient-syntax-evidence	low	accept	conservative syntax review	u|none|low	OK	conservative terminal: no approved syntax evidence
不同凡響	u	chengyu		china-idiom+agent	insufficient-syntax-evidence	low	accept	conservative syntax review	u|none|low	OK	conservative terminal: no approved syntax evidence
不名一文	u	chengyu		china-idiom+agent	insufficient-syntax-evidence	low	accept	conservative syntax review	u|none|low	OK	conservative terminal: no approved syntax evidence
不吝珠玉	u	chengyu		china-idiom+agent	insufficient-syntax-evidence	low	accept	conservative syntax review	u|none|low	OK	conservative terminal: no approved syntax evidence
不吝賜教	u	chengyu		china-idiom+agent	insufficient-syntax-evidence	low	accept	conservative syntax review	u|none|low	OK	conservative terminal: no approved syntax evidence
不問青紅皂白	u	chengyu		china-idiom+agent	insufficient-syntax-evidence	low	accept	conservative syntax review	u|none|low	OK	conservative terminal: no approved syntax evidence
不啻天淵	u	chengyu		china-idiom+agent	insufficient-syntax-evidence	low	accept	conservative syntax review	u|none|low	OK	conservative terminal: no approved syntax evidence
不在其位不謀其政	u	chengyu		china-idiom+agent	insufficient-syntax-evidence	low	accept	conservative syntax review	u|none|low	OK	conservative terminal: no approved syntax evidence
不在話下	u	chengyu		china-idiom+agent	insufficient-syntax-evidence	low	accept	conservative syntax review	u|none|low	OK	conservative terminal: no approved syntax evidence
不堪入目	u	chengyu		china-idiom+agent	insufficient-syntax-evidence	low	accept	conservative syntax review	u|none|low	OK	conservative terminal: no approved syntax evidence
不堪回首	u	chengyu		china-idiom+agent	insufficient-syntax-evidence	low	accept	conservative syntax review	u|none|low	OK	conservative terminal: no approved syntax evidence
不堪言狀	u	chengyu		china-idiom+agent	insufficient-syntax-evidence	low	accept	conservative syntax review	u|none|low	OK	conservative terminal: no approved syntax evidence
不堪造就	u	chengyu		china-idiom+agent	insufficient-syntax-evidence	low	accept	conservative syntax review	u|none|low	OK	conservative terminal: no approved syntax evidence
不安其室	u	chengyu		china-idiom+agent	insufficient-syntax-evidence	low	accept	conservative syntax review	u|none|low	OK	conservative terminal: no approved syntax evidence
不容分説	u	chengyu		china-idiom+agent	insufficient-syntax-evidence	low	accept	conservative syntax review	u|none|low	OK	conservative terminal: no approved syntax evidence
不容置疑	u	chengyu		china-idiom+agent	insufficient-syntax-evidence	low	accept	conservative syntax review	u|none|low	OK	conservative terminal: no approved syntax evidence
不容置辯	u	chengyu		china-idiom+agent	insufficient-syntax-evidence	low	accept	conservative syntax review	u|none|low	OK	conservative terminal: no approved syntax evidence
不寒而慄	u	chengyu		china-idiom+agent	insufficient-syntax-evidence	low	accept	conservative syntax review	u|none|low	OK	conservative terminal: no approved syntax evidence
不屈不撓	u	chengyu		china-idiom+agent	insufficient-syntax-evidence	low	accept	conservative syntax review	u|none|low	OK	conservative terminal: no approved syntax evidence
不得人心	u	chengyu		china-idiom+agent	insufficient-syntax-evidence	low	accept	conservative syntax review	u|none|low	OK	conservative terminal: no approved syntax evidence
不得而知	u	chengyu		china-idiom+agent	insufficient-syntax-evidence	low	accept	conservative syntax review	u|none|low	OK	conservative terminal: no approved syntax evidence
不得開交	u	chengyu		china-idiom+agent	insufficient-syntax-evidence	low	accept	conservative syntax review	u|none|low	OK	conservative terminal: no approved syntax evidence
不急之務	u	chengyu		china-idiom+agent	insufficient-syntax-evidence	low	accept	conservative syntax review	u|none|low	OK	conservative terminal: no approved syntax evidence
不恤人言	u	chengyu		china-idiom+agent	insufficient-syntax-evidence	low	accept	conservative syntax review	u|none|low	OK	conservative terminal: no approved syntax evidence
不恥下問	u	chengyu		china-idiom+agent	insufficient-syntax-evidence	low	accept	conservative syntax review	u|none|low	OK	conservative terminal: no approved syntax evidence
不愧不怍	u	chengyu		china-idiom+agent	insufficient-syntax-evidence	low	accept	conservative syntax review	u|none|low	OK	conservative terminal: no approved syntax evidence
不成器	u	chengyu		china-idiom+agent	insufficient-syntax-evidence	low	accept	conservative syntax review	u|none|low	OK	conservative terminal: no approved syntax evidence
不打不相識	u	chengyu		china-idiom+agent	insufficient-syntax-evidence	low	accept	conservative syntax review	u|none|low	OK	conservative terminal: no approved syntax evidence
不打自招	u	chengyu		china-idiom+agent	insufficient-syntax-evidence	low	accept	conservative syntax review	u|none|low	OK	conservative terminal: no approved syntax evidence
不折不扣	u	chengyu		china-idiom+agent	insufficient-syntax-evidence	low	accept	conservative syntax review	u|none|low	OK	conservative terminal: no approved syntax evidence
不攻自破	u	chengyu		china-idiom+agent	insufficient-syntax-evidence	low	accept	conservative syntax review	u|none|low	OK	conservative terminal: no approved syntax evidence
不敢自專	u	chengyu		china-idiom+agent	insufficient-syntax-evidence	low	accept	conservative syntax review	u|none|low	OK	conservative terminal: no approved syntax evidence
不敢造次	u	chengyu		china-idiom+agent	insufficient-syntax-evidence	low	accept	conservative syntax review	u|none|low	OK	conservative terminal: no approved syntax evidence
不敢高攀	u	chengyu		china-idiom+agent	insufficient-syntax-evidence	low	accept	conservative syntax review	u|none|low	OK	conservative terminal: no approved syntax evidence
不文不武	u	chengyu		china-idiom+agent	insufficient-syntax-evidence	low	accept	conservative syntax review	u|none|low	OK	conservative terminal: no approved syntax evidence
不明不白	u	chengyu		china-idiom+agent	insufficient-syntax-evidence	low	accept	conservative syntax review	u|none|low	OK	conservative terminal: no approved syntax evidence
不是冤家不聚頭	u	chengyu		china-idiom+agent	clause-without-syntax-slot	low	accept	conservative syntax review	u|none|low	OK	conservative terminal: no approved syntax evidence
不時之需	u	chengyu		china-idiom+agent	insufficient-syntax-evidence	low	accept	conservative syntax review	u|none|low	OK	conservative terminal: no approved syntax evidence
不服水土	u	chengyu		china-idiom+agent	insufficient-syntax-evidence	low	accept	conservative syntax review	u|none|low	OK	conservative terminal: no approved syntax evidence
不期而遇	u	chengyu		china-idiom+agent	insufficient-syntax-evidence	low	accept	conservative syntax review	u|none|low	OK	conservative terminal: no approved syntax evidence
不歡而散	u	chengyu		china-idiom+agent	insufficient-syntax-evidence	low	accept	conservative syntax review	u|none|low	OK	conservative terminal: no approved syntax evidence
不為五斗米折腰	u	chengyu		china-idiom+agent	insufficient-syntax-evidence	low	accept	conservative syntax review	u|none|low	OK	conservative terminal: no approved syntax evidence
不無小補	u	chengyu		china-idiom+agent	insufficient-syntax-evidence	low	accept	conservative syntax review	u|none|low	OK	conservative terminal: no approved syntax evidence
不甘寂寞	u	chengyu		china-idiom+agent	insufficient-syntax-evidence	low	accept	conservative syntax review	u|none|low	OK	conservative terminal: no approved syntax evidence
不甘後人	u	chengyu		china-idiom+agent	insufficient-syntax-evidence	low	accept	conservative syntax review	u|none|low	OK	conservative terminal: no approved syntax evidence
不甘示弱	u	chengyu		china-idiom+agent	insufficient-syntax-evidence	low	accept	conservative syntax review	u|none|low	OK	conservative terminal: no approved syntax evidence
不由分説	u	chengyu		china-idiom+agent	insufficient-syntax-evidence	low	accept	conservative syntax review	u|none|low	OK	conservative terminal: no approved syntax evidence
不痛不癢	u	chengyu		china-idiom+agent	insufficient-syntax-evidence	low	accept	conservative syntax review	u|none|low	OK	conservative terminal: no approved syntax evidence
不痴不聾	u	chengyu		china-idiom+agent	insufficient-syntax-evidence	low	accept	conservative syntax review	u|none|low	OK	conservative terminal: no approved syntax evidence
不登大雅之堂	u	chengyu		china-idiom+agent	insufficient-syntax-evidence	low	accept	conservative syntax review	u|none|low	OK	conservative terminal: no approved syntax evidence
不白之冤	u	chengyu		china-idiom+agent	insufficient-syntax-evidence	low	accept	conservative syntax review	u|none|low	OK	conservative terminal: no approved syntax evidence
不省人事	u	chengyu		china-idiom+agent	insufficient-syntax-evidence	low	accept	conservative syntax review	u|none|low	OK	conservative terminal: no approved syntax evidence
不瞅不睬	u	chengyu		china-idiom+agent	insufficient-syntax-evidence	low	accept	conservative syntax review	u|none|low	OK	conservative terminal: no approved syntax evidence
不知丁董	u	chengyu		china-idiom+agent	insufficient-syntax-evidence	low	accept	conservative syntax review	u|none|low	OK	conservative terminal: no approved syntax evidence
不知利害	u	chengyu		china-idiom+agent	insufficient-syntax-evidence	low	accept	conservative syntax review	u|none|low	OK	conservative terminal: no approved syntax evidence
不知天高地厚	u	chengyu		china-idiom+agent	insufficient-syntax-evidence	low	accept	conservative syntax review	u|none|low	OK	conservative terminal: no approved syntax evidence
不知所云	u	chengyu		china-idiom+agent	insufficient-syntax-evidence	low	accept	conservative syntax review	u|none|low	OK	conservative terminal: no approved syntax evidence
不知所以	u	chengyu		china-idiom+agent	insufficient-syntax-evidence	low	accept	conservative syntax review	u|none|low	OK	conservative terminal: no approved syntax evidence
不知痛癢	u	chengyu		china-idiom+agent	insufficient-syntax-evidence	low	accept	conservative syntax review	u|none|low	OK	conservative terminal: no approved syntax evidence
不知者不罪	u	chengyu		china-idiom+agent	insufficient-syntax-evidence	low	accept	conservative syntax review	u|none|low	OK	conservative terminal: no approved syntax evidence
不管三七二十一	u	chengyu		china-idiom+agent	insufficient-syntax-evidence	low	accept	conservative syntax review	u|none|low	OK	conservative terminal: no approved syntax evidence
不絕如縷	u	chengyu		china-idiom+agent	insufficient-syntax-evidence	low	accept	conservative syntax review	u|none|low	OK	conservative terminal: no approved syntax evidence
不經之談	u	chengyu		china-idiom+agent	insufficient-syntax-evidence	low	accept	conservative syntax review	u|none|low	OK	conservative terminal: no approved syntax evidence
不翼而飛	u	chengyu		china-idiom+agent	insufficient-syntax-evidence	low	accept	conservative syntax review	u|none|low	OK	conservative terminal: no approved syntax evidence
不聲不響	u	chengyu		china-idiom+agent	insufficient-syntax-evidence	low	accept	conservative syntax review	u|none|low	OK	conservative terminal: no approved syntax evidence
不肖子孫	u	chengyu		china-idiom+agent	insufficient-syntax-evidence	low	accept	conservative syntax review	u|none|low	OK	conservative terminal: no approved syntax evidence
不脛而走	u	chengyu		china-idiom+agent	insufficient-syntax-evidence	low	accept	conservative syntax review	u|none|low	OK	conservative terminal: no approved syntax evidence
不自量力	u	chengyu		china-idiom+agent	insufficient-syntax-evidence	low	accept	conservative syntax review	u|none|low	OK	conservative terminal: no approved syntax evidence
不見棺材不落淚	u	chengyu		china-idiom+agent	clause-without-syntax-slot	low	accept	conservative syntax review	u|none|low	OK	conservative terminal: no approved syntax evidence
不見經傳	u	chengyu		china-idiom+agent	insufficient-syntax-evidence	low	accept	conservative syntax review	u|none|low	OK	conservative terminal: no approved syntax evidence
不言不語	u	chengyu		china-idiom+agent	insufficient-syntax-evidence	low	accept	conservative syntax review	u|none|low	OK	conservative terminal: no approved syntax evidence
不計其數	u	chengyu		china-idiom+agent	insufficient-syntax-evidence	low	accept	conservative syntax review	u|none|low	OK	conservative terminal: no approved syntax evidence
不識之無	u	chengyu		china-idiom+agent	insufficient-syntax-evidence	low	accept	conservative syntax review	u|none|low	OK	conservative terminal: no approved syntax evidence
不識大體	u	chengyu		china-idiom+agent	insufficient-syntax-evidence	low	accept	conservative syntax review	u|none|low	OK	conservative terminal: no approved syntax evidence
不識廬山真面目	u	chengyu		china-idiom+agent	insufficient-syntax-evidence	low	accept	conservative syntax review	u|none|low	OK	conservative terminal: no approved syntax evidence
不識高低	u	chengyu		china-idiom+agent	insufficient-syntax-evidence	low	accept	conservative syntax review	u|none|low	OK	conservative terminal: no approved syntax evidence
不越雷池	u	chengyu		china-idiom+agent	insufficient-syntax-evidence	low	accept	conservative syntax review	u|none|low	OK	conservative terminal: no approved syntax evidence
不足為外人道	u	chengyu		china-idiom+agent	insufficient-syntax-evidence	low	accept	conservative syntax review	u|none|low	OK	conservative terminal: no approved syntax evidence
不足為慮	u	chengyu		china-idiom+agent	insufficient-syntax-evidence	low	accept	conservative syntax review	u|none|low	OK	conservative terminal: no approved syntax evidence
不足輕重	u	chengyu		china-idiom+agent	insufficient-syntax-evidence	low	accept	conservative syntax review	u|none|low	OK	conservative terminal: no approved syntax evidence
不足齒數	u	chengyu		china-idiom+agent	insufficient-syntax-evidence	low	accept	conservative syntax review	u|none|low	OK	conservative terminal: no approved syntax evidence
不辨菽麥	u	chengyu		china-idiom+agent	insufficient-syntax-evidence	low	accept	conservative syntax review	u|none|low	OK	conservative terminal: no approved syntax evidence
不辭勞苦	u	chengyu		china-idiom+agent	insufficient-syntax-evidence	low	accept	conservative syntax review	u|none|low	OK	conservative terminal: no approved syntax evidence
不辯菽麥	u	chengyu		china-idiom+agent	insufficient-syntax-evidence	low	accept	conservative syntax review	u|none|low	OK	conservative terminal: no approved syntax evidence
不近人情	u	chengyu		china-idiom+agent	insufficient-syntax-evidence	low	accept	conservative syntax review	u|none|low	OK	conservative terminal: no approved syntax evidence
不遠千里	u	chengyu		china-idiom+agent	insufficient-syntax-evidence	low	accept	conservative syntax review	u|none|low	OK	conservative terminal: no approved syntax evidence
不遺餘力	u	chengyu		china-idiom+agent	insufficient-syntax-evidence	low	accept	conservative syntax review	u|none|low	OK	conservative terminal: no approved syntax evidence
不避斧鉞	u	chengyu		china-idiom+agent	insufficient-syntax-evidence	low	accept	conservative syntax review	u|none|low	OK	conservative terminal: no approved syntax evidence
不關痛癢	u	chengyu		china-idiom+agent	insufficient-syntax-evidence	low	accept	conservative syntax review	u|none|low	OK	conservative terminal: no approved syntax evidence
不露聲色	u	chengyu		china-idiom+agent	insufficient-syntax-evidence	low	accept	conservative syntax review	u|none|low	OK	conservative terminal: no approved syntax evidence
不顧前後	u	chengyu		china-idiom+agent	insufficient-syntax-evidence	low	accept	conservative syntax review	u|none|low	OK	conservative terminal: no approved syntax evidence
丟三拉四	u	chengyu		china-idiom+agent	insufficient-syntax-evidence	low	accept	conservative syntax review	u|none|low	OK	conservative terminal: no approved syntax evidence
丟三落四	u	chengyu		china-idiom+agent	insufficient-syntax-evidence	low	accept	conservative syntax review	u|none|low	OK	conservative terminal: no approved syntax evidence
中流砥柱	u	chengyu		china-idiom+agent	insufficient-syntax-evidence	low	accept	conservative syntax review	u|none|low	OK	conservative terminal: no approved syntax evidence
中西合璧	u	chengyu		china-idiom+agent	insufficient-syntax-evidence	low	accept	conservative syntax review	u|none|low	OK	conservative terminal: no approved syntax evidence
串親訪友	u	chengyu		china-idiom+agent	insufficient-syntax-evidence	low	accept	conservative syntax review	u|none|low	OK	conservative terminal: no approved syntax evidence
久假不歸	u	chengyu		china-idiom+agent	insufficient-syntax-evidence	low	accept	conservative syntax review	u|none|low	OK	conservative terminal: no approved syntax evidence
久聞大名	u	chengyu		china-idiom+agent	insufficient-syntax-evidence	low	accept	conservative syntax review	u|none|low	OK	conservative terminal: no approved syntax evidence
之乎者也	u	chengyu		china-idiom+agent	insufficient-syntax-evidence	low	accept	conservative syntax review	u|none|low	OK	conservative terminal: no approved syntax evidence
乘堅策肥	u	chengyu		china-idiom+agent	insufficient-syntax-evidence	low	accept	conservative syntax review	u|none|low	OK	conservative terminal: no approved syntax evidence
九天攬月	u	chengyu		china-idiom+agent	insufficient-syntax-evidence	low	accept	conservative syntax review	u|none|low	OK	conservative terminal: no approved syntax evidence
九死一生	u	chengyu		china-idiom+agent	insufficient-syntax-evidence	low	accept	conservative syntax review	u|none|low	OK	conservative terminal: no approved syntax evidence
九流十家	u	chengyu		china-idiom+agent	insufficient-syntax-evidence	low	accept	conservative syntax review	u|none|low	OK	conservative terminal: no approved syntax evidence
九牛一毛	u	chengyu		china-idiom+agent	insufficient-syntax-evidence	low	accept	conservative syntax review	u|none|low	OK	conservative terminal: no approved syntax evidence
九牛二虎之力	u	chengyu		china-idiom+agent	insufficient-syntax-evidence	low	accept	conservative syntax review	u|none|low	OK	conservative terminal: no approved syntax evidence
乳臭未除	u	chengyu		china-idiom+agent	insufficient-syntax-evidence	low	accept	conservative syntax review	u|none|low	OK	conservative terminal: no approved syntax evidence
亂彈琴	u	chengyu		china-idiom+agent	insufficient-syntax-evidence	low	accept	conservative syntax review	u|none|low	OK	conservative terminal: no approved syntax evidence
事不宜遲	u	chengyu		china-idiom+agent	insufficient-syntax-evidence	low	accept	conservative syntax review	u|none|low	OK	conservative terminal: no approved syntax evidence
事不過三	u	chengyu		china-idiom+agent	insufficient-syntax-evidence	low	accept	conservative syntax review	u|none|low	OK	conservative terminal: no approved syntax evidence
事在人為	u	chengyu		china-idiom+agent	insufficient-syntax-evidence	low	accept	conservative syntax review	u|none|low	OK	conservative terminal: no approved syntax evidence
事在必行	u	chengyu		china-idiom+agent	insufficient-syntax-evidence	low	accept	conservative syntax review	u|none|low	OK	conservative terminal: no approved syntax evidence
事實勝於雄辯	u	chengyu		china-idiom+agent	insufficient-syntax-evidence	low	accept	conservative syntax review	u|none|low	OK	conservative terminal: no approved syntax evidence
事無大小	u	chengyu		china-idiom+agent	insufficient-syntax-evidence	low	accept	conservative syntax review	u|none|low	OK	conservative terminal: no approved syntax evidence
二一添作五	u	chengyu		china-idiom+agent	insufficient-syntax-evidence	low	accept	conservative syntax review	u|none|low	OK	conservative terminal: no approved syntax evidence
二八佳人	u	chengyu		china-idiom+agent	insufficient-syntax-evidence	low	accept	conservative syntax review	u|none|low	OK	conservative terminal: no approved syntax evidence
二把刀	u	chengyu		china-idiom+agent	insufficient-syntax-evidence	low	accept	conservative syntax review	u|none|low	OK	conservative terminal: no approved syntax evidence
互為因果	u	chengyu		china-idiom+agent	insufficient-syntax-evidence	low	accept	conservative syntax review	u|none|low	OK	conservative terminal: no approved syntax evidence
五世其昌	u	chengyu		china-idiom+agent	insufficient-syntax-evidence	low	accept	conservative syntax review	u|none|low	OK	conservative terminal: no approved syntax evidence
五光十色	u	chengyu		china-idiom+agent	insufficient-syntax-evidence	low	accept	conservative syntax review	u|none|low	OK	conservative terminal: no approved syntax evidence
五冬六夏	u	chengyu		china-idiom+agent	insufficient-syntax-evidence	low	accept	conservative syntax review	u|none|low	OK	conservative terminal: no approved syntax evidence
五勞七傷	u	chengyu		china-idiom+agent	insufficient-syntax-evidence	low	accept	conservative syntax review	u|none|low	OK	conservative terminal: no approved syntax evidence
五十步笑百步	u	chengyu		china-idiom+agent	insufficient-syntax-evidence	low	accept	conservative syntax review	u|none|low	OK	conservative terminal: no approved syntax evidence
五湖四海	u	chengyu		china-idiom+agent	insufficient-syntax-evidence	low	accept	conservative syntax review	u|none|low	OK	conservative terminal: no approved syntax evidence
五穀豐登	u	chengyu		china-idiom+agent	insufficient-syntax-evidence	low	accept	conservative syntax review	u|none|low	OK	conservative terminal: no approved syntax evidence
五體投地	u	chengyu		china-idiom+agent	insufficient-syntax-evidence	low	accept	conservative syntax review	u|none|low	OK	conservative terminal: no approved syntax evidence
五黃六月	u	chengyu		china-idiom+agent	insufficient-syntax-evidence	low	accept	conservative syntax review	u|none|low	OK	conservative terminal: no approved syntax evidence
井底之蛙	u	chengyu		china-idiom+agent	insufficient-syntax-evidence	low	accept	conservative syntax review	u|none|low	OK	conservative terminal: no approved syntax evidence
井水不犯河水	u	chengyu		china-idiom+agent	insufficient-syntax-evidence	low	accept	conservative syntax review	u|none|low	OK	conservative terminal: no approved syntax evidence
井然有條	u	chengyu		china-idiom+agent	insufficient-syntax-evidence	low	accept	conservative syntax review	u|none|low	OK	conservative terminal: no approved syntax evidence
亙古通今	u	chengyu		china-idiom+agent	insufficient-syntax-evidence	low	accept	conservative syntax review	u|none|low	OK	conservative terminal: no approved syntax evidence
亡國之音	u	chengyu		china-idiom+agent	insufficient-syntax-evidence	low	accept	conservative syntax review	u|none|low	OK	conservative terminal: no approved syntax evidence
亡戟得矛	u	chengyu		china-idiom+agent	insufficient-syntax-evidence	low	accept	conservative syntax review	u|none|low	OK	conservative terminal: no approved syntax evidence
亡魂失魄	u	chengyu		china-idiom+agent	insufficient-syntax-evidence	low	accept	conservative syntax review	u|none|low	OK	conservative terminal: no approved syntax evidence
交口稱譽	u	chengyu		china-idiom+agent	insufficient-syntax-evidence	low	accept	conservative syntax review	u|none|low	OK	conservative terminal: no approved syntax evidence
交淺言深	u	chengyu		china-idiom+agent	insufficient-syntax-evidence	low	accept	conservative syntax review	u|none|low	OK	conservative terminal: no approved syntax evidence
交臂失之	u	chengyu		china-idiom+agent	insufficient-syntax-evidence	low	accept	conservative syntax review	u|none|low	OK	conservative terminal: no approved syntax evidence
交頭接耳	u	chengyu		china-idiom+agent	insufficient-syntax-evidence	low	accept	conservative syntax review	u|none|low	OK	conservative terminal: no approved syntax evidence
亹亹不倦	u	chengyu		china-idiom+agent	insufficient-syntax-evidence	low	accept	conservative syntax review	u|none|low	OK	conservative terminal: no approved syntax evidence
人不可貌相	u	chengyu		china-idiom+agent	insufficient-syntax-evidence	low	accept	conservative syntax review	u|none|low	OK	conservative terminal: no approved syntax evidence
人不知鬼不覺	u	chengyu		china-idiom+agent	insufficient-syntax-evidence	low	accept	conservative syntax review	u|none|low	OK	conservative terminal: no approved syntax evidence
人事不知	u	chengyu		china-idiom+agent	insufficient-syntax-evidence	low	accept	conservative syntax review	u|none|low	OK	conservative terminal: no approved syntax evidence
人人得而誅之	u	chengyu		china-idiom+agent	insufficient-syntax-evidence	low	accept	conservative syntax review	u|none|low	OK	conservative terminal: no approved syntax evidence
人人自危	u	chengyu		china-idiom+agent	insufficient-syntax-evidence	low	accept	conservative syntax review	u|none|low	OK	conservative terminal: no approved syntax evidence
人仰馬翻	u	chengyu		china-idiom+agent	insufficient-syntax-evidence	low	accept	conservative syntax review	u|none|low	OK	conservative terminal: no approved syntax evidence
人命關天	u	chengyu		china-idiom+agent	insufficient-syntax-evidence	low	accept	conservative syntax review	u|none|low	OK	conservative terminal: no approved syntax evidence
人喊馬嘶	u	chengyu		china-idiom+agent	insufficient-syntax-evidence	low	accept	conservative syntax review	u|none|low	OK	conservative terminal: no approved syntax evidence
人困馬乏	u	chengyu		china-idiom+agent	insufficient-syntax-evidence	low	accept	conservative syntax review	u|none|low	OK	conservative terminal: no approved syntax evidence
人壽年豐	u	chengyu		china-idiom+agent	insufficient-syntax-evidence	low	accept	conservative syntax review	u|none|low	OK	conservative terminal: no approved syntax evidence
人多口雜	u	chengyu		china-idiom+agent	insufficient-syntax-evidence	low	accept	conservative syntax review	u|none|low	OK	conservative terminal: no approved syntax evidence
人山人海	u	chengyu		china-idiom+agent	insufficient-syntax-evidence	low	accept	conservative syntax review	u|none|low	OK	conservative terminal: no approved syntax evidence
人強馬壯	u	chengyu		china-idiom+agent	insufficient-syntax-evidence	low	accept	conservative syntax review	u|none|low	OK	conservative terminal: no approved syntax evidence
人微言輕	u	chengyu		china-idiom+agent	insufficient-syntax-evidence	low	accept	conservative syntax review	u|none|low	OK	conservative terminal: no approved syntax evidence
人心不足蛇吞象	u	chengyu		china-idiom+agent	insufficient-syntax-evidence	low	accept	conservative syntax review	u|none|low	OK	conservative terminal: no approved syntax evidence
人心向背	u	chengyu		china-idiom+agent	insufficient-syntax-evidence	low	accept	conservative syntax review	u|none|low	OK	conservative terminal: no approved syntax evidence
人心大快	u	chengyu		china-idiom+agent	insufficient-syntax-evidence	low	accept	conservative syntax review	u|none|low	OK	conservative terminal: no approved syntax evidence
人心惶惶	u	chengyu		china-idiom+agent	insufficient-syntax-evidence	low	accept	conservative syntax review	u|none|low	OK	conservative terminal: no approved syntax evidence
人心所向	u	chengyu		china-idiom+agent	insufficient-syntax-evidence	low	accept	conservative syntax review	u|none|low	OK	conservative terminal: no approved syntax evidence
人心隔肚皮	u	chengyu		china-idiom+agent	insufficient-syntax-evidence	low	accept	conservative syntax review	u|none|low	OK	conservative terminal: no approved syntax evidence
人怕出名豬怕壯	u	chengyu		china-idiom+agent	clause-without-syntax-slot	low	accept	conservative syntax review	u|none|low	OK	conservative terminal: no approved syntax evidence
人急智生	u	chengyu		china-idiom+agent	insufficient-syntax-evidence	low	accept	conservative syntax review	u|none|low	OK	conservative terminal: no approved syntax evidence
人慾橫流	u	chengyu		china-idiom+agent	insufficient-syntax-evidence	low	accept	conservative syntax review	u|none|low	OK	conservative terminal: no approved syntax evidence
人才濟濟	u	chengyu		china-idiom+agent	insufficient-syntax-evidence	low	accept	conservative syntax review	u|none|low	OK	conservative terminal: no approved syntax evidence
人棄我取	u	chengyu		china-idiom+agent	insufficient-syntax-evidence	low	accept	conservative syntax review	u|none|low	OK	conservative terminal: no approved syntax evidence
人模狗樣	u	chengyu		china-idiom+agent	insufficient-syntax-evidence	low	accept	conservative syntax review	u|none|low	OK	conservative terminal: no approved syntax evidence
人生何處不相逢	u	chengyu		china-idiom+agent	clause-without-syntax-slot	low	accept	conservative syntax review	u|none|low	OK	conservative terminal: no approved syntax evidence
人生如朝露	u	chengyu		china-idiom+agent	insufficient-syntax-evidence	low	accept	conservative syntax review	u|none|low	OK	conservative terminal: no approved syntax evidence
人生路不熟	u	chengyu		china-idiom+agent	insufficient-syntax-evidence	low	accept	conservative syntax review	u|none|low	OK	conservative terminal: no approved syntax evidence
人老珠黃	u	chengyu		china-idiom+agent	insufficient-syntax-evidence	low	accept	conservative syntax review	u|none|low	OK	conservative terminal: no approved syntax evidence
人言可畏	u	chengyu		china-idiom+agent	insufficient-syntax-evidence	low	accept	conservative syntax review	u|none|low	OK	conservative terminal: no approved syntax evidence
人逢喜事精神爽	u	chengyu		china-idiom+agent	insufficient-syntax-evidence	low	accept	conservative syntax review	u|none|low	OK	conservative terminal: no approved syntax evidence
仁人義士	u	chengyu		china-idiom+agent	insufficient-syntax-evidence	low	accept	conservative syntax review	u|none|low	OK	conservative terminal: no approved syntax evidence
仁心仁術	u	chengyu		china-idiom+agent	insufficient-syntax-evidence	low	accept	conservative syntax review	u|none|low	OK	conservative terminal: no approved syntax evidence
仁民愛物	u	chengyu		china-idiom+agent	insufficient-syntax-evidence	low	accept	conservative syntax review	u|none|low	OK	conservative terminal: no approved syntax evidence
仁至義盡	u	chengyu		china-idiom+agent	insufficient-syntax-evidence	low	accept	conservative syntax review	u|none|low	OK	conservative terminal: no approved syntax evidence
仁言利博	u	chengyu		china-idiom+agent	insufficient-syntax-evidence	low	accept	conservative syntax review	u|none|low	OK	conservative terminal: no approved syntax evidence
今朝有酒今朝醉	u	chengyu		china-idiom+agent	clause-without-syntax-slot	low	accept	conservative syntax review	u|none|low	OK	conservative terminal: no approved syntax evidence
他山之石可以攻玉	u	chengyu		china-idiom+agent	insufficient-syntax-evidence	low	accept	conservative syntax review	u|none|low	OK	conservative terminal: no approved syntax evidence
他鄉遇故知	u	chengyu		china-idiom+agent	insufficient-syntax-evidence	low	accept	conservative syntax review	u|none|low	OK	conservative terminal: no approved syntax evidence
仗義疏財	u	chengyu		china-idiom+agent	insufficient-syntax-evidence	low	accept	conservative syntax review	u|none|low	OK	conservative terminal: no approved syntax evidence
付之一嘆	u	chengyu		china-idiom+agent	insufficient-syntax-evidence	low	accept	conservative syntax review	u|none|low	OK	conservative terminal: no approved syntax evidence
付之一笑	u	chengyu		china-idiom+agent	insufficient-syntax-evidence	low	accept	conservative syntax review	u|none|low	OK	conservative terminal: no approved syntax evidence
付之丙丁	u	chengyu		china-idiom+agent	insufficient-syntax-evidence	low	accept	conservative syntax review	u|none|low	OK	conservative terminal: no approved syntax evidence
付之度外	u	chengyu		china-idiom+agent	insufficient-syntax-evidence	low	accept	conservative syntax review	u|none|low	OK	conservative terminal: no approved syntax evidence
付諸一炬	u	chengyu		china-idiom+agent	insufficient-syntax-evidence	low	accept	conservative syntax review	u|none|low	OK	conservative terminal: no approved syntax evidence
仙姿玉色	u	chengyu		china-idiom+agent	insufficient-syntax-evidence	low	accept	conservative syntax review	u|none|low	OK	conservative terminal: no approved syntax evidence
代人受過	u	chengyu		china-idiom+agent	insufficient-syntax-evidence	low	accept	conservative syntax review	u|none|low	OK	conservative terminal: no approved syntax evidence
令行禁止	u	chengyu		china-idiom+agent	insufficient-syntax-evidence	low	accept	conservative syntax review	u|none|low	OK	conservative terminal: no approved syntax evidence
以一警百	u	chengyu		china-idiom+agent	insufficient-syntax-evidence	low	accept	conservative syntax review	u|none|low	OK	conservative terminal: no approved syntax evidence
以人廢言	u	chengyu		china-idiom+agent	insufficient-syntax-evidence	low	accept	conservative syntax review	u|none|low	OK	conservative terminal: no approved syntax evidence
以其人之道還治其人之身	u	chengyu		china-idiom+agent	insufficient-syntax-evidence	low	accept	conservative syntax review	u|none|low	OK	conservative terminal: no approved syntax evidence
以力服人	u	chengyu		china-idiom+agent	insufficient-syntax-evidence	low	accept	conservative syntax review	u|none|low	OK	conservative terminal: no approved syntax evidence
以夷制夷	u	chengyu		china-idiom+agent	insufficient-syntax-evidence	low	accept	conservative syntax review	u|none|low	OK	conservative terminal: no approved syntax evidence
以強凌弱	u	chengyu		china-idiom+agent	insufficient-syntax-evidence	low	accept	conservative syntax review	u|none|low	OK	conservative terminal: no approved syntax evidence
以德報怨	u	chengyu		china-idiom+agent	insufficient-syntax-evidence	low	accept	conservative syntax review	u|none|low	OK	conservative terminal: no approved syntax evidence
以怨報德	u	chengyu		china-idiom+agent	insufficient-syntax-evidence	low	accept	conservative syntax review	u|none|low	OK	conservative terminal: no approved syntax evidence
以攻為守	u	chengyu		china-idiom+agent	insufficient-syntax-evidence	low	accept	conservative syntax review	u|none|low	OK	conservative terminal: no approved syntax evidence
以暴易暴	u	chengyu		china-idiom+agent	insufficient-syntax-evidence	low	accept	conservative syntax review	u|none|low	OK	conservative terminal: no approved syntax evidence
以柔制剛	u	chengyu		china-idiom+agent	insufficient-syntax-evidence	low	accept	conservative syntax review	u|none|low	OK	conservative terminal: no approved syntax evidence
以湯沃沸	u	chengyu		china-idiom+agent	insufficient-syntax-evidence	low	accept	conservative syntax review	u|none|low	OK	conservative terminal: no approved syntax evidence
以湯沃雪	u	chengyu		china-idiom+agent	insufficient-syntax-evidence	low	accept	conservative syntax review	u|none|low	OK	conservative terminal: no approved syntax evidence
以老賣老	u	chengyu		china-idiom+agent	insufficient-syntax-evidence	low	accept	conservative syntax review	u|none|low	OK	conservative terminal: no approved syntax evidence
以蠡測海	u	chengyu		china-idiom+agent	insufficient-syntax-evidence	low	accept	conservative syntax review	u|none|low	OK	conservative terminal: no approved syntax evidence
以身作則	u	chengyu		china-idiom+agent	insufficient-syntax-evidence	low	accept	conservative syntax review	u|none|low	OK	conservative terminal: no approved syntax evidence
以身報國	u	chengyu		china-idiom+agent	insufficient-syntax-evidence	low	accept	conservative syntax review	u|none|low	OK	conservative terminal: no approved syntax evidence
以身許國	u	chengyu		china-idiom+agent	insufficient-syntax-evidence	low	accept	conservative syntax review	u|none|low	OK	conservative terminal: no approved syntax evidence
以身試法	u	chengyu		china-idiom+agent	insufficient-syntax-evidence	low	accept	conservative syntax review	u|none|low	OK	conservative terminal: no approved syntax evidence
以退為進	u	chengyu		china-idiom+agent	insufficient-syntax-evidence	low	accept	conservative syntax review	u|none|low	OK	conservative terminal: no approved syntax evidence
以逸待勞	u	chengyu		china-idiom+agent	insufficient-syntax-evidence	low	accept	conservative syntax review	u|none|low	OK	conservative terminal: no approved syntax evidence
仰不愧天	u	chengyu		china-idiom+agent	insufficient-syntax-evidence	low	accept	conservative syntax review	u|none|low	OK	conservative terminal: no approved syntax evidence
仰人鼻息	u	chengyu		china-idiom+agent	insufficient-syntax-evidence	low	accept	conservative syntax review	u|none|low	OK	conservative terminal: no approved syntax evidence
仰屋著書	u	chengyu		china-idiom+agent	insufficient-syntax-evidence	low	accept	conservative syntax review	u|none|low	OK	conservative terminal: no approved syntax evidence
任人唯親	u	chengyu		china-idiom+agent	insufficient-syntax-evidence	low	accept	conservative syntax review	u|none|low	OK	conservative terminal: no approved syntax evidence
任人唯賢	u	chengyu		china-idiom+agent	insufficient-syntax-evidence	low	accept	conservative syntax review	u|none|low	OK	conservative terminal: no approved syntax evidence
任其自然	u	chengyu		china-idiom+agent	insufficient-syntax-evidence	low	accept	conservative syntax review	u|none|low	OK	conservative terminal: no approved syntax evidence
任勞任怨	u	chengyu		china-idiom+agent	insufficient-syntax-evidence	low	accept	conservative syntax review	u|none|low	OK	conservative terminal: no approved syntax evidence
任賢使能	u	chengyu		china-idiom+agent	insufficient-syntax-evidence	low	accept	conservative syntax review	u|none|low	OK	conservative terminal: no approved syntax evidence
任重道遠	u	chengyu		china-idiom+agent	insufficient-syntax-evidence	low	accept	conservative syntax review	u|none|low	OK	conservative terminal: no approved syntax evidence
伏首貼耳	u	chengyu		china-idiom+agent	insufficient-syntax-evidence	low	accept	conservative syntax review	u|none|low	OK	conservative terminal: no approved syntax evidence
伏龍鳳雛	u	chengyu		china-idiom+agent	insufficient-syntax-evidence	low	accept	conservative syntax review	u|none|low	OK	conservative terminal: no approved syntax evidence
休養生息	u	chengyu		china-idiom+agent	insufficient-syntax-evidence	low	accept	conservative syntax review	u|none|low	OK	conservative terminal: no approved syntax evidence
伯仲之間	u	chengyu		china-idiom+agent	insufficient-syntax-evidence	low	accept	conservative syntax review	u|none|low	OK	conservative terminal: no approved syntax evidence
伯仲叔季	u	chengyu		china-idiom+agent	insufficient-syntax-evidence	low	accept	conservative syntax review	u|none|low	OK	conservative terminal: no approved syntax evidence
伶牙俐齒	u	chengyu		china-idiom+agent	insufficient-syntax-evidence	low	accept	conservative syntax review	u|none|low	OK	conservative terminal: no approved syntax evidence
似是而非	u	chengyu		china-idiom+agent	insufficient-syntax-evidence	low	accept	conservative syntax review	u|none|low	OK	conservative terminal: no approved syntax evidence
位卑言高	u	chengyu		china-idiom+agent	insufficient-syntax-evidence	low	accept	conservative syntax review	u|none|low	OK	conservative terminal: no approved syntax evidence
低眉順眼	u	chengyu		china-idiom+agent	insufficient-syntax-evidence	low	accept	conservative syntax review	u|none|low	OK	conservative terminal: no approved syntax evidence
低聲下氣	u	chengyu		china-idiom+agent	insufficient-syntax-evidence	low	accept	conservative syntax review	u|none|low	OK	conservative terminal: no approved syntax evidence
低聲細語	u	chengyu		china-idiom+agent	insufficient-syntax-evidence	low	accept	conservative syntax review	u|none|low	OK	conservative terminal: no approved syntax evidence
何去何從	u	chengyu		china-idiom+agent	insufficient-syntax-evidence	low	accept	conservative syntax review	u|none|low	OK	conservative terminal: no approved syntax evidence
何樂而不為	u	chengyu		china-idiom+agent	insufficient-syntax-evidence	low	accept	conservative syntax review	u|none|low	OK	conservative terminal: no approved syntax evidence
作壁上觀	u	chengyu		china-idiom+agent	insufficient-syntax-evidence	low	accept	conservative syntax review	u|none|low	OK	conservative terminal: no approved syntax evidence
作奸犯科	u	chengyu		china-idiom+agent	insufficient-syntax-evidence	low	accept	conservative syntax review	u|none|low	OK	conservative terminal: no approved syntax evidence
作威作福	u	chengyu		china-idiom+agent	insufficient-syntax-evidence	low	accept	conservative syntax review	u|none|low	OK	conservative terminal: no approved syntax evidence
作法自斃	u	chengyu		china-idiom+agent	insufficient-syntax-evidence	low	accept	conservative syntax review	u|none|low	OK	conservative terminal: no approved syntax evidence
作賊心虛	u	chengyu		china-idiom+agent	insufficient-syntax-evidence	low	accept	conservative syntax review	u|none|low	OK	conservative terminal: no approved syntax evidence
你死我活	u	chengyu		china-idiom+agent	insufficient-syntax-evidence	low	accept	conservative syntax review	u|none|low	OK	conservative terminal: no approved syntax evidence
佳人才子	u	chengyu		china-idiom+agent	insufficient-syntax-evidence	low	accept	conservative syntax review	u|none|low	OK	conservative terminal: no approved syntax evidence
來勢洶洶	u	chengyu		china-idiom+agent	insufficient-syntax-evidence	low	accept	conservative syntax review	u|none|low	OK	conservative terminal: no approved syntax evidence
來者不善善者不來	u	chengyu		china-idiom+agent	clause-without-syntax-slot	low	accept	conservative syntax review	u|none|low	OK	conservative terminal: no approved syntax evidence
來而不往非禮也	u	chengyu		china-idiom+agent	clause-without-syntax-slot	low	accept	conservative syntax review	u|none|low	OK	conservative terminal: no approved syntax evidence
來龍去脈	u	chengyu		china-idiom+agent	insufficient-syntax-evidence	low	accept	conservative syntax review	u|none|low	OK	conservative terminal: no approved syntax evidence
例行公事	u	chengyu		china-idiom+agent	insufficient-syntax-evidence	low	accept	conservative syntax review	u|none|low	OK	conservative terminal: no approved syntax evidence
供不應求	u	chengyu		china-idiom+agent	insufficient-syntax-evidence	low	accept	conservative syntax review	u|none|low	OK	conservative terminal: no approved syntax evidence
依樣畫葫蘆	u	chengyu		china-idiom+agent	insufficient-syntax-evidence	low	accept	conservative syntax review	u|none|low	OK	conservative terminal: no approved syntax evidence
依樣葫蘆	u	chengyu		china-idiom+agent	insufficient-syntax-evidence	low	accept	conservative syntax review	u|none|low	OK	conservative terminal: no approved syntax evidence
侯門似海	u	chengyu		china-idiom+agent	insufficient-syntax-evidence	low	accept	conservative syntax review	u|none|low	OK	conservative terminal: no approved syntax evidence
侷促不安	u	chengyu		china-idiom+agent	insufficient-syntax-evidence	low	accept	conservative syntax review	u|none|low	OK	conservative terminal: no approved syntax evidence
俗諺口碑	u	chengyu		china-idiom+agent	insufficient-syntax-evidence	low	accept	conservative syntax review	u|none|low	OK	conservative terminal: no approved syntax evidence
保家衞國	u	chengyu		china-idiom+agent	insufficient-syntax-evidence	low	accept	conservative syntax review	u|none|low	OK	conservative terminal: no approved syntax evidence
保殘守缺	u	chengyu		china-idiom+agent	insufficient-syntax-evidence	low	accept	conservative syntax review	u|none|low	OK	conservative terminal: no approved syntax evidence
信以為真	u	chengyu		china-idiom+agent	insufficient-syntax-evidence	low	accept	conservative syntax review	u|none|low	OK	conservative terminal: no approved syntax evidence
信口開河	u	chengyu		china-idiom+agent	insufficient-syntax-evidence	low	accept	conservative syntax review	u|none|low	OK	conservative terminal: no approved syntax evidence
信口雌黃	u	chengyu		china-idiom+agent	insufficient-syntax-evidence	low	accept	conservative syntax review	u|none|low	OK	conservative terminal: no approved syntax evidence
信守不渝	u	chengyu		china-idiom+agent	insufficient-syntax-evidence	low	accept	conservative syntax review	u|none|low	OK	conservative terminal: no approved syntax evidence
信手拈來	u	chengyu		china-idiom+agent	insufficient-syntax-evidence	low	accept	conservative syntax review	u|none|low	OK	conservative terminal: no approved syntax evidence
信誓旦旦	u	chengyu		china-idiom+agent	insufficient-syntax-evidence	low	accept	conservative syntax review	u|none|low	OK	conservative terminal: no approved syntax evidence
信賞必罰	u	chengyu		china-idiom+agent	insufficient-syntax-evidence	low	accept	conservative syntax review	u|none|low	OK	conservative terminal: no approved syntax evidence
修舊利廢	u	chengyu		china-idiom+agent	insufficient-syntax-evidence	low	accept	conservative syntax review	u|none|low	OK	conservative terminal: no approved syntax evidence
俯仰無愧	u	chengyu		china-idiom+agent	insufficient-syntax-evidence	low	accept	conservative syntax review	u|none|low	OK	conservative terminal: no approved syntax evidence
俯仰由人	u	chengyu		china-idiom+agent	insufficient-syntax-evidence	low	accept	conservative syntax review	u|none|low	OK	conservative terminal: no approved syntax evidence
俯拾即是	u	chengyu		china-idiom+agent	insufficient-syntax-evidence	low	accept	conservative syntax review	u|none|low	OK	conservative terminal: no approved syntax evidence
俯首帖耳	u	chengyu		china-idiom+agent	insufficient-syntax-evidence	low	accept	conservative syntax review	u|none|low	OK	conservative terminal: no approved syntax evidence
倉皇失措	u	chengyu		china-idiom+agent	insufficient-syntax-evidence	low	accept	conservative syntax review	u|none|low	OK	conservative terminal: no approved syntax evidence
倒懸之危	u	chengyu		china-idiom+agent	insufficient-syntax-evidence	low	accept	conservative syntax review	u|none|low	OK	conservative terminal: no approved syntax evidence
倒懸之急	u	chengyu		china-idiom+agent	insufficient-syntax-evidence	low	accept	conservative syntax review	u|none|low	OK	conservative terminal: no approved syntax evidence
倒懸之苦	u	chengyu		china-idiom+agent	insufficient-syntax-evidence	low	accept	conservative syntax review	u|none|low	OK	conservative terminal: no approved syntax evidence
倒戈卸甲	u	chengyu		china-idiom+agent	insufficient-syntax-evidence	low	accept	conservative syntax review	u|none|low	OK	conservative terminal: no approved syntax evidence
倚老賣老	u	chengyu		china-idiom+agent	insufficient-syntax-evidence	low	accept	conservative syntax review	u|none|low	OK	conservative terminal: no approved syntax evidence
倜儻不羣	u	chengyu		china-idiom+agent	insufficient-syntax-evidence	low	accept	conservative syntax review	u|none|low	OK	conservative terminal: no approved syntax evidence
借古喻今	u	chengyu		china-idiom+agent	insufficient-syntax-evidence	low	accept	conservative syntax review	u|none|low	OK	conservative terminal: no approved syntax evidence
借題發揮	u	chengyu		china-idiom+agent	insufficient-syntax-evidence	low	accept	conservative syntax review	u|none|low	OK	conservative terminal: no approved syntax evidence
偃武修文	u	chengyu		china-idiom+agent	insufficient-syntax-evidence	low	accept	conservative syntax review	u|none|low	OK	conservative terminal: no approved syntax evidence
假仁假義	u	chengyu		china-idiom+agent	insufficient-syntax-evidence	low	accept	conservative syntax review	u|none|low	OK	conservative terminal: no approved syntax evidence
假公濟私	u	chengyu		china-idiom+agent	insufficient-syntax-evidence	low	accept	conservative syntax review	u|none|low	OK	conservative terminal: no approved syntax evidence
假惺惺	u	chengyu		china-idiom+agent	insufficient-syntax-evidence	low	accept	conservative syntax review	u|none|low	OK	conservative terminal: no approved syntax evidence
假慈悲	u	chengyu		china-idiom+agent	insufficient-syntax-evidence	low	accept	conservative syntax review	u|none|low	OK	conservative terminal: no approved syntax evidence
偎乾就濕	u	chengyu		china-idiom+agent	insufficient-syntax-evidence	low	accept	conservative syntax review	u|none|low	OK	conservative terminal: no approved syntax evidence
偎紅倚翠	u	chengyu		china-idiom+agent	insufficient-syntax-evidence	low	accept	conservative syntax review	u|none|low	OK	conservative terminal: no approved syntax evidence
偏聽偏信	u	chengyu		china-idiom+agent	insufficient-syntax-evidence	low	accept	conservative syntax review	u|none|low	OK	conservative terminal: no approved syntax evidence
做好做歹	u	chengyu		china-idiom+agent	insufficient-syntax-evidence	low	accept	conservative syntax review	u|none|low	OK	conservative terminal: no approved syntax evidence
做張做勢	u	chengyu		china-idiom+agent	insufficient-syntax-evidence	low	accept	conservative syntax review	u|none|low	OK	conservative terminal: no approved syntax evidence
做張做智	u	chengyu		china-idiom+agent	insufficient-syntax-evidence	low	accept	conservative syntax review	u|none|low	OK	conservative terminal: no approved syntax evidence
做賊心虛	u	chengyu		china-idiom+agent	insufficient-syntax-evidence	low	accept	conservative syntax review	u|none|low	OK	conservative terminal: no approved syntax evidence
停滯不前	u	chengyu		china-idiom+agent	insufficient-syntax-evidence	low	accept	conservative syntax review	u|none|low	OK	conservative terminal: no approved syntax evidence
側目而視	u	chengyu		china-idiom+agent	insufficient-syntax-evidence	low	accept	conservative syntax review	u|none|low	OK	conservative terminal: no approved syntax evidence
偶一為之	u	chengyu		china-idiom+agent	insufficient-syntax-evidence	low	accept	conservative syntax review	u|none|low	OK	conservative terminal: no approved syntax evidence
偷工減料	u	chengyu		china-idiom+agent	insufficient-syntax-evidence	low	accept	conservative syntax review	u|none|low	OK	conservative terminal: no approved syntax evidence
偷香竊玉	u	chengyu		china-idiom+agent	insufficient-syntax-evidence	low	accept	conservative syntax review	u|none|low	OK	conservative terminal: no approved syntax evidence
傍人籬壁	u	chengyu		china-idiom+agent	insufficient-syntax-evidence	low	accept	conservative syntax review	u|none|low	OK	conservative terminal: no approved syntax evidence
傍人門户	u	chengyu		china-idiom+agent	insufficient-syntax-evidence	low	accept	conservative syntax review	u|none|low	OK	conservative terminal: no approved syntax evidence
傳宗接代	u	chengyu		china-idiom+agent	insufficient-syntax-evidence	low	accept	conservative syntax review	u|none|low	OK	conservative terminal: no approved syntax evidence
傳道受業	u	chengyu		china-idiom+agent	insufficient-syntax-evidence	low	accept	conservative syntax review	u|none|low	OK	conservative terminal: no approved syntax evidence
傷天害理	u	chengyu		china-idiom+agent	insufficient-syntax-evidence	low	accept	conservative syntax review	u|none|low	OK	conservative terminal: no approved syntax evidence
傷弓之鳥	u	chengyu		china-idiom+agent	insufficient-syntax-evidence	low	accept	conservative syntax review	u|none|low	OK	conservative terminal: no approved syntax evidence
傷心蒿目	u	chengyu		china-idiom+agent	insufficient-syntax-evidence	low	accept	conservative syntax review	u|none|low	OK	conservative terminal: no approved syntax evidence
傷風敗俗	u	chengyu		china-idiom+agent	insufficient-syntax-evidence	low	accept	conservative syntax review	u|none|low	OK	conservative terminal: no approved syntax evidence
傾家蕩產	u	chengyu		china-idiom+agent	insufficient-syntax-evidence	low	accept	conservative syntax review	u|none|low	OK	conservative terminal: no approved syntax evidence
傾箱倒篋	u	chengyu		china-idiom+agent	insufficient-syntax-evidence	low	accept	conservative syntax review	u|none|low	OK	conservative terminal: no approved syntax evidence
傾耳細聽	u	chengyu		china-idiom+agent	insufficient-syntax-evidence	low	accept	conservative syntax review	u|none|low	OK	conservative terminal: no approved syntax evidence
傾耳而聽	u	chengyu		china-idiom+agent	insufficient-syntax-evidence	low	accept	conservative syntax review	u|none|low	OK	conservative terminal: no approved syntax evidence
僅以身免	u	chengyu		china-idiom+agent	insufficient-syntax-evidence	low	accept	conservative syntax review	u|none|low	OK	conservative terminal: no approved syntax evidence
價值連城	u	chengyu		china-idiom+agent	insufficient-syntax-evidence	low	accept	conservative syntax review	u|none|low	OK	conservative terminal: no approved syntax evidence
儉以養廉	u	chengyu		china-idiom+agent	insufficient-syntax-evidence	low	accept	conservative syntax review	u|none|low	OK	conservative terminal: no approved syntax evidence
儒雅風流	u	chengyu		china-idiom+agent	insufficient-syntax-evidence	low	accept	conservative syntax review	u|none|low	OK	conservative terminal: no approved syntax evidence
優孟衣冠	u	chengyu		china-idiom+agent	insufficient-syntax-evidence	low	accept	conservative syntax review	u|none|low	OK	conservative terminal: no approved syntax evidence
優遊自在	u	chengyu		china-idiom+agent	insufficient-syntax-evidence	low	accept	conservative syntax review	u|none|low	OK	conservative terminal: no approved syntax evidence
優遊自得	u	chengyu		china-idiom+agent	insufficient-syntax-evidence	low	accept	conservative syntax review	u|none|low	OK	conservative terminal: no approved syntax evidence
允文允武	u	chengyu		china-idiom+agent	insufficient-syntax-evidence	low	accept	conservative syntax review	u|none|low	OK	conservative terminal: no approved syntax evidence
元惡大憝	u	chengyu		china-idiom+agent	insufficient-syntax-evidence	low	accept	conservative syntax review	u|none|low	OK	conservative terminal: no approved syntax evidence
兇相畢露	u	chengyu		china-idiom+agent	insufficient-syntax-evidence	low	accept	conservative syntax review	u|none|low	OK	conservative terminal: no approved syntax evidence
先下手為強	u	chengyu		china-idiom+agent	insufficient-syntax-evidence	low	accept	conservative syntax review	u|none|low	OK	conservative terminal: no approved syntax evidence
先來後到	u	chengyu		china-idiom+agent	insufficient-syntax-evidence	low	accept	conservative syntax review	u|none|low	OK	conservative terminal: no approved syntax evidence
先入為主	u	chengyu		china-idiom+agent	insufficient-syntax-evidence	low	accept	conservative syntax review	u|none|low	OK	conservative terminal: no approved syntax evidence
先天不足	u	chengyu		china-idiom+agent	insufficient-syntax-evidence	low	accept	conservative syntax review	u|none|low	OK	conservative terminal: no approved syntax evidence
先小人後君子	u	chengyu		china-idiom+agent	insufficient-syntax-evidence	low	accept	conservative syntax review	u|none|low	OK	conservative terminal: no approved syntax evidence
先斬後奏	u	chengyu		china-idiom+agent	insufficient-syntax-evidence	low	accept	conservative syntax review	u|none|low	OK	conservative terminal: no approved syntax evidence
先發制人	u	chengyu		china-idiom+agent	insufficient-syntax-evidence	low	accept	conservative syntax review	u|none|low	OK	conservative terminal: no approved syntax evidence
先睹為快	u	chengyu		china-idiom+agent	insufficient-syntax-evidence	low	accept	conservative syntax review	u|none|low	OK	conservative terminal: no approved syntax evidence
先知先覺	u	chengyu		china-idiom+agent	insufficient-syntax-evidence	low	accept	conservative syntax review	u|none|low	OK	conservative terminal: no approved syntax evidence
光彩奪目	u	chengyu		china-idiom+agent	insufficient-syntax-evidence	low	accept	conservative syntax review	u|none|low	OK	conservative terminal: no approved syntax evidence
克勤克儉	u	chengyu		china-idiom+agent	insufficient-syntax-evidence	low	accept	conservative syntax review	u|none|low	OK	conservative terminal: no approved syntax evidence
克紹箕裘	u	chengyu		china-idiom+agent	insufficient-syntax-evidence	low	accept	conservative syntax review	u|none|low	OK	conservative terminal: no approved syntax evidence
入不敷出	u	chengyu		china-idiom+agent	insufficient-syntax-evidence	low	accept	conservative syntax review	u|none|low	OK	conservative terminal: no approved syntax evidence
入境問俗	u	chengyu		china-idiom+agent	insufficient-syntax-evidence	low	accept	conservative syntax review	u|none|low	OK	conservative terminal: no approved syntax evidence
入境問禁	u	chengyu		china-idiom+agent	insufficient-syntax-evidence	low	accept	conservative syntax review	u|none|low	OK	conservative terminal: no approved syntax evidence
入情入理	u	chengyu		china-idiom+agent	insufficient-syntax-evidence	low	accept	conservative syntax review	u|none|low	OK	conservative terminal: no approved syntax evidence
入木三分	u	chengyu		china-idiom+agent	insufficient-syntax-evidence	low	accept	conservative syntax review	u|none|low	OK	conservative terminal: no approved syntax evidence
入鄉隨俗	u	chengyu		china-idiom+agent	insufficient-syntax-evidence	low	accept	conservative syntax review	u|none|low	OK	conservative terminal: no approved syntax evidence
內憂外患	u	chengyu		china-idiom+agent	insufficient-syntax-evidence	low	accept	conservative syntax review	u|none|low	OK	conservative terminal: no approved syntax evidence
內顧之憂	u	chengyu		china-idiom+agent	insufficient-syntax-evidence	low	accept	conservative syntax review	u|none|low	OK	conservative terminal: no approved syntax evidence
全知全能	u	chengyu		china-idiom+agent	insufficient-syntax-evidence	low	accept	conservative syntax review	u|none|low	OK	conservative terminal: no approved syntax evidence
全神灌注	u	chengyu		china-idiom+agent	insufficient-syntax-evidence	low	accept	conservative syntax review	u|none|low	OK	conservative terminal: no approved syntax evidence
全神貫注	u	chengyu		china-idiom+agent	insufficient-syntax-evidence	low	accept	conservative syntax review	u|none|low	OK	conservative terminal: no approved syntax evidence
兩全其美	u	chengyu		china-idiom+agent	insufficient-syntax-evidence	low	accept	conservative syntax review	u|none|low	OK	conservative terminal: no approved syntax evidence
兩虎相鬥	u	chengyu		china-idiom+agent	insufficient-syntax-evidence	low	accept	conservative syntax review	u|none|low	OK	conservative terminal: no approved syntax evidence
八九不離十	u	chengyu		china-idiom+agent	insufficient-syntax-evidence	low	accept	conservative syntax review	u|none|low	OK	conservative terminal: no approved syntax evidence
八字沒一撇	u	chengyu		china-idiom+agent	insufficient-syntax-evidence	low	accept	conservative syntax review	u|none|low	OK	conservative terminal: no approved syntax evidence
八方呼應	u	chengyu		china-idiom+agent	insufficient-syntax-evidence	low	accept	conservative syntax review	u|none|low	OK	conservative terminal: no approved syntax evidence
八面威風	u	chengyu		china-idiom+agent	insufficient-syntax-evidence	low	accept	conservative syntax review	u|none|low	OK	conservative terminal: no approved syntax evidence
八面玲瓏	u	chengyu		china-idiom+agent	insufficient-syntax-evidence	low	accept	conservative syntax review	u|none|low	OK	conservative terminal: no approved syntax evidence
公之於眾	u	chengyu		china-idiom+agent	insufficient-syntax-evidence	low	accept	conservative syntax review	u|none|low	OK	conservative terminal: no approved syntax evidence
公正不阿	u	chengyu		china-idiom+agent	insufficient-syntax-evidence	low	accept	conservative syntax review	u|none|low	OK	conservative terminal: no approved syntax evidence
公私兼顧	u	chengyu		china-idiom+agent	insufficient-syntax-evidence	low	accept	conservative syntax review	u|none|low	OK	conservative terminal: no approved syntax evidence
公而忘私	u	chengyu		china-idiom+agent	insufficient-syntax-evidence	low	accept	conservative syntax review	u|none|low	OK	conservative terminal: no approved syntax evidence
公諸同好	u	chengyu		china-idiom+agent	insufficient-syntax-evidence	low	accept	conservative syntax review	u|none|low	OK	conservative terminal: no approved syntax evidence
公買公賣	u	chengyu		china-idiom+agent	insufficient-syntax-evidence	low	accept	conservative syntax review	u|none|low	OK	conservative terminal: no approved syntax evidence
六月飛霜	u	chengyu		china-idiom+agent	insufficient-syntax-evidence	low	accept	conservative syntax review	u|none|low	OK	conservative terminal: no approved syntax evidence
六神不安	u	chengyu		china-idiom+agent	insufficient-syntax-evidence	low	accept	conservative syntax review	u|none|low	OK	conservative terminal: no approved syntax evidence
六神無主	u	chengyu		china-idiom+agent	insufficient-syntax-evidence	low	accept	conservative syntax review	u|none|low	OK	conservative terminal: no approved syntax evidence
六耳不同謀	u	chengyu		china-idiom+agent	insufficient-syntax-evidence	low	accept	conservative syntax review	u|none|low	OK	conservative terminal: no approved syntax evidence
六親不認	u	chengyu		china-idiom+agent	insufficient-syntax-evidence	low	accept	conservative syntax review	u|none|low	OK	conservative terminal: no approved syntax evidence
六韜三略	u	chengyu		china-idiom+agent	insufficient-syntax-evidence	low	accept	conservative syntax review	u|none|low	OK	conservative terminal: no approved syntax evidence
兵不血刃	u	chengyu		china-idiom+agent	insufficient-syntax-evidence	low	accept	conservative syntax review	u|none|low	OK	conservative terminal: no approved syntax evidence
兵強馬壯	u	chengyu		china-idiom+agent	insufficient-syntax-evidence	low	accept	conservative syntax review	u|none|low	OK	conservative terminal: no approved syntax evidence
兵戈擾攘	u	chengyu		china-idiom+agent	insufficient-syntax-evidence	low	accept	conservative syntax review	u|none|low	OK	conservative terminal: no approved syntax evidence
兵敗如山倒	u	chengyu		china-idiom+agent	insufficient-syntax-evidence	low	accept	conservative syntax review	u|none|low	OK	conservative terminal: no approved syntax evidence
兵精糧足	u	chengyu		china-idiom+agent	insufficient-syntax-evidence	low	accept	conservative syntax review	u|none|low	OK	conservative terminal: no approved syntax evidence
兵荒馬亂	u	chengyu		china-idiom+agent	insufficient-syntax-evidence	low	accept	conservative syntax review	u|none|low	OK	conservative terminal: no approved syntax evidence
兵貴神速	u	chengyu		china-idiom+agent	insufficient-syntax-evidence	low	accept	conservative syntax review	u|none|low	OK	conservative terminal: no approved syntax evidence
兵連禍結	u	chengyu		china-idiom+agent	insufficient-syntax-evidence	low	accept	conservative syntax review	u|none|low	OK	conservative terminal: no approved syntax evidence
其勢洶洶	u	chengyu		china-idiom+agent	insufficient-syntax-evidence	low	accept	conservative syntax review	u|none|low	OK	conservative terminal: no approved syntax evidence
其樂不窮	u	chengyu		china-idiom+agent	insufficient-syntax-evidence	low	accept	conservative syntax review	u|none|low	OK	conservative terminal: no approved syntax evidence
其樂無窮	u	chengyu		china-idiom+agent	insufficient-syntax-evidence	low	accept	conservative syntax review	u|none|low	OK	conservative terminal: no approved syntax evidence
具體而微	u	chengyu		china-idiom+agent	insufficient-syntax-evidence	low	accept	conservative syntax review	u|none|low	OK	conservative terminal: no approved syntax evidence
再三再四	u	chengyu		china-idiom+agent	insufficient-syntax-evidence	low	accept	conservative syntax review	u|none|low	OK	conservative terminal: no approved syntax evidence
再接再厲	u	chengyu		china-idiom+agent	insufficient-syntax-evidence	low	accept	conservative syntax review	u|none|low	OK	conservative terminal: no approved syntax evidence
再接再礪	u	chengyu		china-idiom+agent	insufficient-syntax-evidence	low	accept	conservative syntax review	u|none|low	OK	conservative terminal: no approved syntax evidence
再生父母	u	chengyu		china-idiom+agent	insufficient-syntax-evidence	low	accept	conservative syntax review	u|none|low	OK	conservative terminal: no approved syntax evidence
冒大不韙	u	chengyu		china-idiom+agent	insufficient-syntax-evidence	low	accept	conservative syntax review	u|none|low	OK	conservative terminal: no approved syntax evidence
冒天下之大不韙	u	chengyu		china-idiom+agent	insufficient-syntax-evidence	low	accept	conservative syntax review	u|none|low	OK	conservative terminal: no approved syntax evidence
冤家路窄	u	chengyu		china-idiom+agent	insufficient-syntax-evidence	low	accept	conservative syntax review	u|none|low	OK	conservative terminal: no approved syntax evidence
冤有頭債有主	u	chengyu		china-idiom+agent	insufficient-syntax-evidence	low	accept	conservative syntax review	u|none|low	OK	conservative terminal: no approved syntax evidence
冥頑不靈	u	chengyu		china-idiom+agent	insufficient-syntax-evidence	low	accept	conservative syntax review	u|none|low	OK	conservative terminal: no approved syntax evidence
冰壺秋月	u	chengyu		china-idiom+agent	insufficient-syntax-evidence	low	accept	conservative syntax review	u|none|low	OK	conservative terminal: no approved syntax evidence
冰天雪地	u	chengyu		china-idiom+agent	insufficient-syntax-evidence	low	accept	conservative syntax review	u|none|low	OK	conservative terminal: no approved syntax evidence
冰消瓦解	u	chengyu		china-idiom+agent	insufficient-syntax-evidence	low	accept	conservative syntax review	u|none|low	OK	conservative terminal: no approved syntax evidence
冰清玉潔	u	chengyu		china-idiom+agent	insufficient-syntax-evidence	low	accept	conservative syntax review	u|none|low	OK	conservative terminal: no approved syntax evidence
冰魂雪魄	u	chengyu		china-idiom+agent	insufficient-syntax-evidence	low	accept	conservative syntax review	u|none|low	OK	conservative terminal: no approved syntax evidence
冷言冷語	u	chengyu		china-idiom+agent	insufficient-syntax-evidence	low	accept	conservative syntax review	u|none|low	OK	conservative terminal: no approved syntax evidence
冷語冰人	u	chengyu		china-idiom+agent	insufficient-syntax-evidence	low	accept	conservative syntax review	u|none|low	OK	conservative terminal: no approved syntax evidence
出以公心	u	chengyu		china-idiom+agent	insufficient-syntax-evidence	low	accept	conservative syntax review	u|none|low	OK	conservative terminal: no approved syntax evidence
出其不備	u	chengyu		china-idiom+agent	insufficient-syntax-evidence	low	accept	conservative syntax review	u|none|low	OK	conservative terminal: no approved syntax evidence
出其不意	u	chengyu		china-idiom+agent	insufficient-syntax-evidence	low	accept	conservative syntax review	u|none|low	OK	conservative terminal: no approved syntax evidence
出奇制勝	u	chengyu		china-idiom+agent	insufficient-syntax-evidence	low	accept	conservative syntax review	u|none|low	OK	conservative terminal: no approved syntax evidence
出師有名	u	chengyu		china-idiom+agent	insufficient-syntax-evidence	low	accept	conservative syntax review	u|none|low	OK	conservative terminal: no approved syntax evidence
出污泥而不染	u	chengyu		china-idiom+agent	insufficient-syntax-evidence	low	accept	conservative syntax review	u|none|low	OK	conservative terminal: no approved syntax evidence
出淤泥而不染	u	chengyu		china-idiom+agent	insufficient-syntax-evidence	low	accept	conservative syntax review	u|none|low	OK	conservative terminal: no approved syntax evidence
出生入死	u	chengyu		china-idiom+agent	insufficient-syntax-evidence	low	accept	conservative syntax review	u|none|low	OK	conservative terminal: no approved syntax evidence
出言不遜	u	chengyu		china-idiom+agent	insufficient-syntax-evidence	low	accept	conservative syntax review	u|none|low	OK	conservative terminal: no approved syntax evidence
出言成章	u	chengyu		china-idiom+agent	insufficient-syntax-evidence	low	accept	conservative syntax review	u|none|low	OK	conservative terminal: no approved syntax evidence
出谷遷喬	u	chengyu		china-idiom+agent	insufficient-syntax-evidence	low	accept	conservative syntax review	u|none|low	OK	conservative terminal: no approved syntax evidence
出頭露面	u	chengyu		china-idiom+agent	insufficient-syntax-evidence	low	accept	conservative syntax review	u|none|low	OK	conservative terminal: no approved syntax evidence
刀山劍樹	u	chengyu		china-idiom+agent	insufficient-syntax-evidence	low	accept	conservative syntax review	u|none|low	OK	conservative terminal: no approved syntax evidence
刀鋸斧鉞	u	chengyu		china-idiom+agent	insufficient-syntax-evidence	low	accept	conservative syntax review	u|none|low	OK	conservative terminal: no approved syntax evidence
刁鑽古怪	u	chengyu		china-idiom+agent	insufficient-syntax-evidence	low	accept	conservative syntax review	u|none|low	OK	conservative terminal: no approved syntax evidence
分庭抗禮	u	chengyu		china-idiom+agent	insufficient-syntax-evidence	low	accept	conservative syntax review	u|none|low	OK	conservative terminal: no approved syntax evidence
分我杯羹	u	chengyu		china-idiom+agent	insufficient-syntax-evidence	low	accept	conservative syntax review	u|none|low	OK	conservative terminal: no approved syntax evidence
分秒必爭	u	chengyu		china-idiom+agent	insufficient-syntax-evidence	low	accept	conservative syntax review	u|none|low	OK	conservative terminal: no approved syntax evidence
分門別類	u	chengyu		china-idiom+agent	insufficient-syntax-evidence	low	accept	conservative syntax review	u|none|low	OK	conservative terminal: no approved syntax evidence
切中時弊	u	chengyu		china-idiom+agent	insufficient-syntax-evidence	low	accept	conservative syntax review	u|none|low	OK	conservative terminal: no approved syntax evidence
切中時病	u	chengyu		china-idiom+agent	insufficient-syntax-evidence	low	accept	conservative syntax review	u|none|low	OK	conservative terminal: no approved syntax evidence
切切私語	u	chengyu		china-idiom+agent	insufficient-syntax-evidence	low	accept	conservative syntax review	u|none|low	OK	conservative terminal: no approved syntax evidence
切膚之痛	u	chengyu		china-idiom+agent	insufficient-syntax-evidence	low	accept	conservative syntax review	u|none|low	OK	conservative terminal: no approved syntax evidence
切骨之仇	u	chengyu		china-idiom+agent	insufficient-syntax-evidence	low	accept	conservative syntax review	u|none|low	OK	conservative terminal: no approved syntax evidence
列祖列宗	u	chengyu		china-idiom+agent	insufficient-syntax-evidence	low	accept	conservative syntax review	u|none|low	OK	conservative terminal: no approved syntax evidence
初生之犢	u	chengyu		china-idiom+agent	insufficient-syntax-evidence	low	accept	conservative syntax review	u|none|low	OK	conservative terminal: no approved syntax evidence
初生之犢不畏虎	u	chengyu		china-idiom+agent	insufficient-syntax-evidence	low	accept	conservative syntax review	u|none|low	OK	conservative terminal: no approved syntax evidence
初發芙蓉	u	chengyu		china-idiom+agent	insufficient-syntax-evidence	low	accept	conservative syntax review	u|none|low	OK	conservative terminal: no approved syntax evidence
別具一格	u	chengyu		china-idiom+agent	insufficient-syntax-evidence	low	accept	conservative syntax review	u|none|low	OK	conservative terminal: no approved syntax evidence
別具匠心	u	chengyu		china-idiom+agent	insufficient-syntax-evidence	low	accept	conservative syntax review	u|none|low	OK	conservative terminal: no approved syntax evidence
別具隻眼	u	chengyu		china-idiom+agent	insufficient-syntax-evidence	low	accept	conservative syntax review	u|none|low	OK	conservative terminal: no approved syntax evidence
別出心裁	u	chengyu		china-idiom+agent	insufficient-syntax-evidence	low	accept	conservative syntax review	u|none|low	OK	conservative terminal: no approved syntax evidence
別樹一幟	u	chengyu		china-idiom+agent	insufficient-syntax-evidence	low	accept	conservative syntax review	u|none|low	OK	conservative terminal: no approved syntax evidence
別樹一旗	u	chengyu		china-idiom+agent	insufficient-syntax-evidence	low	accept	conservative syntax review	u|none|low	OK	conservative terminal: no approved syntax evidence
別開生面	u	chengyu		china-idiom+agent	insufficient-syntax-evidence	low	accept	conservative syntax review	u|none|low	OK	conservative terminal: no approved syntax evidence
利令智昏	u	chengyu		china-idiom+agent	insufficient-syntax-evidence	low	accept	conservative syntax review	u|none|low	OK	conservative terminal: no approved syntax evidence
利慾薰心	u	chengyu		china-idiom+agent	insufficient-syntax-evidence	low	accept	conservative syntax review	u|none|low	OK	conservative terminal: no approved syntax evidence
刪繁就簡	u	chengyu		china-idiom+agent	insufficient-syntax-evidence	low	accept	conservative syntax review	u|none|low	OK	conservative terminal: no approved syntax evidence
刮地皮	u	chengyu		china-idiom+agent	insufficient-syntax-evidence	low	accept	conservative syntax review	u|none|low	OK	conservative terminal: no approved syntax evidence
刮目相看	u	chengyu		china-idiom+agent	insufficient-syntax-evidence	low	accept	conservative syntax review	u|none|low	OK	conservative terminal: no approved syntax evidence
刺刺不休	u	chengyu		china-idiom+agent	insufficient-syntax-evidence	low	accept	conservative syntax review	u|none|low	OK	conservative terminal: no approved syntax evidence
刻意求工	u	chengyu		china-idiom+agent	insufficient-syntax-evidence	low	accept	conservative syntax review	u|none|low	OK	conservative terminal: no approved syntax evidence
刻舟求劍	u	chengyu		china-idiom+agent	insufficient-syntax-evidence	low	accept	conservative syntax review	u|none|low	OK	conservative terminal: no approved syntax evidence
刻骨相思	u	chengyu		china-idiom+agent	insufficient-syntax-evidence	low	accept	conservative syntax review	u|none|low	OK	conservative terminal: no approved syntax evidence
刻骨銘心	u	chengyu		china-idiom+agent	insufficient-syntax-evidence	low	accept	conservative syntax review	u|none|low	OK	conservative terminal: no approved syntax evidence
刻鵠類鶩	u	chengyu		china-idiom+agent	insufficient-syntax-evidence	low	accept	conservative syntax review	u|none|low	OK	conservative terminal: no approved syntax evidence
削職為民	u	chengyu		china-idiom+agent	insufficient-syntax-evidence	low	accept	conservative syntax review	u|none|low	OK	conservative terminal: no approved syntax evidence
前仆後繼	u	chengyu		china-idiom+agent	insufficient-syntax-evidence	low	accept	conservative syntax review	u|none|low	OK	conservative terminal: no approved syntax evidence
前功盡廢	u	chengyu		china-idiom+agent	insufficient-syntax-evidence	low	accept	conservative syntax review	u|none|low	OK	conservative terminal: no approved syntax evidence
前功盡棄	u	chengyu		china-idiom+agent	insufficient-syntax-evidence	low	accept	conservative syntax review	u|none|low	OK	conservative terminal: no approved syntax evidence
前怕狼後怕虎	u	chengyu		china-idiom+agent	insufficient-syntax-evidence	low	accept	conservative syntax review	u|none|low	OK	conservative terminal: no approved syntax evidence
前所未聞	u	chengyu		china-idiom+agent	insufficient-syntax-evidence	low	accept	conservative syntax review	u|none|low	OK	conservative terminal: no approved syntax evidence
前無古人	u	chengyu		china-idiom+agent	insufficient-syntax-evidence	low	accept	conservative syntax review	u|none|low	OK	conservative terminal: no approved syntax evidence
前赴後繼	u	chengyu		china-idiom+agent	insufficient-syntax-evidence	low	accept	conservative syntax review	u|none|low	OK	conservative terminal: no approved syntax evidence
前車之鑑	u	chengyu		china-idiom+agent	insufficient-syntax-evidence	low	accept	conservative syntax review	u|none|low	OK	conservative terminal: no approved syntax evidence
前車可鑑	u	chengyu		china-idiom+agent	insufficient-syntax-evidence	low	accept	conservative syntax review	u|none|low	OK	conservative terminal: no approved syntax evidence
剖肝瀝膽	u	chengyu		china-idiom+agent	insufficient-syntax-evidence	low	accept	conservative syntax review	u|none|low	OK	conservative terminal: no approved syntax evidence
剛毅木訥	u	chengyu		china-idiom+agent	insufficient-syntax-evidence	low	accept	conservative syntax review	u|none|low	OK	conservative terminal: no approved syntax evidence
剛直不阿	u	chengyu		china-idiom+agent	insufficient-syntax-evidence	low	accept	conservative syntax review	u|none|low	OK	conservative terminal: no approved syntax evidence
剜肉醫瘡	u	chengyu		china-idiom+agent	insufficient-syntax-evidence	low	accept	conservative syntax review	u|none|low	OK	conservative terminal: no approved syntax evidence
剩水殘山	u	chengyu		china-idiom+agent	insufficient-syntax-evidence	low	accept	conservative syntax review	u|none|low	OK	conservative terminal: no approved syntax evidence
割股療親	u	chengyu		china-idiom+agent	insufficient-syntax-evidence	low	accept	conservative syntax review	u|none|low	OK	conservative terminal: no approved syntax evidence
劈頭蓋臉	u	chengyu		china-idiom+agent	insufficient-syntax-evidence	low	accept	conservative syntax review	u|none|low	OK	conservative terminal: no approved syntax evidence
力不勝任	u	chengyu		china-idiom+agent	insufficient-syntax-evidence	low	accept	conservative syntax review	u|none|low	OK	conservative terminal: no approved syntax evidence
力所不及	u	chengyu		china-idiom+agent	insufficient-syntax-evidence	low	accept	conservative syntax review	u|none|low	OK	conservative terminal: no approved syntax evidence
力有未逮	u	chengyu		china-idiom+agent	insufficient-syntax-evidence	low	accept	conservative syntax review	u|none|low	OK	conservative terminal: no approved syntax evidence
力爭上游	u	chengyu		china-idiom+agent	insufficient-syntax-evidence	low	accept	conservative syntax review	u|none|low	OK	conservative terminal: no approved syntax evidence
功到自然成	u	chengyu		china-idiom+agent	insufficient-syntax-evidence	low	accept	conservative syntax review	u|none|low	OK	conservative terminal: no approved syntax evidence
功成名遂	u	chengyu		china-idiom+agent	insufficient-syntax-evidence	low	accept	conservative syntax review	u|none|low	OK	conservative terminal: no approved syntax evidence
功虧一簣	u	chengyu		china-idiom+agent	insufficient-syntax-evidence	low	accept	conservative syntax review	u|none|low	OK	conservative terminal: no approved syntax evidence
功高不賞	u	chengyu		china-idiom+agent	insufficient-syntax-evidence	low	accept	conservative syntax review	u|none|low	OK	conservative terminal: no approved syntax evidence
功高望重	u	chengyu		china-idiom+agent	insufficient-syntax-evidence	low	accept	conservative syntax review	u|none|low	OK	conservative terminal: no approved syntax evidence
加官晉爵	u	chengyu		china-idiom+agent	insufficient-syntax-evidence	low	accept	conservative syntax review	u|none|low	OK	conservative terminal: no approved syntax evidence
加官進爵	u	chengyu		china-idiom+agent	insufficient-syntax-evidence	low	accept	conservative syntax review	u|none|low	OK	conservative terminal: no approved syntax evidence
加官進祿	u	chengyu		china-idiom+agent	insufficient-syntax-evidence	low	accept	conservative syntax review	u|none|low	OK	conservative terminal: no approved syntax evidence
劫富濟貧	u	chengyu		china-idiom+agent	insufficient-syntax-evidence	low	accept	conservative syntax review	u|none|low	OK	conservative terminal: no approved syntax evidence
勃然變色	u	chengyu		china-idiom+agent	insufficient-syntax-evidence	low	accept	conservative syntax review	u|none|low	OK	conservative terminal: no approved syntax evidence
勇者不懼	u	chengyu		china-idiom+agent	insufficient-syntax-evidence	low	accept	conservative syntax review	u|none|low	OK	conservative terminal: no approved syntax evidence
勉為其難	u	chengyu		china-idiom+agent	insufficient-syntax-evidence	low	accept	conservative syntax review	u|none|low	OK	conservative terminal: no approved syntax evidence
動人心絃	u	chengyu		china-idiom+agent	insufficient-syntax-evidence	low	accept	conservative syntax review	u|none|low	OK	conservative terminal: no approved syntax evidence
動心駭目	u	chengyu		china-idiom+agent	insufficient-syntax-evidence	low	accept	conservative syntax review	u|none|low	OK	conservative terminal: no approved syntax evidence
動輒得咎	u	chengyu		china-idiom+agent	insufficient-syntax-evidence	low	accept	conservative syntax review	u|none|low	OK	conservative terminal: no approved syntax evidence
勝敗乃兵家常事	u	chengyu		china-idiom+agent	insufficient-syntax-evidence	low	accept	conservative syntax review	u|none|low	OK	conservative terminal: no approved syntax evidence
勞師動眾	u	chengyu		china-idiom+agent	insufficient-syntax-evidence	low	accept	conservative syntax review	u|none|low	OK	conservative terminal: no approved syntax evidence
勞心苦思	u	chengyu		china-idiom+agent	insufficient-syntax-evidence	low	accept	conservative syntax review	u|none|low	OK	conservative terminal: no approved syntax evidence
勞而無功	u	chengyu		china-idiom+agent	insufficient-syntax-evidence	low	accept	conservative syntax review	u|none|low	OK	conservative terminal: no approved syntax evidence
勞苦功高	u	chengyu		china-idiom+agent	insufficient-syntax-evidence	low	accept	conservative syntax review	u|none|low	OK	conservative terminal: no approved syntax evidence
勢不可擋	u	chengyu		china-idiom+agent	insufficient-syntax-evidence	low	accept	conservative syntax review	u|none|low	OK	conservative terminal: no approved syntax evidence
勢如破竹	u	chengyu		china-idiom+agent	insufficient-syntax-evidence	low	accept	conservative syntax review	u|none|low	OK	conservative terminal: no approved syntax evidence
勢成騎虎	u	chengyu		china-idiom+agent	insufficient-syntax-evidence	low	accept	conservative syntax review	u|none|low	OK	conservative terminal: no approved syntax evidence
勤勤懇懇	u	chengyu		china-idiom+agent	insufficient-syntax-evidence	low	accept	conservative syntax review	u|none|low	OK	conservative terminal: no approved syntax evidence
勤學苦練	u	chengyu		china-idiom+agent	insufficient-syntax-evidence	low	accept	conservative syntax review	u|none|low	OK	conservative terminal: no approved syntax evidence
勵精圖治	u	chengyu		china-idiom+agent	insufficient-syntax-evidence	low	accept	conservative syntax review	u|none|low	OK	conservative terminal: no approved syntax evidence
勸善懲惡	u	chengyu		china-idiom+agent	insufficient-syntax-evidence	low	accept	conservative syntax review	u|none|low	OK	conservative terminal: no approved syntax evidence
勾心鬥角	u	chengyu		china-idiom+agent	insufficient-syntax-evidence	low	accept	conservative syntax review	u|none|low	OK	conservative terminal: no approved syntax evidence
包攬詞訟	u	chengyu		china-idiom+agent	insufficient-syntax-evidence	low	accept	conservative syntax review	u|none|low	OK	conservative terminal: no approved syntax evidence
包羅萬有	u	chengyu		china-idiom+agent	insufficient-syntax-evidence	low	accept	conservative syntax review	u|none|low	OK	conservative terminal: no approved syntax evidence
包羅萬象	u	chengyu		china-idiom+agent	insufficient-syntax-evidence	low	accept	conservative syntax review	u|none|low	OK	conservative terminal: no approved syntax evidence
包藏禍心	u	chengyu		china-idiom+agent	insufficient-syntax-evidence	low	accept	conservative syntax review	u|none|low	OK	conservative terminal: no approved syntax evidence
化外之民	u	chengyu		china-idiom+agent	insufficient-syntax-evidence	low	accept	conservative syntax review	u|none|low	OK	conservative terminal: no approved syntax evidence
化干戈為玉帛	u	chengyu		china-idiom+agent	insufficient-syntax-evidence	low	accept	conservative syntax review	u|none|low	OK	conservative terminal: no approved syntax evidence
化整為零	u	chengyu		china-idiom+agent	insufficient-syntax-evidence	low	accept	conservative syntax review	u|none|low	OK	conservative terminal: no approved syntax evidence
化為泡影	u	chengyu		china-idiom+agent	insufficient-syntax-evidence	low	accept	conservative syntax review	u|none|low	OK	conservative terminal: no approved syntax evidence
化腐朽為神奇	u	chengyu		china-idiom+agent	insufficient-syntax-evidence	low	accept	conservative syntax review	u|none|low	OK	conservative terminal: no approved syntax evidence
化鴟為鳳	u	chengyu		china-idiom+agent	insufficient-syntax-evidence	low	accept	conservative syntax review	u|none|low	OK	conservative terminal: no approved syntax evidence
北叟失馬	u	chengyu		china-idiom+agent	insufficient-syntax-evidence	low	accept	conservative syntax review	u|none|low	OK	conservative terminal: no approved syntax evidence
匠心獨運	u	chengyu		china-idiom+agent	insufficient-syntax-evidence	low	accept	conservative syntax review	u|none|low	OK	conservative terminal: no approved syntax evidence
匿影藏形	u	chengyu		china-idiom+agent	insufficient-syntax-evidence	low	accept	conservative syntax review	u|none|low	OK	conservative terminal: no approved syntax evidence
十八般武藝	u	chengyu		china-idiom+agent	insufficient-syntax-evidence	low	accept	conservative syntax review	u|none|low	OK	conservative terminal: no approved syntax evidence
十冬臘月	u	chengyu		china-idiom+agent	insufficient-syntax-evidence	low	accept	conservative syntax review	u|none|low	OK	conservative terminal: no approved syntax evidence
十室九空	u	chengyu		china-idiom+agent	insufficient-syntax-evidence	low	accept	conservative syntax review	u|none|low	OK	conservative terminal: no approved syntax evidence
十成九穩	u	chengyu		china-idiom+agent	insufficient-syntax-evidence	low	accept	conservative syntax review	u|none|low	OK	conservative terminal: no approved syntax evidence
十拿九穩	u	chengyu		china-idiom+agent	insufficient-syntax-evidence	low	accept	conservative syntax review	u|none|low	OK	conservative terminal: no approved syntax evidence
十步芳草	u	chengyu		china-idiom+agent	insufficient-syntax-evidence	low	accept	conservative syntax review	u|none|low	OK	conservative terminal: no approved syntax evidence
十羊九牧	u	chengyu		china-idiom+agent	insufficient-syntax-evidence	low	accept	conservative syntax review	u|none|low	OK	conservative terminal: no approved syntax evidence
十萬八千里	u	chengyu		china-idiom+agent	insufficient-syntax-evidence	low	accept	conservative syntax review	u|none|low	OK	conservative terminal: no approved syntax evidence
十風五雨	u	chengyu		china-idiom+agent	insufficient-syntax-evidence	low	accept	conservative syntax review	u|none|low	OK	conservative terminal: no approved syntax evidence
千叮萬囑	u	chengyu		china-idiom+agent	insufficient-syntax-evidence	low	accept	conservative syntax review	u|none|low	OK	conservative terminal: no approved syntax evidence
千奇百怪	u	chengyu		china-idiom+agent	insufficient-syntax-evidence	low	accept	conservative syntax review	u|none|low	OK	conservative terminal: no approved syntax evidence
千嬌百媚	u	chengyu		china-idiom+agent	insufficient-syntax-evidence	low	accept	conservative syntax review	u|none|low	OK	conservative terminal: no approved syntax evidence
千差萬別	u	chengyu		china-idiom+agent	insufficient-syntax-evidence	low	accept	conservative syntax review	u|none|low	OK	conservative terminal: no approved syntax evidence
千慮一失	u	chengyu		china-idiom+agent	insufficient-syntax-evidence	low	accept	conservative syntax review	u|none|low	OK	conservative terminal: no approved syntax evidence
千慮一得	u	chengyu		china-idiom+agent	insufficient-syntax-evidence	low	accept	conservative syntax review	u|none|low	OK	conservative terminal: no approved syntax evidence
千方百計	u	chengyu		china-idiom+agent	insufficient-syntax-evidence	low	accept	conservative syntax review	u|none|low	OK	conservative terminal: no approved syntax evidence
千瘡百孔	u	chengyu		china-idiom+agent	insufficient-syntax-evidence	low	accept	conservative syntax review	u|none|low	OK	conservative terminal: no approved syntax evidence
千秋萬世	u	chengyu		china-idiom+agent	insufficient-syntax-evidence	low	accept	conservative syntax review	u|none|low	OK	conservative terminal: no approved syntax evidence
千紅萬紫	u	chengyu		china-idiom+agent	insufficient-syntax-evidence	low	accept	conservative syntax review	u|none|low	OK	conservative terminal: no approved syntax evidence
千絲萬縷	u	chengyu		china-idiom+agent	insufficient-syntax-evidence	low	accept	conservative syntax review	u|none|low	OK	conservative terminal: no approved syntax evidence
千言萬語	u	chengyu		china-idiom+agent	insufficient-syntax-evidence	low	accept	conservative syntax review	u|none|low	OK	conservative terminal: no approved syntax evidence
千變萬化	u	chengyu		china-idiom+agent	insufficient-syntax-evidence	low	accept	conservative syntax review	u|none|low	OK	conservative terminal: no approved syntax evidence
千變萬軫	u	chengyu		china-idiom+agent	insufficient-syntax-evidence	low	accept	conservative syntax review	u|none|low	OK	conservative terminal: no approved syntax evidence
千載一時	u	chengyu		china-idiom+agent	insufficient-syntax-evidence	low	accept	conservative syntax review	u|none|low	OK	conservative terminal: no approved syntax evidence
千載難逢	u	chengyu		china-idiom+agent	insufficient-syntax-evidence	low	accept	conservative syntax review	u|none|low	OK	conservative terminal: no approved syntax evidence
千辛萬苦	u	chengyu		china-idiom+agent	insufficient-syntax-evidence	low	accept	conservative syntax review	u|none|low	OK	conservative terminal: no approved syntax evidence
千里送鵝毛	u	chengyu		china-idiom+agent	insufficient-syntax-evidence	low	accept	conservative syntax review	u|none|low	OK	conservative terminal: no approved syntax evidence
千金一擲	u	chengyu		china-idiom+agent	insufficient-syntax-evidence	low	accept	conservative syntax review	u|none|low	OK	conservative terminal: no approved syntax evidence
千金一諾	u	chengyu		china-idiom+agent	insufficient-syntax-evidence	low	accept	conservative syntax review	u|none|low	OK	conservative terminal: no approved syntax evidence
千鈞一髮	u	chengyu		china-idiom+agent	insufficient-syntax-evidence	low	accept	conservative syntax review	u|none|low	OK	conservative terminal: no approved syntax evidence
半吞半吐	u	chengyu		china-idiom+agent	insufficient-syntax-evidence	low	accept	conservative syntax review	u|none|low	OK	conservative terminal: no approved syntax evidence
半懂不懂	u	chengyu		china-idiom+agent	insufficient-syntax-evidence	low	accept	conservative syntax review	u|none|low	OK	conservative terminal: no approved syntax evidence
半截入土	u	chengyu		china-idiom+agent	insufficient-syntax-evidence	low	accept	conservative syntax review	u|none|low	OK	conservative terminal: no approved syntax evidence
半文不白	u	chengyu		china-idiom+agent	insufficient-syntax-evidence	low	accept	conservative syntax review	u|none|low	OK	conservative terminal: no approved syntax evidence
半生半熟	u	chengyu		china-idiom+agent	insufficient-syntax-evidence	low	accept	conservative syntax review	u|none|low	OK	conservative terminal: no approved syntax evidence
半路出家	u	chengyu		china-idiom+agent	insufficient-syntax-evidence	low	accept	conservative syntax review	u|none|low	OK	conservative terminal: no approved syntax evidence
半間不界	u	chengyu		china-idiom+agent	insufficient-syntax-evidence	low	accept	conservative syntax review	u|none|low	OK	conservative terminal: no approved syntax evidence
卑不足道	u	chengyu		china-idiom+agent	insufficient-syntax-evidence	low	accept	conservative syntax review	u|none|low	OK	conservative terminal: no approved syntax evidence
卑禮厚幣	u	chengyu		china-idiom+agent	insufficient-syntax-evidence	low	accept	conservative syntax review	u|none|low	OK	conservative terminal: no approved syntax evidence
卑躬屈節	u	chengyu		china-idiom+agent	insufficient-syntax-evidence	low	accept	conservative syntax review	u|none|low	OK	conservative terminal: no approved syntax evidence
卑躬屈膝	u	chengyu		china-idiom+agent	insufficient-syntax-evidence	low	accept	conservative syntax review	u|none|low	OK	conservative terminal: no approved syntax evidence
卑辭厚禮	u	chengyu		china-idiom+agent	insufficient-syntax-evidence	low	accept	conservative syntax review	u|none|low	OK	conservative terminal: no approved syntax evidence
卑鄙齷齪	u	chengyu		china-idiom+agent	insufficient-syntax-evidence	low	accept	conservative syntax review	u|none|low	OK	conservative terminal: no approved syntax evidence
卑陋齷齪	u	chengyu		china-idiom+agent	insufficient-syntax-evidence	low	accept	conservative syntax review	u|none|low	OK	conservative terminal: no approved syntax evidence
卓有成效	u	chengyu		china-idiom+agent	insufficient-syntax-evidence	low	accept	conservative syntax review	u|none|low	OK	conservative terminal: no approved syntax evidence
南征北伐	u	chengyu		china-idiom+agent	insufficient-syntax-evidence	low	accept	conservative syntax review	u|none|low	OK	conservative terminal: no approved syntax evidence
南征北戰	u	chengyu		china-idiom+agent	insufficient-syntax-evidence	low	accept	conservative syntax review	u|none|low	OK	conservative terminal: no approved syntax evidence
南征北討	u	chengyu		china-idiom+agent	insufficient-syntax-evidence	low	accept	conservative syntax review	u|none|low	OK	conservative terminal: no approved syntax evidence
南柯一夢	u	chengyu		china-idiom+agent	insufficient-syntax-evidence	low	accept	conservative syntax review	u|none|low	OK	conservative terminal: no approved syntax evidence
南腔北調	u	chengyu		china-idiom+agent	insufficient-syntax-evidence	low	accept	conservative syntax review	u|none|low	OK	conservative terminal: no approved syntax evidence
博古通今	u	chengyu		china-idiom+agent	insufficient-syntax-evidence	low	accept	conservative syntax review	u|none|low	OK	conservative terminal: no approved syntax evidence
博士買驢	u	chengyu		china-idiom+agent	insufficient-syntax-evidence	low	accept	conservative syntax review	u|none|low	OK	conservative terminal: no approved syntax evidence
博大精深	u	chengyu		china-idiom+agent	insufficient-syntax-evidence	low	accept	conservative syntax review	u|none|low	OK	conservative terminal: no approved syntax evidence
博文約禮	u	chengyu		china-idiom+agent	insufficient-syntax-evidence	low	accept	conservative syntax review	u|none|low	OK	conservative terminal: no approved syntax evidence
博施濟眾	u	chengyu		china-idiom+agent	insufficient-syntax-evidence	low	accept	conservative syntax review	u|none|low	OK	conservative terminal: no approved syntax evidence
博物洽聞	u	chengyu		china-idiom+agent	insufficient-syntax-evidence	low	accept	conservative syntax review	u|none|low	OK	conservative terminal: no approved syntax evidence
博而不精	u	chengyu		china-idiom+agent	insufficient-syntax-evidence	low	accept	conservative syntax review	u|none|low	OK	conservative terminal: no approved syntax evidence
博聞多識	u	chengyu		china-idiom+agent	insufficient-syntax-evidence	low	accept	conservative syntax review	u|none|low	OK	conservative terminal: no approved syntax evidence
博聞強記	u	chengyu		china-idiom+agent	insufficient-syntax-evidence	low	accept	conservative syntax review	u|none|low	OK	conservative terminal: no approved syntax evidence
博聞強識	u	chengyu		china-idiom+agent	insufficient-syntax-evidence	low	accept	conservative syntax review	u|none|low	OK	conservative terminal: no approved syntax evidence
博識多通	u	chengyu		china-idiom+agent	insufficient-syntax-evidence	low	accept	conservative syntax review	u|none|low	OK	conservative terminal: no approved syntax evidence
危如朝露	u	chengyu		china-idiom+agent	insufficient-syntax-evidence	low	accept	conservative syntax review	u|none|low	OK	conservative terminal: no approved syntax evidence
危如累卵	u	chengyu		china-idiom+agent	insufficient-syntax-evidence	low	accept	conservative syntax review	u|none|low	OK	conservative terminal: no approved syntax evidence
卷地皮	u	chengyu		china-idiom+agent	insufficient-syntax-evidence	low	accept	conservative syntax review	u|none|low	OK	conservative terminal: no approved syntax evidence
卸磨殺驢	u	chengyu		china-idiom+agent	insufficient-syntax-evidence	low	accept	conservative syntax review	u|none|low	OK	conservative terminal: no approved syntax evidence
卻之不恭	u	chengyu		china-idiom+agent	insufficient-syntax-evidence	low	accept	conservative syntax review	u|none|low	OK	conservative terminal: no approved syntax evidence
厚今薄古	u	chengyu		china-idiom+agent	insufficient-syntax-evidence	low	accept	conservative syntax review	u|none|low	OK	conservative terminal: no approved syntax evidence
厚古薄今	u	chengyu		china-idiom+agent	insufficient-syntax-evidence	low	accept	conservative syntax review	u|none|low	OK	conservative terminal: no approved syntax evidence
厚德載物	u	chengyu		china-idiom+agent	insufficient-syntax-evidence	low	accept	conservative syntax review	u|none|low	OK	conservative terminal: no approved syntax evidence
厚此薄彼	u	chengyu		china-idiom+agent	insufficient-syntax-evidence	low	accept	conservative syntax review	u|none|low	OK	conservative terminal: no approved syntax evidence
厚積薄發	u	chengyu		china-idiom+agent	insufficient-syntax-evidence	low	accept	conservative syntax review	u|none|low	OK	conservative terminal: no approved syntax evidence
厚貌深情	u	chengyu		china-idiom+agent	insufficient-syntax-evidence	low	accept	conservative syntax review	u|none|low	OK	conservative terminal: no approved syntax evidence
原形畢露	u	chengyu		china-idiom+agent	insufficient-syntax-evidence	low	accept	conservative syntax review	u|none|low	OK	conservative terminal: no approved syntax evidence
厲行節約	u	chengyu		china-idiom+agent	insufficient-syntax-evidence	low	accept	conservative syntax review	u|none|low	OK	conservative terminal: no approved syntax evidence
去偽存真	u	chengyu		china-idiom+agent	insufficient-syntax-evidence	low	accept	conservative syntax review	u|none|low	OK	conservative terminal: no approved syntax evidence
又紅又專	u	chengyu		china-idiom+agent	insufficient-syntax-evidence	low	accept	conservative syntax review	u|none|low	OK	conservative terminal: no approved syntax evidence
及鋒而試	u	chengyu		china-idiom+agent	insufficient-syntax-evidence	low	accept	conservative syntax review	u|none|low	OK	conservative terminal: no approved syntax evidence
反其道而行之	u	chengyu		china-idiom+agent	insufficient-syntax-evidence	low	accept	conservative syntax review	u|none|low	OK	conservative terminal: no approved syntax evidence
反唇相稽	u	chengyu		china-idiom+agent	insufficient-syntax-evidence	low	accept	conservative syntax review	u|none|low	OK	conservative terminal: no approved syntax evidence
反唇相譏	u	chengyu		china-idiom+agent	insufficient-syntax-evidence	low	accept	conservative syntax review	u|none|low	OK	conservative terminal: no approved syntax evidence
反求諸己	u	chengyu		china-idiom+agent	insufficient-syntax-evidence	low	accept	conservative syntax review	u|none|low	OK	conservative terminal: no approved syntax evidence
反老還童	u	chengyu		china-idiom+agent	insufficient-syntax-evidence	low	accept	conservative syntax review	u|none|low	OK	conservative terminal: no approved syntax evidence
反臉無情	u	chengyu		china-idiom+agent	insufficient-syntax-evidence	low	accept	conservative syntax review	u|none|low	OK	conservative terminal: no approved syntax evidence
反裘負芻	u	chengyu		china-idiom+agent	insufficient-syntax-evidence	low	accept	conservative syntax review	u|none|low	OK	conservative terminal: no approved syntax evidence
反躬自問	u	chengyu		china-idiom+agent	insufficient-syntax-evidence	low	accept	conservative syntax review	u|none|low	OK	conservative terminal: no approved syntax evidence
反躬自責	u	chengyu		china-idiom+agent	insufficient-syntax-evidence	low	accept	conservative syntax review	u|none|low	OK	conservative terminal: no approved syntax evidence
取精用弘	u	chengyu		china-idiom+agent	insufficient-syntax-evidence	low	accept	conservative syntax review	u|none|low	OK	conservative terminal: no approved syntax evidence
取而代之	u	chengyu		china-idiom+agent	insufficient-syntax-evidence	low	accept	conservative syntax review	u|none|low	OK	conservative terminal: no approved syntax evidence
取長補短	u	chengyu		china-idiom+agent	insufficient-syntax-evidence	low	accept	conservative syntax review	u|none|low	OK	conservative terminal: no approved syntax evidence
口不應心	u	chengyu		china-idiom+agent	insufficient-syntax-evidence	low	accept	conservative syntax review	u|none|low	OK	conservative terminal: no approved syntax evidence
口快心直	u	chengyu		china-idiom+agent	insufficient-syntax-evidence	low	accept	conservative syntax review	u|none|low	OK	conservative terminal: no approved syntax evidence
口惠而實不至	u	chengyu		china-idiom+agent	insufficient-syntax-evidence	low	accept	conservative syntax review	u|none|low	OK	conservative terminal: no approved syntax evidence
口是心非	u	chengyu		china-idiom+agent	insufficient-syntax-evidence	low	accept	conservative syntax review	u|none|low	OK	conservative terminal: no approved syntax evidence
口無擇言	u	chengyu		china-idiom+agent	insufficient-syntax-evidence	low	accept	conservative syntax review	u|none|low	OK	conservative terminal: no approved syntax evidence
口直心快	u	chengyu		china-idiom+agent	insufficient-syntax-evidence	low	accept	conservative syntax review	u|none|low	OK	conservative terminal: no approved syntax evidence
口碑載道	u	chengyu		china-idiom+agent	insufficient-syntax-evidence	low	accept	conservative syntax review	u|none|low	OK	conservative terminal: no approved syntax evidence
口蜜腹劍	u	chengyu		china-idiom+agent	insufficient-syntax-evidence	low	accept	conservative syntax review	u|none|low	OK	conservative terminal: no approved syntax evidence
口角春風	u	chengyu		china-idiom+agent	insufficient-syntax-evidence	low	accept	conservative syntax review	u|none|low	OK	conservative terminal: no approved syntax evidence
口角生風	u	chengyu		china-idiom+agent	insufficient-syntax-evidence	low	accept	conservative syntax review	u|none|low	OK	conservative terminal: no approved syntax evidence
口説無憑	u	chengyu		china-idiom+agent	insufficient-syntax-evidence	low	accept	conservative syntax review	u|none|low	OK	conservative terminal: no approved syntax evidence
口齒生香	u	chengyu		china-idiom+agent	insufficient-syntax-evidence	low	accept	conservative syntax review	u|none|low	OK	conservative terminal: no approved syntax evidence
古井無波	u	chengyu		china-idiom+agent	insufficient-syntax-evidence	low	accept	conservative syntax review	u|none|low	OK	conservative terminal: no approved syntax evidence
古為今用	u	chengyu		china-idiom+agent	insufficient-syntax-evidence	low	accept	conservative syntax review	u|none|low	OK	conservative terminal: no approved syntax evidence
古貌古心	u	chengyu		china-idiom+agent	insufficient-syntax-evidence	low	accept	conservative syntax review	u|none|low	OK	conservative terminal: no approved syntax evidence
古道熱腸	u	chengyu		china-idiom+agent	insufficient-syntax-evidence	low	accept	conservative syntax review	u|none|low	OK	conservative terminal: no approved syntax evidence
另謀高就	u	chengyu		china-idiom+agent	insufficient-syntax-evidence	low	accept	conservative syntax review	u|none|low	OK	conservative terminal: no approved syntax evidence
另起爐灶	u	chengyu		china-idiom+agent	insufficient-syntax-evidence	low	accept	conservative syntax review	u|none|low	OK	conservative terminal: no approved syntax evidence
只爭旦夕	u	chengyu		china-idiom+agent	insufficient-syntax-evidence	low	accept	conservative syntax review	u|none|low	OK	conservative terminal: no approved syntax evidence
只見樹木不見森林	u	chengyu		china-idiom+agent	clause-without-syntax-slot	low	accept	conservative syntax review	u|none|low	OK	conservative terminal: no approved syntax evidence
叫苦不迭	u	chengyu		china-idiom+agent	insufficient-syntax-evidence	low	accept	conservative syntax review	u|none|low	OK	conservative terminal: no approved syntax evidence
可乘之機	u	chengyu		china-idiom+agent	insufficient-syntax-evidence	low	accept	conservative syntax review	u|none|low	OK	conservative terminal: no approved syntax evidence
可望不可即	u	chengyu		china-idiom+agent	insufficient-syntax-evidence	low	accept	conservative syntax review	u|none|low	OK	conservative terminal: no approved syntax evidence
可望而不可即	u	chengyu		china-idiom+agent	insufficient-syntax-evidence	low	accept	conservative syntax review	u|none|low	OK	conservative terminal: no approved syntax evidence
可望而不可及	u	chengyu		china-idiom+agent	insufficient-syntax-evidence	low	accept	conservative syntax review	u|none|low	OK	conservative terminal: no approved syntax evidence
史無前例	u	chengyu		china-idiom+agent	insufficient-syntax-evidence	low	accept	conservative syntax review	u|none|low	OK	conservative terminal: no approved syntax evidence
吃不了兜着走	u	chengyu		china-idiom+agent	insufficient-syntax-evidence	low	accept	conservative syntax review	u|none|low	OK	conservative terminal: no approved syntax evidence
吃力不討好	u	chengyu		china-idiom+agent	insufficient-syntax-evidence	low	accept	conservative syntax review	u|none|low	OK	conservative terminal: no approved syntax evidence
吃苦耐勞	u	chengyu		china-idiom+agent	insufficient-syntax-evidence	low	accept	conservative syntax review	u|none|low	OK	conservative terminal: no approved syntax evidence
吃裏扒外	u	chengyu		china-idiom+agent	insufficient-syntax-evidence	low	accept	conservative syntax review	u|none|low	OK	conservative terminal: no approved syntax evidence
吃軟不吃硬	u	chengyu		china-idiom+agent	insufficient-syntax-evidence	low	accept	conservative syntax review	u|none|low	OK	conservative terminal: no approved syntax evidence
各人自掃門前雪	u	chengyu		china-idiom+agent	insufficient-syntax-evidence	low	accept	conservative syntax review	u|none|low	OK	conservative terminal: no approved syntax evidence
各個擊破	u	chengyu		china-idiom+agent	insufficient-syntax-evidence	low	accept	conservative syntax review	u|none|low	OK	conservative terminal: no approved syntax evidence
各奔前程	u	chengyu		china-idiom+agent	insufficient-syntax-evidence	low	accept	conservative syntax review	u|none|low	OK	conservative terminal: no approved syntax evidence
各得其所	u	chengyu		china-idiom+agent	insufficient-syntax-evidence	low	accept	conservative syntax review	u|none|low	OK	conservative terminal: no approved syntax evidence
各為其主	u	chengyu		china-idiom+agent	insufficient-syntax-evidence	low	accept	conservative syntax review	u|none|low	OK	conservative terminal: no approved syntax evidence
各行其是	u	chengyu		china-idiom+agent	insufficient-syntax-evidence	low	accept	conservative syntax review	u|none|low	OK	conservative terminal: no approved syntax evidence
合情合理	u	chengyu		china-idiom+agent	insufficient-syntax-evidence	low	accept	conservative syntax review	u|none|low	OK	conservative terminal: no approved syntax evidence
合浦珠還	u	chengyu		china-idiom+agent	insufficient-syntax-evidence	low	accept	conservative syntax review	u|none|low	OK	conservative terminal: no approved syntax evidence
合而為一	u	chengyu		china-idiom+agent	insufficient-syntax-evidence	low	accept	conservative syntax review	u|none|low	OK	conservative terminal: no approved syntax evidence
吉人天相	u	chengyu		china-idiom+agent	insufficient-syntax-evidence	low	accept	conservative syntax review	u|none|low	OK	conservative terminal: no approved syntax evidence
吉人自有天相	u	chengyu		china-idiom+agent	insufficient-syntax-evidence	low	accept	conservative syntax review	u|none|low	OK	conservative terminal: no approved syntax evidence
吉凶未卜	u	chengyu		china-idiom+agent	insufficient-syntax-evidence	low	accept	conservative syntax review	u|none|low	OK	conservative terminal: no approved syntax evidence
吉日良辰	u	chengyu		china-idiom+agent	insufficient-syntax-evidence	low	accept	conservative syntax review	u|none|low	OK	conservative terminal: no approved syntax evidence
吉星高照	u	chengyu		china-idiom+agent	insufficient-syntax-evidence	low	accept	conservative syntax review	u|none|low	OK	conservative terminal: no approved syntax evidence
同仇敵愾	u	chengyu		china-idiom+agent	insufficient-syntax-evidence	low	accept	conservative syntax review	u|none|low	OK	conservative terminal: no approved syntax evidence
同室操戈	u	chengyu		china-idiom+agent	insufficient-syntax-evidence	low	accept	conservative syntax review	u|none|low	OK	conservative terminal: no approved syntax evidence
同心協力	u	chengyu		china-idiom+agent	insufficient-syntax-evidence	low	accept	conservative syntax review	u|none|low	OK	conservative terminal: no approved syntax evidence
同心合力	u	chengyu		china-idiom+agent	insufficient-syntax-evidence	low	accept	conservative syntax review	u|none|low	OK	conservative terminal: no approved syntax evidence
同心同德	u	chengyu		china-idiom+agent	insufficient-syntax-evidence	low	accept	conservative syntax review	u|none|low	OK	conservative terminal: no approved syntax evidence
同日而語	u	chengyu		china-idiom+agent	insufficient-syntax-evidence	low	accept	conservative syntax review	u|none|low	OK	conservative terminal: no approved syntax evidence
同牀異夢	u	chengyu		china-idiom+agent	insufficient-syntax-evidence	low	accept	conservative syntax review	u|none|low	OK	conservative terminal: no approved syntax evidence
同甘共苦	u	chengyu		china-idiom+agent	insufficient-syntax-evidence	low	accept	conservative syntax review	u|none|low	OK	conservative terminal: no approved syntax evidence
同病相憐	u	chengyu		china-idiom+agent	insufficient-syntax-evidence	low	accept	conservative syntax review	u|none|low	OK	conservative terminal: no approved syntax evidence
同符合契	u	chengyu		china-idiom+agent	insufficient-syntax-evidence	low	accept	conservative syntax review	u|none|low	OK	conservative terminal: no approved syntax evidence
同聲同氣	u	chengyu		china-idiom+agent	insufficient-syntax-evidence	low	accept	conservative syntax review	u|none|low	OK	conservative terminal: no approved syntax evidence
同舟共濟	u	chengyu		china-idiom+agent	insufficient-syntax-evidence	low	accept	conservative syntax review	u|none|low	OK	conservative terminal: no approved syntax evidence
名不正言不順	u	chengyu		china-idiom+agent	insufficient-syntax-evidence	low	accept	conservative syntax review	u|none|low	OK	conservative terminal: no approved syntax evidence
名不虛傳	u	chengyu		china-idiom+agent	insufficient-syntax-evidence	low	accept	conservative syntax review	u|none|low	OK	conservative terminal: no approved syntax evidence
名列前茅	u	chengyu		china-idiom+agent	insufficient-syntax-evidence	low	accept	conservative syntax review	u|none|low	OK	conservative terminal: no approved syntax evidence
名垂千古	u	chengyu		china-idiom+agent	insufficient-syntax-evidence	low	accept	conservative syntax review	u|none|low	OK	conservative terminal: no approved syntax evidence
名垂青史	u	chengyu		china-idiom+agent	insufficient-syntax-evidence	low	accept	conservative syntax review	u|none|low	OK	conservative terminal: no approved syntax evidence
名存實亡	u	chengyu		china-idiom+agent	insufficient-syntax-evidence	low	accept	conservative syntax review	u|none|low	OK	conservative terminal: no approved syntax evidence
名實相符	u	chengyu		china-idiom+agent	insufficient-syntax-evidence	low	accept	conservative syntax review	u|none|low	OK	conservative terminal: no approved syntax evidence
名山事業	u	chengyu		china-idiom+agent	insufficient-syntax-evidence	low	accept	conservative syntax review	u|none|low	OK	conservative terminal: no approved syntax evidence
名山大川	u	chengyu		china-idiom+agent	insufficient-syntax-evidence	low	accept	conservative syntax review	u|none|low	OK	conservative terminal: no approved syntax evidence
名師出高徒	u	chengyu		china-idiom+agent	insufficient-syntax-evidence	low	accept	conservative syntax review	u|none|low	OK	conservative terminal: no approved syntax evidence
名從主人	u	chengyu		china-idiom+agent	insufficient-syntax-evidence	low	accept	conservative syntax review	u|none|low	OK	conservative terminal: no approved syntax evidence
名滿天下	u	chengyu		china-idiom+agent	insufficient-syntax-evidence	low	accept	conservative syntax review	u|none|low	OK	conservative terminal: no approved syntax evidence
名落孫山	u	chengyu		china-idiom+agent	insufficient-syntax-evidence	low	accept	conservative syntax review	u|none|low	OK	conservative terminal: no approved syntax evidence
名過其實	u	chengyu		china-idiom+agent	insufficient-syntax-evidence	low	accept	conservative syntax review	u|none|low	OK	conservative terminal: no approved syntax evidence
吐故納新	u	chengyu		china-idiom+agent	insufficient-syntax-evidence	low	accept	conservative syntax review	u|none|low	OK	conservative terminal: no approved syntax evidence
吐絲自縛	u	chengyu		china-idiom+agent	insufficient-syntax-evidence	low	accept	conservative syntax review	u|none|low	OK	conservative terminal: no approved syntax evidence
君子之交淡如水	u	chengyu		china-idiom+agent	insufficient-syntax-evidence	low	accept	conservative syntax review	u|none|low	OK	conservative terminal: no approved syntax evidence
君子好逑	u	chengyu		china-idiom+agent	insufficient-syntax-evidence	low	accept	conservative syntax review	u|none|low	OK	conservative terminal: no approved syntax evidence
吞聲忍氣	u	chengyu		china-idiom+agent	insufficient-syntax-evidence	low	accept	conservative syntax review	u|none|low	OK	conservative terminal: no approved syntax evidence
否極泰來	u	chengyu		china-idiom+agent	insufficient-syntax-evidence	low	accept	conservative syntax review	u|none|low	OK	conservative terminal: no approved syntax evidence
含冤莫白	u	chengyu		china-idiom+agent	insufficient-syntax-evidence	low	accept	conservative syntax review	u|none|low	OK	conservative terminal: no approved syntax evidence
含沙射影	u	chengyu		china-idiom+agent	insufficient-syntax-evidence	low	accept	conservative syntax review	u|none|low	OK	conservative terminal: no approved syntax evidence
含笑入地	u	chengyu		china-idiom+agent	insufficient-syntax-evidence	low	accept	conservative syntax review	u|none|low	OK	conservative terminal: no approved syntax evidence
含血噴人	u	chengyu		china-idiom+agent	insufficient-syntax-evidence	low	accept	conservative syntax review	u|none|low	OK	conservative terminal: no approved syntax evidence
含辛茹苦	u	chengyu		china-idiom+agent	insufficient-syntax-evidence	low	accept	conservative syntax review	u|none|low	OK	conservative terminal: no approved syntax evidence
吳市吹簫	u	chengyu		china-idiom+agent	insufficient-syntax-evidence	low	accept	conservative syntax review	u|none|low	OK	conservative terminal: no approved syntax evidence
吳牛喘月	u	chengyu		china-idiom+agent	insufficient-syntax-evidence	low	accept	conservative syntax review	u|none|low	OK	conservative terminal: no approved syntax evidence
吳頭楚尾	u	chengyu		china-idiom+agent	insufficient-syntax-evidence	low	accept	conservative syntax review	u|none|low	OK	conservative terminal: no approved syntax evidence
吹毛求疵	u	chengyu		china-idiom+agent	insufficient-syntax-evidence	low	accept	conservative syntax review	u|none|low	OK	conservative terminal: no approved syntax evidence
吹燈拔蠟	u	chengyu		china-idiom+agent	insufficient-syntax-evidence	low	accept	conservative syntax review	u|none|low	OK	conservative terminal: no approved syntax evidence
吹牛拍馬	u	chengyu		china-idiom+agent	insufficient-syntax-evidence	low	accept	conservative syntax review	u|none|low	OK	conservative terminal: no approved syntax evidence
吹皺一池春水	u	chengyu		china-idiom+agent	insufficient-syntax-evidence	low	accept	conservative syntax review	u|none|low	OK	conservative terminal: no approved syntax evidence
吹簫乞食	u	chengyu		china-idiom+agent	insufficient-syntax-evidence	low	accept	conservative syntax review	u|none|low	OK	conservative terminal: no approved syntax evidence
告貸無門	u	chengyu		china-idiom+agent	insufficient-syntax-evidence	low	accept	conservative syntax review	u|none|low	OK	conservative terminal: no approved syntax evidence
呢喃細語	u	chengyu		china-idiom+agent	insufficient-syntax-evidence	low	accept	conservative syntax review	u|none|low	OK	conservative terminal: no approved syntax evidence
味同嚼蠟	u	chengyu		china-idiom+agent	insufficient-syntax-evidence	low	accept	conservative syntax review	u|none|low	OK	conservative terminal: no approved syntax evidence
呼之欲出	u	chengyu		china-idiom+agent	insufficient-syntax-evidence	low	accept	conservative syntax review	u|none|low	OK	conservative terminal: no approved syntax evidence
呼天搶地	u	chengyu		china-idiom+agent	insufficient-syntax-evidence	low	accept	conservative syntax review	u|none|low	OK	conservative terminal: no approved syntax evidence
呼朋引類	u	chengyu		china-idiom+agent	insufficient-syntax-evidence	low	accept	conservative syntax review	u|none|low	OK	conservative terminal: no approved syntax evidence
呼牛作馬	u	chengyu		china-idiom+agent	insufficient-syntax-evidence	low	accept	conservative syntax review	u|none|low	OK	conservative terminal: no approved syntax evidence
呼牛呼馬	u	chengyu		china-idiom+agent	insufficient-syntax-evidence	low	accept	conservative syntax review	u|none|low	OK	conservative terminal: no approved syntax evidence
呼風喚雨	u	chengyu		china-idiom+agent	insufficient-syntax-evidence	low	accept	conservative syntax review	u|none|low	OK	conservative terminal: no approved syntax evidence
咄咄逼人	u	chengyu		china-idiom+agent	insufficient-syntax-evidence	low	accept	conservative syntax review	u|none|low	OK	conservative terminal: no approved syntax evidence
咆哮如雷	u	chengyu		china-idiom+agent	insufficient-syntax-evidence	low	accept	conservative syntax review	u|none|low	OK	conservative terminal: no approved syntax evidence
和衣而卧	u	chengyu		china-idiom+agent	insufficient-syntax-evidence	low	accept	conservative syntax review	u|none|low	OK	conservative terminal: no approved syntax evidence
和衷共濟	u	chengyu		china-idiom+agent	insufficient-syntax-evidence	low	accept	conservative syntax review	u|none|low	OK	conservative terminal: no approved syntax evidence
咎有應得	u	chengyu		china-idiom+agent	insufficient-syntax-evidence	low	accept	conservative syntax review	u|none|low	OK	conservative terminal: no approved syntax evidence
咎由自取	u	chengyu		china-idiom+agent	insufficient-syntax-evidence	low	accept	conservative syntax review	u|none|low	OK	conservative terminal: no approved syntax evidence
咬定牙根	u	chengyu		china-idiom+agent	insufficient-syntax-evidence	low	accept	conservative syntax review	u|none|low	OK	conservative terminal: no approved syntax evidence
咬定牙關	u	chengyu		china-idiom+agent	insufficient-syntax-evidence	low	accept	conservative syntax review	u|none|low	OK	conservative terminal: no approved syntax evidence
哀兵必勝	u	chengyu		china-idiom+agent	insufficient-syntax-evidence	low	accept	conservative syntax review	u|none|low	OK	conservative terminal: no approved syntax evidence
哀告賓服	u	chengyu		china-idiom+agent	insufficient-syntax-evidence	low	accept	conservative syntax review	u|none|low	OK	conservative terminal: no approved syntax evidence
哀毀骨立	u	chengyu		china-idiom+agent	insufficient-syntax-evidence	low	accept	conservative syntax review	u|none|low	OK	conservative terminal: no approved syntax evidence
哀而不傷	u	chengyu		china-idiom+agent	insufficient-syntax-evidence	low	accept	conservative syntax review	u|none|low	OK	conservative terminal: no approved syntax evidence
哀莫大於心死	u	chengyu		china-idiom+agent	insufficient-syntax-evidence	low	accept	conservative syntax review	u|none|low	OK	conservative terminal: no approved syntax evidence
哀鴻遍野	u	chengyu		china-idiom+agent	insufficient-syntax-evidence	low	accept	conservative syntax review	u|none|low	OK	conservative terminal: no approved syntax evidence
哭笑不得	u	chengyu		china-idiom+agent	insufficient-syntax-evidence	low	accept	conservative syntax review	u|none|low	OK	conservative terminal: no approved syntax evidence
哲人其萎	u	chengyu		china-idiom+agent	insufficient-syntax-evidence	low	accept	conservative syntax review	u|none|low	OK	conservative terminal: no approved syntax evidence
唇槍舌劍	u	chengyu		china-idiom+agent	insufficient-syntax-evidence	low	accept	conservative syntax review	u|none|low	OK	conservative terminal: no approved syntax evidence
唇紅齒白	u	chengyu		china-idiom+agent	insufficient-syntax-evidence	low	accept	conservative syntax review	u|none|low	OK	conservative terminal: no approved syntax evidence
唇齒之邦	u	chengyu		china-idiom+agent	insufficient-syntax-evidence	low	accept	conservative syntax review	u|none|low	OK	conservative terminal: no approved syntax evidence
唇齒相依	u	chengyu		china-idiom+agent	insufficient-syntax-evidence	low	accept	conservative syntax review	u|none|low	OK	conservative terminal: no approved syntax evidence
唉聲嘆氣	u	chengyu		china-idiom+agent	insufficient-syntax-evidence	low	accept	conservative syntax review	u|none|low	OK	conservative terminal: no approved syntax evidence
唯利是圖	u	chengyu		china-idiom+agent	insufficient-syntax-evidence	low	accept	conservative syntax review	u|none|low	OK	conservative terminal: no approved syntax evidence
唯命是從	u	chengyu		china-idiom+agent	insufficient-syntax-evidence	low	accept	conservative syntax review	u|none|low	OK	conservative terminal: no approved syntax evidence
唯唯諾諾	u	chengyu		china-idiom+agent	insufficient-syntax-evidence	low	accept	conservative syntax review	u|none|low	OK	conservative terminal: no approved syntax evidence
唯妙唯肖	u	chengyu		china-idiom+agent	insufficient-syntax-evidence	low	accept	conservative syntax review	u|none|low	OK	conservative terminal: no approved syntax evidence
唯我獨尊	u	chengyu		china-idiom+agent	insufficient-syntax-evidence	low	accept	conservative syntax review	u|none|low	OK	conservative terminal: no approved syntax evidence
唾面自乾	u	chengyu		china-idiom+agent	insufficient-syntax-evidence	low	accept	conservative syntax review	u|none|low	OK	conservative terminal: no approved syntax evidence
啜菽飲水	u	chengyu		china-idiom+agent	insufficient-syntax-evidence	low	accept	conservative syntax review	u|none|low	OK	conservative terminal: no approved syntax evidence
啼飢號寒	u	chengyu		china-idiom+agent	insufficient-syntax-evidence	low	accept	conservative syntax review	u|none|low	OK	conservative terminal: no approved syntax evidence
善自為謀	u	chengyu		china-idiom+agent	insufficient-syntax-evidence	low	accept	conservative syntax review	u|none|low	OK	conservative terminal: no approved syntax evidence
善門難開	u	chengyu		china-idiom+agent	insufficient-syntax-evidence	low	accept	conservative syntax review	u|none|low	OK	conservative terminal: no approved syntax evidence
喊冤叫屈	u	chengyu		china-idiom+agent	insufficient-syntax-evidence	low	accept	conservative syntax review	u|none|low	OK	conservative terminal: no approved syntax evidence
喋喋不休	u	chengyu		china-idiom+agent	insufficient-syntax-evidence	low	accept	conservative syntax review	u|none|low	OK	conservative terminal: no approved syntax evidence
喜上眉梢	u	chengyu		china-idiom+agent	insufficient-syntax-evidence	low	accept	conservative syntax review	u|none|low	OK	conservative terminal: no approved syntax evidence
喜出望外	u	chengyu		china-idiom+agent	insufficient-syntax-evidence	low	accept	conservative syntax review	u|none|low	OK	conservative terminal: no approved syntax evidence
喜形於色	u	chengyu		china-idiom+agent	insufficient-syntax-evidence	low	accept	conservative syntax review	u|none|low	OK	conservative terminal: no approved syntax evidence
喜怒不形於色	u	chengyu		china-idiom+agent	insufficient-syntax-evidence	low	accept	conservative syntax review	u|none|low	OK	conservative terminal: no approved syntax evidence
喜怒哀樂	u	chengyu		china-idiom+agent	insufficient-syntax-evidence	low	accept	conservative syntax review	u|none|low	OK	conservative terminal: no approved syntax evidence
喜聞樂見	u	chengyu		china-idiom+agent	insufficient-syntax-evidence	low	accept	conservative syntax review	u|none|low	OK	conservative terminal: no approved syntax evidence
喪心病狂	u	chengyu		china-idiom+agent	insufficient-syntax-evidence	low	accept	conservative syntax review	u|none|low	OK	conservative terminal: no approved syntax evidence
喪權辱國	u	chengyu		china-idiom+agent	insufficient-syntax-evidence	low	accept	conservative syntax review	u|none|low	OK	conservative terminal: no approved syntax evidence
喪盡天良	u	chengyu		china-idiom+agent	insufficient-syntax-evidence	low	accept	conservative syntax review	u|none|low	OK	conservative terminal: no approved syntax evidence
喪魂落魄	u	chengyu		china-idiom+agent	insufficient-syntax-evidence	low	accept	conservative syntax review	u|none|low	OK	conservative terminal: no approved syntax evidence
喬裝打扮	u	chengyu		china-idiom+agent	insufficient-syntax-evidence	low	accept	conservative syntax review	u|none|low	OK	conservative terminal: no approved syntax evidence
嗜痂之癖	u	chengyu		china-idiom+agent	insufficient-syntax-evidence	low	accept	conservative syntax review	u|none|low	OK	conservative terminal: no approved syntax evidence
嗤之以鼻	u	chengyu		china-idiom+agent	insufficient-syntax-evidence	low	accept	conservative syntax review	u|none|low	OK	conservative terminal: no approved syntax evidence
嗷嗷待哺	u	chengyu		china-idiom+agent	insufficient-syntax-evidence	low	accept	conservative syntax review	u|none|low	OK	conservative terminal: no approved syntax evidence
嘖嘖稱羨	u	chengyu		china-idiom+agent	insufficient-syntax-evidence	low	accept	conservative syntax review	u|none|low	OK	conservative terminal: no approved syntax evidence
嘖有煩言	u	chengyu		china-idiom+agent	insufficient-syntax-evidence	low	accept	conservative syntax review	u|none|low	OK	conservative terminal: no approved syntax evidence
嘟嘟噥噥	u	chengyu		china-idiom+agent	insufficient-syntax-evidence	low	accept	conservative syntax review	u|none|low	OK	conservative terminal: no approved syntax evidence
嘴甜心苦	u	chengyu		china-idiom+agent	insufficient-syntax-evidence	low	accept	conservative syntax review	u|none|low	OK	conservative terminal: no approved syntax evidence
噓寒問暖	u	chengyu		china-idiom+agent	insufficient-syntax-evidence	low	accept	conservative syntax review	u|none|low	OK	conservative terminal: no approved syntax evidence
噤若寒蟬	u	chengyu		china-idiom+agent	insufficient-syntax-evidence	low	accept	conservative syntax review	u|none|low	OK	conservative terminal: no approved syntax evidence
嚴陣以待	u	chengyu		china-idiom+agent	insufficient-syntax-evidence	low	accept	conservative syntax review	u|none|low	OK	conservative terminal: no approved syntax evidence
囊空如洗	u	chengyu		china-idiom+agent	insufficient-syntax-evidence	low	accept	conservative syntax review	u|none|low	OK	conservative terminal: no approved syntax evidence
囚首垢面	u	chengyu		china-idiom+agent	insufficient-syntax-evidence	low	accept	conservative syntax review	u|none|low	OK	conservative terminal: no approved syntax evidence
四大皆空	u	chengyu		china-idiom+agent	insufficient-syntax-evidence	low	accept	conservative syntax review	u|none|low	OK	conservative terminal: no approved syntax evidence
四平八穩	u	chengyu		china-idiom+agent	insufficient-syntax-evidence	low	accept	conservative syntax review	u|none|low	OK	conservative terminal: no approved syntax evidence
四時八節	u	chengyu		china-idiom+agent	insufficient-syntax-evidence	low	accept	conservative syntax review	u|none|low	OK	conservative terminal: no approved syntax evidence
四海之內皆兄弟	u	chengyu		china-idiom+agent	clause-without-syntax-slot	low	accept	conservative syntax review	u|none|low	OK	conservative terminal: no approved syntax evidence
四海昇平	u	chengyu		china-idiom+agent	insufficient-syntax-evidence	low	accept	conservative syntax review	u|none|low	OK	conservative terminal: no approved syntax evidence
四海為家	u	chengyu		china-idiom+agent	insufficient-syntax-evidence	low	accept	conservative syntax review	u|none|low	OK	conservative terminal: no approved syntax evidence
四海飄零	u	chengyu		china-idiom+agent	insufficient-syntax-evidence	low	accept	conservative syntax review	u|none|low	OK	conservative terminal: no approved syntax evidence
四通八達	u	chengyu		china-idiom+agent	insufficient-syntax-evidence	low	accept	conservative syntax review	u|none|low	OK	conservative terminal: no approved syntax evidence
回味無窮	u	chengyu		china-idiom+agent	insufficient-syntax-evidence	low	accept	conservative syntax review	u|none|low	OK	conservative terminal: no approved syntax evidence
回天乏術	u	chengyu		china-idiom+agent	insufficient-syntax-evidence	low	accept	conservative syntax review	u|none|low	OK	conservative terminal: no approved syntax evidence
回心轉意	u	chengyu		china-idiom+agent	insufficient-syntax-evidence	low	accept	conservative syntax review	u|none|low	OK	conservative terminal: no approved syntax evidence
回頭是岸	u	chengyu		china-idiom+agent	insufficient-syntax-evidence	low	accept	conservative syntax review	u|none|low	OK	conservative terminal: no approved syntax evidence
因人而異	u	chengyu		china-idiom+agent	insufficient-syntax-evidence	low	accept	conservative syntax review	u|none|low	OK	conservative terminal: no approved syntax evidence
因利乘便	u	chengyu		china-idiom+agent	insufficient-syntax-evidence	low	accept	conservative syntax review	u|none|low	OK	conservative terminal: no approved syntax evidence
因勢利導	u	chengyu		china-idiom+agent	insufficient-syntax-evidence	low	accept	conservative syntax review	u|none|low	OK	conservative terminal: no approved syntax evidence
因噎廢食	u	chengyu		china-idiom+agent	insufficient-syntax-evidence	low	accept	conservative syntax review	u|none|low	OK	conservative terminal: no approved syntax evidence
因地制宜	u	chengyu		china-idiom+agent	insufficient-syntax-evidence	low	accept	conservative syntax review	u|none|low	OK	conservative terminal: no approved syntax evidence
因時制宜	u	chengyu		china-idiom+agent	insufficient-syntax-evidence	low	accept	conservative syntax review	u|none|low	OK	conservative terminal: no approved syntax evidence
因禍得福	u	chengyu		china-idiom+agent	insufficient-syntax-evidence	low	accept	conservative syntax review	u|none|low	OK	conservative terminal: no approved syntax evidence
因襲陳規	u	chengyu		china-idiom+agent	insufficient-syntax-evidence	low	accept	conservative syntax review	u|none|low	OK	conservative terminal: no approved syntax evidence
因陋就簡	u	chengyu		china-idiom+agent	insufficient-syntax-evidence	low	accept	conservative syntax review	u|none|low	OK	conservative terminal: no approved syntax evidence
困獸猶鬥	u	chengyu		china-idiom+agent	insufficient-syntax-evidence	low	accept	conservative syntax review	u|none|low	OK	conservative terminal: no approved syntax evidence
固步自封	u	chengyu		china-idiom+agent	insufficient-syntax-evidence	low	accept	conservative syntax review	u|none|low	OK	conservative terminal: no approved syntax evidence
國富兵強	u	chengyu		china-idiom+agent	insufficient-syntax-evidence	low	accept	conservative syntax review	u|none|low	OK	conservative terminal: no approved syntax evidence
國富民安	u	chengyu		china-idiom+agent	insufficient-syntax-evidence	low	accept	conservative syntax review	u|none|low	OK	conservative terminal: no approved syntax evidence
國富民強	u	chengyu		china-idiom+agent	insufficient-syntax-evidence	low	accept	conservative syntax review	u|none|low	OK	conservative terminal: no approved syntax evidence
國步艱難	u	chengyu		china-idiom+agent	insufficient-syntax-evidence	low	accept	conservative syntax review	u|none|low	OK	conservative terminal: no approved syntax evidence
國色天香	u	chengyu		china-idiom+agent	insufficient-syntax-evidence	low	accept	conservative syntax review	u|none|low	OK	conservative terminal: no approved syntax evidence
國難當頭	u	chengyu		china-idiom+agent	insufficient-syntax-evidence	low	accept	conservative syntax review	u|none|low	OK	conservative terminal: no approved syntax evidence
圍城打援	u	chengyu		china-idiom+agent	insufficient-syntax-evidence	low	accept	conservative syntax review	u|none|low	OK	conservative terminal: no approved syntax evidence
圍魏救趙	u	chengyu		china-idiom+agent	insufficient-syntax-evidence	low	accept	conservative syntax review	u|none|low	OK	conservative terminal: no approved syntax evidence
圓顱方趾	u	chengyu		china-idiom+agent	insufficient-syntax-evidence	low	accept	conservative syntax review	u|none|low	OK	conservative terminal: no approved syntax evidence
圖窮匕見	u	chengyu		china-idiom+agent	insufficient-syntax-evidence	low	accept	conservative syntax review	u|none|low	OK	conservative terminal: no approved syntax evidence
圖謀不軌	u	chengyu		china-idiom+agent	insufficient-syntax-evidence	low	accept	conservative syntax review	u|none|low	OK	conservative terminal: no approved syntax evidence
圖財害命	u	chengyu		china-idiom+agent	insufficient-syntax-evidence	low	accept	conservative syntax review	u|none|low	OK	conservative terminal: no approved syntax evidence
團團轉	u	chengyu		china-idiom+agent	insufficient-syntax-evidence	low	accept	conservative syntax review	u|none|low	OK	conservative terminal: no approved syntax evidence
土崩瓦解	u	chengyu		china-idiom+agent	insufficient-syntax-evidence	low	accept	conservative syntax review	u|none|low	OK	conservative terminal: no approved syntax evidence
土牛木馬	u	chengyu		china-idiom+agent	insufficient-syntax-evidence	low	accept	conservative syntax review	u|none|low	OK	conservative terminal: no approved syntax evidence
土階茅茨	u	chengyu		china-idiom+agent	insufficient-syntax-evidence	low	accept	conservative syntax review	u|none|low	OK	conservative terminal: no approved syntax evidence
土雞瓦狗	u	chengyu		china-idiom+agent	insufficient-syntax-evidence	low	accept	conservative syntax review	u|none|low	OK	conservative terminal: no approved syntax evidence
在所不惜	u	chengyu		china-idiom+agent	insufficient-syntax-evidence	low	accept	conservative syntax review	u|none|low	OK	conservative terminal: no approved syntax evidence
地久天長	u	chengyu		china-idiom+agent	insufficient-syntax-evidence	low	accept	conservative syntax review	u|none|low	OK	conservative terminal: no approved syntax evidence
地大物博	u	chengyu		china-idiom+agent	insufficient-syntax-evidence	low	accept	conservative syntax review	u|none|low	OK	conservative terminal: no approved syntax evidence
地廣人稀	u	chengyu		china-idiom+agent	insufficient-syntax-evidence	low	accept	conservative syntax review	u|none|low	OK	conservative terminal: no approved syntax evidence
坎坷不平	u	chengyu		china-idiom+agent	insufficient-syntax-evidence	low	accept	conservative syntax review	u|none|low	OK	conservative terminal: no approved syntax evidence
坐不垂堂	u	chengyu		china-idiom+agent	insufficient-syntax-evidence	low	accept	conservative syntax review	u|none|low	OK	conservative terminal: no approved syntax evidence
坐失機宜	u	chengyu		china-idiom+agent	insufficient-syntax-evidence	low	accept	conservative syntax review	u|none|low	OK	conservative terminal: no approved syntax evidence
坐山觀虎鬥	u	chengyu		china-idiom+agent	insufficient-syntax-evidence	low	accept	conservative syntax review	u|none|low	OK	conservative terminal: no approved syntax evidence
坐觀成敗	u	chengyu		china-idiom+agent	insufficient-syntax-evidence	low	accept	conservative syntax review	u|none|low	OK	conservative terminal: no approved syntax evidence
坐言起行	u	chengyu		china-idiom+agent	insufficient-syntax-evidence	low	accept	conservative syntax review	u|none|low	OK	conservative terminal: no approved syntax evidence
垂手可得	u	chengyu		china-idiom+agent	insufficient-syntax-evidence	low	accept	conservative syntax review	u|none|low	OK	conservative terminal: no approved syntax evidence
垂死掙扎	u	chengyu		china-idiom+agent	insufficient-syntax-evidence	low	accept	conservative syntax review	u|none|low	OK	conservative terminal: no approved syntax evidence
垂涎三尺	u	chengyu		china-idiom+agent	insufficient-syntax-evidence	low	accept	conservative syntax review	u|none|low	OK	conservative terminal: no approved syntax evidence
垂涎欲滴	u	chengyu		china-idiom+agent	insufficient-syntax-evidence	low	accept	conservative syntax review	u|none|low	OK	conservative terminal: no approved syntax evidence
埋天怨地	u	chengyu		china-idiom+agent	insufficient-syntax-evidence	low	accept	conservative syntax review	u|none|low	OK	conservative terminal: no approved syntax evidence
埋頭苦幹	u	chengyu		china-idiom+agent	insufficient-syntax-evidence	low	accept	conservative syntax review	u|none|low	OK	conservative terminal: no approved syntax evidence
城下之盟	u	chengyu		china-idiom+agent	insufficient-syntax-evidence	low	accept	conservative syntax review	u|none|low	OK	conservative terminal: no approved syntax evidence
城狐社鼠	u	chengyu		china-idiom+agent	insufficient-syntax-evidence	low	accept	conservative syntax review	u|none|low	OK	conservative terminal: no approved syntax evidence
執法如山	u	chengyu		china-idiom+agent	insufficient-syntax-evidence	low	accept	conservative syntax review	u|none|low	OK	conservative terminal: no approved syntax evidence
執牛耳	u	chengyu		china-idiom+agent	insufficient-syntax-evidence	low	accept	conservative syntax review	u|none|low	OK	conservative terminal: no approved syntax evidence
堅如磐石	u	chengyu		china-idiom+agent	insufficient-syntax-evidence	low	accept	conservative syntax review	u|none|low	OK	conservative terminal: no approved syntax evidence
堅強不屈	u	chengyu		china-idiom+agent	insufficient-syntax-evidence	low	accept	conservative syntax review	u|none|low	OK	conservative terminal: no approved syntax evidence
堅忍不拔	u	chengyu		china-idiom+agent	insufficient-syntax-evidence	low	accept	conservative syntax review	u|none|low	OK	conservative terminal: no approved syntax evidence
堅持不懈	u	chengyu		china-idiom+agent	insufficient-syntax-evidence	low	accept	conservative syntax review	u|none|low	OK	conservative terminal: no approved syntax evidence
堅苦卓絕	u	chengyu		china-idiom+agent	insufficient-syntax-evidence	low	accept	conservative syntax review	u|none|low	OK	conservative terminal: no approved syntax evidence
堅韌不拔	u	chengyu		china-idiom+agent	insufficient-syntax-evidence	low	accept	conservative syntax review	u|none|low	OK	conservative terminal: no approved syntax evidence
堆金積玉	u	chengyu		china-idiom+agent	insufficient-syntax-evidence	low	accept	conservative syntax review	u|none|low	OK	conservative terminal: no approved syntax evidence
堤潰蟻孔	u	chengyu		china-idiom+agent	insufficient-syntax-evidence	low	accept	conservative syntax review	u|none|low	OK	conservative terminal: no approved syntax evidence
報本反始	u	chengyu		china-idiom+agent	insufficient-syntax-evidence	low	accept	conservative syntax review	u|none|low	OK	conservative terminal: no approved syntax evidence
塗脂抹粉	u	chengyu		china-idiom+agent	insufficient-syntax-evidence	low	accept	conservative syntax review	u|none|low	OK	conservative terminal: no approved syntax evidence
塞翁失馬焉知非福	u	chengyu		china-idiom+agent	clause-without-syntax-slot	low	accept	conservative syntax review	u|none|low	OK	conservative terminal: no approved syntax evidence
墮雲霧中	u	chengyu		china-idiom+agent	insufficient-syntax-evidence	low	accept	conservative syntax review	u|none|low	OK	conservative terminal: no approved syntax evidence
壁壘森嚴	u	chengyu		china-idiom+agent	insufficient-syntax-evidence	low	accept	conservative syntax review	u|none|low	OK	conservative terminal: no approved syntax evidence
壎篪相和	u	chengyu		china-idiom+agent	insufficient-syntax-evidence	low	accept	conservative syntax review	u|none|low	OK	conservative terminal: no approved syntax evidence
壹敗塗地	u	chengyu		china-idiom+agent	insufficient-syntax-evidence	low	accept	conservative syntax review	u|none|low	OK	conservative terminal: no approved syntax evidence
壽比南山	u	chengyu		china-idiom+agent	insufficient-syntax-evidence	low	accept	conservative syntax review	u|none|low	OK	conservative terminal: no approved syntax evidence
壽陵失步	u	chengyu		china-idiom+agent	insufficient-syntax-evidence	low	accept	conservative syntax review	u|none|low	OK	conservative terminal: no approved syntax evidence
夏爐冬扇	u	chengyu		china-idiom+agent	insufficient-syntax-evidence	low	accept	conservative syntax review	u|none|low	OK	conservative terminal: no approved syntax evidence
夏蟲不可以語冰	u	chengyu		china-idiom+agent	insufficient-syntax-evidence	low	accept	conservative syntax review	u|none|low	OK	conservative terminal: no approved syntax evidence
外寬內忌	u	chengyu		china-idiom+agent	insufficient-syntax-evidence	low	accept	conservative syntax review	u|none|low	OK	conservative terminal: no approved syntax evidence
夙夜匪懈	u	chengyu		china-idiom+agent	insufficient-syntax-evidence	low	accept	conservative syntax review	u|none|low	OK	conservative terminal: no approved syntax evidence
夙興夜寐	u	chengyu		china-idiom+agent	insufficient-syntax-evidence	low	accept	conservative syntax review	u|none|low	OK	conservative terminal: no approved syntax evidence
多一事不如少一事	u	chengyu		china-idiom+agent	clause-without-syntax-slot	low	accept	conservative syntax review	u|none|low	OK	conservative terminal: no approved syntax evidence
多多益善	u	chengyu		china-idiom+agent	insufficient-syntax-evidence	low	accept	conservative syntax review	u|none|low	OK	conservative terminal: no approved syntax evidence
多如牛毛	u	chengyu		china-idiom+agent	insufficient-syntax-evidence	low	accept	conservative syntax review	u|none|low	OK	conservative terminal: no approved syntax evidence
多愁多病	u	chengyu		china-idiom+agent	insufficient-syntax-evidence	low	accept	conservative syntax review	u|none|low	OK	conservative terminal: no approved syntax evidence
多此一舉	u	chengyu		china-idiom+agent	insufficient-syntax-evidence	low	accept	conservative syntax review	u|none|low	OK	conservative terminal: no approved syntax evidence
多災多難	u	chengyu		china-idiom+agent	insufficient-syntax-evidence	low	accept	conservative syntax review	u|none|low	OK	conservative terminal: no approved syntax evidence
多聞闕疑	u	chengyu		china-idiom+agent	insufficient-syntax-evidence	low	accept	conservative syntax review	u|none|low	OK	conservative terminal: no approved syntax evidence
多行不義必自斃	u	chengyu		china-idiom+agent	insufficient-syntax-evidence	low	accept	conservative syntax review	u|none|low	OK	conservative terminal: no approved syntax evidence
多財善賈	u	chengyu		china-idiom+agent	insufficient-syntax-evidence	low	accept	conservative syntax review	u|none|low	OK	conservative terminal: no approved syntax evidence
多錢善賈	u	chengyu		china-idiom+agent	insufficient-syntax-evidence	low	accept	conservative syntax review	u|none|low	OK	conservative terminal: no approved syntax evidence
夜不閉户	u	chengyu		china-idiom+agent	insufficient-syntax-evidence	low	accept	conservative syntax review	u|none|low	OK	conservative terminal: no approved syntax evidence
夜郎自大	u	chengyu		china-idiom+agent	insufficient-syntax-evidence	low	accept	conservative syntax review	u|none|low	OK	conservative terminal: no approved syntax evidence
夜闌人靜	u	chengyu		china-idiom+agent	insufficient-syntax-evidence	low	accept	conservative syntax review	u|none|low	OK	conservative terminal: no approved syntax evidence
大中至正	u	chengyu		china-idiom+agent	insufficient-syntax-evidence	low	accept	conservative syntax review	u|none|low	OK	conservative terminal: no approved syntax evidence
大仁大義	u	chengyu		china-idiom+agent	insufficient-syntax-evidence	low	accept	conservative syntax review	u|none|low	OK	conservative terminal: no approved syntax evidence
大功告成	u	chengyu		china-idiom+agent	insufficient-syntax-evidence	low	accept	conservative syntax review	u|none|low	OK	conservative terminal: no approved syntax evidence
大勇若怯	u	chengyu		china-idiom+agent	insufficient-syntax-evidence	low	accept	conservative syntax review	u|none|low	OK	conservative terminal: no approved syntax evidence
大動干戈	u	chengyu		china-idiom+agent	insufficient-syntax-evidence	low	accept	conservative syntax review	u|none|low	OK	conservative terminal: no approved syntax evidence
大動肝火	u	chengyu		china-idiom+agent	insufficient-syntax-evidence	low	accept	conservative syntax review	u|none|low	OK	conservative terminal: no approved syntax evidence
大同小異	u	chengyu		china-idiom+agent	insufficient-syntax-evidence	low	accept	conservative syntax review	u|none|low	OK	conservative terminal: no approved syntax evidence
大名鼎鼎	u	chengyu		china-idiom+agent	insufficient-syntax-evidence	low	accept	conservative syntax review	u|none|low	OK	conservative terminal: no approved syntax evidence
大吹法螺	u	chengyu		china-idiom+agent	insufficient-syntax-evidence	low	accept	conservative syntax review	u|none|low	OK	conservative terminal: no approved syntax evidence
大喜過望	u	chengyu		china-idiom+agent	insufficient-syntax-evidence	low	accept	conservative syntax review	u|none|low	OK	conservative terminal: no approved syntax evidence
大器晚成	u	chengyu		china-idiom+agent	insufficient-syntax-evidence	low	accept	conservative syntax review	u|none|low	OK	conservative terminal: no approved syntax evidence
大塊文章	u	chengyu		china-idiom+agent	insufficient-syntax-evidence	low	accept	conservative syntax review	u|none|low	OK	conservative terminal: no approved syntax evidence
大天白日	u	chengyu		china-idiom+agent	insufficient-syntax-evidence	low	accept	conservative syntax review	u|none|low	OK	conservative terminal: no approved syntax evidence
大度包容	u	chengyu		china-idiom+agent	insufficient-syntax-evidence	low	accept	conservative syntax review	u|none|low	OK	conservative terminal: no approved syntax evidence
大張撻伐	u	chengyu		china-idiom+agent	insufficient-syntax-evidence	low	accept	conservative syntax review	u|none|low	OK	conservative terminal: no approved syntax evidence
大張聲勢	u	chengyu		china-idiom+agent	insufficient-syntax-evidence	low	accept	conservative syntax review	u|none|low	OK	conservative terminal: no approved syntax evidence
大快人心	u	chengyu		china-idiom+agent	insufficient-syntax-evidence	low	accept	conservative syntax review	u|none|low	OK	conservative terminal: no approved syntax evidence
大恩大德	u	chengyu		china-idiom+agent	insufficient-syntax-evidence	low	accept	conservative syntax review	u|none|low	OK	conservative terminal: no approved syntax evidence
大慈大悲	u	chengyu		china-idiom+agent	insufficient-syntax-evidence	low	accept	conservative syntax review	u|none|low	OK	conservative terminal: no approved syntax evidence
大放厥辭	u	chengyu		china-idiom+agent	insufficient-syntax-evidence	low	accept	conservative syntax review	u|none|low	OK	conservative terminal: no approved syntax evidence
大放悲聲	u	chengyu		china-idiom+agent	insufficient-syntax-evidence	low	accept	conservative syntax review	u|none|low	OK	conservative terminal: no approved syntax evidence
大敵當前	u	chengyu		china-idiom+agent	insufficient-syntax-evidence	low	accept	conservative syntax review	u|none|low	OK	conservative terminal: no approved syntax evidence
大智如愚	u	chengyu		china-idiom+agent	insufficient-syntax-evidence	low	accept	conservative syntax review	u|none|low	OK	conservative terminal: no approved syntax evidence
大書特書	u	chengyu		china-idiom+agent	insufficient-syntax-evidence	low	accept	conservative syntax review	u|none|low	OK	conservative terminal: no approved syntax evidence
大有作為	u	chengyu		china-idiom+agent	insufficient-syntax-evidence	low	accept	conservative syntax review	u|none|low	OK	conservative terminal: no approved syntax evidence
大有徑庭	u	chengyu		china-idiom+agent	insufficient-syntax-evidence	low	accept	conservative syntax review	u|none|low	OK	conservative terminal: no approved syntax evidence
大有逕庭	u	chengyu		china-idiom+agent	insufficient-syntax-evidence	low	accept	conservative syntax review	u|none|low	OK	conservative terminal: no approved syntax evidence
大杖則走	u	chengyu		china-idiom+agent	insufficient-syntax-evidence	low	accept	conservative syntax review	u|none|low	OK	conservative terminal: no approved syntax evidence
大權旁落	u	chengyu		china-idiom+agent	insufficient-syntax-evidence	low	accept	conservative syntax review	u|none|low	OK	conservative terminal: no approved syntax evidence
大步流星	u	chengyu		china-idiom+agent	insufficient-syntax-evidence	low	accept	conservative syntax review	u|none|low	OK	conservative terminal: no approved syntax evidence
大海撈針	u	chengyu		china-idiom+agent	insufficient-syntax-evidence	low	accept	conservative syntax review	u|none|low	OK	conservative terminal: no approved syntax evidence
大澈大悟	u	chengyu		china-idiom+agent	insufficient-syntax-evidence	low	accept	conservative syntax review	u|none|low	OK	conservative terminal: no approved syntax evidence
大發雷霆	u	chengyu		china-idiom+agent	insufficient-syntax-evidence	low	accept	conservative syntax review	u|none|low	OK	conservative terminal: no approved syntax evidence
大相逕庭	u	chengyu		china-idiom+agent	insufficient-syntax-evidence	low	accept	conservative syntax review	u|none|low	OK	conservative terminal: no approved syntax evidence
大義凜然	u	chengyu		china-idiom+agent	insufficient-syntax-evidence	low	accept	conservative syntax review	u|none|low	OK	conservative terminal: no approved syntax evidence
大義滅親	u	chengyu		china-idiom+agent	insufficient-syntax-evidence	low	accept	conservative syntax review	u|none|low	OK	conservative terminal: no approved syntax evidence
大聲疾呼	u	chengyu		china-idiom+agent	insufficient-syntax-evidence	low	accept	conservative syntax review	u|none|low	OK	conservative terminal: no approved syntax evidence
大逆不道	u	chengyu		china-idiom+agent	insufficient-syntax-evidence	low	accept	conservative syntax review	u|none|low	OK	conservative terminal: no approved syntax evidence
大難不死	u	chengyu		china-idiom+agent	insufficient-syntax-evidence	low	accept	conservative syntax review	u|none|low	OK	conservative terminal: no approved syntax evidence
大雨如注	u	chengyu		china-idiom+agent	insufficient-syntax-evidence	low	accept	conservative syntax review	u|none|low	OK	conservative terminal: no approved syntax evidence
大雨滂沱	u	chengyu		china-idiom+agent	insufficient-syntax-evidence	low	accept	conservative syntax review	u|none|low	OK	conservative terminal: no approved syntax evidence
大題小作	u	chengyu		china-idiom+agent	insufficient-syntax-evidence	low	accept	conservative syntax review	u|none|low	OK	conservative terminal: no approved syntax evidence
大顯神通	u	chengyu		china-idiom+agent	insufficient-syntax-evidence	low	accept	conservative syntax review	u|none|low	OK	conservative terminal: no approved syntax evidence
大風大浪	u	chengyu		china-idiom+agent	insufficient-syntax-evidence	low	accept	conservative syntax review	u|none|low	OK	conservative terminal: no approved syntax evidence
天下大亂	u	chengyu		china-idiom+agent	insufficient-syntax-evidence	low	accept	conservative syntax review	u|none|low	OK	conservative terminal: no approved syntax evidence
天下太平	u	chengyu		china-idiom+agent	insufficient-syntax-evidence	low	accept	conservative syntax review	u|none|low	OK	conservative terminal: no approved syntax evidence
天下為公	u	chengyu		china-idiom+agent	insufficient-syntax-evidence	low	accept	conservative syntax review	u|none|low	OK	conservative terminal: no approved syntax evidence
天不怕地不怕	u	chengyu		china-idiom+agent	insufficient-syntax-evidence	low	accept	conservative syntax review	u|none|low	OK	conservative terminal: no approved syntax evidence
天保九如	u	chengyu		china-idiom+agent	insufficient-syntax-evidence	low	accept	conservative syntax review	u|none|low	OK	conservative terminal: no approved syntax evidence
天倫之樂	u	chengyu		china-idiom+agent	insufficient-syntax-evidence	low	accept	conservative syntax review	u|none|low	OK	conservative terminal: no approved syntax evidence
天南地北	u	chengyu		china-idiom+agent	insufficient-syntax-evidence	low	accept	conservative syntax review	u|none|low	OK	conservative terminal: no approved syntax evidence
天字第一號	u	chengyu		china-idiom+agent	insufficient-syntax-evidence	low	accept	conservative syntax review	u|none|low	OK	conservative terminal: no approved syntax evidence
天差地遠	u	chengyu		china-idiom+agent	insufficient-syntax-evidence	low	accept	conservative syntax review	u|none|low	OK	conservative terminal: no approved syntax evidence
天從人願	u	chengyu		china-idiom+agent	insufficient-syntax-evidence	low	accept	conservative syntax review	u|none|low	OK	conservative terminal: no approved syntax evidence
天懸地隔	u	chengyu		china-idiom+agent	insufficient-syntax-evidence	low	accept	conservative syntax review	u|none|low	OK	conservative terminal: no approved syntax evidence
天旋地轉	u	chengyu		china-idiom+agent	insufficient-syntax-evidence	low	accept	conservative syntax review	u|none|low	OK	conservative terminal: no approved syntax evidence
天昏地暗	u	chengyu		china-idiom+agent	insufficient-syntax-evidence	low	accept	conservative syntax review	u|none|low	OK	conservative terminal: no approved syntax evidence
天時地利人和	u	chengyu		china-idiom+agent	insufficient-syntax-evidence	low	accept	conservative syntax review	u|none|low	OK	conservative terminal: no approved syntax evidence
天有不測風雲	u	chengyu		china-idiom+agent	insufficient-syntax-evidence	low	accept	conservative syntax review	u|none|low	OK	conservative terminal: no approved syntax evidence
天機不可泄漏	u	chengyu		china-idiom+agent	insufficient-syntax-evidence	low	accept	conservative syntax review	u|none|low	OK	conservative terminal: no approved syntax evidence
天機不可泄露	u	chengyu		china-idiom+agent	insufficient-syntax-evidence	low	accept	conservative syntax review	u|none|low	OK	conservative terminal: no approved syntax evidence
天涯比鄰	u	chengyu		china-idiom+agent	insufficient-syntax-evidence	low	accept	conservative syntax review	u|none|low	OK	conservative terminal: no approved syntax evidence
天災人禍	u	chengyu		china-idiom+agent	insufficient-syntax-evidence	low	accept	conservative syntax review	u|none|low	OK	conservative terminal: no approved syntax evidence
天無二日	u	chengyu		china-idiom+agent	insufficient-syntax-evidence	low	accept	conservative syntax review	u|none|low	OK	conservative terminal: no approved syntax evidence
天無絕人之路	u	chengyu		china-idiom+agent	insufficient-syntax-evidence	low	accept	conservative syntax review	u|none|low	OK	conservative terminal: no approved syntax evidence
天理人情	u	chengyu		china-idiom+agent	insufficient-syntax-evidence	low	accept	conservative syntax review	u|none|low	OK	conservative terminal: no approved syntax evidence
天理昭彰	u	chengyu		china-idiom+agent	insufficient-syntax-evidence	low	accept	conservative syntax review	u|none|low	OK	conservative terminal: no approved syntax evidence
天理良心	u	chengyu		china-idiom+agent	insufficient-syntax-evidence	low	accept	conservative syntax review	u|none|low	OK	conservative terminal: no approved syntax evidence
天真爛漫	u	chengyu		china-idiom+agent	insufficient-syntax-evidence	low	accept	conservative syntax review	u|none|low	OK	conservative terminal: no approved syntax evidence
天知地知	u	chengyu		china-idiom+agent	insufficient-syntax-evidence	low	accept	conservative syntax review	u|none|low	OK	conservative terminal: no approved syntax evidence
天經地義	u	chengyu		china-idiom+agent	insufficient-syntax-evidence	low	accept	conservative syntax review	u|none|low	OK	conservative terminal: no approved syntax evidence
天羅地網	u	chengyu		china-idiom+agent	insufficient-syntax-evidence	low	accept	conservative syntax review	u|none|low	OK	conservative terminal: no approved syntax evidence
天翻地覆	u	chengyu		china-idiom+agent	insufficient-syntax-evidence	low	accept	conservative syntax review	u|none|low	OK	conservative terminal: no approved syntax evidence
天與人歸	u	chengyu		china-idiom+agent	insufficient-syntax-evidence	low	accept	conservative syntax review	u|none|low	OK	conservative terminal: no approved syntax evidence
天花亂墜	u	chengyu		china-idiom+agent	insufficient-syntax-evidence	low	accept	conservative syntax review	u|none|low	OK	conservative terminal: no approved syntax evidence
天衣無縫	u	chengyu		china-idiom+agent	insufficient-syntax-evidence	low	accept	conservative syntax review	u|none|low	OK	conservative terminal: no approved syntax evidence
天長地久	u	chengyu		china-idiom+agent	insufficient-syntax-evidence	low	accept	conservative syntax review	u|none|low	OK	conservative terminal: no approved syntax evidence
天驚石破	u	chengyu		china-idiom+agent	insufficient-syntax-evidence	low	accept	conservative syntax review	u|none|low	OK	conservative terminal: no approved syntax evidence
天高皇帝遠	u	chengyu		china-idiom+agent	insufficient-syntax-evidence	low	accept	conservative syntax review	u|none|low	OK	conservative terminal: no approved syntax evidence
太倉一粟	u	chengyu		china-idiom+agent	insufficient-syntax-evidence	low	accept	conservative syntax review	u|none|low	OK	conservative terminal: no approved syntax evidence
夫倡婦隨	u	chengyu		china-idiom+agent	insufficient-syntax-evidence	low	accept	conservative syntax review	u|none|low	OK	conservative terminal: no approved syntax evidence
夫唱婦隨	u	chengyu		china-idiom+agent	insufficient-syntax-evidence	low	accept	conservative syntax review	u|none|low	OK	conservative terminal: no approved syntax evidence
失張失智	u	chengyu		china-idiom+agent	insufficient-syntax-evidence	low	accept	conservative syntax review	u|none|low	OK	conservative terminal: no approved syntax evidence
失諸交臂	u	chengyu		china-idiom+agent	insufficient-syntax-evidence	low	accept	conservative syntax review	u|none|low	OK	conservative terminal: no approved syntax evidence
失魂落魄	u	chengyu		china-idiom+agent	insufficient-syntax-evidence	low	accept	conservative syntax review	u|none|low	OK	conservative terminal: no approved syntax evidence
夷然自若	u	chengyu		china-idiom+agent	insufficient-syntax-evidence	low	accept	conservative syntax review	u|none|low	OK	conservative terminal: no approved syntax evidence
奇形怪狀	u	chengyu		china-idiom+agent	insufficient-syntax-evidence	low	accept	conservative syntax review	u|none|low	OK	conservative terminal: no approved syntax evidence
奇恥大辱	u	chengyu		china-idiom+agent	insufficient-syntax-evidence	low	accept	conservative syntax review	u|none|low	OK	conservative terminal: no approved syntax evidence
奇珍異寶	u	chengyu		china-idiom+agent	insufficient-syntax-evidence	low	accept	conservative syntax review	u|none|low	OK	conservative terminal: no approved syntax evidence
奇葩異卉	u	chengyu		china-idiom+agent	insufficient-syntax-evidence	low	accept	conservative syntax review	u|none|low	OK	conservative terminal: no approved syntax evidence
奇貨可居	u	chengyu		china-idiom+agent	insufficient-syntax-evidence	low	accept	conservative syntax review	u|none|low	OK	conservative terminal: no approved syntax evidence
奉公剋己	u	chengyu		china-idiom+agent	insufficient-syntax-evidence	low	accept	conservative syntax review	u|none|low	OK	conservative terminal: no approved syntax evidence
奉公守法	u	chengyu		china-idiom+agent	insufficient-syntax-evidence	low	accept	conservative syntax review	u|none|low	OK	conservative terminal: no approved syntax evidence
奉天承運	u	chengyu		china-idiom+agent	insufficient-syntax-evidence	low	accept	conservative syntax review	u|none|low	OK	conservative terminal: no approved syntax evidence
奉為圭臬	u	chengyu		china-idiom+agent	insufficient-syntax-evidence	low	accept	conservative syntax review	u|none|low	OK	conservative terminal: no approved syntax evidence
奉若神明	u	chengyu		china-idiom+agent	insufficient-syntax-evidence	low	accept	conservative syntax review	u|none|low	OK	conservative terminal: no approved syntax evidence
奮不顧身	u	chengyu		china-idiom+agent	insufficient-syntax-evidence	low	accept	conservative syntax review	u|none|low	OK	conservative terminal: no approved syntax evidence
奮勇當先	u	chengyu		china-idiom+agent	insufficient-syntax-evidence	low	accept	conservative syntax review	u|none|low	OK	conservative terminal: no approved syntax evidence
奮武揚威	u	chengyu		china-idiom+agent	insufficient-syntax-evidence	low	accept	conservative syntax review	u|none|low	OK	conservative terminal: no approved syntax evidence
奮起直追	u	chengyu		china-idiom+agent	insufficient-syntax-evidence	low	accept	conservative syntax review	u|none|low	OK	conservative terminal: no approved syntax evidence
女大不中留	u	chengyu		china-idiom+agent	insufficient-syntax-evidence	low	accept	conservative syntax review	u|none|low	OK	conservative terminal: no approved syntax evidence
女大十八變	u	chengyu		china-idiom+agent	insufficient-syntax-evidence	low	accept	conservative syntax review	u|none|low	OK	conservative terminal: no approved syntax evidence
奴顏婢膝	u	chengyu		china-idiom+agent	insufficient-syntax-evidence	low	accept	conservative syntax review	u|none|low	OK	conservative terminal: no approved syntax evidence
奴顏媚骨	u	chengyu		china-idiom+agent	insufficient-syntax-evidence	low	accept	conservative syntax review	u|none|low	OK	conservative terminal: no approved syntax evidence
奼紫嫣紅	u	chengyu		china-idiom+agent	insufficient-syntax-evidence	low	accept	conservative syntax review	u|none|low	OK	conservative terminal: no approved syntax evidence
好事多磨	u	chengyu		china-idiom+agent	insufficient-syntax-evidence	low	accept	conservative syntax review	u|none|low	OK	conservative terminal: no approved syntax evidence
好吃懶做	u	chengyu		china-idiom+agent	insufficient-syntax-evidence	low	accept	conservative syntax review	u|none|low	OK	conservative terminal: no approved syntax evidence
好夢難成	u	chengyu		china-idiom+agent	insufficient-syntax-evidence	low	accept	conservative syntax review	u|none|low	OK	conservative terminal: no approved syntax evidence
好好先生	u	chengyu		china-idiom+agent	insufficient-syntax-evidence	low	accept	conservative syntax review	u|none|low	OK	conservative terminal: no approved syntax evidence
好漢不吃眼前虧	u	chengyu		china-idiom+agent	clause-without-syntax-slot	low	accept	conservative syntax review	u|none|low	OK	conservative terminal: no approved syntax evidence
好為人師	u	chengyu		china-idiom+agent	insufficient-syntax-evidence	low	accept	conservative syntax review	u|none|low	OK	conservative terminal: no approved syntax evidence
好自為之	u	chengyu		china-idiom+agent	insufficient-syntax-evidence	low	accept	conservative syntax review	u|none|low	OK	conservative terminal: no approved syntax evidence
好酒貪杯	u	chengyu		china-idiom+agent	insufficient-syntax-evidence	low	accept	conservative syntax review	u|none|low	OK	conservative terminal: no approved syntax evidence
好高騖遠	u	chengyu		china-idiom+agent	insufficient-syntax-evidence	low	accept	conservative syntax review	u|none|low	OK	conservative terminal: no approved syntax evidence
如人飲水冷暖自知	u	chengyu		china-idiom+agent	clause-without-syntax-slot	low	accept	conservative syntax review	u|none|low	OK	conservative terminal: no approved syntax evidence
如兄如弟	u	chengyu		china-idiom+agent	insufficient-syntax-evidence	low	accept	conservative syntax review	u|none|low	OK	conservative terminal: no approved syntax evidence
如入無人之境	u	chengyu		china-idiom+agent	insufficient-syntax-evidence	low	accept	conservative syntax review	u|none|low	OK	conservative terminal: no approved syntax evidence
如出一口	u	chengyu		china-idiom+agent	insufficient-syntax-evidence	low	accept	conservative syntax review	u|none|low	OK	conservative terminal: no approved syntax evidence
如喪考妣	u	chengyu		china-idiom+agent	insufficient-syntax-evidence	low	accept	conservative syntax review	u|none|low	OK	conservative terminal: no approved syntax evidence
如墮煙海	u	chengyu		china-idiom+agent	insufficient-syntax-evidence	low	accept	conservative syntax review	u|none|low	OK	conservative terminal: no approved syntax evidence
如墮煙霧	u	chengyu		china-idiom+agent	insufficient-syntax-evidence	low	accept	conservative syntax review	u|none|low	OK	conservative terminal: no approved syntax evidence
如夢初醒	u	chengyu		china-idiom+agent	insufficient-syntax-evidence	low	accept	conservative syntax review	u|none|low	OK	conservative terminal: no approved syntax evidence
如影隨形	u	chengyu		china-idiom+agent	insufficient-syntax-evidence	low	accept	conservative syntax review	u|none|low	OK	conservative terminal: no approved syntax evidence
如數家珍	u	chengyu		china-idiom+agent	insufficient-syntax-evidence	low	accept	conservative syntax review	u|none|low	OK	conservative terminal: no approved syntax evidence
如日中天	u	chengyu		china-idiom+agent	insufficient-syntax-evidence	low	accept	conservative syntax review	u|none|low	OK	conservative terminal: no approved syntax evidence
如日方中	u	chengyu		china-idiom+agent	insufficient-syntax-evidence	low	accept	conservative syntax review	u|none|low	OK	conservative terminal: no approved syntax evidence
如有所失	u	chengyu		china-idiom+agent	insufficient-syntax-evidence	low	accept	conservative syntax review	u|none|low	OK	conservative terminal: no approved syntax evidence
如法泡製	u	chengyu		china-idiom+agent	insufficient-syntax-evidence	low	accept	conservative syntax review	u|none|low	OK	conservative terminal: no approved syntax evidence
如法炮製	u	chengyu		china-idiom+agent	insufficient-syntax-evidence	low	accept	conservative syntax review	u|none|low	OK	conservative terminal: no approved syntax evidence
如泣如訴	u	chengyu		china-idiom+agent	insufficient-syntax-evidence	low	accept	conservative syntax review	u|none|low	OK	conservative terminal: no approved syntax evidence
如湯沃雪	u	chengyu		china-idiom+agent	insufficient-syntax-evidence	low	accept	conservative syntax review	u|none|low	OK	conservative terminal: no approved syntax evidence
如狼似虎	u	chengyu		china-idiom+agent	insufficient-syntax-evidence	low	accept	conservative syntax review	u|none|low	OK	conservative terminal: no approved syntax evidence
如獲至寶	u	chengyu		china-idiom+agent	insufficient-syntax-evidence	low	accept	conservative syntax review	u|none|low	OK	conservative terminal: no approved syntax evidence
如痴如狂	u	chengyu		china-idiom+agent	insufficient-syntax-evidence	low	accept	conservative syntax review	u|none|low	OK	conservative terminal: no approved syntax evidence
如膠似漆	u	chengyu		china-idiom+agent	insufficient-syntax-evidence	low	accept	conservative syntax review	u|none|low	OK	conservative terminal: no approved syntax evidence
如臨大敵	u	chengyu		china-idiom+agent	insufficient-syntax-evidence	low	accept	conservative syntax review	u|none|low	OK	conservative terminal: no approved syntax evidence
如虎添翼	u	chengyu		china-idiom+agent	insufficient-syntax-evidence	low	accept	conservative syntax review	u|none|low	OK	conservative terminal: no approved syntax evidence
如蠅逐臭	u	chengyu		china-idiom+agent	insufficient-syntax-evidence	low	accept	conservative syntax review	u|none|low	OK	conservative terminal: no approved syntax evidence
如雷灌耳	u	chengyu		china-idiom+agent	insufficient-syntax-evidence	low	accept	conservative syntax review	u|none|low	OK	conservative terminal: no approved syntax evidence
如雷貫耳	u	chengyu		china-idiom+agent	insufficient-syntax-evidence	low	accept	conservative syntax review	u|none|low	OK	conservative terminal: no approved syntax evidence
如風過耳	u	chengyu		china-idiom+agent	insufficient-syntax-evidence	low	accept	conservative syntax review	u|none|low	OK	conservative terminal: no approved syntax evidence
如飲醍醐	u	chengyu		china-idiom+agent	insufficient-syntax-evidence	low	accept	conservative syntax review	u|none|low	OK	conservative terminal: no approved syntax evidence
如鯁在喉	u	chengyu		china-idiom+agent	insufficient-syntax-evidence	low	accept	conservative syntax review	u|none|low	OK	conservative terminal: no approved syntax evidence
如鳥獸散	u	chengyu		china-idiom+agent	insufficient-syntax-evidence	low	accept	conservative syntax review	u|none|low	OK	conservative terminal: no approved syntax evidence
妄下雌黃	u	chengyu		china-idiom+agent	insufficient-syntax-evidence	low	accept	conservative syntax review	u|none|low	OK	conservative terminal: no approved syntax evidence
妄生穿鑿	u	chengyu		china-idiom+agent	insufficient-syntax-evidence	low	accept	conservative syntax review	u|none|low	OK	conservative terminal: no approved syntax evidence
妄自尊大	u	chengyu		china-idiom+agent	insufficient-syntax-evidence	low	accept	conservative syntax review	u|none|low	OK	conservative terminal: no approved syntax evidence
妄自菲薄	u	chengyu		china-idiom+agent	insufficient-syntax-evidence	low	accept	conservative syntax review	u|none|low	OK	conservative terminal: no approved syntax evidence
妄言妄聽	u	chengyu		china-idiom+agent	insufficient-syntax-evidence	low	accept	conservative syntax review	u|none|low	OK	conservative terminal: no approved syntax evidence
妒能害賢	u	chengyu		china-idiom+agent	insufficient-syntax-evidence	low	accept	conservative syntax review	u|none|low	OK	conservative terminal: no approved syntax evidence
妖魔鬼怪	u	chengyu		china-idiom+agent	insufficient-syntax-evidence	low	accept	conservative syntax review	u|none|low	OK	conservative terminal: no approved syntax evidence
妙不可言	u	chengyu		china-idiom+agent	insufficient-syntax-evidence	low	accept	conservative syntax review	u|none|low	OK	conservative terminal: no approved syntax evidence
妙手偶得	u	chengyu		china-idiom+agent	insufficient-syntax-evidence	low	accept	conservative syntax review	u|none|low	OK	conservative terminal: no approved syntax evidence
妙語解頤	u	chengyu		china-idiom+agent	insufficient-syntax-evidence	low	accept	conservative syntax review	u|none|low	OK	conservative terminal: no approved syntax evidence
妙趣橫生	u	chengyu		china-idiom+agent	insufficient-syntax-evidence	low	accept	conservative syntax review	u|none|low	OK	conservative terminal: no approved syntax evidence
妨功害能	u	chengyu		china-idiom+agent	insufficient-syntax-evidence	low	accept	conservative syntax review	u|none|low	OK	conservative terminal: no approved syntax evidence
妻離子散	u	chengyu		china-idiom+agent	insufficient-syntax-evidence	low	accept	conservative syntax review	u|none|low	OK	conservative terminal: no approved syntax evidence
始作俑者	u	chengyu		china-idiom+agent	insufficient-syntax-evidence	low	accept	conservative syntax review	u|none|low	OK	conservative terminal: no approved syntax evidence
始終不渝	u	chengyu		china-idiom+agent	insufficient-syntax-evidence	low	accept	conservative syntax review	u|none|low	OK	conservative terminal: no approved syntax evidence
姑置勿論	u	chengyu		china-idiom+agent	insufficient-syntax-evidence	low	accept	conservative syntax review	u|none|low	OK	conservative terminal: no approved syntax evidence
姚黃魏紫	u	chengyu		china-idiom+agent	insufficient-syntax-evidence	low	accept	conservative syntax review	u|none|low	OK	conservative terminal: no approved syntax evidence
姦淫擄掠	u	chengyu		china-idiom+agent	insufficient-syntax-evidence	low	accept	conservative syntax review	u|none|low	OK	conservative terminal: no approved syntax evidence
威迫利誘	u	chengyu		china-idiom+agent	insufficient-syntax-evidence	low	accept	conservative syntax review	u|none|low	OK	conservative terminal: no approved syntax evidence
威鳳一羽	u	chengyu		china-idiom+agent	insufficient-syntax-evidence	low	accept	conservative syntax review	u|none|low	OK	conservative terminal: no approved syntax evidence
娓娓不倦	u	chengyu		china-idiom+agent	insufficient-syntax-evidence	low	accept	conservative syntax review	u|none|low	OK	conservative terminal: no approved syntax evidence
娓娓動聽	u	chengyu		china-idiom+agent	insufficient-syntax-evidence	low	accept	conservative syntax review	u|none|low	OK	conservative terminal: no approved syntax evidence
婀娜多姿	u	chengyu		china-idiom+agent	insufficient-syntax-evidence	low	accept	conservative syntax review	u|none|low	OK	conservative terminal: no approved syntax evidence
婦孺皆知	u	chengyu		china-idiom+agent	insufficient-syntax-evidence	low	accept	conservative syntax review	u|none|low	OK	conservative terminal: no approved syntax evidence
嫁禍於人	u	chengyu		china-idiom+agent	insufficient-syntax-evidence	low	accept	conservative syntax review	u|none|low	OK	conservative terminal: no approved syntax evidence
嬌小玲瓏	u	chengyu		china-idiom+agent	insufficient-syntax-evidence	low	accept	conservative syntax review	u|none|low	OK	conservative terminal: no approved syntax evidence
子孝父慈	u	chengyu		china-idiom+agent	insufficient-syntax-evidence	low	accept	conservative syntax review	u|none|low	OK	conservative terminal: no approved syntax evidence
子曰詩云	u	chengyu		china-idiom+agent	insufficient-syntax-evidence	low	accept	conservative syntax review	u|none|low	OK	conservative terminal: no approved syntax evidence
存心不良	u	chengyu		china-idiom+agent	insufficient-syntax-evidence	low	accept	conservative syntax review	u|none|low	OK	conservative terminal: no approved syntax evidence
存而不論	u	chengyu		china-idiom+agent	insufficient-syntax-evidence	low	accept	conservative syntax review	u|none|low	OK	conservative terminal: no approved syntax evidence
孝悌忠信	u	chengyu		china-idiom+agent	insufficient-syntax-evidence	low	accept	conservative syntax review	u|none|low	OK	conservative terminal: no approved syntax evidence
孤掌難鳴	u	chengyu		china-idiom+agent	insufficient-syntax-evidence	low	accept	conservative syntax review	u|none|low	OK	conservative terminal: no approved syntax evidence
孤芳自賞	u	chengyu		china-idiom+agent	insufficient-syntax-evidence	low	accept	conservative syntax review	u|none|low	OK	conservative terminal: no approved syntax evidence
孤苦零丁	u	chengyu		china-idiom+agent	insufficient-syntax-evidence	low	accept	conservative syntax review	u|none|low	OK	conservative terminal: no approved syntax evidence
孤身隻影	u	chengyu		china-idiom+agent	insufficient-syntax-evidence	low	accept	conservative syntax review	u|none|low	OK	conservative terminal: no approved syntax evidence
孤軍作戰	u	chengyu		china-idiom+agent	insufficient-syntax-evidence	low	accept	conservative syntax review	u|none|low	OK	conservative terminal: no approved syntax evidence
學海無涯	u	chengyu		china-idiom+agent	insufficient-syntax-evidence	low	accept	conservative syntax review	u|none|low	OK	conservative terminal: no approved syntax evidence
學而不厭	u	chengyu		china-idiom+agent	insufficient-syntax-evidence	low	accept	conservative syntax review	u|none|low	OK	conservative terminal: no approved syntax evidence
學而優則仕	u	chengyu		china-idiom+agent	agent-reviewed-override	low	accept	conservative syntax review	u|none|low	OK	conservative terminal: no approved syntax evidence
學非所用	u	chengyu		china-idiom+agent	insufficient-syntax-evidence	low	accept	conservative syntax review	u|none|low	OK	conservative terminal: no approved syntax evidence
孺子可教	u	chengyu		china-idiom+agent	insufficient-syntax-evidence	low	accept	conservative syntax review	u|none|low	OK	conservative terminal: no approved syntax evidence
守望相助	u	chengyu		china-idiom+agent	insufficient-syntax-evidence	low	accept	conservative syntax review	u|none|low	OK	conservative terminal: no approved syntax evidence
守株待兔	u	chengyu		china-idiom+agent	insufficient-syntax-evidence	low	accept	conservative syntax review	u|none|low	OK	conservative terminal: no approved syntax evidence
守正不阿	u	chengyu		china-idiom+agent	insufficient-syntax-evidence	low	accept	conservative syntax review	u|none|low	OK	conservative terminal: no approved syntax evidence
守財奴	u	chengyu		china-idiom+agent	insufficient-syntax-evidence	low	accept	conservative syntax review	u|none|low	OK	conservative terminal: no approved syntax evidence
安土重遷	u	chengyu		china-idiom+agent	insufficient-syntax-evidence	low	accept	conservative syntax review	u|none|low	OK	conservative terminal: no approved syntax evidence
安如泰山	u	chengyu		china-idiom+agent	insufficient-syntax-evidence	low	accept	conservative syntax review	u|none|low	OK	conservative terminal: no approved syntax evidence
安如磐石	u	chengyu		china-idiom+agent	insufficient-syntax-evidence	low	accept	conservative syntax review	u|none|low	OK	conservative terminal: no approved syntax evidence
安家立業	u	chengyu		china-idiom+agent	insufficient-syntax-evidence	low	accept	conservative syntax review	u|none|low	OK	conservative terminal: no approved syntax evidence
安家落户	u	chengyu		china-idiom+agent	insufficient-syntax-evidence	low	accept	conservative syntax review	u|none|low	OK	conservative terminal: no approved syntax evidence
安富尊榮	u	chengyu		china-idiom+agent	insufficient-syntax-evidence	low	accept	conservative syntax review	u|none|low	OK	conservative terminal: no approved syntax evidence
安富恤窮	u	chengyu		china-idiom+agent	insufficient-syntax-evidence	low	accept	conservative syntax review	u|none|low	OK	conservative terminal: no approved syntax evidence
安富恤貧	u	chengyu		china-idiom+agent	insufficient-syntax-evidence	low	accept	conservative syntax review	u|none|low	OK	conservative terminal: no approved syntax evidence
安於現狀	u	chengyu		china-idiom+agent	insufficient-syntax-evidence	low	accept	conservative syntax review	u|none|low	OK	conservative terminal: no approved syntax evidence
安民告示	u	chengyu		china-idiom+agent	insufficient-syntax-evidence	low	accept	conservative syntax review	u|none|low	OK	conservative terminal: no approved syntax evidence
安營紮寨	u	chengyu		china-idiom+agent	insufficient-syntax-evidence	low	accept	conservative syntax review	u|none|low	OK	conservative terminal: no approved syntax evidence
安貧樂道	u	chengyu		china-idiom+agent	insufficient-syntax-evidence	low	accept	conservative syntax review	u|none|low	OK	conservative terminal: no approved syntax evidence
安邦定國	u	chengyu		china-idiom+agent	insufficient-syntax-evidence	low	accept	conservative syntax review	u|none|low	OK	conservative terminal: no approved syntax evidence
安閒自得	u	chengyu		china-idiom+agent	insufficient-syntax-evidence	low	accept	conservative syntax review	u|none|low	OK	conservative terminal: no approved syntax evidence
完事大吉	u	chengyu		china-idiom+agent	insufficient-syntax-evidence	low	accept	conservative syntax review	u|none|low	OK	conservative terminal: no approved syntax evidence
完璧歸趙	u	chengyu		china-idiom+agent	insufficient-syntax-evidence	low	accept	conservative syntax review	u|none|low	OK	conservative terminal: no approved syntax evidence
室如懸磬	u	chengyu		china-idiom+agent	insufficient-syntax-evidence	low	accept	conservative syntax review	u|none|low	OK	conservative terminal: no approved syntax evidence
室邇人遐	u	chengyu		china-idiom+agent	insufficient-syntax-evidence	low	accept	conservative syntax review	u|none|low	OK	conservative terminal: no approved syntax evidence
宦海風波	u	chengyu		china-idiom+agent	insufficient-syntax-evidence	low	accept	conservative syntax review	u|none|low	OK	conservative terminal: no approved syntax evidence
害羣之馬	u	chengyu		china-idiom+agent	insufficient-syntax-evidence	low	accept	conservative syntax review	u|none|low	OK	conservative terminal: no approved syntax evidence
宴安鴆毒	u	chengyu		china-idiom+agent	insufficient-syntax-evidence	low	accept	conservative syntax review	u|none|low	OK	conservative terminal: no approved syntax evidence
宵衣旰食	u	chengyu		china-idiom+agent	insufficient-syntax-evidence	low	accept	conservative syntax review	u|none|low	OK	conservative terminal: no approved syntax evidence
家家户户	u	chengyu		china-idiom+agent	insufficient-syntax-evidence	low	accept	conservative syntax review	u|none|low	OK	conservative terminal: no approved syntax evidence
家常便飯	u	chengyu		china-idiom+agent	insufficient-syntax-evidence	low	accept	conservative syntax review	u|none|low	OK	conservative terminal: no approved syntax evidence
家給人足	u	chengyu		china-idiom+agent	insufficient-syntax-evidence	low	accept	conservative syntax review	u|none|low	OK	conservative terminal: no approved syntax evidence
家貧如洗	u	chengyu		china-idiom+agent	insufficient-syntax-evidence	low	accept	conservative syntax review	u|none|low	OK	conservative terminal: no approved syntax evidence
家醜不可外揚	u	chengyu		china-idiom+agent	insufficient-syntax-evidence	low	accept	conservative syntax review	u|none|low	OK	conservative terminal: no approved syntax evidence
寂寂無聞	u	chengyu		china-idiom+agent	insufficient-syntax-evidence	low	accept	conservative syntax review	u|none|low	OK	conservative terminal: no approved syntax evidence
寅支卯糧	u	chengyu		china-idiom+agent	insufficient-syntax-evidence	low	accept	conservative syntax review	u|none|low	OK	conservative terminal: no approved syntax evidence
富商巨賈	u	chengyu		china-idiom+agent	insufficient-syntax-evidence	low	accept	conservative syntax review	u|none|low	OK	conservative terminal: no approved syntax evidence
富國安民	u	chengyu		china-idiom+agent	insufficient-syntax-evidence	low	accept	conservative syntax review	u|none|low	OK	conservative terminal: no approved syntax evidence
富貴不能淫	u	chengyu		china-idiom+agent	insufficient-syntax-evidence	low	accept	conservative syntax review	u|none|low	OK	conservative terminal: no approved syntax evidence
富麗堂皇	u	chengyu		china-idiom+agent	insufficient-syntax-evidence	low	accept	conservative syntax review	u|none|low	OK	conservative terminal: no approved syntax evidence
寒來暑往	u	chengyu		china-idiom+agent	insufficient-syntax-evidence	low	accept	conservative syntax review	u|none|low	OK	conservative terminal: no approved syntax evidence
寒冬臘月	u	chengyu		china-idiom+agent	insufficient-syntax-evidence	low	accept	conservative syntax review	u|none|low	OK	conservative terminal: no approved syntax evidence
寓意深長	u	chengyu		china-idiom+agent	insufficient-syntax-evidence	low	accept	conservative syntax review	u|none|low	OK	conservative terminal: no approved syntax evidence
寡不敵眾	u	chengyu		china-idiom+agent	insufficient-syntax-evidence	low	accept	conservative syntax review	u|none|low	OK	conservative terminal: no approved syntax evidence
寢苫枕塊	u	chengyu		china-idiom+agent	insufficient-syntax-evidence	low	accept	conservative syntax review	u|none|low	OK	conservative terminal: no approved syntax evidence
寢食不安	u	chengyu		china-idiom+agent	insufficient-syntax-evidence	low	accept	conservative syntax review	u|none|low	OK	conservative terminal: no approved syntax evidence
寥寥可數	u	chengyu		china-idiom+agent	insufficient-syntax-evidence	low	accept	conservative syntax review	u|none|low	OK	conservative terminal: no approved syntax evidence
寥若晨星	u	chengyu		china-idiom+agent	insufficient-syntax-evidence	low	accept	conservative syntax review	u|none|low	OK	conservative terminal: no approved syntax evidence
實心實意	u	chengyu		china-idiom+agent	insufficient-syntax-evidence	low	accept	conservative syntax review	u|none|low	OK	conservative terminal: no approved syntax evidence
寧死不屈	u	chengyu		china-idiom+agent	insufficient-syntax-evidence	low	accept	conservative syntax review	u|none|low	OK	conservative terminal: no approved syntax evidence
審時度勢	u	chengyu		china-idiom+agent	insufficient-syntax-evidence	low	accept	conservative syntax review	u|none|low	OK	conservative terminal: no approved syntax evidence
寬大為懷	u	chengyu		china-idiom+agent	insufficient-syntax-evidence	low	accept	conservative syntax review	u|none|low	OK	conservative terminal: no approved syntax evidence
寬洪大量	u	chengyu		china-idiom+agent	insufficient-syntax-evidence	low	accept	conservative syntax review	u|none|low	OK	conservative terminal: no approved syntax evidence
寵辱不驚	u	chengyu		china-idiom+agent	insufficient-syntax-evidence	low	accept	conservative syntax review	u|none|low	OK	conservative terminal: no approved syntax evidence
寶刀不老	u	chengyu		china-idiom+agent	insufficient-syntax-evidence	low	accept	conservative syntax review	u|none|low	OK	conservative terminal: no approved syntax evidence
寶馬香車	u	chengyu		china-idiom+agent	insufficient-syntax-evidence	low	accept	conservative syntax review	u|none|low	OK	conservative terminal: no approved syntax evidence
寸土尺地	u	chengyu		china-idiom+agent	insufficient-syntax-evidence	low	accept	conservative syntax review	u|none|low	OK	conservative terminal: no approved syntax evidence
寸步不離	u	chengyu		china-idiom+agent	insufficient-syntax-evidence	low	accept	conservative syntax review	u|none|low	OK	conservative terminal: no approved syntax evidence
寸絲不掛	u	chengyu		china-idiom+agent	insufficient-syntax-evidence	low	accept	conservative syntax review	u|none|low	OK	conservative terminal: no approved syntax evidence
寸草春暉	u	chengyu		china-idiom+agent	insufficient-syntax-evidence	low	accept	conservative syntax review	u|none|low	OK	conservative terminal: no approved syntax evidence
封官許願	u	chengyu		china-idiom+agent	insufficient-syntax-evidence	low	accept	conservative syntax review	u|none|low	OK	conservative terminal: no approved syntax evidence
將功折罪	u	chengyu		china-idiom+agent	insufficient-syntax-evidence	low	accept	conservative syntax review	u|none|low	OK	conservative terminal: no approved syntax evidence
將勤補拙	u	chengyu		china-idiom+agent	insufficient-syntax-evidence	low	accept	conservative syntax review	u|none|low	OK	conservative terminal: no approved syntax evidence
將錯就錯	u	chengyu		china-idiom+agent	insufficient-syntax-evidence	low	accept	conservative syntax review	u|none|low	OK	conservative terminal: no approved syntax evidence
專橫跋扈	u	chengyu		china-idiom+agent	insufficient-syntax-evidence	low	accept	conservative syntax review	u|none|low	OK	conservative terminal: no approved syntax evidence
尊賢使能	u	chengyu		china-idiom+agent	insufficient-syntax-evidence	low	accept	conservative syntax review	u|none|low	OK	conservative terminal: no approved syntax evidence
尋章摘句	u	chengyu		china-idiom+agent	insufficient-syntax-evidence	low	accept	conservative syntax review	u|none|low	OK	conservative terminal: no approved syntax evidence
尋花問柳	u	chengyu		china-idiom+agent	insufficient-syntax-evidence	low	accept	conservative syntax review	u|none|low	OK	conservative terminal: no approved syntax evidence
對牛彈琴	u	chengyu		china-idiom+agent	insufficient-syntax-evidence	low	accept	conservative syntax review	u|none|low	OK	conservative terminal: no approved syntax evidence
對症發藥	u	chengyu		china-idiom+agent	insufficient-syntax-evidence	low	accept	conservative syntax review	u|none|low	OK	conservative terminal: no approved syntax evidence
小不忍則亂大謀	u	chengyu		china-idiom+agent	clause-without-syntax-slot	low	accept	conservative syntax review	u|none|low	OK	conservative terminal: no approved syntax evidence
小家碧玉	u	chengyu		china-idiom+agent	insufficient-syntax-evidence	low	accept	conservative syntax review	u|none|low	OK	conservative terminal: no approved syntax evidence
小小不言	u	chengyu		china-idiom+agent	insufficient-syntax-evidence	low	accept	conservative syntax review	u|none|low	OK	conservative terminal: no approved syntax evidence
小巧玲瓏	u	chengyu		china-idiom+agent	insufficient-syntax-evidence	low	accept	conservative syntax review	u|none|low	OK	conservative terminal: no approved syntax evidence
小巫見大巫	u	chengyu		china-idiom+agent	insufficient-syntax-evidence	low	accept	conservative syntax review	u|none|low	OK	conservative terminal: no approved syntax evidence
小心謹慎	u	chengyu		china-idiom+agent	insufficient-syntax-evidence	low	accept	conservative syntax review	u|none|low	OK	conservative terminal: no approved syntax evidence
小懲大誡	u	chengyu		china-idiom+agent	insufficient-syntax-evidence	low	accept	conservative syntax review	u|none|low	OK	conservative terminal: no approved syntax evidence
小手小腳	u	chengyu		china-idiom+agent	insufficient-syntax-evidence	low	accept	conservative syntax review	u|none|low	OK	conservative terminal: no approved syntax evidence
小本經營	u	chengyu		china-idiom+agent	insufficient-syntax-evidence	low	accept	conservative syntax review	u|none|low	OK	conservative terminal: no approved syntax evidence
小試鋒芒	u	chengyu		china-idiom+agent	insufficient-syntax-evidence	low	accept	conservative syntax review	u|none|low	OK	conservative terminal: no approved syntax evidence
少安毋躁	u	chengyu		china-idiom+agent	insufficient-syntax-evidence	low	accept	conservative syntax review	u|none|low	OK	conservative terminal: no approved syntax evidence
少見多怪	u	chengyu		china-idiom+agent	insufficient-syntax-evidence	low	accept	conservative syntax review	u|none|low	OK	conservative terminal: no approved syntax evidence
尖酸刻薄	u	chengyu		china-idiom+agent	insufficient-syntax-evidence	low	accept	conservative syntax review	u|none|low	OK	conservative terminal: no approved syntax evidence
尸位素餐	u	chengyu		china-idiom+agent	insufficient-syntax-evidence	low	accept	conservative syntax review	u|none|low	OK	conservative terminal: no approved syntax evidence
尺山寸水	u	chengyu		china-idiom+agent	insufficient-syntax-evidence	low	accept	conservative syntax review	u|none|low	OK	conservative terminal: no approved syntax evidence
尺波電謝	u	chengyu		china-idiom+agent	insufficient-syntax-evidence	low	accept	conservative syntax review	u|none|low	OK	conservative terminal: no approved syntax evidence
尺短寸長	u	chengyu		china-idiom+agent	insufficient-syntax-evidence	low	accept	conservative syntax review	u|none|low	OK	conservative terminal: no approved syntax evidence
屁滾尿流	u	chengyu		china-idiom+agent	insufficient-syntax-evidence	low	accept	conservative syntax review	u|none|low	OK	conservative terminal: no approved syntax evidence
居功自傲	u	chengyu		china-idiom+agent	insufficient-syntax-evidence	low	accept	conservative syntax review	u|none|low	OK	conservative terminal: no approved syntax evidence
居心叵測	u	chengyu		china-idiom+agent	insufficient-syntax-evidence	low	accept	conservative syntax review	u|none|low	OK	conservative terminal: no approved syntax evidence
居心險惡	u	chengyu		china-idiom+agent	insufficient-syntax-evidence	low	accept	conservative syntax review	u|none|low	OK	conservative terminal: no approved syntax evidence
居高臨下	u	chengyu		china-idiom+agent	insufficient-syntax-evidence	low	accept	conservative syntax review	u|none|low	OK	conservative terminal: no approved syntax evidence
屈打成招	u	chengyu		china-idiom+agent	insufficient-syntax-evidence	low	accept	conservative syntax review	u|none|low	OK	conservative terminal: no approved syntax evidence
屎滾尿流	u	chengyu		china-idiom+agent	insufficient-syntax-evidence	low	accept	conservative syntax review	u|none|low	OK	conservative terminal: no approved syntax evidence
屠毒筆墨	u	chengyu		china-idiom+agent	insufficient-syntax-evidence	low	accept	conservative syntax review	u|none|low	OK	conservative terminal: no approved syntax evidence
屢教不改	u	chengyu		china-idiom+agent	insufficient-syntax-evidence	low	accept	conservative syntax review	u|none|low	OK	conservative terminal: no approved syntax evidence
層見迭出	u	chengyu		china-idiom+agent	insufficient-syntax-evidence	low	accept	conservative syntax review	u|none|low	OK	conservative terminal: no approved syntax evidence
履險如夷	u	chengyu		china-idiom+agent	insufficient-syntax-evidence	low	accept	conservative syntax review	u|none|low	OK	conservative terminal: no approved syntax evidence
山搖地動	u	chengyu		china-idiom+agent	insufficient-syntax-evidence	low	accept	conservative syntax review	u|none|low	OK	conservative terminal: no approved syntax evidence
山清水秀	u	chengyu		china-idiom+agent	insufficient-syntax-evidence	low	accept	conservative syntax review	u|none|low	OK	conservative terminal: no approved syntax evidence
山珍海錯	u	chengyu		china-idiom+agent	insufficient-syntax-evidence	low	accept	conservative syntax review	u|none|low	OK	conservative terminal: no approved syntax evidence
山窮水盡	u	chengyu		china-idiom+agent	insufficient-syntax-evidence	low	accept	conservative syntax review	u|none|low	OK	conservative terminal: no approved syntax evidence
山雨欲來風滿樓	u	chengyu		china-idiom+agent	insufficient-syntax-evidence	low	accept	conservative syntax review	u|none|low	OK	conservative terminal: no approved syntax evidence
山高皇帝遠	u	chengyu		china-idiom+agent	insufficient-syntax-evidence	low	accept	conservative syntax review	u|none|low	OK	conservative terminal: no approved syntax evidence
岌岌可危	u	chengyu		china-idiom+agent	insufficient-syntax-evidence	low	accept	conservative syntax review	u|none|low	OK	conservative terminal: no approved syntax evidence
岸然道貌	u	chengyu		china-idiom+agent	insufficient-syntax-evidence	low	accept	conservative syntax review	u|none|low	OK	conservative terminal: no approved syntax evidence
峨冠博帶	u	chengyu		china-idiom+agent	insufficient-syntax-evidence	low	accept	conservative syntax review	u|none|low	OK	conservative terminal: no approved syntax evidence
峯迴路轉	u	chengyu		china-idiom+agent	insufficient-syntax-evidence	low	accept	conservative syntax review	u|none|low	OK	conservative terminal: no approved syntax evidence
崇山峻嶺	u	chengyu		china-idiom+agent	insufficient-syntax-evidence	low	accept	conservative syntax review	u|none|low	OK	conservative terminal: no approved syntax evidence
崇論閎議	u	chengyu		china-idiom+agent	insufficient-syntax-evidence	low	accept	conservative syntax review	u|none|low	OK	conservative terminal: no approved syntax evidence
崛地而起	u	chengyu		china-idiom+agent	insufficient-syntax-evidence	low	accept	conservative syntax review	u|none|low	OK	conservative terminal: no approved syntax evidence
巢毀卵破	u	chengyu		china-idiom+agent	insufficient-syntax-evidence	low	accept	conservative syntax review	u|none|low	OK	conservative terminal: no approved syntax evidence
左右兩難	u	chengyu		china-idiom+agent	insufficient-syntax-evidence	low	accept	conservative syntax review	u|none|low	OK	conservative terminal: no approved syntax evidence
左右為難	u	chengyu		china-idiom+agent	insufficient-syntax-evidence	low	accept	conservative syntax review	u|none|low	OK	conservative terminal: no approved syntax evidence
左右逢源	u	chengyu		china-idiom+agent	insufficient-syntax-evidence	low	accept	conservative syntax review	u|none|low	OK	conservative terminal: no approved syntax evidence
左支右絀	u	chengyu		china-idiom+agent	insufficient-syntax-evidence	low	accept	conservative syntax review	u|none|low	OK	conservative terminal: no approved syntax evidence
左鄰右里	u	chengyu		china-idiom+agent	insufficient-syntax-evidence	low	accept	conservative syntax review	u|none|low	OK	conservative terminal: no approved syntax evidence
左顧右盼	u	chengyu		china-idiom+agent	insufficient-syntax-evidence	low	accept	conservative syntax review	u|none|low	OK	conservative terminal: no approved syntax evidence
巧取豪奪	u	chengyu		china-idiom+agent	insufficient-syntax-evidence	low	accept	conservative syntax review	u|none|low	OK	conservative terminal: no approved syntax evidence
巧婦難為無米之炊	u	chengyu		china-idiom+agent	clause-without-syntax-slot	low	accept	conservative syntax review	u|none|low	OK	conservative terminal: no approved syntax evidence
巧立名目	u	chengyu		china-idiom+agent	insufficient-syntax-evidence	low	accept	conservative syntax review	u|none|low	OK	conservative terminal: no approved syntax evidence
巧舌如簧	u	chengyu		china-idiom+agent	insufficient-syntax-evidence	low	accept	conservative syntax review	u|none|low	OK	conservative terminal: no approved syntax evidence
巧言令色	u	chengyu		china-idiom+agent	insufficient-syntax-evidence	low	accept	conservative syntax review	u|none|low	OK	conservative terminal: no approved syntax evidence
差之毫釐失之千里	u	chengyu		china-idiom+agent	agent-reviewed-override	low	accept	conservative syntax review	u|none|low	OK	conservative terminal: no approved syntax evidence
差強人意	u	chengyu		china-idiom+agent	insufficient-syntax-evidence	low	accept	conservative syntax review	u|none|low	OK	conservative terminal: no approved syntax evidence
巴三覽四	u	chengyu		china-idiom+agent	insufficient-syntax-evidence	low	accept	conservative syntax review	u|none|low	OK	conservative terminal: no approved syntax evidence
巴前算後	u	chengyu		china-idiom+agent	insufficient-syntax-evidence	low	accept	conservative syntax review	u|none|low	OK	conservative terminal: no approved syntax evidence
巴頭探腦	u	chengyu		china-idiom+agent	insufficient-syntax-evidence	low	accept	conservative syntax review	u|none|low	OK	conservative terminal: no approved syntax evidence
巾幗鬚眉	u	chengyu		china-idiom+agent	insufficient-syntax-evidence	low	accept	conservative syntax review	u|none|low	OK	conservative terminal: no approved syntax evidence
市無二價	u	chengyu		china-idiom+agent	insufficient-syntax-evidence	low	accept	conservative syntax review	u|none|low	OK	conservative terminal: no approved syntax evidence
布衣韋帶	u	chengyu		china-idiom+agent	insufficient-syntax-evidence	low	accept	conservative syntax review	u|none|low	OK	conservative terminal: no approved syntax evidence
師出無名	u	chengyu		china-idiom+agent	insufficient-syntax-evidence	low	accept	conservative syntax review	u|none|low	OK	conservative terminal: no approved syntax evidence
師心自用	u	chengyu		china-idiom+agent	insufficient-syntax-evidence	low	accept	conservative syntax review	u|none|low	OK	conservative terminal: no approved syntax evidence
師老兵疲	u	chengyu		china-idiom+agent	insufficient-syntax-evidence	low	accept	conservative syntax review	u|none|low	OK	conservative terminal: no approved syntax evidence
席不暇暖	u	chengyu		china-idiom+agent	insufficient-syntax-evidence	low	accept	conservative syntax review	u|none|low	OK	conservative terminal: no approved syntax evidence
席捲天下	u	chengyu		china-idiom+agent	insufficient-syntax-evidence	low	accept	conservative syntax review	u|none|low	OK	conservative terminal: no approved syntax evidence
席珍待聘	u	chengyu		china-idiom+agent	insufficient-syntax-evidence	low	accept	conservative syntax review	u|none|low	OK	conservative terminal: no approved syntax evidence
席豐履厚	u	chengyu		china-idiom+agent	insufficient-syntax-evidence	low	accept	conservative syntax review	u|none|low	OK	conservative terminal: no approved syntax evidence
帶牛佩犢	u	chengyu		china-idiom+agent	insufficient-syntax-evidence	low	accept	conservative syntax review	u|none|low	OK	conservative terminal: no approved syntax evidence
帷薄不修	u	chengyu		china-idiom+agent	insufficient-syntax-evidence	low	accept	conservative syntax review	u|none|low	OK	conservative terminal: no approved syntax evidence
常備不懈	u	chengyu		china-idiom+agent	insufficient-syntax-evidence	low	accept	conservative syntax review	u|none|low	OK	conservative terminal: no approved syntax evidence
幕天席地	u	chengyu		china-idiom+agent	insufficient-syntax-evidence	low	accept	conservative syntax review	u|none|low	OK	conservative terminal: no approved syntax evidence
平地一聲雷	u	chengyu		china-idiom+agent	insufficient-syntax-evidence	low	accept	conservative syntax review	u|none|low	OK	conservative terminal: no approved syntax evidence
平地起家	u	chengyu		china-idiom+agent	insufficient-syntax-evidence	low	accept	conservative syntax review	u|none|low	OK	conservative terminal: no approved syntax evidence
平心定氣	u	chengyu		china-idiom+agent	insufficient-syntax-evidence	low	accept	conservative syntax review	u|none|low	OK	conservative terminal: no approved syntax evidence
平易近人	u	chengyu		china-idiom+agent	insufficient-syntax-evidence	low	accept	conservative syntax review	u|none|low	OK	conservative terminal: no approved syntax evidence
平起平坐	u	chengyu		china-idiom+agent	insufficient-syntax-evidence	low	accept	conservative syntax review	u|none|low	OK	conservative terminal: no approved syntax evidence
年富力強	u	chengyu		china-idiom+agent	insufficient-syntax-evidence	low	accept	conservative syntax review	u|none|low	OK	conservative terminal: no approved syntax evidence
年輕力壯	u	chengyu		china-idiom+agent	insufficient-syntax-evidence	low	accept	conservative syntax review	u|none|low	OK	conservative terminal: no approved syntax evidence
年高德劭	u	chengyu		china-idiom+agent	insufficient-syntax-evidence	low	accept	conservative syntax review	u|none|low	OK	conservative terminal: no approved syntax evidence
幸災樂禍	u	chengyu		china-idiom+agent	insufficient-syntax-evidence	low	accept	conservative syntax review	u|none|low	OK	conservative terminal: no approved syntax evidence
度德量力	u	chengyu		china-idiom+agent	insufficient-syntax-evidence	low	accept	conservative syntax review	u|none|low	OK	conservative terminal: no approved syntax evidence
庸人自擾	u	chengyu		china-idiom+agent	insufficient-syntax-evidence	low	accept	conservative syntax review	u|none|low	OK	conservative terminal: no approved syntax evidence
庸庸碌碌	u	chengyu		china-idiom+agent	insufficient-syntax-evidence	low	accept	conservative syntax review	u|none|low	OK	conservative terminal: no approved syntax evidence
廣土眾民	u	chengyu		china-idiom+agent	insufficient-syntax-evidence	low	accept	conservative syntax review	u|none|low	OK	conservative terminal: no approved syntax evidence
廣結良緣	u	chengyu		china-idiom+agent	insufficient-syntax-evidence	low	accept	conservative syntax review	u|none|low	OK	conservative terminal: no approved syntax evidence
廬山真面目	u	chengyu		china-idiom+agent	insufficient-syntax-evidence	low	accept	conservative syntax review	u|none|low	OK	conservative terminal: no approved syntax evidence
延頸企踵	u	chengyu		china-idiom+agent	insufficient-syntax-evidence	low	accept	conservative syntax review	u|none|low	OK	conservative terminal: no approved syntax evidence
弄假成真	u	chengyu		china-idiom+agent	insufficient-syntax-evidence	low	accept	conservative syntax review	u|none|low	OK	conservative terminal: no approved syntax evidence
弄嘴弄舌	u	chengyu		china-idiom+agent	insufficient-syntax-evidence	low	accept	conservative syntax review	u|none|low	OK	conservative terminal: no approved syntax evidence
弄巧反拙	u	chengyu		china-idiom+agent	insufficient-syntax-evidence	low	accept	conservative syntax review	u|none|low	OK	conservative terminal: no approved syntax evidence
弄巧成拙	u	chengyu		china-idiom+agent	insufficient-syntax-evidence	low	accept	conservative syntax review	u|none|low	OK	conservative terminal: no approved syntax evidence
弄璋之喜	u	chengyu		china-idiom+agent	insufficient-syntax-evidence	low	accept	conservative syntax review	u|none|low	OK	conservative terminal: no approved syntax evidence
弄瓦之喜	u	chengyu		china-idiom+agent	insufficient-syntax-evidence	low	accept	conservative syntax review	u|none|low	OK	conservative terminal: no approved syntax evidence
弊絕風清	u	chengyu		china-idiom+agent	insufficient-syntax-evidence	low	accept	conservative syntax review	u|none|low	OK	conservative terminal: no approved syntax evidence
弔死問疾	u	chengyu		china-idiom+agent	insufficient-syntax-evidence	low	accept	conservative syntax review	u|none|low	OK	conservative terminal: no approved syntax evidence
弔民伐罪	u	chengyu		china-idiom+agent	insufficient-syntax-evidence	low	accept	conservative syntax review	u|none|low	OK	conservative terminal: no approved syntax evidence
引以為憾	u	chengyu		china-idiom+agent	insufficient-syntax-evidence	low	accept	conservative syntax review	u|none|low	OK	conservative terminal: no approved syntax evidence
引吭高歌	u	chengyu		china-idiom+agent	insufficient-syntax-evidence	low	accept	conservative syntax review	u|none|low	OK	conservative terminal: no approved syntax evidence
引商刻羽	u	chengyu		china-idiom+agent	insufficient-syntax-evidence	low	accept	conservative syntax review	u|none|low	OK	conservative terminal: no approved syntax evidence
引喻失義	u	chengyu		china-idiom+agent	insufficient-syntax-evidence	low	accept	conservative syntax review	u|none|low	OK	conservative terminal: no approved syntax evidence
引水入牆	u	chengyu		china-idiom+agent	insufficient-syntax-evidence	low	accept	conservative syntax review	u|none|low	OK	conservative terminal: no approved syntax evidence
引狗入寨	u	chengyu		china-idiom+agent	insufficient-syntax-evidence	low	accept	conservative syntax review	u|none|low	OK	conservative terminal: no approved syntax evidence
引玉之磚	u	chengyu		china-idiom+agent	insufficient-syntax-evidence	low	accept	conservative syntax review	u|none|low	OK	conservative terminal: no approved syntax evidence
引經據典	u	chengyu		china-idiom+agent	insufficient-syntax-evidence	low	accept	conservative syntax review	u|none|low	OK	conservative terminal: no approved syntax evidence
引線穿針	u	chengyu		china-idiom+agent	insufficient-syntax-evidence	low	accept	conservative syntax review	u|none|low	OK	conservative terminal: no approved syntax evidence
引而不發	u	chengyu		china-idiom+agent	insufficient-syntax-evidence	low	accept	conservative syntax review	u|none|low	OK	conservative terminal: no approved syntax evidence
引錐刺股	u	chengyu		china-idiom+agent	insufficient-syntax-evidence	low	accept	conservative syntax review	u|none|low	OK	conservative terminal: no approved syntax evidence
引鬼上門	u	chengyu		china-idiom+agent	insufficient-syntax-evidence	low	accept	conservative syntax review	u|none|low	OK	conservative terminal: no approved syntax evidence
弦外之意	u	chengyu		china-idiom+agent	insufficient-syntax-evidence	low	accept	conservative syntax review	u|none|low	OK	conservative terminal: no approved syntax evidence
弦外之響	u	chengyu		china-idiom+agent	insufficient-syntax-evidence	low	accept	conservative syntax review	u|none|low	OK	conservative terminal: no approved syntax evidence
弱不勝衣	u	chengyu		china-idiom+agent	insufficient-syntax-evidence	low	accept	conservative syntax review	u|none|low	OK	conservative terminal: no approved syntax evidence
張冠李戴	u	chengyu		china-idiom+agent	insufficient-syntax-evidence	low	accept	conservative syntax review	u|none|low	OK	conservative terminal: no approved syntax evidence
強中自有強中手	u	chengyu		china-idiom+agent	clause-without-syntax-slot	low	accept	conservative syntax review	u|none|low	OK	conservative terminal: no approved syntax evidence
強將手下無弱兵	u	chengyu		china-idiom+agent	clause-without-syntax-slot	low	accept	conservative syntax review	u|none|low	OK	conservative terminal: no approved syntax evidence
強詞奪理	u	chengyu		china-idiom+agent	insufficient-syntax-evidence	low	accept	conservative syntax review	u|none|low	OK	conservative terminal: no approved syntax evidence
強龍不壓地頭蛇	u	chengyu		china-idiom+agent	insufficient-syntax-evidence	low	accept	conservative syntax review	u|none|low	OK	conservative terminal: no approved syntax evidence
彈冠相慶	u	chengyu		china-idiom+agent	insufficient-syntax-evidence	low	accept	conservative syntax review	u|none|low	OK	conservative terminal: no approved syntax evidence
彈無虛發	u	chengyu		china-idiom+agent	insufficient-syntax-evidence	low	accept	conservative syntax review	u|none|low	OK	conservative terminal: no approved syntax evidence
彈盡援絕	u	chengyu		china-idiom+agent	insufficient-syntax-evidence	low	accept	conservative syntax review	u|none|low	OK	conservative terminal: no approved syntax evidence
彌天大罪	u	chengyu		china-idiom+agent	insufficient-syntax-evidence	low	accept	conservative syntax review	u|none|low	OK	conservative terminal: no approved syntax evidence
形形色色	u	chengyu		china-idiom+agent	insufficient-syntax-evidence	low	accept	conservative syntax review	u|none|low	OK	conservative terminal: no approved syntax evidence
形影不離	u	chengyu		china-idiom+agent	insufficient-syntax-evidence	low	accept	conservative syntax review	u|none|low	OK	conservative terminal: no approved syntax evidence
形影相弔	u	chengyu		china-idiom+agent	insufficient-syntax-evidence	low	accept	conservative syntax review	u|none|low	OK	conservative terminal: no approved syntax evidence
形影相隨	u	chengyu		china-idiom+agent	insufficient-syntax-evidence	low	accept	conservative syntax review	u|none|low	OK	conservative terminal: no approved syntax evidence
彪形大漢	u	chengyu		china-idiom+agent	insufficient-syntax-evidence	low	accept	conservative syntax review	u|none|low	OK	conservative terminal: no approved syntax evidence
彪炳千古	u	chengyu		china-idiom+agent	insufficient-syntax-evidence	low	accept	conservative syntax review	u|none|low	OK	conservative terminal: no approved syntax evidence
彼唱此和	u	chengyu		china-idiom+agent	insufficient-syntax-evidence	low	accept	conservative syntax review	u|none|low	OK	conservative terminal: no approved syntax evidence
待時而動	u	chengyu		china-idiom+agent	insufficient-syntax-evidence	low	accept	conservative syntax review	u|none|low	OK	conservative terminal: no approved syntax evidence
待理不理	u	chengyu		china-idiom+agent	insufficient-syntax-evidence	low	accept	conservative syntax review	u|none|low	OK	conservative terminal: no approved syntax evidence
徇情枉法	u	chengyu		china-idiom+agent	insufficient-syntax-evidence	low	accept	conservative syntax review	u|none|low	OK	conservative terminal: no approved syntax evidence
徇私舞弊	u	chengyu		china-idiom+agent	insufficient-syntax-evidence	low	accept	conservative syntax review	u|none|low	OK	conservative terminal: no approved syntax evidence
後來居上	u	chengyu		china-idiom+agent	insufficient-syntax-evidence	low	accept	conservative syntax review	u|none|low	OK	conservative terminal: no approved syntax evidence
後浪推前浪	u	chengyu		china-idiom+agent	insufficient-syntax-evidence	low	accept	conservative syntax review	u|none|low	OK	conservative terminal: no approved syntax evidence
後生可畏	u	chengyu		china-idiom+agent	insufficient-syntax-evidence	low	accept	conservative syntax review	u|none|low	OK	conservative terminal: no approved syntax evidence
徒勞無益	u	chengyu		china-idiom+agent	insufficient-syntax-evidence	low	accept	conservative syntax review	u|none|low	OK	conservative terminal: no approved syntax evidence
徒擁虛名	u	chengyu		china-idiom+agent	insufficient-syntax-evidence	low	accept	conservative syntax review	u|none|low	OK	conservative terminal: no approved syntax evidence
徒有其名	u	chengyu		china-idiom+agent	insufficient-syntax-evidence	low	accept	conservative syntax review	u|none|low	OK	conservative terminal: no approved syntax evidence
得不償失	u	chengyu		china-idiom+agent	insufficient-syntax-evidence	low	accept	conservative syntax review	u|none|low	OK	conservative terminal: no approved syntax evidence
得其所哉	u	chengyu		china-idiom+agent	insufficient-syntax-evidence	low	accept	conservative syntax review	u|none|low	OK	conservative terminal: no approved syntax evidence
得天獨厚	u	chengyu		china-idiom+agent	insufficient-syntax-evidence	low	accept	conservative syntax review	u|none|low	OK	conservative terminal: no approved syntax evidence
得失參半	u	chengyu		china-idiom+agent	insufficient-syntax-evidence	low	accept	conservative syntax review	u|none|low	OK	conservative terminal: no approved syntax evidence
得寸進尺	u	chengyu		china-idiom+agent	insufficient-syntax-evidence	low	accept	conservative syntax review	u|none|low	OK	conservative terminal: no approved syntax evidence
得意忘形	u	chengyu		china-idiom+agent	insufficient-syntax-evidence	low	accept	conservative syntax review	u|none|low	OK	conservative terminal: no approved syntax evidence
得意洋洋	u	chengyu		china-idiom+agent	insufficient-syntax-evidence	low	accept	conservative syntax review	u|none|low	OK	conservative terminal: no approved syntax evidence
得道多助	u	chengyu		china-idiom+agent	insufficient-syntax-evidence	low	accept	conservative syntax review	u|none|low	OK	conservative terminal: no approved syntax evidence
得饒人處且饒人	u	chengyu		china-idiom+agent	insufficient-syntax-evidence	low	accept	conservative syntax review	u|none|low	OK	conservative terminal: no approved syntax evidence
得魚忘筌	u	chengyu		china-idiom+agent	insufficient-syntax-evidence	low	accept	conservative syntax review	u|none|low	OK	conservative terminal: no approved syntax evidence
從井救人	u	chengyu		china-idiom+agent	insufficient-syntax-evidence	low	accept	conservative syntax review	u|none|low	OK	conservative terminal: no approved syntax evidence
從善如流	u	chengyu		china-idiom+agent	insufficient-syntax-evidence	low	accept	conservative syntax review	u|none|low	OK	conservative terminal: no approved syntax evidence
從天而降	u	chengyu		china-idiom+agent	insufficient-syntax-evidence	low	accept	conservative syntax review	u|none|low	OK	conservative terminal: no approved syntax evidence
從容自如	u	chengyu		china-idiom+agent	insufficient-syntax-evidence	low	accept	conservative syntax review	u|none|low	OK	conservative terminal: no approved syntax evidence
循名責實	u	chengyu		china-idiom+agent	insufficient-syntax-evidence	low	accept	conservative syntax review	u|none|low	OK	conservative terminal: no approved syntax evidence
循循善誘	u	chengyu		china-idiom+agent	insufficient-syntax-evidence	low	accept	conservative syntax review	u|none|low	OK	conservative terminal: no approved syntax evidence
微言大義	u	chengyu		china-idiom+agent	insufficient-syntax-evidence	low	accept	conservative syntax review	u|none|low	OK	conservative terminal: no approved syntax evidence
徵名責實	u	chengyu		china-idiom+agent	insufficient-syntax-evidence	low	accept	conservative syntax review	u|none|low	OK	conservative terminal: no approved syntax evidence
德高望重	u	chengyu		china-idiom+agent	insufficient-syntax-evidence	low	accept	conservative syntax review	u|none|low	OK	conservative terminal: no approved syntax evidence
心中無數	u	chengyu		china-idiom+agent	insufficient-syntax-evidence	low	accept	conservative syntax review	u|none|low	OK	conservative terminal: no approved syntax evidence
心勞日拙	u	chengyu		china-idiom+agent	insufficient-syntax-evidence	low	accept	conservative syntax review	u|none|low	OK	conservative terminal: no approved syntax evidence
心回意轉	u	chengyu		china-idiom+agent	insufficient-syntax-evidence	low	accept	conservative syntax review	u|none|low	OK	conservative terminal: no approved syntax evidence
心廣體胖	u	chengyu		china-idiom+agent	insufficient-syntax-evidence	low	accept	conservative syntax review	u|none|low	OK	conservative terminal: no approved syntax evidence
心往神馳	u	chengyu		china-idiom+agent	insufficient-syntax-evidence	low	accept	conservative syntax review	u|none|low	OK	conservative terminal: no approved syntax evidence
心心相印	u	chengyu		china-idiom+agent	insufficient-syntax-evidence	low	accept	conservative syntax review	u|none|low	OK	conservative terminal: no approved syntax evidence
心慈手軟	u	chengyu		china-idiom+agent	insufficient-syntax-evidence	low	accept	conservative syntax review	u|none|low	OK	conservative terminal: no approved syntax evidence
心拙口夯	u	chengyu		china-idiom+agent	insufficient-syntax-evidence	low	accept	conservative syntax review	u|none|low	OK	conservative terminal: no approved syntax evidence
心曠神怡	u	chengyu		china-idiom+agent	insufficient-syntax-evidence	low	accept	conservative syntax review	u|none|low	OK	conservative terminal: no approved syntax evidence
心有靈犀一點通	u	chengyu		china-idiom+agent	insufficient-syntax-evidence	low	accept	conservative syntax review	u|none|low	OK	conservative terminal: no approved syntax evidence
心服口服	u	chengyu		china-idiom+agent	insufficient-syntax-evidence	low	accept	conservative syntax review	u|none|low	OK	conservative terminal: no approved syntax evidence
心灰意冷	u	chengyu		china-idiom+agent	insufficient-syntax-evidence	low	accept	conservative syntax review	u|none|low	OK	conservative terminal: no approved syntax evidence
心灰意懶	u	chengyu		china-idiom+agent	insufficient-syntax-evidence	low	accept	conservative syntax review	u|none|low	OK	conservative terminal: no approved syntax evidence
心無二用	u	chengyu		china-idiom+agent	insufficient-syntax-evidence	low	accept	conservative syntax review	u|none|low	OK	conservative terminal: no approved syntax evidence
心照不宣	u	chengyu		china-idiom+agent	insufficient-syntax-evidence	low	accept	conservative syntax review	u|none|low	OK	conservative terminal: no approved syntax evidence
心煩意亂	u	chengyu		china-idiom+agent	insufficient-syntax-evidence	low	accept	conservative syntax review	u|none|low	OK	conservative terminal: no approved syntax evidence
心狠手辣	u	chengyu		china-idiom+agent	insufficient-syntax-evidence	low	accept	conservative syntax review	u|none|low	OK	conservative terminal: no approved syntax evidence
心病還須心藥醫	u	chengyu		china-idiom+agent	clause-without-syntax-slot	low	accept	conservative syntax review	u|none|low	OK	conservative terminal: no approved syntax evidence
心直口快	u	chengyu		china-idiom+agent	insufficient-syntax-evidence	low	accept	conservative syntax review	u|none|low	OK	conservative terminal: no approved syntax evidence
心直嘴快	u	chengyu		china-idiom+agent	insufficient-syntax-evidence	low	accept	conservative syntax review	u|none|low	OK	conservative terminal: no approved syntax evidence
心神不定	u	chengyu		china-idiom+agent	insufficient-syntax-evidence	low	accept	conservative syntax review	u|none|low	OK	conservative terminal: no approved syntax evidence
心花怒放	u	chengyu		china-idiom+agent	insufficient-syntax-evidence	low	accept	conservative syntax review	u|none|low	OK	conservative terminal: no approved syntax evidence
心血來潮	u	chengyu		china-idiom+agent	insufficient-syntax-evidence	low	accept	conservative syntax review	u|none|low	OK	conservative terminal: no approved syntax evidence
心靈手巧	u	chengyu		china-idiom+agent	insufficient-syntax-evidence	low	accept	conservative syntax review	u|none|low	OK	conservative terminal: no approved syntax evidence
心領神悟	u	chengyu		china-idiom+agent	insufficient-syntax-evidence	low	accept	conservative syntax review	u|none|low	OK	conservative terminal: no approved syntax evidence
心領神會	u	chengyu		china-idiom+agent	insufficient-syntax-evidence	low	accept	conservative syntax review	u|none|low	OK	conservative terminal: no approved syntax evidence
心頭鹿撞	u	chengyu		china-idiom+agent	insufficient-syntax-evidence	low	accept	conservative syntax review	u|none|low	OK	conservative terminal: no approved syntax evidence
心驚肉跳	u	chengyu		china-idiom+agent	insufficient-syntax-evidence	low	accept	conservative syntax review	u|none|low	OK	conservative terminal: no approved syntax evidence
心驚膽戰	u	chengyu		china-idiom+agent	insufficient-syntax-evidence	low	accept	conservative syntax review	u|none|low	OK	conservative terminal: no approved syntax evidence
必不得已	u	chengyu		china-idiom+agent	insufficient-syntax-evidence	low	accept	conservative syntax review	u|none|low	OK	conservative terminal: no approved syntax evidence
必恭必敬	u	chengyu		china-idiom+agent	insufficient-syntax-evidence	low	accept	conservative syntax review	u|none|low	OK	conservative terminal: no approved syntax evidence
忍俊不禁	u	chengyu		china-idiom+agent	insufficient-syntax-evidence	low	accept	conservative syntax review	u|none|low	OK	conservative terminal: no approved syntax evidence
忍垢偷生	u	chengyu		china-idiom+agent	insufficient-syntax-evidence	low	accept	conservative syntax review	u|none|low	OK	conservative terminal: no approved syntax evidence
忍辱偷生	u	chengyu		china-idiom+agent	insufficient-syntax-evidence	low	accept	conservative syntax review	u|none|low	OK	conservative terminal: no approved syntax evidence
忍辱含垢	u	chengyu		china-idiom+agent	insufficient-syntax-evidence	low	accept	conservative syntax review	u|none|low	OK	conservative terminal: no approved syntax evidence
忐忑不安	u	chengyu		china-idiom+agent	insufficient-syntax-evidence	low	accept	conservative syntax review	u|none|low	OK	conservative terminal: no approved syntax evidence
志大才疏	u	chengyu		china-idiom+agent	insufficient-syntax-evidence	low	accept	conservative syntax review	u|none|low	OK	conservative terminal: no approved syntax evidence
志高氣揚	u	chengyu		china-idiom+agent	insufficient-syntax-evidence	low	accept	conservative syntax review	u|none|low	OK	conservative terminal: no approved syntax evidence
忘其所以	u	chengyu		china-idiom+agent	insufficient-syntax-evidence	low	accept	conservative syntax review	u|none|low	OK	conservative terminal: no approved syntax evidence
忘年交	u	chengyu		china-idiom+agent	insufficient-syntax-evidence	low	accept	conservative syntax review	u|none|low	OK	conservative terminal: no approved syntax evidence
忙中有失	u	chengyu		china-idiom+agent	insufficient-syntax-evidence	low	accept	conservative syntax review	u|none|low	OK	conservative terminal: no approved syntax evidence
忙中有錯	u	chengyu		china-idiom+agent	insufficient-syntax-evidence	low	accept	conservative syntax review	u|none|low	OK	conservative terminal: no approved syntax evidence
快人快事	u	chengyu		china-idiom+agent	insufficient-syntax-evidence	low	accept	conservative syntax review	u|none|low	OK	conservative terminal: no approved syntax evidence
快刀斬亂麻	u	chengyu		china-idiom+agent	insufficient-syntax-evidence	low	accept	conservative syntax review	u|none|low	OK	conservative terminal: no approved syntax evidence
快馬加鞭	u	chengyu		china-idiom+agent	insufficient-syntax-evidence	low	accept	conservative syntax review	u|none|low	OK	conservative terminal: no approved syntax evidence
念念不忘	u	chengyu		china-idiom+agent	insufficient-syntax-evidence	low	accept	conservative syntax review	u|none|low	OK	conservative terminal: no approved syntax evidence
忿然作色	u	chengyu		china-idiom+agent	insufficient-syntax-evidence	low	accept	conservative syntax review	u|none|low	OK	conservative terminal: no approved syntax evidence
怒不可遏	u	chengyu		china-idiom+agent	insufficient-syntax-evidence	low	accept	conservative syntax review	u|none|low	OK	conservative terminal: no approved syntax evidence
怒形於色	u	chengyu		china-idiom+agent	insufficient-syntax-evidence	low	accept	conservative syntax review	u|none|low	OK	conservative terminal: no approved syntax evidence
怒目切齒	u	chengyu		china-idiom+agent	insufficient-syntax-evidence	low	accept	conservative syntax review	u|none|low	OK	conservative terminal: no approved syntax evidence
怡顏悦色	u	chengyu		china-idiom+agent	insufficient-syntax-evidence	low	accept	conservative syntax review	u|none|low	OK	conservative terminal: no approved syntax evidence
急不可待	u	chengyu		china-idiom+agent	insufficient-syntax-evidence	low	accept	conservative syntax review	u|none|low	OK	conservative terminal: no approved syntax evidence
急中生智	u	chengyu		china-idiom+agent	insufficient-syntax-evidence	low	accept	conservative syntax review	u|none|low	OK	conservative terminal: no approved syntax evidence
急功近利	u	chengyu		china-idiom+agent	insufficient-syntax-evidence	low	accept	conservative syntax review	u|none|low	OK	conservative terminal: no approved syntax evidence
急如星火	u	chengyu		china-idiom+agent	insufficient-syntax-evidence	low	accept	conservative syntax review	u|none|low	OK	conservative terminal: no approved syntax evidence
急如風火	u	chengyu		china-idiom+agent	insufficient-syntax-evidence	low	accept	conservative syntax review	u|none|low	OK	conservative terminal: no approved syntax evidence
急於星火	u	chengyu		china-idiom+agent	insufficient-syntax-evidence	low	accept	conservative syntax review	u|none|low	OK	conservative terminal: no approved syntax evidence
急於求成	u	chengyu		china-idiom+agent	insufficient-syntax-evidence	low	accept	conservative syntax review	u|none|low	OK	conservative terminal: no approved syntax evidence
急景流年	u	chengyu		china-idiom+agent	insufficient-syntax-evidence	low	accept	conservative syntax review	u|none|low	OK	conservative terminal: no approved syntax evidence
急流勇退	u	chengyu		china-idiom+agent	insufficient-syntax-evidence	low	accept	conservative syntax review	u|none|low	OK	conservative terminal: no approved syntax evidence
急脈緩受	u	chengyu		china-idiom+agent	insufficient-syntax-evidence	low	accept	conservative syntax review	u|none|low	OK	conservative terminal: no approved syntax evidence
急起直追	u	chengyu		china-idiom+agent	insufficient-syntax-evidence	low	accept	conservative syntax review	u|none|low	OK	conservative terminal: no approved syntax evidence
急轉直下	u	chengyu		china-idiom+agent	insufficient-syntax-evidence	low	accept	conservative syntax review	u|none|low	OK	conservative terminal: no approved syntax evidence
急風暴雨	u	chengyu		china-idiom+agent	insufficient-syntax-evidence	low	accept	conservative syntax review	u|none|low	OK	conservative terminal: no approved syntax evidence
怨入骨髓	u	chengyu		china-idiom+agent	insufficient-syntax-evidence	low	accept	conservative syntax review	u|none|low	OK	conservative terminal: no approved syntax evidence
怨天怨地	u	chengyu		china-idiom+agent	insufficient-syntax-evidence	low	accept	conservative syntax review	u|none|low	OK	conservative terminal: no approved syntax evidence
怨聲載道	u	chengyu		china-idiom+agent	insufficient-syntax-evidence	low	accept	conservative syntax review	u|none|low	OK	conservative terminal: no approved syntax evidence
恆河沙數	u	chengyu		china-idiom+agent	insufficient-syntax-evidence	low	accept	conservative syntax review	u|none|low	OK	conservative terminal: no approved syntax evidence
恍如夢境	u	chengyu		china-idiom+agent	insufficient-syntax-evidence	low	accept	conservative syntax review	u|none|low	OK	conservative terminal: no approved syntax evidence
恢恢有餘	u	chengyu		china-idiom+agent	insufficient-syntax-evidence	low	accept	conservative syntax review	u|none|low	OK	conservative terminal: no approved syntax evidence
恨之入骨	u	chengyu		china-idiom+agent	insufficient-syntax-evidence	low	accept	conservative syntax review	u|none|low	OK	conservative terminal: no approved syntax evidence
恨入骨髓	u	chengyu		china-idiom+agent	insufficient-syntax-evidence	low	accept	conservative syntax review	u|none|low	OK	conservative terminal: no approved syntax evidence
恨海難填	u	chengyu		china-idiom+agent	insufficient-syntax-evidence	low	accept	conservative syntax review	u|none|low	OK	conservative terminal: no approved syntax evidence
恨鐵不成鋼	u	chengyu		china-idiom+agent	insufficient-syntax-evidence	low	accept	conservative syntax review	u|none|low	OK	conservative terminal: no approved syntax evidence
恩同再造	u	chengyu		china-idiom+agent	insufficient-syntax-evidence	low	accept	conservative syntax review	u|none|low	OK	conservative terminal: no approved syntax evidence
恩重如山	u	chengyu		china-idiom+agent	insufficient-syntax-evidence	low	accept	conservative syntax review	u|none|low	OK	conservative terminal: no approved syntax evidence
恪守不渝	u	chengyu		china-idiom+agent	insufficient-syntax-evidence	low	accept	conservative syntax review	u|none|low	OK	conservative terminal: no approved syntax evidence
恭敬不如從命	u	chengyu		china-idiom+agent	insufficient-syntax-evidence	low	accept	conservative syntax review	u|none|low	OK	conservative terminal: no approved syntax evidence
恰到好處	u	chengyu		china-idiom+agent	insufficient-syntax-evidence	low	accept	conservative syntax review	u|none|low	OK	conservative terminal: no approved syntax evidence
悔之無及	u	chengyu		china-idiom+agent	insufficient-syntax-evidence	low	accept	conservative syntax review	u|none|low	OK	conservative terminal: no approved syntax evidence
悔過自新	u	chengyu		china-idiom+agent	insufficient-syntax-evidence	low	accept	conservative syntax review	u|none|low	OK	conservative terminal: no approved syntax evidence
悠然自得	u	chengyu		china-idiom+agent	insufficient-syntax-evidence	low	accept	conservative syntax review	u|none|low	OK	conservative terminal: no approved syntax evidence
患得患失	u	chengyu		china-idiom+agent	insufficient-syntax-evidence	low	accept	conservative syntax review	u|none|low	OK	conservative terminal: no approved syntax evidence
悲不自勝	u	chengyu		china-idiom+agent	insufficient-syntax-evidence	low	accept	conservative syntax review	u|none|low	OK	conservative terminal: no approved syntax evidence
悲天憫人	u	chengyu		china-idiom+agent	insufficient-syntax-evidence	low	accept	conservative syntax review	u|none|low	OK	conservative terminal: no approved syntax evidence
悲觀厭世	u	chengyu		china-idiom+agent	insufficient-syntax-evidence	low	accept	conservative syntax review	u|none|low	OK	conservative terminal: no approved syntax evidence
悵然自失	u	chengyu		china-idiom+agent	insufficient-syntax-evidence	low	accept	conservative syntax review	u|none|low	OK	conservative terminal: no approved syntax evidence
悵然若失	u	chengyu		china-idiom+agent	insufficient-syntax-evidence	low	accept	conservative syntax review	u|none|low	OK	conservative terminal: no approved syntax evidence
悽風苦雨	u	chengyu		china-idiom+agent	insufficient-syntax-evidence	low	accept	conservative syntax review	u|none|low	OK	conservative terminal: no approved syntax evidence
情不可卻	u	chengyu		china-idiom+agent	insufficient-syntax-evidence	low	accept	conservative syntax review	u|none|low	OK	conservative terminal: no approved syntax evidence
情人眼裏出西施	u	chengyu		china-idiom+agent	clause-without-syntax-slot	low	accept	conservative syntax review	u|none|low	OK	conservative terminal: no approved syntax evidence
情同骨肉	u	chengyu		china-idiom+agent	insufficient-syntax-evidence	low	accept	conservative syntax review	u|none|low	OK	conservative terminal: no approved syntax evidence
情急智生	u	chengyu		china-idiom+agent	insufficient-syntax-evidence	low	accept	conservative syntax review	u|none|low	OK	conservative terminal: no approved syntax evidence
情有可原	u	chengyu		china-idiom+agent	insufficient-syntax-evidence	low	accept	conservative syntax review	u|none|low	OK	conservative terminal: no approved syntax evidence
情深義重	u	chengyu		china-idiom+agent	insufficient-syntax-evidence	low	accept	conservative syntax review	u|none|low	OK	conservative terminal: no approved syntax evidence
情理難容	u	chengyu		china-idiom+agent	insufficient-syntax-evidence	low	accept	conservative syntax review	u|none|low	OK	conservative terminal: no approved syntax evidence
情至意盡	u	chengyu		china-idiom+agent	insufficient-syntax-evidence	low	accept	conservative syntax review	u|none|low	OK	conservative terminal: no approved syntax evidence
情逾骨肉	u	chengyu		china-idiom+agent	insufficient-syntax-evidence	low	accept	conservative syntax review	u|none|low	OK	conservative terminal: no approved syntax evidence
情隨事遷	u	chengyu		china-idiom+agent	insufficient-syntax-evidence	low	accept	conservative syntax review	u|none|low	OK	conservative terminal: no approved syntax evidence
惜字如金	u	chengyu		china-idiom+agent	insufficient-syntax-evidence	low	accept	conservative syntax review	u|none|low	OK	conservative terminal: no approved syntax evidence
惜指失掌	u	chengyu		china-idiom+agent	insufficient-syntax-evidence	low	accept	conservative syntax review	u|none|low	OK	conservative terminal: no approved syntax evidence
惜玉憐香	u	chengyu		china-idiom+agent	insufficient-syntax-evidence	low	accept	conservative syntax review	u|none|low	OK	conservative terminal: no approved syntax evidence
惜老憐貧	u	chengyu		china-idiom+agent	insufficient-syntax-evidence	low	accept	conservative syntax review	u|none|low	OK	conservative terminal: no approved syntax evidence
惟力是視	u	chengyu		china-idiom+agent	insufficient-syntax-evidence	low	accept	conservative syntax review	u|none|low	OK	conservative terminal: no approved syntax evidence
惟妙惟肖	u	chengyu		china-idiom+agent	insufficient-syntax-evidence	low	accept	conservative syntax review	u|none|low	OK	conservative terminal: no approved syntax evidence
惡作劇	u	chengyu		china-idiom+agent	insufficient-syntax-evidence	low	accept	conservative syntax review	u|none|low	OK	conservative terminal: no approved syntax evidence
惡叉白賴	u	chengyu		china-idiom+agent	insufficient-syntax-evidence	low	accept	conservative syntax review	u|none|low	OK	conservative terminal: no approved syntax evidence
惡語中傷	u	chengyu		china-idiom+agent	insufficient-syntax-evidence	low	accept	conservative syntax review	u|none|low	OK	conservative terminal: no approved syntax evidence
惡貫滿盈	u	chengyu		china-idiom+agent	insufficient-syntax-evidence	low	accept	conservative syntax review	u|none|low	OK	conservative terminal: no approved syntax evidence
惱羞成怒	u	chengyu		china-idiom+agent	insufficient-syntax-evidence	low	accept	conservative syntax review	u|none|low	OK	conservative terminal: no approved syntax evidence
想入非非	u	chengyu		china-idiom+agent	insufficient-syntax-evidence	low	accept	conservative syntax review	u|none|low	OK	conservative terminal: no approved syntax evidence
想當然	u	chengyu		china-idiom+agent	insufficient-syntax-evidence	low	accept	conservative syntax review	u|none|low	OK	conservative terminal: no approved syntax evidence
惴惴不安	u	chengyu		china-idiom+agent	insufficient-syntax-evidence	low	accept	conservative syntax review	u|none|low	OK	conservative terminal: no approved syntax evidence
惶恐不安	u	chengyu		china-idiom+agent	insufficient-syntax-evidence	low	accept	conservative syntax review	u|none|low	OK	conservative terminal: no approved syntax evidence
惶惶不可終日	u	chengyu		china-idiom+agent	insufficient-syntax-evidence	low	accept	conservative syntax review	u|none|low	OK	conservative terminal: no approved syntax evidence
惹事生非	u	chengyu		china-idiom+agent	insufficient-syntax-evidence	low	accept	conservative syntax review	u|none|low	OK	conservative terminal: no approved syntax evidence
惹是生非	u	chengyu		china-idiom+agent	insufficient-syntax-evidence	low	accept	conservative syntax review	u|none|low	OK	conservative terminal: no approved syntax evidence
惹火燒身	u	chengyu		china-idiom+agent	insufficient-syntax-evidence	low	accept	conservative syntax review	u|none|low	OK	conservative terminal: no approved syntax evidence
惹草拈花	u	chengyu		china-idiom+agent	insufficient-syntax-evidence	low	accept	conservative syntax review	u|none|low	OK	conservative terminal: no approved syntax evidence
惹草沾花	u	chengyu		china-idiom+agent	insufficient-syntax-evidence	low	accept	conservative syntax review	u|none|low	OK	conservative terminal: no approved syntax evidence
愁眉鎖眼	u	chengyu		china-idiom+agent	insufficient-syntax-evidence	low	accept	conservative syntax review	u|none|low	OK	conservative terminal: no approved syntax evidence
愁腸百結	u	chengyu		china-idiom+agent	insufficient-syntax-evidence	low	accept	conservative syntax review	u|none|low	OK	conservative terminal: no approved syntax evidence
意氣用事	u	chengyu		china-idiom+agent	insufficient-syntax-evidence	low	accept	conservative syntax review	u|none|low	OK	conservative terminal: no approved syntax evidence
意氣相投	u	chengyu		china-idiom+agent	insufficient-syntax-evidence	low	accept	conservative syntax review	u|none|low	OK	conservative terminal: no approved syntax evidence
意氣風發	u	chengyu		china-idiom+agent	insufficient-syntax-evidence	low	accept	conservative syntax review	u|none|low	OK	conservative terminal: no approved syntax evidence
意馬心猿	u	chengyu		china-idiom+agent	insufficient-syntax-evidence	low	accept	conservative syntax review	u|none|low	OK	conservative terminal: no approved syntax evidence
愚不可及	u	chengyu		china-idiom+agent	insufficient-syntax-evidence	low	accept	conservative syntax review	u|none|low	OK	conservative terminal: no approved syntax evidence
愚公移山	u	chengyu		china-idiom+agent	insufficient-syntax-evidence	low	accept	conservative syntax review	u|none|low	OK	conservative terminal: no approved syntax evidence
愚夫愚婦	u	chengyu		china-idiom+agent	insufficient-syntax-evidence	low	accept	conservative syntax review	u|none|low	OK	conservative terminal: no approved syntax evidence
愛不忍釋	u	chengyu		china-idiom+agent	insufficient-syntax-evidence	low	accept	conservative syntax review	u|none|low	OK	conservative terminal: no approved syntax evidence
愛不釋手	u	chengyu		china-idiom+agent	insufficient-syntax-evidence	low	accept	conservative syntax review	u|none|low	OK	conservative terminal: no approved syntax evidence
愛別離苦	u	chengyu		china-idiom+agent	insufficient-syntax-evidence	low	accept	conservative syntax review	u|none|low	OK	conservative terminal: no approved syntax evidence
愛國如家	u	chengyu		china-idiom+agent	insufficient-syntax-evidence	low	accept	conservative syntax review	u|none|low	OK	conservative terminal: no approved syntax evidence
愛屋及烏	u	chengyu		china-idiom+agent	insufficient-syntax-evidence	low	accept	conservative syntax review	u|none|low	OK	conservative terminal: no approved syntax evidence
愛憎分明	u	chengyu		china-idiom+agent	insufficient-syntax-evidence	low	accept	conservative syntax review	u|none|low	OK	conservative terminal: no approved syntax evidence
愛莫能助	u	chengyu		china-idiom+agent	insufficient-syntax-evidence	low	accept	conservative syntax review	u|none|low	OK	conservative terminal: no approved syntax evidence
愛財如命	u	chengyu		china-idiom+agent	insufficient-syntax-evidence	low	accept	conservative syntax review	u|none|low	OK	conservative terminal: no approved syntax evidence
感人肺腑	u	chengyu		china-idiom+agent	insufficient-syntax-evidence	low	accept	conservative syntax review	u|none|low	OK	conservative terminal: no approved syntax evidence
感恩圖報	u	chengyu		china-idiom+agent	insufficient-syntax-evidence	low	accept	conservative syntax review	u|none|low	OK	conservative terminal: no approved syntax evidence
感恩戴德	u	chengyu		china-idiom+agent	insufficient-syntax-evidence	low	accept	conservative syntax review	u|none|low	OK	conservative terminal: no approved syntax evidence
感情用事	u	chengyu		china-idiom+agent	insufficient-syntax-evidence	low	accept	conservative syntax review	u|none|low	OK	conservative terminal: no approved syntax evidence
感激涕零	u	chengyu		china-idiom+agent	insufficient-syntax-evidence	low	accept	conservative syntax review	u|none|low	OK	conservative terminal: no approved syntax evidence
愧悔無地	u	chengyu		china-idiom+agent	insufficient-syntax-evidence	low	accept	conservative syntax review	u|none|low	OK	conservative terminal: no approved syntax evidence
慈悲為本	u	chengyu		china-idiom+agent	insufficient-syntax-evidence	low	accept	conservative syntax review	u|none|low	OK	conservative terminal: no approved syntax evidence
慈眉善眼	u	chengyu		china-idiom+agent	insufficient-syntax-evidence	low	accept	conservative syntax review	u|none|low	OK	conservative terminal: no approved syntax evidence
慌手慌腳	u	chengyu		china-idiom+agent	insufficient-syntax-evidence	low	accept	conservative syntax review	u|none|low	OK	conservative terminal: no approved syntax evidence
慎終追遠	u	chengyu		china-idiom+agent	insufficient-syntax-evidence	low	accept	conservative syntax review	u|none|low	OK	conservative terminal: no approved syntax evidence
慘不忍聞	u	chengyu		china-idiom+agent	insufficient-syntax-evidence	low	accept	conservative syntax review	u|none|low	OK	conservative terminal: no approved syntax evidence
慘無人道	u	chengyu		china-idiom+agent	insufficient-syntax-evidence	low	accept	conservative syntax review	u|none|low	OK	conservative terminal: no approved syntax evidence
慘絕人寰	u	chengyu		china-idiom+agent	insufficient-syntax-evidence	low	accept	conservative syntax review	u|none|low	OK	conservative terminal: no approved syntax evidence
慘綠少年	u	chengyu		china-idiom+agent	insufficient-syntax-evidence	low	accept	conservative syntax review	u|none|low	OK	conservative terminal: no approved syntax evidence
慘綠愁紅	u	chengyu		china-idiom+agent	insufficient-syntax-evidence	low	accept	conservative syntax review	u|none|low	OK	conservative terminal: no approved syntax evidence
慷他人之慨	u	chengyu		china-idiom+agent	insufficient-syntax-evidence	low	accept	conservative syntax review	u|none|low	OK	conservative terminal: no approved syntax evidence
慷慨激昂	u	chengyu		china-idiom+agent	insufficient-syntax-evidence	low	accept	conservative syntax review	u|none|low	OK	conservative terminal: no approved syntax evidence
慷慨解囊	u	chengyu		china-idiom+agent	insufficient-syntax-evidence	low	accept	conservative syntax review	u|none|low	OK	conservative terminal: no approved syntax evidence
慷慨輸將	u	chengyu		china-idiom+agent	insufficient-syntax-evidence	low	accept	conservative syntax review	u|none|low	OK	conservative terminal: no approved syntax evidence
慷慨陳詞	u	chengyu		china-idiom+agent	insufficient-syntax-evidence	low	accept	conservative syntax review	u|none|low	OK	conservative terminal: no approved syntax evidence
慾壑難填	u	chengyu		china-idiom+agent	insufficient-syntax-evidence	low	accept	conservative syntax review	u|none|low	OK	conservative terminal: no approved syntax evidence
憂國憂民	u	chengyu		china-idiom+agent	insufficient-syntax-evidence	low	accept	conservative syntax review	u|none|low	OK	conservative terminal: no approved syntax evidence
憂形於色	u	chengyu		china-idiom+agent	insufficient-syntax-evidence	low	accept	conservative syntax review	u|none|low	OK	conservative terminal: no approved syntax evidence
憂心如焚	u	chengyu		china-idiom+agent	insufficient-syntax-evidence	low	accept	conservative syntax review	u|none|low	OK	conservative terminal: no approved syntax evidence
憐香惜玉	u	chengyu		china-idiom+agent	insufficient-syntax-evidence	low	accept	conservative syntax review	u|none|low	OK	conservative terminal: no approved syntax evidence
憑白無故	u	chengyu		china-idiom+agent	insufficient-syntax-evidence	low	accept	conservative syntax review	u|none|low	OK	conservative terminal: no approved syntax evidence
憑軾結轍	u	chengyu		china-idiom+agent	insufficient-syntax-evidence	low	accept	conservative syntax review	u|none|low	OK	conservative terminal: no approved syntax evidence
憤不顧身	u	chengyu		china-idiom+agent	insufficient-syntax-evidence	low	accept	conservative syntax review	u|none|low	OK	conservative terminal: no approved syntax evidence
應付裕如	u	chengyu		china-idiom+agent	insufficient-syntax-evidence	low	accept	conservative syntax review	u|none|low	OK	conservative terminal: no approved syntax evidence
應天承運	u	chengyu		china-idiom+agent	insufficient-syntax-evidence	low	accept	conservative syntax review	u|none|low	OK	conservative terminal: no approved syntax evidence
應對如流	u	chengyu		china-idiom+agent	insufficient-syntax-evidence	low	accept	conservative syntax review	u|none|low	OK	conservative terminal: no approved syntax evidence
應機立斷	u	chengyu		china-idiom+agent	insufficient-syntax-evidence	low	accept	conservative syntax review	u|none|low	OK	conservative terminal: no approved syntax evidence
應答如流	u	chengyu		china-idiom+agent	insufficient-syntax-evidence	low	accept	conservative syntax review	u|none|low	OK	conservative terminal: no approved syntax evidence
應聲蟲	u	chengyu		china-idiom+agent	insufficient-syntax-evidence	low	accept	conservative syntax review	u|none|low	OK	conservative terminal: no approved syntax evidence
懲一戒百	u	chengyu		china-idiom+agent	insufficient-syntax-evidence	low	accept	conservative syntax review	u|none|low	OK	conservative terminal: no approved syntax evidence
懲前毖後	u	chengyu		china-idiom+agent	insufficient-syntax-evidence	low	accept	conservative syntax review	u|none|low	OK	conservative terminal: no approved syntax evidence
懲惡勸善	u	chengyu		china-idiom+agent	insufficient-syntax-evidence	low	accept	conservative syntax review	u|none|low	OK	conservative terminal: no approved syntax evidence
懷才不遇	u	chengyu		china-idiom+agent	insufficient-syntax-evidence	low	accept	conservative syntax review	u|none|low	OK	conservative terminal: no approved syntax evidence
懷敵附遠	u	chengyu		china-idiom+agent	insufficient-syntax-evidence	low	accept	conservative syntax review	u|none|low	OK	conservative terminal: no approved syntax evidence
懸崖勒馬	u	chengyu		china-idiom+agent	insufficient-syntax-evidence	low	accept	conservative syntax review	u|none|low	OK	conservative terminal: no approved syntax evidence
成人之美	u	chengyu		china-idiom+agent	insufficient-syntax-evidence	low	accept	conservative syntax review	u|none|low	OK	conservative terminal: no approved syntax evidence
成仁取義	u	chengyu		china-idiom+agent	insufficient-syntax-evidence	low	accept	conservative syntax review	u|none|low	OK	conservative terminal: no approved syntax evidence
成敗在此一舉	u	chengyu		china-idiom+agent	insufficient-syntax-evidence	low	accept	conservative syntax review	u|none|low	OK	conservative terminal: no approved syntax evidence
成敗論人	u	chengyu		china-idiom+agent	insufficient-syntax-evidence	low	accept	conservative syntax review	u|none|low	OK	conservative terminal: no approved syntax evidence
成王敗寇	u	chengyu		china-idiom+agent	insufficient-syntax-evidence	low	accept	conservative syntax review	u|none|low	OK	conservative terminal: no approved syntax evidence
成竹在胸	u	chengyu		china-idiom+agent	insufficient-syntax-evidence	low	accept	conservative syntax review	u|none|low	OK	conservative terminal: no approved syntax evidence
成雙作對	u	chengyu		china-idiom+agent	insufficient-syntax-evidence	low	accept	conservative syntax review	u|none|low	OK	conservative terminal: no approved syntax evidence
成龍配套	u	chengyu		china-idiom+agent	insufficient-syntax-evidence	low	accept	conservative syntax review	u|none|low	OK	conservative terminal: no approved syntax evidence
我行我素	u	chengyu		china-idiom+agent	insufficient-syntax-evidence	low	accept	conservative syntax review	u|none|low	OK	conservative terminal: no approved syntax evidence
我醉欲眠	u	chengyu		china-idiom+agent	insufficient-syntax-evidence	low	accept	conservative syntax review	u|none|low	OK	conservative terminal: no approved syntax evidence
戟指怒目	u	chengyu		china-idiom+agent	insufficient-syntax-evidence	low	accept	conservative syntax review	u|none|low	OK	conservative terminal: no approved syntax evidence
截趾適履	u	chengyu		china-idiom+agent	insufficient-syntax-evidence	low	accept	conservative syntax review	u|none|low	OK	conservative terminal: no approved syntax evidence
截長補短	u	chengyu		china-idiom+agent	insufficient-syntax-evidence	low	accept	conservative syntax review	u|none|low	OK	conservative terminal: no approved syntax evidence
戮力同心	u	chengyu		china-idiom+agent	insufficient-syntax-evidence	low	accept	conservative syntax review	u|none|low	OK	conservative terminal: no approved syntax evidence
戰戰慄慄	u	chengyu		china-idiom+agent	insufficient-syntax-evidence	low	accept	conservative syntax review	u|none|low	OK	conservative terminal: no approved syntax evidence
戳心灌髓	u	chengyu		china-idiom+agent	insufficient-syntax-evidence	low	accept	conservative syntax review	u|none|low	OK	conservative terminal: no approved syntax evidence
户告人曉	u	chengyu		china-idiom+agent	insufficient-syntax-evidence	low	accept	conservative syntax review	u|none|low	OK	conservative terminal: no approved syntax evidence
户限為穿	u	chengyu		china-idiom+agent	insufficient-syntax-evidence	low	accept	conservative syntax review	u|none|low	OK	conservative terminal: no approved syntax evidence
手不釋卷	u	chengyu		china-idiom+agent	insufficient-syntax-evidence	low	accept	conservative syntax review	u|none|low	OK	conservative terminal: no approved syntax evidence
手到拈來	u	chengyu		china-idiom+agent	insufficient-syntax-evidence	low	accept	conservative syntax review	u|none|low	OK	conservative terminal: no approved syntax evidence
手到拿來	u	chengyu		china-idiom+agent	insufficient-syntax-evidence	low	accept	conservative syntax review	u|none|low	OK	conservative terminal: no approved syntax evidence
手到擒來	u	chengyu		china-idiom+agent	insufficient-syntax-evidence	low	accept	conservative syntax review	u|none|low	OK	conservative terminal: no approved syntax evidence
手疾眼快	u	chengyu		china-idiom+agent	insufficient-syntax-evidence	low	accept	conservative syntax review	u|none|low	OK	conservative terminal: no approved syntax evidence
手腳乾淨	u	chengyu		china-idiom+agent	insufficient-syntax-evidence	low	accept	conservative syntax review	u|none|low	OK	conservative terminal: no approved syntax evidence
手舞足蹈	u	chengyu		china-idiom+agent	insufficient-syntax-evidence	low	accept	conservative syntax review	u|none|low	OK	conservative terminal: no approved syntax evidence
手高手低	u	chengyu		china-idiom+agent	insufficient-syntax-evidence	low	accept	conservative syntax review	u|none|low	OK	conservative terminal: no approved syntax evidence
才兼文武	u	chengyu		china-idiom+agent	insufficient-syntax-evidence	low	accept	conservative syntax review	u|none|low	OK	conservative terminal: no approved syntax evidence
才氣過人	u	chengyu		china-idiom+agent	insufficient-syntax-evidence	low	accept	conservative syntax review	u|none|low	OK	conservative terminal: no approved syntax evidence
才華蓋世	u	chengyu		china-idiom+agent	insufficient-syntax-evidence	low	accept	conservative syntax review	u|none|low	OK	conservative terminal: no approved syntax evidence
才識過人	u	chengyu		china-idiom+agent	insufficient-syntax-evidence	low	accept	conservative syntax review	u|none|low	OK	conservative terminal: no approved syntax evidence
才高八斗	u	chengyu		china-idiom+agent	insufficient-syntax-evidence	low	accept	conservative syntax review	u|none|low	OK	conservative terminal: no approved syntax evidence
扒高踩低	u	chengyu		china-idiom+agent	insufficient-syntax-evidence	low	accept	conservative syntax review	u|none|low	OK	conservative terminal: no approved syntax evidence
打家劫舍	u	chengyu		china-idiom+agent	insufficient-syntax-evidence	low	accept	conservative syntax review	u|none|low	OK	conservative terminal: no approved syntax evidence
打富濟貧	u	chengyu		china-idiom+agent	insufficient-syntax-evidence	low	accept	conservative syntax review	u|none|low	OK	conservative terminal: no approved syntax evidence
打拱作揖	u	chengyu		china-idiom+agent	insufficient-syntax-evidence	low	accept	conservative syntax review	u|none|low	OK	conservative terminal: no approved syntax evidence
打蛇打七寸	u	chengyu		china-idiom+agent	insufficient-syntax-evidence	low	accept	conservative syntax review	u|none|low	OK	conservative terminal: no approved syntax evidence
打躬作揖	u	chengyu		china-idiom+agent	insufficient-syntax-evidence	low	accept	conservative syntax review	u|none|low	OK	conservative terminal: no approved syntax evidence
打退堂鼓	u	chengyu		china-idiom+agent	insufficient-syntax-evidence	low	accept	conservative syntax review	u|none|low	OK	conservative terminal: no approved syntax evidence
打邊鼓	u	chengyu		china-idiom+agent	insufficient-syntax-evidence	low	accept	conservative syntax review	u|none|low	OK	conservative terminal: no approved syntax evidence
打開天窗説亮話	u	chengyu		china-idiom+agent	clause-without-syntax-slot	low	accept	conservative syntax review	u|none|low	OK	conservative terminal: no approved syntax evidence
扣人心絃	u	chengyu		china-idiom+agent	insufficient-syntax-evidence	low	accept	conservative syntax review	u|none|low	OK	conservative terminal: no approved syntax evidence
扯順風旗	u	chengyu		china-idiom+agent	insufficient-syntax-evidence	low	accept	conservative syntax review	u|none|low	OK	conservative terminal: no approved syntax evidence
扳龍附鳳	u	chengyu		china-idiom+agent	insufficient-syntax-evidence	low	accept	conservative syntax review	u|none|low	OK	conservative terminal: no approved syntax evidence
扶弱抑強	u	chengyu		china-idiom+agent	insufficient-syntax-evidence	low	accept	conservative syntax review	u|none|low	OK	conservative terminal: no approved syntax evidence
扶搖直上	u	chengyu		china-idiom+agent	insufficient-syntax-evidence	low	accept	conservative syntax review	u|none|low	OK	conservative terminal: no approved syntax evidence
扶老攜幼	u	chengyu		china-idiom+agent	insufficient-syntax-evidence	low	accept	conservative syntax review	u|none|low	OK	conservative terminal: no approved syntax evidence
批亢搗虛	u	chengyu		china-idiom+agent	insufficient-syntax-evidence	low	accept	conservative syntax review	u|none|low	OK	conservative terminal: no approved syntax evidence
扼喉撫背	u	chengyu		china-idiom+agent	insufficient-syntax-evidence	low	accept	conservative syntax review	u|none|low	OK	conservative terminal: no approved syntax evidence
承上起下	u	chengyu		china-idiom+agent	insufficient-syntax-evidence	low	accept	conservative syntax review	u|none|low	OK	conservative terminal: no approved syntax evidence
承前啓後	u	chengyu		china-idiom+agent	insufficient-syntax-evidence	low	accept	conservative syntax review	u|none|low	OK	conservative terminal: no approved syntax evidence
把持不定	u	chengyu		china-idiom+agent	insufficient-syntax-evidence	low	accept	conservative syntax review	u|none|low	OK	conservative terminal: no approved syntax evidence
抑揚頓挫	u	chengyu		china-idiom+agent	insufficient-syntax-evidence	low	accept	conservative syntax review	u|none|low	OK	conservative terminal: no approved syntax evidence
投井下石	u	chengyu		china-idiom+agent	insufficient-syntax-evidence	low	accept	conservative syntax review	u|none|low	OK	conservative terminal: no approved syntax evidence
投機取巧	u	chengyu		china-idiom+agent	insufficient-syntax-evidence	low	accept	conservative syntax review	u|none|low	OK	conservative terminal: no approved syntax evidence
投袂而起	u	chengyu		china-idiom+agent	insufficient-syntax-evidence	low	accept	conservative syntax review	u|none|low	OK	conservative terminal: no approved syntax evidence
投閒置散	u	chengyu		china-idiom+agent	insufficient-syntax-evidence	low	accept	conservative syntax review	u|none|low	OK	conservative terminal: no approved syntax evidence
披堅執鋭	u	chengyu		china-idiom+agent	insufficient-syntax-evidence	low	accept	conservative syntax review	u|none|low	OK	conservative terminal: no approved syntax evidence
披星帶月	u	chengyu		china-idiom+agent	insufficient-syntax-evidence	low	accept	conservative syntax review	u|none|low	OK	conservative terminal: no approved syntax evidence
披沙揀金	u	chengyu		china-idiom+agent	insufficient-syntax-evidence	low	accept	conservative syntax review	u|none|low	OK	conservative terminal: no approved syntax evidence
披荊斬棘	u	chengyu		china-idiom+agent	insufficient-syntax-evidence	low	accept	conservative syntax review	u|none|low	OK	conservative terminal: no approved syntax evidence
披麻帶孝	u	chengyu		china-idiom+agent	insufficient-syntax-evidence	low	accept	conservative syntax review	u|none|low	OK	conservative terminal: no approved syntax evidence
抱不平	u	chengyu		china-idiom+agent	insufficient-syntax-evidence	low	accept	conservative syntax review	u|none|low	OK	conservative terminal: no approved syntax evidence
抱恨終天	u	chengyu		china-idiom+agent	insufficient-syntax-evidence	low	accept	conservative syntax review	u|none|low	OK	conservative terminal: no approved syntax evidence
抱打不平	u	chengyu		china-idiom+agent	insufficient-syntax-evidence	low	accept	conservative syntax review	u|none|low	OK	conservative terminal: no approved syntax evidence
抱頭鼠竄	u	chengyu		china-idiom+agent	insufficient-syntax-evidence	low	accept	conservative syntax review	u|none|low	OK	conservative terminal: no approved syntax evidence
抵足而眠	u	chengyu		china-idiom+agent	insufficient-syntax-evidence	low	accept	conservative syntax review	u|none|low	OK	conservative terminal: no approved syntax evidence
抽筋剝皮	u	chengyu		china-idiom+agent	insufficient-syntax-evidence	low	accept	conservative syntax review	u|none|low	OK	conservative terminal: no approved syntax evidence
抽薪止沸	u	chengyu		china-idiom+agent	insufficient-syntax-evidence	low	accept	conservative syntax review	u|none|low	OK	conservative terminal: no approved syntax evidence
拆東牆補西牆	u	chengyu		china-idiom+agent	insufficient-syntax-evidence	low	accept	conservative syntax review	u|none|low	OK	conservative terminal: no approved syntax evidence
拆東補西	u	chengyu		china-idiom+agent	insufficient-syntax-evidence	low	accept	conservative syntax review	u|none|low	OK	conservative terminal: no approved syntax evidence
拉大旗作虎皮	u	chengyu		china-idiom+agent	insufficient-syntax-evidence	low	accept	conservative syntax review	u|none|low	OK	conservative terminal: no approved syntax evidence
拉家帶口	u	chengyu		china-idiom+agent	insufficient-syntax-evidence	low	accept	conservative syntax review	u|none|low	OK	conservative terminal: no approved syntax evidence
拋戈棄甲	u	chengyu		china-idiom+agent	insufficient-syntax-evidence	low	accept	conservative syntax review	u|none|low	OK	conservative terminal: no approved syntax evidence
拋頭露面	u	chengyu		china-idiom+agent	insufficient-syntax-evidence	low	accept	conservative syntax review	u|none|low	OK	conservative terminal: no approved syntax evidence
拍案叫絕	u	chengyu		china-idiom+agent	insufficient-syntax-evidence	low	accept	conservative syntax review	u|none|low	OK	conservative terminal: no approved syntax evidence
拍案而起	u	chengyu		china-idiom+agent	insufficient-syntax-evidence	low	accept	conservative syntax review	u|none|low	OK	conservative terminal: no approved syntax evidence
拒人於千里之外	u	chengyu		china-idiom+agent	insufficient-syntax-evidence	low	accept	conservative syntax review	u|none|low	OK	conservative terminal: no approved syntax evidence
拒諫飾非	u	chengyu		china-idiom+agent	insufficient-syntax-evidence	low	accept	conservative syntax review	u|none|low	OK	conservative terminal: no approved syntax evidence
拔毛連茹	u	chengyu		china-idiom+agent	insufficient-syntax-evidence	low	accept	conservative syntax review	u|none|low	OK	conservative terminal: no approved syntax evidence
拔苗助長	u	chengyu		china-idiom+agent	insufficient-syntax-evidence	low	accept	conservative syntax review	u|none|low	OK	conservative terminal: no approved syntax evidence
拔茅連茹	u	chengyu		china-idiom+agent	insufficient-syntax-evidence	low	accept	conservative syntax review	u|none|low	OK	conservative terminal: no approved syntax evidence
拖人下水	u	chengyu		china-idiom+agent	insufficient-syntax-evidence	low	accept	conservative syntax review	u|none|low	OK	conservative terminal: no approved syntax evidence
拖泥帶水	u	chengyu		china-idiom+agent	insufficient-syntax-evidence	low	accept	conservative syntax review	u|none|low	OK	conservative terminal: no approved syntax evidence
拖男帶女	u	chengyu		china-idiom+agent	insufficient-syntax-evidence	low	accept	conservative syntax review	u|none|low	OK	conservative terminal: no approved syntax evidence
招兵買馬	u	chengyu		china-idiom+agent	insufficient-syntax-evidence	low	accept	conservative syntax review	u|none|low	OK	conservative terminal: no approved syntax evidence
招搖撞騙	u	chengyu		china-idiom+agent	insufficient-syntax-evidence	low	accept	conservative syntax review	u|none|low	OK	conservative terminal: no approved syntax evidence
招搖過市	u	chengyu		china-idiom+agent	insufficient-syntax-evidence	low	accept	conservative syntax review	u|none|low	OK	conservative terminal: no approved syntax evidence
招賢納士	u	chengyu		china-idiom+agent	insufficient-syntax-evidence	low	accept	conservative syntax review	u|none|low	OK	conservative terminal: no approved syntax evidence
招降納叛	u	chengyu		china-idiom+agent	insufficient-syntax-evidence	low	accept	conservative syntax review	u|none|low	OK	conservative terminal: no approved syntax evidence
拜恩私室	u	chengyu		china-idiom+agent	insufficient-syntax-evidence	low	accept	conservative syntax review	u|none|low	OK	conservative terminal: no approved syntax evidence
拾人涕唾	u	chengyu		china-idiom+agent	insufficient-syntax-evidence	low	accept	conservative syntax review	u|none|low	OK	conservative terminal: no approved syntax evidence
拿手好戲	u	chengyu		china-idiom+agent	insufficient-syntax-evidence	low	accept	conservative syntax review	u|none|low	OK	conservative terminal: no approved syntax evidence
持之以恆	u	chengyu		china-idiom+agent	insufficient-syntax-evidence	low	accept	conservative syntax review	u|none|low	OK	conservative terminal: no approved syntax evidence
指不勝屈	u	chengyu		china-idiom+agent	insufficient-syntax-evidence	low	accept	conservative syntax review	u|none|low	OK	conservative terminal: no approved syntax evidence
指天誓日	u	chengyu		china-idiom+agent	insufficient-syntax-evidence	low	accept	conservative syntax review	u|none|low	OK	conservative terminal: no approved syntax evidence
指桑罵槐	u	chengyu		china-idiom+agent	insufficient-syntax-evidence	low	accept	conservative syntax review	u|none|low	OK	conservative terminal: no approved syntax evidence
指鹿作馬	u	chengyu		china-idiom+agent	insufficient-syntax-evidence	low	accept	conservative syntax review	u|none|low	OK	conservative terminal: no approved syntax evidence
指鹿為馬	u	chengyu		china-idiom+agent	insufficient-syntax-evidence	low	accept	conservative syntax review	u|none|low	OK	conservative terminal: no approved syntax evidence
按圖索驥	u	chengyu		china-idiom+agent	insufficient-syntax-evidence	low	accept	conservative syntax review	u|none|low	OK	conservative terminal: no approved syntax evidence
挫骨揚灰	u	chengyu		china-idiom+agent	insufficient-syntax-evidence	low	accept	conservative syntax review	u|none|low	OK	conservative terminal: no approved syntax evidence
振聾發聵	u	chengyu		china-idiom+agent	insufficient-syntax-evidence	low	accept	conservative syntax review	u|none|low	OK	conservative terminal: no approved syntax evidence
挾天子以令諸侯	u	chengyu		china-idiom+agent	clause-without-syntax-slot	low	accept	conservative syntax review	u|none|low	OK	conservative terminal: no approved syntax evidence
挾細拿粗	u	chengyu		china-idiom+agent	insufficient-syntax-evidence	low	accept	conservative syntax review	u|none|low	OK	conservative terminal: no approved syntax evidence
捉襟見肘	u	chengyu		china-idiom+agent	insufficient-syntax-evidence	low	accept	conservative syntax review	u|none|low	OK	conservative terminal: no approved syntax evidence
捋虎鬚	u	chengyu		china-idiom+agent	insufficient-syntax-evidence	low	accept	conservative syntax review	u|none|low	OK	conservative terminal: no approved syntax evidence
捏手捏腳	u	chengyu		china-idiom+agent	insufficient-syntax-evidence	low	accept	conservative syntax review	u|none|low	OK	conservative terminal: no approved syntax evidence
捨己為人	u	chengyu		china-idiom+agent	insufficient-syntax-evidence	low	accept	conservative syntax review	u|none|low	OK	conservative terminal: no approved syntax evidence
捨己為公	u	chengyu		china-idiom+agent	insufficient-syntax-evidence	low	accept	conservative syntax review	u|none|low	OK	conservative terminal: no approved syntax evidence
捨本逐末	u	chengyu		china-idiom+agent	insufficient-syntax-evidence	low	accept	conservative syntax review	u|none|low	OK	conservative terminal: no approved syntax evidence
捨生取義	u	chengyu		china-idiom+agent	insufficient-syntax-evidence	low	accept	conservative syntax review	u|none|low	OK	conservative terminal: no approved syntax evidence
捨生忘死	u	chengyu		china-idiom+agent	insufficient-syntax-evidence	low	accept	conservative syntax review	u|none|low	OK	conservative terminal: no approved syntax evidence
捨身求法	u	chengyu		china-idiom+agent	insufficient-syntax-evidence	low	accept	conservative syntax review	u|none|low	OK	conservative terminal: no approved syntax evidence
捨近求遠	u	chengyu		china-idiom+agent	insufficient-syntax-evidence	low	accept	conservative syntax review	u|none|low	OK	conservative terminal: no approved syntax evidence
捫心無愧	u	chengyu		china-idiom+agent	insufficient-syntax-evidence	low	accept	conservative syntax review	u|none|low	OK	conservative terminal: no approved syntax evidence
捲土重來	u	chengyu		china-idiom+agent	insufficient-syntax-evidence	low	accept	conservative syntax review	u|none|low	OK	conservative terminal: no approved syntax evidence
捶胸頓足	u	chengyu		china-idiom+agent	insufficient-syntax-evidence	low	accept	conservative syntax review	u|none|low	OK	conservative terminal: no approved syntax evidence
掀天揭地	u	chengyu		china-idiom+agent	insufficient-syntax-evidence	low	accept	conservative syntax review	u|none|low	OK	conservative terminal: no approved syntax evidence
掃榻以待	u	chengyu		china-idiom+agent	insufficient-syntax-evidence	low	accept	conservative syntax review	u|none|low	OK	conservative terminal: no approved syntax evidence
掃穴犁庭	u	chengyu		china-idiom+agent	insufficient-syntax-evidence	low	accept	conservative syntax review	u|none|low	OK	conservative terminal: no approved syntax evidence
掃除天下	u	chengyu		china-idiom+agent	insufficient-syntax-evidence	low	accept	conservative syntax review	u|none|low	OK	conservative terminal: no approved syntax evidence
掇臀捧屁	u	chengyu		china-idiom+agent	insufficient-syntax-evidence	low	accept	conservative syntax review	u|none|low	OK	conservative terminal: no approved syntax evidence
掉書袋	u	chengyu		china-idiom+agent	insufficient-syntax-evidence	low	accept	conservative syntax review	u|none|low	OK	conservative terminal: no approved syntax evidence
掌上明珠	u	chengyu		china-idiom+agent	insufficient-syntax-evidence	low	accept	conservative syntax review	u|none|low	OK	conservative terminal: no approved syntax evidence
排憂解難	u	chengyu		china-idiom+agent	insufficient-syntax-evidence	low	accept	conservative syntax review	u|none|low	OK	conservative terminal: no approved syntax evidence
排除萬難	u	chengyu		china-idiom+agent	insufficient-syntax-evidence	low	accept	conservative syntax review	u|none|low	OK	conservative terminal: no approved syntax evidence
掛冠求去	u	chengyu		china-idiom+agent	insufficient-syntax-evidence	low	accept	conservative syntax review	u|none|low	OK	conservative terminal: no approved syntax evidence
掛羊頭賣狗肉	u	chengyu		china-idiom+agent	insufficient-syntax-evidence	low	accept	conservative syntax review	u|none|low	OK	conservative terminal: no approved syntax evidence
探囊取物	u	chengyu		china-idiom+agent	insufficient-syntax-evidence	low	accept	conservative syntax review	u|none|low	OK	conservative terminal: no approved syntax evidence
探本窮源	u	chengyu		china-idiom+agent	insufficient-syntax-evidence	low	accept	conservative syntax review	u|none|low	OK	conservative terminal: no approved syntax evidence
探驪得珠	u	chengyu		china-idiom+agent	insufficient-syntax-evidence	low	accept	conservative syntax review	u|none|low	OK	conservative terminal: no approved syntax evidence
推三推四	u	chengyu		china-idiom+agent	insufficient-syntax-evidence	low	accept	conservative syntax review	u|none|low	OK	conservative terminal: no approved syntax evidence
推三阻四	u	chengyu		china-idiom+agent	insufficient-syntax-evidence	low	accept	conservative syntax review	u|none|low	OK	conservative terminal: no approved syntax evidence
推崇備至	u	chengyu		china-idiom+agent	insufficient-syntax-evidence	low	accept	conservative syntax review	u|none|low	OK	conservative terminal: no approved syntax evidence
推己及人	u	chengyu		china-idiom+agent	insufficient-syntax-evidence	low	accept	conservative syntax review	u|none|low	OK	conservative terminal: no approved syntax evidence
推心置腹	u	chengyu		china-idiom+agent	insufficient-syntax-evidence	low	accept	conservative syntax review	u|none|low	OK	conservative terminal: no approved syntax evidence
推波助瀾	u	chengyu		china-idiom+agent	insufficient-syntax-evidence	low	accept	conservative syntax review	u|none|low	OK	conservative terminal: no approved syntax evidence
推襟送抱	u	chengyu		china-idiom+agent	insufficient-syntax-evidence	low	accept	conservative syntax review	u|none|low	OK	conservative terminal: no approved syntax evidence
推賢讓能	u	chengyu		china-idiom+agent	insufficient-syntax-evidence	low	accept	conservative syntax review	u|none|low	OK	conservative terminal: no approved syntax evidence
推陳致新	u	chengyu		china-idiom+agent	insufficient-syntax-evidence	low	accept	conservative syntax review	u|none|low	OK	conservative terminal: no approved syntax evidence
掩人耳目	u	chengyu		china-idiom+agent	insufficient-syntax-evidence	low	accept	conservative syntax review	u|none|low	OK	conservative terminal: no approved syntax evidence
掩口而笑	u	chengyu		china-idiom+agent	insufficient-syntax-evidence	low	accept	conservative syntax review	u|none|low	OK	conservative terminal: no approved syntax evidence
掩旗息鼓	u	chengyu		china-idiom+agent	insufficient-syntax-evidence	low	accept	conservative syntax review	u|none|low	OK	conservative terminal: no approved syntax evidence
掩耳盜鈴	u	chengyu		china-idiom+agent	insufficient-syntax-evidence	low	accept	conservative syntax review	u|none|low	OK	conservative terminal: no approved syntax evidence
措置裕如	u	chengyu		china-idiom+agent	insufficient-syntax-evidence	low	accept	conservative syntax review	u|none|low	OK	conservative terminal: no approved syntax evidence
揀佛燒香	u	chengyu		china-idiom+agent	insufficient-syntax-evidence	low	accept	conservative syntax review	u|none|low	OK	conservative terminal: no approved syntax evidence
揆情度理	u	chengyu		china-idiom+agent	insufficient-syntax-evidence	low	accept	conservative syntax review	u|none|low	OK	conservative terminal: no approved syntax evidence
揆時度勢	u	chengyu		china-idiom+agent	insufficient-syntax-evidence	low	accept	conservative syntax review	u|none|low	OK	conservative terminal: no approved syntax evidence
插翅難飛	u	chengyu		china-idiom+agent	insufficient-syntax-evidence	low	accept	conservative syntax review	u|none|low	OK	conservative terminal: no approved syntax evidence
揚名四海	u	chengyu		china-idiom+agent	insufficient-syntax-evidence	low	accept	conservative syntax review	u|none|low	OK	conservative terminal: no approved syntax evidence
揚幡招魂	u	chengyu		china-idiom+agent	insufficient-syntax-evidence	low	accept	conservative syntax review	u|none|low	OK	conservative terminal: no approved syntax evidence
揚清激濁	u	chengyu		china-idiom+agent	insufficient-syntax-evidence	low	accept	conservative syntax review	u|none|low	OK	conservative terminal: no approved syntax evidence
揚湯止沸	u	chengyu		china-idiom+agent	insufficient-syntax-evidence	low	accept	conservative syntax review	u|none|low	OK	conservative terminal: no approved syntax evidence
揚長避短	u	chengyu		china-idiom+agent	insufficient-syntax-evidence	low	accept	conservative syntax review	u|none|low	OK	conservative terminal: no approved syntax evidence
換湯不換藥	u	chengyu		china-idiom+agent	insufficient-syntax-evidence	low	accept	conservative syntax review	u|none|low	OK	conservative terminal: no approved syntax evidence
換骨奪胎	u	chengyu		china-idiom+agent	insufficient-syntax-evidence	low	accept	conservative syntax review	u|none|low	OK	conservative terminal: no approved syntax evidence
揠苗助長	u	chengyu		china-idiom+agent	insufficient-syntax-evidence	low	accept	conservative syntax review	u|none|low	OK	conservative terminal: no approved syntax evidence
揮汗成雨	u	chengyu		china-idiom+agent	insufficient-syntax-evidence	low	accept	conservative syntax review	u|none|low	OK	conservative terminal: no approved syntax evidence
揮灑自如	u	chengyu		china-idiom+agent	insufficient-syntax-evidence	low	accept	conservative syntax review	u|none|low	OK	conservative terminal: no approved syntax evidence
損人不利己	u	chengyu		china-idiom+agent	insufficient-syntax-evidence	low	accept	conservative syntax review	u|none|low	OK	conservative terminal: no approved syntax evidence
損人利己	u	chengyu		china-idiom+agent	insufficient-syntax-evidence	low	accept	conservative syntax review	u|none|low	OK	conservative terminal: no approved syntax evidence
損兵折將	u	chengyu		china-idiom+agent	insufficient-syntax-evidence	low	accept	conservative syntax review	u|none|low	OK	conservative terminal: no approved syntax evidence
損本逐末	u	chengyu		china-idiom+agent	insufficient-syntax-evidence	low	accept	conservative syntax review	u|none|low	OK	conservative terminal: no approved syntax evidence
搓手頓腳	u	chengyu		china-idiom+agent	insufficient-syntax-evidence	low	accept	conservative syntax review	u|none|low	OK	conservative terminal: no approved syntax evidence
搓手頓足	u	chengyu		china-idiom+agent	insufficient-syntax-evidence	low	accept	conservative syntax review	u|none|low	OK	conservative terminal: no approved syntax evidence
搔頭摸耳	u	chengyu		china-idiom+agent	insufficient-syntax-evidence	low	accept	conservative syntax review	u|none|low	OK	conservative terminal: no approved syntax evidence
搖尾乞憐	u	chengyu		china-idiom+agent	insufficient-syntax-evidence	low	accept	conservative syntax review	u|none|low	OK	conservative terminal: no approved syntax evidence
搖旗吶喊	u	chengyu		china-idiom+agent	insufficient-syntax-evidence	low	accept	conservative syntax review	u|none|low	OK	conservative terminal: no approved syntax evidence
搖身一變	u	chengyu		china-idiom+agent	insufficient-syntax-evidence	low	accept	conservative syntax review	u|none|low	OK	conservative terminal: no approved syntax evidence
搜索枯腸	u	chengyu		china-idiom+agent	insufficient-syntax-evidence	low	accept	conservative syntax review	u|none|low	OK	conservative terminal: no approved syntax evidence
搬唇遞舌	u	chengyu		china-idiom+agent	insufficient-syntax-evidence	low	accept	conservative syntax review	u|none|low	OK	conservative terminal: no approved syntax evidence
摩拳擦掌	u	chengyu		china-idiom+agent	insufficient-syntax-evidence	low	accept	conservative syntax review	u|none|low	OK	conservative terminal: no approved syntax evidence
摩肩接踵	u	chengyu		china-idiom+agent	insufficient-syntax-evidence	low	accept	conservative syntax review	u|none|low	OK	conservative terminal: no approved syntax evidence
摩肩擊轂	u	chengyu		china-idiom+agent	insufficient-syntax-evidence	low	accept	conservative syntax review	u|none|low	OK	conservative terminal: no approved syntax evidence
摸不着頭腦	u	chengyu		china-idiom+agent	insufficient-syntax-evidence	low	accept	conservative syntax review	u|none|low	OK	conservative terminal: no approved syntax evidence
撒嬌賣俏	u	chengyu		china-idiom+agent	insufficient-syntax-evidence	low	accept	conservative syntax review	u|none|low	OK	conservative terminal: no approved syntax evidence
撒科打諢	u	chengyu		china-idiom+agent	insufficient-syntax-evidence	low	accept	conservative syntax review	u|none|low	OK	conservative terminal: no approved syntax evidence
撥亂反正	u	chengyu		china-idiom+agent	insufficient-syntax-evidence	low	accept	conservative syntax review	u|none|low	OK	conservative terminal: no approved syntax evidence
撥亂反治	u	chengyu		china-idiom+agent	insufficient-syntax-evidence	low	accept	conservative syntax review	u|none|low	OK	conservative terminal: no approved syntax evidence
撫心自問	u	chengyu		china-idiom+agent	insufficient-syntax-evidence	low	accept	conservative syntax review	u|none|low	OK	conservative terminal: no approved syntax evidence
撮鹽入水	u	chengyu		china-idiom+agent	insufficient-syntax-evidence	low	accept	conservative syntax review	u|none|low	OK	conservative terminal: no approved syntax evidence
撮鹽入火	u	chengyu		china-idiom+agent	insufficient-syntax-evidence	low	accept	conservative syntax review	u|none|low	OK	conservative terminal: no approved syntax evidence
撲朔迷離	u	chengyu		china-idiom+agent	insufficient-syntax-evidence	low	accept	conservative syntax review	u|none|low	OK	conservative terminal: no approved syntax evidence
擂鼓鳴金	u	chengyu		china-idiom+agent	insufficient-syntax-evidence	low	accept	conservative syntax review	u|none|low	OK	conservative terminal: no approved syntax evidence
擇善而從	u	chengyu		china-idiom+agent	insufficient-syntax-evidence	low	accept	conservative syntax review	u|none|low	OK	conservative terminal: no approved syntax evidence
擊楫中流	u	chengyu		china-idiom+agent	insufficient-syntax-evidence	low	accept	conservative syntax review	u|none|low	OK	conservative terminal: no approved syntax evidence
擊玉敲金	u	chengyu		china-idiom+agent	insufficient-syntax-evidence	low	accept	conservative syntax review	u|none|low	OK	conservative terminal: no approved syntax evidence
擊鼓鳴金	u	chengyu		china-idiom+agent	insufficient-syntax-evidence	low	accept	conservative syntax review	u|none|low	OK	conservative terminal: no approved syntax evidence
操之過急	u	chengyu		china-idiom+agent	insufficient-syntax-evidence	low	accept	conservative syntax review	u|none|low	OK	conservative terminal: no approved syntax evidence
操斧伐柯	u	chengyu		china-idiom+agent	insufficient-syntax-evidence	low	accept	conservative syntax review	u|none|low	OK	conservative terminal: no approved syntax evidence
操縱自如	u	chengyu		china-idiom+agent	insufficient-syntax-evidence	low	accept	conservative syntax review	u|none|low	OK	conservative terminal: no approved syntax evidence
擒賊先擒王	u	chengyu		china-idiom+agent	insufficient-syntax-evidence	low	accept	conservative syntax review	u|none|low	OK	conservative terminal: no approved syntax evidence
擔雪填井	u	chengyu		china-idiom+agent	insufficient-syntax-evidence	low	accept	conservative syntax review	u|none|low	OK	conservative terminal: no approved syntax evidence
擬於不倫	u	chengyu		china-idiom+agent	insufficient-syntax-evidence	low	accept	conservative syntax review	u|none|low	OK	conservative terminal: no approved syntax evidence
攀轅卧轍	u	chengyu		china-idiom+agent	insufficient-syntax-evidence	low	accept	conservative syntax review	u|none|low	OK	conservative terminal: no approved syntax evidence
攀龍附鳳	u	chengyu		china-idiom+agent	insufficient-syntax-evidence	low	accept	conservative syntax review	u|none|low	OK	conservative terminal: no approved syntax evidence
攘外安內	u	chengyu		china-idiom+agent	insufficient-syntax-evidence	low	accept	conservative syntax review	u|none|low	OK	conservative terminal: no approved syntax evidence
攢眉苦臉	u	chengyu		china-idiom+agent	insufficient-syntax-evidence	low	accept	conservative syntax review	u|none|low	OK	conservative terminal: no approved syntax evidence
改天換地	u	chengyu		china-idiom+agent	insufficient-syntax-evidence	low	accept	conservative syntax review	u|none|low	OK	conservative terminal: no approved syntax evidence
改惡向善	u	chengyu		china-idiom+agent	insufficient-syntax-evidence	low	accept	conservative syntax review	u|none|low	OK	conservative terminal: no approved syntax evidence
改轅易轍	u	chengyu		china-idiom+agent	insufficient-syntax-evidence	low	accept	conservative syntax review	u|none|low	OK	conservative terminal: no approved syntax evidence
改頭換面	u	chengyu		china-idiom+agent	insufficient-syntax-evidence	low	accept	conservative syntax review	u|none|low	OK	conservative terminal: no approved syntax evidence
攻無不克	u	chengyu		china-idiom+agent	insufficient-syntax-evidence	low	accept	conservative syntax review	u|none|low	OK	conservative terminal: no approved syntax evidence
放下屠刀立地成佛	u	chengyu		china-idiom+agent	insufficient-syntax-evidence	low	accept	conservative syntax review	u|none|low	OK	conservative terminal: no approved syntax evidence
放之四海而皆準	u	chengyu		china-idiom+agent	insufficient-syntax-evidence	low	accept	conservative syntax review	u|none|low	OK	conservative terminal: no approved syntax evidence
放冷箭	u	chengyu		china-idiom+agent	insufficient-syntax-evidence	low	accept	conservative syntax review	u|none|low	OK	conservative terminal: no approved syntax evidence
放浪形骸	u	chengyu		china-idiom+agent	insufficient-syntax-evidence	low	accept	conservative syntax review	u|none|low	OK	conservative terminal: no approved syntax evidence
放虎歸山	u	chengyu		china-idiom+agent	insufficient-syntax-evidence	low	accept	conservative syntax review	u|none|low	OK	conservative terminal: no approved syntax evidence
放誕不拘	u	chengyu		china-idiom+agent	insufficient-syntax-evidence	low	accept	conservative syntax review	u|none|low	OK	conservative terminal: no approved syntax evidence
放誕不羈	u	chengyu		china-idiom+agent	insufficient-syntax-evidence	low	accept	conservative syntax review	u|none|low	OK	conservative terminal: no approved syntax evidence
放諸四海而皆準	u	chengyu		china-idiom+agent	insufficient-syntax-evidence	low	accept	conservative syntax review	u|none|low	OK	conservative terminal: no approved syntax evidence
放長線釣大魚	u	chengyu		china-idiom+agent	insufficient-syntax-evidence	low	accept	conservative syntax review	u|none|low	OK	conservative terminal: no approved syntax evidence
放馬後炮	u	chengyu		china-idiom+agent	insufficient-syntax-evidence	low	accept	conservative syntax review	u|none|low	OK	conservative terminal: no approved syntax evidence
故弄玄虛	u	chengyu		china-idiom+agent	insufficient-syntax-evidence	low	accept	conservative syntax review	u|none|low	OK	conservative terminal: no approved syntax evidence
故紙堆	u	chengyu		china-idiom+agent	insufficient-syntax-evidence	low	accept	conservative syntax review	u|none|low	OK	conservative terminal: no approved syntax evidence
故舊不棄	u	chengyu		china-idiom+agent	insufficient-syntax-evidence	low	accept	conservative syntax review	u|none|low	OK	conservative terminal: no approved syntax evidence
救人一命勝造七級浮屠	u	chengyu		china-idiom+agent	clause-without-syntax-slot	low	accept	conservative syntax review	u|none|low	OK	conservative terminal: no approved syntax evidence
救焚益薪	u	chengyu		china-idiom+agent	insufficient-syntax-evidence	low	accept	conservative syntax review	u|none|low	OK	conservative terminal: no approved syntax evidence
敗井頹垣	u	chengyu		china-idiom+agent	insufficient-syntax-evidence	low	accept	conservative syntax review	u|none|low	OK	conservative terminal: no approved syntax evidence
敗柳殘花	u	chengyu		china-idiom+agent	insufficient-syntax-evidence	low	accept	conservative syntax review	u|none|low	OK	conservative terminal: no approved syntax evidence
敝帚自珍	u	chengyu		china-idiom+agent	insufficient-syntax-evidence	low	accept	conservative syntax review	u|none|low	OK	conservative terminal: no approved syntax evidence
散兵遊勇	u	chengyu		china-idiom+agent	insufficient-syntax-evidence	low	accept	conservative syntax review	u|none|low	OK	conservative terminal: no approved syntax evidence
敬業樂羣	u	chengyu		china-idiom+agent	insufficient-syntax-evidence	low	accept	conservative syntax review	u|none|low	OK	conservative terminal: no approved syntax evidence
敬賢禮士	u	chengyu		china-idiom+agent	insufficient-syntax-evidence	low	accept	conservative syntax review	u|none|low	OK	conservative terminal: no approved syntax evidence
敲竹槓	u	chengyu		china-idiom+agent	insufficient-syntax-evidence	low	accept	conservative syntax review	u|none|low	OK	conservative terminal: no approved syntax evidence
敲邊鼓	u	chengyu		china-idiom+agent	insufficient-syntax-evidence	low	accept	conservative syntax review	u|none|low	OK	conservative terminal: no approved syntax evidence
敲門磚	u	chengyu		china-idiom+agent	insufficient-syntax-evidence	low	accept	conservative syntax review	u|none|low	OK	conservative terminal: no approved syntax evidence
敲骨吸髓	u	chengyu		china-idiom+agent	insufficient-syntax-evidence	low	accept	conservative syntax review	u|none|low	OK	conservative terminal: no approved syntax evidence
數不勝數	u	chengyu		china-idiom+agent	insufficient-syntax-evidence	low	accept	conservative syntax review	u|none|low	OK	conservative terminal: no approved syntax evidence
數典忘祖	u	chengyu		china-idiom+agent	insufficient-syntax-evidence	low	accept	conservative syntax review	u|none|low	OK	conservative terminal: no approved syntax evidence
數往知來	u	chengyu		china-idiom+agent	insufficient-syntax-evidence	low	accept	conservative syntax review	u|none|low	OK	conservative terminal: no approved syntax evidence
數見不鮮	u	chengyu		china-idiom+agent	insufficient-syntax-evidence	low	accept	conservative syntax review	u|none|low	OK	conservative terminal: no approved syntax evidence
數黑論黃	u	chengyu		china-idiom+agent	insufficient-syntax-evidence	low	accept	conservative syntax review	u|none|low	OK	conservative terminal: no approved syntax evidence
文不加點	u	chengyu		china-idiom+agent	insufficient-syntax-evidence	low	accept	conservative syntax review	u|none|low	OK	conservative terminal: no approved syntax evidence
文不對題	u	chengyu		china-idiom+agent	insufficient-syntax-evidence	low	accept	conservative syntax review	u|none|low	OK	conservative terminal: no approved syntax evidence
文恬武嬉	u	chengyu		china-idiom+agent	insufficient-syntax-evidence	low	accept	conservative syntax review	u|none|low	OK	conservative terminal: no approved syntax evidence
文江學海	u	chengyu		china-idiom+agent	insufficient-syntax-evidence	low	accept	conservative syntax review	u|none|low	OK	conservative terminal: no approved syntax evidence
文經武緯	u	chengyu		china-idiom+agent	insufficient-syntax-evidence	low	accept	conservative syntax review	u|none|low	OK	conservative terminal: no approved syntax evidence
文韜武略	u	chengyu		china-idiom+agent	insufficient-syntax-evidence	low	accept	conservative syntax review	u|none|low	OK	conservative terminal: no approved syntax evidence
斗筲之器	u	chengyu		china-idiom+agent	insufficient-syntax-evidence	low	accept	conservative syntax review	u|none|low	OK	conservative terminal: no approved syntax evidence
斗酒隻雞	u	chengyu		china-idiom+agent	insufficient-syntax-evidence	low	accept	conservative syntax review	u|none|low	OK	conservative terminal: no approved syntax evidence
料事如神	u	chengyu		china-idiom+agent	insufficient-syntax-evidence	low	accept	conservative syntax review	u|none|low	OK	conservative terminal: no approved syntax evidence
斤斤較量	u	chengyu		china-idiom+agent	insufficient-syntax-evidence	low	accept	conservative syntax review	u|none|low	OK	conservative terminal: no approved syntax evidence
斧鉞之誅	u	chengyu		china-idiom+agent	insufficient-syntax-evidence	low	accept	conservative syntax review	u|none|low	OK	conservative terminal: no approved syntax evidence
斧鉞湯鑊	u	chengyu		china-idiom+agent	insufficient-syntax-evidence	low	accept	conservative syntax review	u|none|low	OK	conservative terminal: no approved syntax evidence
斯文掃地	u	chengyu		china-idiom+agent	insufficient-syntax-evidence	low	accept	conservative syntax review	u|none|low	OK	conservative terminal: no approved syntax evidence
斯斯文文	u	chengyu		china-idiom+agent	insufficient-syntax-evidence	low	accept	conservative syntax review	u|none|low	OK	conservative terminal: no approved syntax evidence
新亭對泣	u	chengyu		china-idiom+agent	insufficient-syntax-evidence	low	accept	conservative syntax review	u|none|low	OK	conservative terminal: no approved syntax evidence
新仇舊恨	u	chengyu		china-idiom+agent	insufficient-syntax-evidence	low	accept	conservative syntax review	u|none|low	OK	conservative terminal: no approved syntax evidence
新婚宴爾	u	chengyu		china-idiom+agent	insufficient-syntax-evidence	low	accept	conservative syntax review	u|none|low	OK	conservative terminal: no approved syntax evidence
新愁舊恨	u	chengyu		china-idiom+agent	insufficient-syntax-evidence	low	accept	conservative syntax review	u|none|low	OK	conservative terminal: no approved syntax evidence
新陳代謝	u	chengyu		china-idiom+agent	insufficient-syntax-evidence	low	accept	conservative syntax review	u|none|low	OK	conservative terminal: no approved syntax evidence
斷章取義	u	chengyu		china-idiom+agent	insufficient-syntax-evidence	low	accept	conservative syntax review	u|none|low	OK	conservative terminal: no approved syntax evidence
方興未已	u	chengyu		china-idiom+agent	insufficient-syntax-evidence	low	accept	conservative syntax review	u|none|low	OK	conservative terminal: no approved syntax evidence
方頭不律	u	chengyu		china-idiom+agent	insufficient-syntax-evidence	low	accept	conservative syntax review	u|none|low	OK	conservative terminal: no approved syntax evidence
旁敲側擊	u	chengyu		china-idiom+agent	insufficient-syntax-evidence	low	accept	conservative syntax review	u|none|low	OK	conservative terminal: no approved syntax evidence
旁枝末節	u	chengyu		china-idiom+agent	insufficient-syntax-evidence	low	accept	conservative syntax review	u|none|low	OK	conservative terminal: no approved syntax evidence
旁若無人	u	chengyu		china-idiom+agent	insufficient-syntax-evidence	low	accept	conservative syntax review	u|none|low	OK	conservative terminal: no approved syntax evidence
旁觀者清	u	chengyu		china-idiom+agent	insufficient-syntax-evidence	low	accept	conservative syntax review	u|none|low	OK	conservative terminal: no approved syntax evidence
旋乾轉坤	u	chengyu		china-idiom+agent	insufficient-syntax-evidence	low	accept	conservative syntax review	u|none|low	OK	conservative terminal: no approved syntax evidence
旌旗蔽日	u	chengyu		china-idiom+agent	insufficient-syntax-evidence	low	accept	conservative syntax review	u|none|low	OK	conservative terminal: no approved syntax evidence
旗幟鮮明	u	chengyu		china-idiom+agent	insufficient-syntax-evidence	low	accept	conservative syntax review	u|none|low	OK	conservative terminal: no approved syntax evidence
旗鼓相當	u	chengyu		china-idiom+agent	insufficient-syntax-evidence	low	accept	conservative syntax review	u|none|low	OK	conservative terminal: no approved syntax evidence
既來之則安之	u	chengyu		china-idiom+agent	insufficient-syntax-evidence	low	accept	conservative syntax review	u|none|low	OK	conservative terminal: no approved syntax evidence
既往不咎	u	chengyu		china-idiom+agent	insufficient-syntax-evidence	low	accept	conservative syntax review	u|none|low	OK	conservative terminal: no approved syntax evidence
既有今日何必當初	u	chengyu		china-idiom+agent	insufficient-syntax-evidence	low	accept	conservative syntax review	u|none|low	OK	conservative terminal: no approved syntax evidence
日不暇給	u	chengyu		china-idiom+agent	insufficient-syntax-evidence	low	accept	conservative syntax review	u|none|low	OK	conservative terminal: no approved syntax evidence
日久歲深	u	chengyu		china-idiom+agent	insufficient-syntax-evidence	low	accept	conservative syntax review	u|none|low	OK	conservative terminal: no approved syntax evidence
日久見人心	u	chengyu		china-idiom+agent	insufficient-syntax-evidence	low	accept	conservative syntax review	u|none|low	OK	conservative terminal: no approved syntax evidence
日暮途窮	u	chengyu		china-idiom+agent	insufficient-syntax-evidence	low	accept	conservative syntax review	u|none|low	OK	conservative terminal: no approved syntax evidence
日理萬機	u	chengyu		china-idiom+agent	insufficient-syntax-evidence	low	accept	conservative syntax review	u|none|low	OK	conservative terminal: no approved syntax evidence
日甚一日	u	chengyu		china-idiom+agent	insufficient-syntax-evidence	low	accept	conservative syntax review	u|none|low	OK	conservative terminal: no approved syntax evidence
日積月累	u	chengyu		china-idiom+agent	insufficient-syntax-evidence	low	accept	conservative syntax review	u|none|low	OK	conservative terminal: no approved syntax evidence
旬輸月送	u	chengyu		china-idiom+agent	insufficient-syntax-evidence	low	accept	conservative syntax review	u|none|low	OK	conservative terminal: no approved syntax evidence
明人不做暗事	u	chengyu		china-idiom+agent	insufficient-syntax-evidence	low	accept	conservative syntax review	u|none|low	OK	conservative terminal: no approved syntax evidence
明察暗訪	u	chengyu		china-idiom+agent	insufficient-syntax-evidence	low	accept	conservative syntax review	u|none|low	OK	conservative terminal: no approved syntax evidence
明效大驗	u	chengyu		china-idiom+agent	insufficient-syntax-evidence	low	accept	conservative syntax review	u|none|low	OK	conservative terminal: no approved syntax evidence
明日黃花	u	chengyu		china-idiom+agent	insufficient-syntax-evidence	low	accept	conservative syntax review	u|none|low	OK	conservative terminal: no approved syntax evidence
明槍易躲暗箭難防	u	chengyu		china-idiom+agent	insufficient-syntax-evidence	low	accept	conservative syntax review	u|none|low	OK	conservative terminal: no approved syntax evidence
明槍暗箭	u	chengyu		china-idiom+agent	insufficient-syntax-evidence	low	accept	conservative syntax review	u|none|low	OK	conservative terminal: no approved syntax evidence
明爭暗鬥	u	chengyu		china-idiom+agent	insufficient-syntax-evidence	low	accept	conservative syntax review	u|none|low	OK	conservative terminal: no approved syntax evidence
明珠暗投	u	chengyu		china-idiom+agent	insufficient-syntax-evidence	low	accept	conservative syntax review	u|none|low	OK	conservative terminal: no approved syntax evidence
明目張膽	u	chengyu		china-idiom+agent	insufficient-syntax-evidence	low	accept	conservative syntax review	u|none|low	OK	conservative terminal: no approved syntax evidence
明眸皓齒	u	chengyu		china-idiom+agent	insufficient-syntax-evidence	low	accept	conservative syntax review	u|none|low	OK	conservative terminal: no approved syntax evidence
明知故問	u	chengyu		china-idiom+agent	insufficient-syntax-evidence	low	accept	conservative syntax review	u|none|low	OK	conservative terminal: no approved syntax evidence
明知故犯	u	chengyu		china-idiom+agent	insufficient-syntax-evidence	low	accept	conservative syntax review	u|none|low	OK	conservative terminal: no approved syntax evidence
明若觀火	u	chengyu		china-idiom+agent	insufficient-syntax-evidence	low	accept	conservative syntax review	u|none|low	OK	conservative terminal: no approved syntax evidence
明鏡高懸	u	chengyu		china-idiom+agent	insufficient-syntax-evidence	low	accept	conservative syntax review	u|none|low	OK	conservative terminal: no approved syntax evidence
昏天黑地	u	chengyu		china-idiom+agent	insufficient-syntax-evidence	low	accept	conservative syntax review	u|none|low	OK	conservative terminal: no approved syntax evidence
昏定晨省	u	chengyu		china-idiom+agent	insufficient-syntax-evidence	low	accept	conservative syntax review	u|none|low	OK	conservative terminal: no approved syntax evidence
昏頭昏腦	u	chengyu		china-idiom+agent	insufficient-syntax-evidence	low	accept	conservative syntax review	u|none|low	OK	conservative terminal: no approved syntax evidence
昏頭暈腦	u	chengyu		china-idiom+agent	insufficient-syntax-evidence	low	accept	conservative syntax review	u|none|low	OK	conservative terminal: no approved syntax evidence
易地而處	u	chengyu		china-idiom+agent	insufficient-syntax-evidence	low	accept	conservative syntax review	u|none|low	OK	conservative terminal: no approved syntax evidence
易如翻掌	u	chengyu		china-idiom+agent	insufficient-syntax-evidence	low	accept	conservative syntax review	u|none|low	OK	conservative terminal: no approved syntax evidence
易於反掌	u	chengyu		china-idiom+agent	insufficient-syntax-evidence	low	accept	conservative syntax review	u|none|low	OK	conservative terminal: no approved syntax evidence
星流電擊	u	chengyu		china-idiom+agent	insufficient-syntax-evidence	low	accept	conservative syntax review	u|none|low	OK	conservative terminal: no approved syntax evidence
星移物換	u	chengyu		china-idiom+agent	insufficient-syntax-evidence	low	accept	conservative syntax review	u|none|low	OK	conservative terminal: no approved syntax evidence
星羅棋佈	u	chengyu		china-idiom+agent	insufficient-syntax-evidence	low	accept	conservative syntax review	u|none|low	OK	conservative terminal: no approved syntax evidence
映雪讀書	u	chengyu		china-idiom+agent	insufficient-syntax-evidence	low	accept	conservative syntax review	u|none|low	OK	conservative terminal: no approved syntax evidence
春光明媚	u	chengyu		china-idiom+agent	insufficient-syntax-evidence	low	accept	conservative syntax review	u|none|low	OK	conservative terminal: no approved syntax evidence
春宵一刻	u	chengyu		china-idiom+agent	insufficient-syntax-evidence	low	accept	conservative syntax review	u|none|low	OK	conservative terminal: no approved syntax evidence
春寒料峭	u	chengyu		china-idiom+agent	insufficient-syntax-evidence	low	accept	conservative syntax review	u|none|low	OK	conservative terminal: no approved syntax evidence
春暖花開	u	chengyu		china-idiom+agent	insufficient-syntax-evidence	low	accept	conservative syntax review	u|none|low	OK	conservative terminal: no approved syntax evidence
春滿人間	u	chengyu		china-idiom+agent	insufficient-syntax-evidence	low	accept	conservative syntax review	u|none|low	OK	conservative terminal: no approved syntax evidence
春色滿園	u	chengyu		china-idiom+agent	insufficient-syntax-evidence	low	accept	conservative syntax review	u|none|low	OK	conservative terminal: no approved syntax evidence
春風和氣	u	chengyu		china-idiom+agent	insufficient-syntax-evidence	low	accept	conservative syntax review	u|none|low	OK	conservative terminal: no approved syntax evidence
春風得意	u	chengyu		china-idiom+agent	insufficient-syntax-evidence	low	accept	conservative syntax review	u|none|low	OK	conservative terminal: no approved syntax evidence
春風滿面	u	chengyu		china-idiom+agent	insufficient-syntax-evidence	low	accept	conservative syntax review	u|none|low	OK	conservative terminal: no approved syntax evidence
春風風人	u	chengyu		china-idiom+agent	insufficient-syntax-evidence	low	accept	conservative syntax review	u|none|low	OK	conservative terminal: no approved syntax evidence
昭然若揭	u	chengyu		china-idiom+agent	insufficient-syntax-evidence	low	accept	conservative syntax review	u|none|low	OK	conservative terminal: no approved syntax evidence
是古非今	u	chengyu		china-idiom+agent	insufficient-syntax-evidence	low	accept	conservative syntax review	u|none|low	OK	conservative terminal: no approved syntax evidence
是可忍孰不可忍	u	chengyu		china-idiom+agent	insufficient-syntax-evidence	low	accept	conservative syntax review	u|none|low	OK	conservative terminal: no approved syntax evidence
是非只為多開口	u	chengyu		china-idiom+agent	clause-without-syntax-slot	low	accept	conservative syntax review	u|none|low	OK	conservative terminal: no approved syntax evidence
是非曲直	u	chengyu		china-idiom+agent	insufficient-syntax-evidence	low	accept	conservative syntax review	u|none|low	OK	conservative terminal: no approved syntax evidence
是非自有公論	u	chengyu		china-idiom+agent	insufficient-syntax-evidence	low	accept	conservative syntax review	u|none|low	OK	conservative terminal: no approved syntax evidence
時不我待	u	chengyu		china-idiom+agent	insufficient-syntax-evidence	low	accept	conservative syntax review	u|none|low	OK	conservative terminal: no approved syntax evidence
時乖運蹇	u	chengyu		china-idiom+agent	insufficient-syntax-evidence	low	accept	conservative syntax review	u|none|low	OK	conservative terminal: no approved syntax evidence
時來運轉	u	chengyu		china-idiom+agent	insufficient-syntax-evidence	low	accept	conservative syntax review	u|none|low	OK	conservative terminal: no approved syntax evidence
時勢造英雄	u	chengyu		china-idiom+agent	insufficient-syntax-evidence	low	accept	conservative syntax review	u|none|low	OK	conservative terminal: no approved syntax evidence
時移世易	u	chengyu		china-idiom+agent	insufficient-syntax-evidence	low	accept	conservative syntax review	u|none|low	OK	conservative terminal: no approved syntax evidence
時移勢易	u	chengyu		china-idiom+agent	insufficient-syntax-evidence	low	accept	conservative syntax review	u|none|low	OK	conservative terminal: no approved syntax evidence
時移勢遷	u	chengyu		china-idiom+agent	insufficient-syntax-evidence	low	accept	conservative syntax review	u|none|low	OK	conservative terminal: no approved syntax evidence
時運亨通	u	chengyu		china-idiom+agent	insufficient-syntax-evidence	low	accept	conservative syntax review	u|none|low	OK	conservative terminal: no approved syntax evidence
晨昏定省	u	chengyu		china-idiom+agent	insufficient-syntax-evidence	low	accept	conservative syntax review	u|none|low	OK	conservative terminal: no approved syntax evidence
普天同慶	u	chengyu		china-idiom+agent	insufficient-syntax-evidence	low	accept	conservative syntax review	u|none|low	OK	conservative terminal: no approved syntax evidence
普度眾生	u	chengyu		china-idiom+agent	insufficient-syntax-evidence	low	accept	conservative syntax review	u|none|low	OK	conservative terminal: no approved syntax evidence
普渡眾生	u	chengyu		china-idiom+agent	insufficient-syntax-evidence	low	accept	conservative syntax review	u|none|low	OK	conservative terminal: no approved syntax evidence
普濟眾生	u	chengyu		china-idiom+agent	insufficient-syntax-evidence	low	accept	conservative syntax review	u|none|low	OK	conservative terminal: no approved syntax evidence
晴天霹靂	u	chengyu		china-idiom+agent	insufficient-syntax-evidence	low	accept	conservative syntax review	u|none|low	OK	conservative terminal: no approved syntax evidence
暗中摸索	u	chengyu		china-idiom+agent	insufficient-syntax-evidence	low	accept	conservative syntax review	u|none|low	OK	conservative terminal: no approved syntax evidence
暗室欺心	u	chengyu		china-idiom+agent	insufficient-syntax-evidence	low	accept	conservative syntax review	u|none|low	OK	conservative terminal: no approved syntax evidence
暴跳如雷	u	chengyu		china-idiom+agent	insufficient-syntax-evidence	low	accept	conservative syntax review	u|none|low	OK	conservative terminal: no approved syntax evidence
曉以大義	u	chengyu		china-idiom+agent	insufficient-syntax-evidence	low	accept	conservative syntax review	u|none|low	OK	conservative terminal: no approved syntax evidence
曠古未有	u	chengyu		china-idiom+agent	insufficient-syntax-evidence	low	accept	conservative syntax review	u|none|low	OK	conservative terminal: no approved syntax evidence
曠古未聞	u	chengyu		china-idiom+agent	insufficient-syntax-evidence	low	accept	conservative syntax review	u|none|low	OK	conservative terminal: no approved syntax evidence
曠日持久	u	chengyu		china-idiom+agent	insufficient-syntax-evidence	low	accept	conservative syntax review	u|none|low	OK	conservative terminal: no approved syntax evidence
曲學阿世	u	chengyu		china-idiom+agent	insufficient-syntax-evidence	low	accept	conservative syntax review	u|none|low	OK	conservative terminal: no approved syntax evidence
曲終奏雅	u	chengyu		china-idiom+agent	insufficient-syntax-evidence	low	accept	conservative syntax review	u|none|low	OK	conservative terminal: no approved syntax evidence
曲肱而枕	u	chengyu		china-idiom+agent	insufficient-syntax-evidence	low	accept	conservative syntax review	u|none|low	OK	conservative terminal: no approved syntax evidence
曲高和寡	u	chengyu		china-idiom+agent	insufficient-syntax-evidence	low	accept	conservative syntax review	u|none|low	OK	conservative terminal: no approved syntax evidence
更上一層樓	u	chengyu		china-idiom+agent	insufficient-syntax-evidence	low	accept	conservative syntax review	u|none|low	OK	conservative terminal: no approved syntax evidence
更深人靜	u	chengyu		china-idiom+agent	insufficient-syntax-evidence	low	accept	conservative syntax review	u|none|low	OK	conservative terminal: no approved syntax evidence
書不盡言	u	chengyu		china-idiom+agent	insufficient-syntax-evidence	low	accept	conservative syntax review	u|none|low	OK	conservative terminal: no approved syntax evidence
替古人擔憂	u	chengyu		china-idiom+agent	insufficient-syntax-evidence	low	accept	conservative syntax review	u|none|low	OK	conservative terminal: no approved syntax evidence
替古人耽憂	u	chengyu		china-idiom+agent	insufficient-syntax-evidence	low	accept	conservative syntax review	u|none|low	OK	conservative terminal: no approved syntax evidence
替天行道	u	chengyu		china-idiom+agent	insufficient-syntax-evidence	low	accept	conservative syntax review	u|none|low	OK	conservative terminal: no approved syntax evidence
月暈而風	u	chengyu		china-idiom+agent	insufficient-syntax-evidence	low	accept	conservative syntax review	u|none|low	OK	conservative terminal: no approved syntax evidence
月滿則虧	u	chengyu		china-idiom+agent	insufficient-syntax-evidence	low	accept	conservative syntax review	u|none|low	OK	conservative terminal: no approved syntax evidence
有一得一	u	chengyu		china-idiom+agent	insufficient-syntax-evidence	low	accept	conservative syntax review	u|none|low	OK	conservative terminal: no approved syntax evidence
有一搭沒一搭	u	chengyu		china-idiom+agent	insufficient-syntax-evidence	low	accept	conservative syntax review	u|none|low	OK	conservative terminal: no approved syntax evidence
有其父必有其子	u	chengyu		china-idiom+agent	clause-without-syntax-slot	low	accept	conservative syntax review	u|none|low	OK	conservative terminal: no approved syntax evidence
有利可圖	u	chengyu		china-idiom+agent	insufficient-syntax-evidence	low	accept	conservative syntax review	u|none|low	OK	conservative terminal: no approved syntax evidence
有口無心	u	chengyu		china-idiom+agent	insufficient-syntax-evidence	low	accept	conservative syntax review	u|none|low	OK	conservative terminal: no approved syntax evidence
有口難言	u	chengyu		china-idiom+agent	insufficient-syntax-evidence	low	accept	conservative syntax review	u|none|low	OK	conservative terminal: no approved syntax evidence
有名亡實	u	chengyu		china-idiom+agent	insufficient-syntax-evidence	low	accept	conservative syntax review	u|none|low	OK	conservative terminal: no approved syntax evidence
有名無實	u	chengyu		china-idiom+agent	insufficient-syntax-evidence	low	accept	conservative syntax review	u|none|low	OK	conservative terminal: no approved syntax evidence
有嘴沒舌	u	chengyu		china-idiom+agent	insufficient-syntax-evidence	low	accept	conservative syntax review	u|none|low	OK	conservative terminal: no approved syntax evidence
有志者事竟成	u	chengyu		china-idiom+agent	insufficient-syntax-evidence	low	accept	conservative syntax review	u|none|low	OK	conservative terminal: no approved syntax evidence
有板有眼	u	chengyu		china-idiom+agent	insufficient-syntax-evidence	low	accept	conservative syntax review	u|none|low	OK	conservative terminal: no approved syntax evidence
有枝有葉	u	chengyu		china-idiom+agent	insufficient-syntax-evidence	low	accept	conservative syntax review	u|none|low	OK	conservative terminal: no approved syntax evidence
有案可查	u	chengyu		china-idiom+agent	insufficient-syntax-evidence	low	accept	conservative syntax review	u|none|low	OK	conservative terminal: no approved syntax evidence
有條不紊	u	chengyu		china-idiom+agent	insufficient-syntax-evidence	low	accept	conservative syntax review	u|none|low	OK	conservative terminal: no approved syntax evidence
有機可乘	u	chengyu		china-idiom+agent	insufficient-syntax-evidence	low	accept	conservative syntax review	u|none|low	OK	conservative terminal: no approved syntax evidence
有求必應	u	chengyu		china-idiom+agent	insufficient-syntax-evidence	low	accept	conservative syntax review	u|none|low	OK	conservative terminal: no approved syntax evidence
有無相通	u	chengyu		china-idiom+agent	insufficient-syntax-evidence	low	accept	conservative syntax review	u|none|low	OK	conservative terminal: no approved syntax evidence
有的放矢	u	chengyu		china-idiom+agent	insufficient-syntax-evidence	low	accept	conservative syntax review	u|none|low	OK	conservative terminal: no approved syntax evidence
有目共睹	u	chengyu		china-idiom+agent	insufficient-syntax-evidence	low	accept	conservative syntax review	u|none|low	OK	conservative terminal: no approved syntax evidence
有目共見	u	chengyu		china-idiom+agent	insufficient-syntax-evidence	low	accept	conservative syntax review	u|none|low	OK	conservative terminal: no approved syntax evidence
有眼不識泰山	u	chengyu		china-idiom+agent	insufficient-syntax-evidence	low	accept	conservative syntax review	u|none|low	OK	conservative terminal: no approved syntax evidence
有稜有角	u	chengyu		china-idiom+agent	insufficient-syntax-evidence	low	accept	conservative syntax review	u|none|low	OK	conservative terminal: no approved syntax evidence
有約在先	u	chengyu		china-idiom+agent	insufficient-syntax-evidence	low	accept	conservative syntax review	u|none|low	OK	conservative terminal: no approved syntax evidence
有聲有色	u	chengyu		china-idiom+agent	insufficient-syntax-evidence	low	accept	conservative syntax review	u|none|low	OK	conservative terminal: no approved syntax evidence
有財有勢	u	chengyu		china-idiom+agent	insufficient-syntax-evidence	low	accept	conservative syntax review	u|none|low	OK	conservative terminal: no approved syntax evidence
有過之而無不及	u	chengyu		china-idiom+agent	clause-without-syntax-slot	low	accept	conservative syntax review	u|none|low	OK	conservative terminal: no approved syntax evidence
有錢能使鬼推磨	u	chengyu		china-idiom+agent	insufficient-syntax-evidence	low	accept	conservative syntax review	u|none|low	OK	conservative terminal: no approved syntax evidence
有隙可乘	u	chengyu		china-idiom+agent	insufficient-syntax-evidence	low	accept	conservative syntax review	u|none|low	OK	conservative terminal: no approved syntax evidence
有頭有尾	u	chengyu		china-idiom+agent	insufficient-syntax-evidence	low	accept	conservative syntax review	u|none|low	OK	conservative terminal: no approved syntax evidence
望塵不及	u	chengyu		china-idiom+agent	insufficient-syntax-evidence	low	accept	conservative syntax review	u|none|low	OK	conservative terminal: no approved syntax evidence
望眼欲穿	u	chengyu		china-idiom+agent	insufficient-syntax-evidence	low	accept	conservative syntax review	u|none|low	OK	conservative terminal: no approved syntax evidence
望而生畏	u	chengyu		china-idiom+agent	insufficient-syntax-evidence	low	accept	conservative syntax review	u|none|low	OK	conservative terminal: no approved syntax evidence
望門投止	u	chengyu		china-idiom+agent	insufficient-syntax-evidence	low	accept	conservative syntax review	u|none|low	OK	conservative terminal: no approved syntax evidence
望風披靡	u	chengyu		china-idiom+agent	insufficient-syntax-evidence	low	accept	conservative syntax review	u|none|low	OK	conservative terminal: no approved syntax evidence
望風撲影	u	chengyu		china-idiom+agent	insufficient-syntax-evidence	low	accept	conservative syntax review	u|none|low	OK	conservative terminal: no approved syntax evidence
望風而靡	u	chengyu		china-idiom+agent	insufficient-syntax-evidence	low	accept	conservative syntax review	u|none|low	OK	conservative terminal: no approved syntax evidence
朝不保夕	u	chengyu		china-idiom+agent	insufficient-syntax-evidence	low	accept	conservative syntax review	u|none|low	OK	conservative terminal: no approved syntax evidence
朝不慮夕	u	chengyu		china-idiom+agent	insufficient-syntax-evidence	low	accept	conservative syntax review	u|none|low	OK	conservative terminal: no approved syntax evidence
朝令夕改	u	chengyu		china-idiom+agent	insufficient-syntax-evidence	low	accept	conservative syntax review	u|none|low	OK	conservative terminal: no approved syntax evidence
朝秦暮楚	u	chengyu		china-idiom+agent	insufficient-syntax-evidence	low	accept	conservative syntax review	u|none|low	OK	conservative terminal: no approved syntax evidence
朝過夕改	u	chengyu		china-idiom+agent	insufficient-syntax-evidence	low	accept	conservative syntax review	u|none|low	OK	conservative terminal: no approved syntax evidence
朝露溘至	u	chengyu		china-idiom+agent	insufficient-syntax-evidence	low	accept	conservative syntax review	u|none|low	OK	conservative terminal: no approved syntax evidence
朝饔夕飧	u	chengyu		china-idiom+agent	insufficient-syntax-evidence	low	accept	conservative syntax review	u|none|low	OK	conservative terminal: no approved syntax evidence
木人石心	u	chengyu		china-idiom+agent	insufficient-syntax-evidence	low	accept	conservative syntax review	u|none|low	OK	conservative terminal: no approved syntax evidence
木壞山頹	u	chengyu		china-idiom+agent	insufficient-syntax-evidence	low	accept	conservative syntax review	u|none|low	OK	conservative terminal: no approved syntax evidence
木本水源	u	chengyu		china-idiom+agent	insufficient-syntax-evidence	low	accept	conservative syntax review	u|none|low	OK	conservative terminal: no approved syntax evidence
木訥寡言	u	chengyu		china-idiom+agent	insufficient-syntax-evidence	low	accept	conservative syntax review	u|none|low	OK	conservative terminal: no approved syntax evidence
未可厚非	u	chengyu		china-idiom+agent	insufficient-syntax-evidence	low	accept	conservative syntax review	u|none|low	OK	conservative terminal: no approved syntax evidence
未可同日而語	u	chengyu		china-idiom+agent	insufficient-syntax-evidence	low	accept	conservative syntax review	u|none|low	OK	conservative terminal: no approved syntax evidence
未敢苟同	u	chengyu		china-idiom+agent	insufficient-syntax-evidence	low	accept	conservative syntax review	u|none|low	OK	conservative terminal: no approved syntax evidence
未老先衰	u	chengyu		china-idiom+agent	insufficient-syntax-evidence	low	accept	conservative syntax review	u|none|low	OK	conservative terminal: no approved syntax evidence
未達一間	u	chengyu		china-idiom+agent	insufficient-syntax-evidence	low	accept	conservative syntax review	u|none|low	OK	conservative terminal: no approved syntax evidence
本末倒置	u	chengyu		china-idiom+agent	insufficient-syntax-evidence	low	accept	conservative syntax review	u|none|low	OK	conservative terminal: no approved syntax evidence
札手舞腳	u	chengyu		china-idiom+agent	insufficient-syntax-evidence	low	accept	conservative syntax review	u|none|low	OK	conservative terminal: no approved syntax evidence
朽木不可雕	u	chengyu		china-idiom+agent	insufficient-syntax-evidence	low	accept	conservative syntax review	u|none|low	OK	conservative terminal: no approved syntax evidence
村夫野老	u	chengyu		china-idiom+agent	insufficient-syntax-evidence	low	accept	conservative syntax review	u|none|low	OK	conservative terminal: no approved syntax evidence
杜口裹足	u	chengyu		china-idiom+agent	insufficient-syntax-evidence	low	accept	conservative syntax review	u|none|low	OK	conservative terminal: no approved syntax evidence
杜弊清源	u	chengyu		china-idiom+agent	insufficient-syntax-evidence	low	accept	conservative syntax review	u|none|low	OK	conservative terminal: no approved syntax evidence
杜漸防微	u	chengyu		china-idiom+agent	insufficient-syntax-evidence	low	accept	conservative syntax review	u|none|low	OK	conservative terminal: no approved syntax evidence
杜漸防萌	u	chengyu		china-idiom+agent	insufficient-syntax-evidence	low	accept	conservative syntax review	u|none|low	OK	conservative terminal: no approved syntax evidence
杜絕後患	u	chengyu		china-idiom+agent	insufficient-syntax-evidence	low	accept	conservative syntax review	u|none|low	OK	conservative terminal: no approved syntax evidence
杜門不出	u	chengyu		china-idiom+agent	insufficient-syntax-evidence	low	accept	conservative syntax review	u|none|low	OK	conservative terminal: no approved syntax evidence
杜門謝客	u	chengyu		china-idiom+agent	insufficient-syntax-evidence	low	accept	conservative syntax review	u|none|low	OK	conservative terminal: no approved syntax evidence
杞人之憂	u	chengyu		china-idiom+agent	insufficient-syntax-evidence	low	accept	conservative syntax review	u|none|low	OK	conservative terminal: no approved syntax evidence
杞人憂天	u	chengyu		china-idiom+agent	insufficient-syntax-evidence	low	accept	conservative syntax review	u|none|low	OK	conservative terminal: no approved syntax evidence
杞國之憂	u	chengyu		china-idiom+agent	insufficient-syntax-evidence	low	accept	conservative syntax review	u|none|low	OK	conservative terminal: no approved syntax evidence
杞國憂天	u	chengyu		china-idiom+agent	insufficient-syntax-evidence	low	accept	conservative syntax review	u|none|low	OK	conservative terminal: no approved syntax evidence
杞天之慮	u	chengyu		china-idiom+agent	insufficient-syntax-evidence	low	accept	conservative syntax review	u|none|low	OK	conservative terminal: no approved syntax evidence
杞梓之林	u	chengyu		china-idiom+agent	insufficient-syntax-evidence	low	accept	conservative syntax review	u|none|low	OK	conservative terminal: no approved syntax evidence
束之高閣	u	chengyu		china-idiom+agent	insufficient-syntax-evidence	low	accept	conservative syntax review	u|none|low	OK	conservative terminal: no approved syntax evidence
束手就斃	u	chengyu		china-idiom+agent	insufficient-syntax-evidence	low	accept	conservative syntax review	u|none|low	OK	conservative terminal: no approved syntax evidence
束手待斃	u	chengyu		china-idiom+agent	insufficient-syntax-evidence	low	accept	conservative syntax review	u|none|low	OK	conservative terminal: no approved syntax evidence
束手待死	u	chengyu		china-idiom+agent	insufficient-syntax-evidence	low	accept	conservative syntax review	u|none|low	OK	conservative terminal: no approved syntax evidence
杯中物	u	chengyu		china-idiom+agent	insufficient-syntax-evidence	low	accept	conservative syntax review	u|none|low	OK	conservative terminal: no approved syntax evidence
杯盤狼藉	u	chengyu		china-idiom+agent	insufficient-syntax-evidence	low	accept	conservative syntax review	u|none|low	OK	conservative terminal: no approved syntax evidence
杯酒解怨	u	chengyu		china-idiom+agent	insufficient-syntax-evidence	low	accept	conservative syntax review	u|none|low	OK	conservative terminal: no approved syntax evidence
杯酒言歡	u	chengyu		china-idiom+agent	insufficient-syntax-evidence	low	accept	conservative syntax review	u|none|low	OK	conservative terminal: no approved syntax evidence
杯酒釋兵權	u	chengyu		china-idiom+agent	insufficient-syntax-evidence	low	accept	conservative syntax review	u|none|low	OK	conservative terminal: no approved syntax evidence
東倒西歪	u	chengyu		china-idiom+agent	insufficient-syntax-evidence	low	accept	conservative syntax review	u|none|low	OK	conservative terminal: no approved syntax evidence
東奔西撞	u	chengyu		china-idiom+agent	insufficient-syntax-evidence	low	accept	conservative syntax review	u|none|low	OK	conservative terminal: no approved syntax evidence
東山再起	u	chengyu		china-idiom+agent	insufficient-syntax-evidence	low	accept	conservative syntax review	u|none|low	OK	conservative terminal: no approved syntax evidence
東征西討	u	chengyu		china-idiom+agent	insufficient-syntax-evidence	low	accept	conservative syntax review	u|none|low	OK	conservative terminal: no approved syntax evidence
東拉西扯	u	chengyu		china-idiom+agent	insufficient-syntax-evidence	low	accept	conservative syntax review	u|none|low	OK	conservative terminal: no approved syntax evidence
東挪西湊	u	chengyu		china-idiom+agent	insufficient-syntax-evidence	low	accept	conservative syntax review	u|none|low	OK	conservative terminal: no approved syntax evidence
東掩西遮	u	chengyu		china-idiom+agent	insufficient-syntax-evidence	low	accept	conservative syntax review	u|none|low	OK	conservative terminal: no approved syntax evidence
東歪西倒	u	chengyu		china-idiom+agent	insufficient-syntax-evidence	low	accept	conservative syntax review	u|none|low	OK	conservative terminal: no approved syntax evidence
東牀坦腹	u	chengyu		china-idiom+agent	insufficient-syntax-evidence	low	accept	conservative syntax review	u|none|low	OK	conservative terminal: no approved syntax evidence
東窗事發	u	chengyu		china-idiom+agent	insufficient-syntax-evidence	low	accept	conservative syntax review	u|none|low	OK	conservative terminal: no approved syntax evidence
東討西征	u	chengyu		china-idiom+agent	insufficient-syntax-evidence	low	accept	conservative syntax review	u|none|low	OK	conservative terminal: no approved syntax evidence
東道主	u	chengyu		china-idiom+agent	insufficient-syntax-evidence	low	accept	conservative syntax review	u|none|low	OK	conservative terminal: no approved syntax evidence
東食西宿	u	chengyu		china-idiom+agent	insufficient-syntax-evidence	low	accept	conservative syntax review	u|none|low	OK	conservative terminal: no approved syntax evidence
杳如黃鶴	u	chengyu		china-idiom+agent	insufficient-syntax-evidence	low	accept	conservative syntax review	u|none|low	OK	conservative terminal: no approved syntax evidence
杳無信息	u	chengyu		china-idiom+agent	insufficient-syntax-evidence	low	accept	conservative syntax review	u|none|low	OK	conservative terminal: no approved syntax evidence
杳無消息	u	chengyu		china-idiom+agent	insufficient-syntax-evidence	low	accept	conservative syntax review	u|none|low	OK	conservative terminal: no approved syntax evidence
杳無音信	u	chengyu		china-idiom+agent	insufficient-syntax-evidence	low	accept	conservative syntax review	u|none|low	OK	conservative terminal: no approved syntax evidence
板板六十四	u	chengyu		china-idiom+agent	insufficient-syntax-evidence	low	accept	conservative syntax review	u|none|low	OK	conservative terminal: no approved syntax evidence
枉費工夫	u	chengyu		china-idiom+agent	insufficient-syntax-evidence	low	accept	conservative syntax review	u|none|low	OK	conservative terminal: no approved syntax evidence
枉費心力	u	chengyu		china-idiom+agent	insufficient-syntax-evidence	low	accept	conservative syntax review	u|none|low	OK	conservative terminal: no approved syntax evidence
析毫剖釐	u	chengyu		china-idiom+agent	insufficient-syntax-evidence	low	accept	conservative syntax review	u|none|low	OK	conservative terminal: no approved syntax evidence
枕冷衾寒	u	chengyu		china-idiom+agent	insufficient-syntax-evidence	low	accept	conservative syntax review	u|none|low	OK	conservative terminal: no approved syntax evidence
枕巖漱流	u	chengyu		china-idiom+agent	insufficient-syntax-evidence	low	accept	conservative syntax review	u|none|low	OK	conservative terminal: no approved syntax evidence
枝節橫生	u	chengyu		china-idiom+agent	insufficient-syntax-evidence	low	accept	conservative syntax review	u|none|low	OK	conservative terminal: no approved syntax evidence
枯木逢春	u	chengyu		china-idiom+agent	insufficient-syntax-evidence	low	accept	conservative syntax review	u|none|low	OK	conservative terminal: no approved syntax evidence
枯樹開花	u	chengyu		china-idiom+agent	insufficient-syntax-evidence	low	accept	conservative syntax review	u|none|low	OK	conservative terminal: no approved syntax evidence
染指垂涎	u	chengyu		china-idiom+agent	insufficient-syntax-evidence	low	accept	conservative syntax review	u|none|low	OK	conservative terminal: no approved syntax evidence
染指於鼎	u	chengyu		china-idiom+agent	insufficient-syntax-evidence	low	accept	conservative syntax review	u|none|low	OK	conservative terminal: no approved syntax evidence
柔腸百結	u	chengyu		china-idiom+agent	insufficient-syntax-evidence	low	accept	conservative syntax review	u|none|low	OK	conservative terminal: no approved syntax evidence
柳啼花怨	u	chengyu		china-idiom+agent	insufficient-syntax-evidence	low	accept	conservative syntax review	u|none|low	OK	conservative terminal: no approved syntax evidence
柳煙花霧	u	chengyu		china-idiom+agent	insufficient-syntax-evidence	low	accept	conservative syntax review	u|none|low	OK	conservative terminal: no approved syntax evidence
柳眉踢豎	u	chengyu		china-idiom+agent	insufficient-syntax-evidence	low	accept	conservative syntax review	u|none|low	OK	conservative terminal: no approved syntax evidence
柳綠花紅	u	chengyu		china-idiom+agent	insufficient-syntax-evidence	low	accept	conservative syntax review	u|none|low	OK	conservative terminal: no approved syntax evidence
柳陌花衢	u	chengyu		china-idiom+agent	insufficient-syntax-evidence	low	accept	conservative syntax review	u|none|low	OK	conservative terminal: no approved syntax evidence
栩栩如生	u	chengyu		china-idiom+agent	insufficient-syntax-evidence	low	accept	conservative syntax review	u|none|low	OK	conservative terminal: no approved syntax evidence
根深柢固	u	chengyu		china-idiom+agent	insufficient-syntax-evidence	low	accept	conservative syntax review	u|none|low	OK	conservative terminal: no approved syntax evidence
根深葉茂	u	chengyu		china-idiom+agent	insufficient-syntax-evidence	low	accept	conservative syntax review	u|none|low	OK	conservative terminal: no approved syntax evidence
根深蒂固	u	chengyu		china-idiom+agent	insufficient-syntax-evidence	low	accept	conservative syntax review	u|none|low	OK	conservative terminal: no approved syntax evidence
桀犬吠堯	u	chengyu		china-idiom+agent	insufficient-syntax-evidence	low	accept	conservative syntax review	u|none|low	OK	conservative terminal: no approved syntax evidence
桀貪驁詐	u	chengyu		china-idiom+agent	insufficient-syntax-evidence	low	accept	conservative syntax review	u|none|low	OK	conservative terminal: no approved syntax evidence
桃李滿天下	u	chengyu		china-idiom+agent	insufficient-syntax-evidence	low	accept	conservative syntax review	u|none|low	OK	conservative terminal: no approved syntax evidence
桃李門牆	u	chengyu		china-idiom+agent	insufficient-syntax-evidence	low	accept	conservative syntax review	u|none|low	OK	conservative terminal: no approved syntax evidence
桃腮粉臉	u	chengyu		china-idiom+agent	insufficient-syntax-evidence	low	accept	conservative syntax review	u|none|low	OK	conservative terminal: no approved syntax evidence
桑榆暮景	u	chengyu		china-idiom+agent	insufficient-syntax-evidence	low	accept	conservative syntax review	u|none|low	OK	conservative terminal: no approved syntax evidence
桑間濮上	u	chengyu		china-idiom+agent	insufficient-syntax-evidence	low	accept	conservative syntax review	u|none|low	OK	conservative terminal: no approved syntax evidence
梨花帶雨	u	chengyu		china-idiom+agent	insufficient-syntax-evidence	low	accept	conservative syntax review	u|none|low	OK	conservative terminal: no approved syntax evidence
棄若敝屣	u	chengyu		china-idiom+agent	insufficient-syntax-evidence	low	accept	conservative syntax review	u|none|low	OK	conservative terminal: no approved syntax evidence
棒打鴛鴦	u	chengyu		china-idiom+agent	insufficient-syntax-evidence	low	accept	conservative syntax review	u|none|low	OK	conservative terminal: no approved syntax evidence
棟折榱崩	u	chengyu		china-idiom+agent	insufficient-syntax-evidence	low	accept	conservative syntax review	u|none|low	OK	conservative terminal: no approved syntax evidence
椎心泣血	u	chengyu		china-idiom+agent	insufficient-syntax-evidence	low	accept	conservative syntax review	u|none|low	OK	conservative terminal: no approved syntax evidence
椿萱並茂	u	chengyu		china-idiom+agent	insufficient-syntax-evidence	low	accept	conservative syntax review	u|none|low	OK	conservative terminal: no approved syntax evidence
楚弓楚得	u	chengyu		china-idiom+agent	insufficient-syntax-evidence	low	accept	conservative syntax review	u|none|low	OK	conservative terminal: no approved syntax evidence
楚材晉用	u	chengyu		china-idiom+agent	insufficient-syntax-evidence	low	accept	conservative syntax review	u|none|low	OK	conservative terminal: no approved syntax evidence
楚楚不凡	u	chengyu		china-idiom+agent	insufficient-syntax-evidence	low	accept	conservative syntax review	u|none|low	OK	conservative terminal: no approved syntax evidence
楚楚可憐	u	chengyu		china-idiom+agent	insufficient-syntax-evidence	low	accept	conservative syntax review	u|none|low	OK	conservative terminal: no approved syntax evidence
極目遠望	u	chengyu		china-idiom+agent	insufficient-syntax-evidence	low	accept	conservative syntax review	u|none|low	OK	conservative terminal: no approved syntax evidence
榆木腦殼	u	chengyu		china-idiom+agent	insufficient-syntax-evidence	low	accept	conservative syntax review	u|none|low	OK	conservative terminal: no approved syntax evidence
榆木腦袋	u	chengyu		china-idiom+agent	insufficient-syntax-evidence	low	accept	conservative syntax review	u|none|low	OK	conservative terminal: no approved syntax evidence
榜上無名	u	chengyu		china-idiom+agent	insufficient-syntax-evidence	low	accept	conservative syntax review	u|none|low	OK	conservative terminal: no approved syntax evidence
槁木死灰	u	chengyu		china-idiom+agent	insufficient-syntax-evidence	low	accept	conservative syntax review	u|none|low	OK	conservative terminal: no approved syntax evidence
樂不思蜀	u	chengyu		china-idiom+agent	insufficient-syntax-evidence	low	accept	conservative syntax review	u|none|low	OK	conservative terminal: no approved syntax evidence
樂以忘憂	u	chengyu		china-idiom+agent	insufficient-syntax-evidence	low	accept	conservative syntax review	u|none|low	OK	conservative terminal: no approved syntax evidence
樂善好施	u	chengyu		china-idiom+agent	insufficient-syntax-evidence	low	accept	conservative syntax review	u|none|low	OK	conservative terminal: no approved syntax evidence
樂天知命	u	chengyu		china-idiom+agent	insufficient-syntax-evidence	low	accept	conservative syntax review	u|none|low	OK	conservative terminal: no approved syntax evidence
樂昌分鏡	u	chengyu		china-idiom+agent	insufficient-syntax-evidence	low	accept	conservative syntax review	u|none|low	OK	conservative terminal: no approved syntax evidence
樂此不疲	u	chengyu		china-idiom+agent	insufficient-syntax-evidence	low	accept	conservative syntax review	u|none|low	OK	conservative terminal: no approved syntax evidence
標新競異	u	chengyu		china-idiom+agent	insufficient-syntax-evidence	low	accept	conservative syntax review	u|none|low	OK	conservative terminal: no approved syntax evidence
樸實無華	u	chengyu		china-idiom+agent	insufficient-syntax-evidence	low	accept	conservative syntax review	u|none|low	OK	conservative terminal: no approved syntax evidence
樹倒猢猻散	u	chengyu		china-idiom+agent	insufficient-syntax-evidence	low	accept	conservative syntax review	u|none|low	OK	conservative terminal: no approved syntax evidence
樹大招風	u	chengyu		china-idiom+agent	insufficient-syntax-evidence	low	accept	conservative syntax review	u|none|low	OK	conservative terminal: no approved syntax evidence
樹欲靜而風不止	u	chengyu		china-idiom+agent	clause-without-syntax-slot	low	accept	conservative syntax review	u|none|low	OK	conservative terminal: no approved syntax evidence
樹碑立傳	u	chengyu		china-idiom+agent	insufficient-syntax-evidence	low	accept	conservative syntax review	u|none|low	OK	conservative terminal: no approved syntax evidence
橫七豎八	u	chengyu		china-idiom+agent	insufficient-syntax-evidence	low	accept	conservative syntax review	u|none|low	OK	conservative terminal: no approved syntax evidence
橫徵暴斂	u	chengyu		china-idiom+agent	insufficient-syntax-evidence	low	accept	conservative syntax review	u|none|low	OK	conservative terminal: no approved syntax evidence
橫挑鼻子豎挑眼	u	chengyu		china-idiom+agent	clause-without-syntax-slot	low	accept	conservative syntax review	u|none|low	OK	conservative terminal: no approved syntax evidence
橫掃千軍	u	chengyu		china-idiom+agent	insufficient-syntax-evidence	low	accept	conservative syntax review	u|none|low	OK	conservative terminal: no approved syntax evidence
橫行無忌	u	chengyu		china-idiom+agent	insufficient-syntax-evidence	low	accept	conservative syntax review	u|none|low	OK	conservative terminal: no approved syntax evidence
橫行霸道	u	chengyu		china-idiom+agent	insufficient-syntax-evidence	low	accept	conservative syntax review	u|none|low	OK	conservative terminal: no approved syntax evidence
橫衝直撞	u	chengyu		china-idiom+agent	insufficient-syntax-evidence	low	accept	conservative syntax review	u|none|low	OK	conservative terminal: no approved syntax evidence
檻花籠鶴	u	chengyu		china-idiom+agent	insufficient-syntax-evidence	low	accept	conservative syntax review	u|none|low	OK	conservative terminal: no approved syntax evidence
櫛比鱗次	u	chengyu		china-idiom+agent	insufficient-syntax-evidence	low	accept	conservative syntax review	u|none|low	OK	conservative terminal: no approved syntax evidence
權宜之策	u	chengyu		china-idiom+agent	insufficient-syntax-evidence	low	accept	conservative syntax review	u|none|low	OK	conservative terminal: no approved syntax evidence
權衡輕重	u	chengyu		china-idiom+agent	insufficient-syntax-evidence	low	accept	conservative syntax review	u|none|low	OK	conservative terminal: no approved syntax evidence
欲擒故縱	u	chengyu		china-idiom+agent	insufficient-syntax-evidence	low	accept	conservative syntax review	u|none|low	OK	conservative terminal: no approved syntax evidence
欲益反損	u	chengyu		china-idiom+agent	insufficient-syntax-evidence	low	accept	conservative syntax review	u|none|low	OK	conservative terminal: no approved syntax evidence
欲言又止	u	chengyu		china-idiom+agent	insufficient-syntax-evidence	low	accept	conservative syntax review	u|none|low	OK	conservative terminal: no approved syntax evidence
欲速則不達	u	chengyu		china-idiom+agent	insufficient-syntax-evidence	low	accept	conservative syntax review	u|none|low	OK	conservative terminal: no approved syntax evidence
歃血為盟	u	chengyu		china-idiom+agent	insufficient-syntax-evidence	low	accept	conservative syntax review	u|none|low	OK	conservative terminal: no approved syntax evidence
歌功頌德	u	chengyu		china-idiom+agent	insufficient-syntax-evidence	low	accept	conservative syntax review	u|none|low	OK	conservative terminal: no approved syntax evidence
歎為觀止	u	chengyu		china-idiom+agent	insufficient-syntax-evidence	low	accept	conservative syntax review	u|none|low	OK	conservative terminal: no approved syntax evidence
歡蹦亂跳	u	chengyu		china-idiom+agent	insufficient-syntax-evidence	low	accept	conservative syntax review	u|none|low	OK	conservative terminal: no approved syntax evidence
正經八板	u	chengyu		china-idiom+agent	insufficient-syntax-evidence	low	accept	conservative syntax review	u|none|low	OK	conservative terminal: no approved syntax evidence
正言厲色	u	chengyu		china-idiom+agent	insufficient-syntax-evidence	low	accept	conservative syntax review	u|none|low	OK	conservative terminal: no approved syntax evidence
正顏厲色	u	chengyu		china-idiom+agent	insufficient-syntax-evidence	low	accept	conservative syntax review	u|none|low	OK	conservative terminal: no approved syntax evidence
此一時彼一時	u	chengyu		china-idiom+agent	insufficient-syntax-evidence	low	accept	conservative syntax review	u|none|low	OK	conservative terminal: no approved syntax evidence
此事體大	u	chengyu		china-idiom+agent	insufficient-syntax-evidence	low	accept	conservative syntax review	u|none|low	OK	conservative terminal: no approved syntax evidence
此伏彼起	u	chengyu		china-idiom+agent	insufficient-syntax-evidence	low	accept	conservative syntax review	u|none|low	OK	conservative terminal: no approved syntax evidence
此地無銀三百兩	u	chengyu		china-idiom+agent	clause-without-syntax-slot	low	accept	conservative syntax review	u|none|low	OK	conservative terminal: no approved syntax evidence
此風不可長	u	chengyu		china-idiom+agent	insufficient-syntax-evidence	low	accept	conservative syntax review	u|none|low	OK	conservative terminal: no approved syntax evidence
步人後塵	u	chengyu		china-idiom+agent	insufficient-syntax-evidence	low	accept	conservative syntax review	u|none|low	OK	conservative terminal: no approved syntax evidence
步履維艱	u	chengyu		china-idiom+agent	insufficient-syntax-evidence	low	accept	conservative syntax review	u|none|low	OK	conservative terminal: no approved syntax evidence
步斗踏罡	u	chengyu		china-idiom+agent	insufficient-syntax-evidence	low	accept	conservative syntax review	u|none|low	OK	conservative terminal: no approved syntax evidence
步步為營	u	chengyu		china-idiom+agent	insufficient-syntax-evidence	low	accept	conservative syntax review	u|none|low	OK	conservative terminal: no approved syntax evidence
歧路亡羊	u	chengyu		china-idiom+agent	insufficient-syntax-evidence	low	accept	conservative syntax review	u|none|low	OK	conservative terminal: no approved syntax evidence
歪打正着	u	chengyu		china-idiom+agent	insufficient-syntax-evidence	low	accept	conservative syntax review	u|none|low	OK	conservative terminal: no approved syntax evidence
歪風邪氣	u	chengyu		china-idiom+agent	insufficient-syntax-evidence	low	accept	conservative syntax review	u|none|low	OK	conservative terminal: no approved syntax evidence
歲不我與	u	chengyu		china-idiom+agent	insufficient-syntax-evidence	low	accept	conservative syntax review	u|none|low	OK	conservative terminal: no approved syntax evidence
歲月崢嶸	u	chengyu		china-idiom+agent	insufficient-syntax-evidence	low	accept	conservative syntax review	u|none|low	OK	conservative terminal: no approved syntax evidence
歷歷可數	u	chengyu		china-idiom+agent	insufficient-syntax-evidence	low	accept	conservative syntax review	u|none|low	OK	conservative terminal: no approved syntax evidence
歸心似箭	u	chengyu		china-idiom+agent	insufficient-syntax-evidence	low	accept	conservative syntax review	u|none|low	OK	conservative terminal: no approved syntax evidence
歸心如箭	u	chengyu		china-idiom+agent	insufficient-syntax-evidence	low	accept	conservative syntax review	u|none|low	OK	conservative terminal: no approved syntax evidence
歸根究柢	u	chengyu		china-idiom+agent	insufficient-syntax-evidence	low	accept	conservative syntax review	u|none|low	OK	conservative terminal: no approved syntax evidence
歸根結柢	u	chengyu		china-idiom+agent	insufficient-syntax-evidence	low	accept	conservative syntax review	u|none|low	OK	conservative terminal: no approved syntax evidence
歸真反璞	u	chengyu		china-idiom+agent	insufficient-syntax-evidence	low	accept	conservative syntax review	u|none|low	OK	conservative terminal: no approved syntax evidence
死不悔改	u	chengyu		china-idiom+agent	insufficient-syntax-evidence	low	accept	conservative syntax review	u|none|low	OK	conservative terminal: no approved syntax evidence
死去活來	u	chengyu		china-idiom+agent	insufficient-syntax-evidence	low	accept	conservative syntax review	u|none|low	OK	conservative terminal: no approved syntax evidence
死得其所	u	chengyu		china-idiom+agent	insufficient-syntax-evidence	low	accept	conservative syntax review	u|none|low	OK	conservative terminal: no approved syntax evidence
死心塌地	u	chengyu		china-idiom+agent	insufficient-syntax-evidence	low	accept	conservative syntax review	u|none|low	OK	conservative terminal: no approved syntax evidence
死心踏地	u	chengyu		china-idiom+agent	insufficient-syntax-evidence	low	accept	conservative syntax review	u|none|low	OK	conservative terminal: no approved syntax evidence
死有餘辜	u	chengyu		china-idiom+agent	insufficient-syntax-evidence	low	accept	conservative syntax review	u|none|low	OK	conservative terminal: no approved syntax evidence
死灰復燃	u	chengyu		china-idiom+agent	insufficient-syntax-evidence	low	accept	conservative syntax review	u|none|low	OK	conservative terminal: no approved syntax evidence
死無葬身之地	u	chengyu		china-idiom+agent	insufficient-syntax-evidence	low	accept	conservative syntax review	u|none|low	OK	conservative terminal: no approved syntax evidence
死皮賴臉	u	chengyu		china-idiom+agent	insufficient-syntax-evidence	low	accept	conservative syntax review	u|none|low	OK	conservative terminal: no approved syntax evidence
死而後已	u	chengyu		china-idiom+agent	insufficient-syntax-evidence	low	accept	conservative syntax review	u|none|low	OK	conservative terminal: no approved syntax evidence
死而無怨	u	chengyu		china-idiom+agent	insufficient-syntax-evidence	low	accept	conservative syntax review	u|none|low	OK	conservative terminal: no approved syntax evidence
死馬當活馬醫	u	chengyu		china-idiom+agent	insufficient-syntax-evidence	low	accept	conservative syntax review	u|none|low	OK	conservative terminal: no approved syntax evidence
殊途同歸	u	chengyu		china-idiom+agent	insufficient-syntax-evidence	low	accept	conservative syntax review	u|none|low	OK	conservative terminal: no approved syntax evidence
殘兵敗將	u	chengyu		china-idiom+agent	insufficient-syntax-evidence	low	accept	conservative syntax review	u|none|low	OK	conservative terminal: no approved syntax evidence
殘冬臘月	u	chengyu		china-idiom+agent	insufficient-syntax-evidence	low	accept	conservative syntax review	u|none|low	OK	conservative terminal: no approved syntax evidence
殘山剩水	u	chengyu		china-idiom+agent	insufficient-syntax-evidence	low	accept	conservative syntax review	u|none|low	OK	conservative terminal: no approved syntax evidence
殘暴不仁	u	chengyu		china-idiom+agent	insufficient-syntax-evidence	low	accept	conservative syntax review	u|none|low	OK	conservative terminal: no approved syntax evidence
殘民害物	u	chengyu		china-idiom+agent	insufficient-syntax-evidence	low	accept	conservative syntax review	u|none|low	OK	conservative terminal: no approved syntax evidence
殘渣餘孽	u	chengyu		china-idiom+agent	insufficient-syntax-evidence	low	accept	conservative syntax review	u|none|low	OK	conservative terminal: no approved syntax evidence
殘茶剩飯	u	chengyu		china-idiom+agent	insufficient-syntax-evidence	low	accept	conservative syntax review	u|none|low	OK	conservative terminal: no approved syntax evidence
殞身不恤	u	chengyu		china-idiom+agent	insufficient-syntax-evidence	low	accept	conservative syntax review	u|none|low	OK	conservative terminal: no approved syntax evidence
殫精極慮	u	chengyu		china-idiom+agent	insufficient-syntax-evidence	low	accept	conservative syntax review	u|none|low	OK	conservative terminal: no approved syntax evidence
殫精竭力	u	chengyu		china-idiom+agent	insufficient-syntax-evidence	low	accept	conservative syntax review	u|none|low	OK	conservative terminal: no approved syntax evidence
殫見洽聞	u	chengyu		china-idiom+agent	insufficient-syntax-evidence	low	accept	conservative syntax review	u|none|low	OK	conservative terminal: no approved syntax evidence
殷鑑不遠	u	chengyu		china-idiom+agent	insufficient-syntax-evidence	low	accept	conservative syntax review	u|none|low	OK	conservative terminal: no approved syntax evidence
殺人不眨眼	u	chengyu		china-idiom+agent	insufficient-syntax-evidence	low	accept	conservative syntax review	u|none|low	OK	conservative terminal: no approved syntax evidence
殺人不見血	u	chengyu		china-idiom+agent	insufficient-syntax-evidence	low	accept	conservative syntax review	u|none|low	OK	conservative terminal: no approved syntax evidence
殺人如麻	u	chengyu		china-idiom+agent	insufficient-syntax-evidence	low	accept	conservative syntax review	u|none|low	OK	conservative terminal: no approved syntax evidence
殺人越貨	u	chengyu		china-idiom+agent	insufficient-syntax-evidence	low	accept	conservative syntax review	u|none|low	OK	conservative terminal: no approved syntax evidence
殺彘教子	u	chengyu		china-idiom+agent	insufficient-syntax-evidence	low	accept	conservative syntax review	u|none|low	OK	conservative terminal: no approved syntax evidence
殺氣騰騰	u	chengyu		china-idiom+agent	insufficient-syntax-evidence	low	accept	conservative syntax review	u|none|low	OK	conservative terminal: no approved syntax evidence
殺身成仁	u	chengyu		china-idiom+agent	insufficient-syntax-evidence	low	accept	conservative syntax review	u|none|low	OK	conservative terminal: no approved syntax evidence
殺雞取卵	u	chengyu		china-idiom+agent	insufficient-syntax-evidence	low	accept	conservative syntax review	u|none|low	OK	conservative terminal: no approved syntax evidence
殺雞焉用牛刀	u	chengyu		china-idiom+agent	insufficient-syntax-evidence	low	accept	conservative syntax review	u|none|low	OK	conservative terminal: no approved syntax evidence
殺雞駭猴	u	chengyu		china-idiom+agent	insufficient-syntax-evidence	low	accept	conservative syntax review	u|none|low	OK	conservative terminal: no approved syntax evidence
殺風景	u	chengyu		china-idiom+agent	insufficient-syntax-evidence	low	accept	conservative syntax review	u|none|low	OK	conservative terminal: no approved syntax evidence
毀家紓難	u	chengyu		china-idiom+agent	insufficient-syntax-evidence	low	accept	conservative syntax review	u|none|low	OK	conservative terminal: no approved syntax evidence
毀於一旦	u	chengyu		china-idiom+agent	insufficient-syntax-evidence	low	accept	conservative syntax review	u|none|low	OK	conservative terminal: no approved syntax evidence
毅然決然	u	chengyu		china-idiom+agent	insufficient-syntax-evidence	low	accept	conservative syntax review	u|none|low	OK	conservative terminal: no approved syntax evidence
每下愈況	u	chengyu		china-idiom+agent	insufficient-syntax-evidence	low	accept	conservative syntax review	u|none|low	OK	conservative terminal: no approved syntax evidence
比上不足比下有餘	u	chengyu		china-idiom+agent	insufficient-syntax-evidence	low	accept	conservative syntax review	u|none|low	OK	conservative terminal: no approved syntax evidence
比手劃腳	u	chengyu		china-idiom+agent	insufficient-syntax-evidence	low	accept	conservative syntax review	u|none|low	OK	conservative terminal: no approved syntax evidence
比肩繼踵	u	chengyu		china-idiom+agent	insufficient-syntax-evidence	low	accept	conservative syntax review	u|none|low	OK	conservative terminal: no approved syntax evidence
比肩而立	u	chengyu		china-idiom+agent	insufficient-syntax-evidence	low	accept	conservative syntax review	u|none|low	OK	conservative terminal: no approved syntax evidence
毛舉細故	u	chengyu		china-idiom+agent	insufficient-syntax-evidence	low	accept	conservative syntax review	u|none|low	OK	conservative terminal: no approved syntax evidence
毛遂自薦	u	chengyu		china-idiom+agent	insufficient-syntax-evidence	low	accept	conservative syntax review	u|none|low	OK	conservative terminal: no approved syntax evidence
毛骨悚然	u	chengyu		china-idiom+agent	insufficient-syntax-evidence	low	accept	conservative syntax review	u|none|low	OK	conservative terminal: no approved syntax evidence
毫釐不爽	u	chengyu		china-idiom+agent	insufficient-syntax-evidence	low	accept	conservative syntax review	u|none|low	OK	conservative terminal: no approved syntax evidence
毫髮不爽	u	chengyu		china-idiom+agent	insufficient-syntax-evidence	low	accept	conservative syntax review	u|none|low	OK	conservative terminal: no approved syntax evidence
民不聊生	u	chengyu		china-idiom+agent	insufficient-syntax-evidence	low	accept	conservative syntax review	u|none|low	OK	conservative terminal: no approved syntax evidence
民以食為天	u	chengyu		china-idiom+agent	insufficient-syntax-evidence	low	accept	conservative syntax review	u|none|low	OK	conservative terminal: no approved syntax evidence
民窮財盡	u	chengyu		china-idiom+agent	insufficient-syntax-evidence	low	accept	conservative syntax review	u|none|low	OK	conservative terminal: no approved syntax evidence
氣勢洶洶	u	chengyu		china-idiom+agent	insufficient-syntax-evidence	low	accept	conservative syntax review	u|none|low	OK	conservative terminal: no approved syntax evidence
氣吞山河	u	chengyu		china-idiom+agent	insufficient-syntax-evidence	low	accept	conservative syntax review	u|none|low	OK	conservative terminal: no approved syntax evidence
氣味相投	u	chengyu		china-idiom+agent	insufficient-syntax-evidence	low	accept	conservative syntax review	u|none|low	OK	conservative terminal: no approved syntax evidence
氣壯如牛	u	chengyu		china-idiom+agent	insufficient-syntax-evidence	low	accept	conservative syntax review	u|none|low	OK	conservative terminal: no approved syntax evidence
氣壯山河	u	chengyu		china-idiom+agent	insufficient-syntax-evidence	low	accept	conservative syntax review	u|none|low	OK	conservative terminal: no approved syntax evidence
氣急敗壞	u	chengyu		china-idiom+agent	insufficient-syntax-evidence	low	accept	conservative syntax review	u|none|low	OK	conservative terminal: no approved syntax evidence
氣象萬千	u	chengyu		china-idiom+agent	insufficient-syntax-evidence	low	accept	conservative syntax review	u|none|low	OK	conservative terminal: no approved syntax evidence
氣貫長虹	u	chengyu		china-idiom+agent	insufficient-syntax-evidence	low	accept	conservative syntax review	u|none|low	OK	conservative terminal: no approved syntax evidence
水中撈月	u	chengyu		china-idiom+agent	insufficient-syntax-evidence	low	accept	conservative syntax review	u|none|low	OK	conservative terminal: no approved syntax evidence
水性楊花	u	chengyu		china-idiom+agent	insufficient-syntax-evidence	low	accept	conservative syntax review	u|none|low	OK	conservative terminal: no approved syntax evidence
水泄不通	u	chengyu		china-idiom+agent	insufficient-syntax-evidence	low	accept	conservative syntax review	u|none|low	OK	conservative terminal: no approved syntax evidence
水清無魚	u	chengyu		china-idiom+agent	insufficient-syntax-evidence	low	accept	conservative syntax review	u|none|low	OK	conservative terminal: no approved syntax evidence
水滴石穿	u	chengyu		china-idiom+agent	insufficient-syntax-evidence	low	accept	conservative syntax review	u|none|low	OK	conservative terminal: no approved syntax evidence
水漲船高	u	chengyu		china-idiom+agent	insufficient-syntax-evidence	low	accept	conservative syntax review	u|none|low	OK	conservative terminal: no approved syntax evidence
水火不相容	u	chengyu		china-idiom+agent	insufficient-syntax-evidence	low	accept	conservative syntax review	u|none|low	OK	conservative terminal: no approved syntax evidence
水盡鵝飛	u	chengyu		china-idiom+agent	insufficient-syntax-evidence	low	accept	conservative syntax review	u|none|low	OK	conservative terminal: no approved syntax evidence
水至清則無魚	u	chengyu		china-idiom+agent	insufficient-syntax-evidence	low	accept	conservative syntax review	u|none|low	OK	conservative terminal: no approved syntax evidence
水落歸槽	u	chengyu		china-idiom+agent	insufficient-syntax-evidence	low	accept	conservative syntax review	u|none|low	OK	conservative terminal: no approved syntax evidence
水落石出	u	chengyu		china-idiom+agent	insufficient-syntax-evidence	low	accept	conservative syntax review	u|none|low	OK	conservative terminal: no approved syntax evidence
水過鴨背	u	chengyu		china-idiom+agent	insufficient-syntax-evidence	low	accept	conservative syntax review	u|none|low	OK	conservative terminal: no approved syntax evidence
水陸畢陳	u	chengyu		china-idiom+agent	insufficient-syntax-evidence	low	accept	conservative syntax review	u|none|low	OK	conservative terminal: no approved syntax evidence
求人不如求己	u	chengyu		china-idiom+agent	insufficient-syntax-evidence	low	accept	conservative syntax review	u|none|low	OK	conservative terminal: no approved syntax evidence
求仁得仁	u	chengyu		china-idiom+agent	insufficient-syntax-evidence	low	accept	conservative syntax review	u|none|low	OK	conservative terminal: no approved syntax evidence
求全責備	u	chengyu		china-idiom+agent	insufficient-syntax-evidence	low	accept	conservative syntax review	u|none|low	OK	conservative terminal: no approved syntax evidence
求神問卜	u	chengyu		china-idiom+agent	insufficient-syntax-evidence	low	accept	conservative syntax review	u|none|low	OK	conservative terminal: no approved syntax evidence
求親靠友	u	chengyu		china-idiom+agent	insufficient-syntax-evidence	low	accept	conservative syntax review	u|none|low	OK	conservative terminal: no approved syntax evidence
汗流浹背	u	chengyu		china-idiom+agent	insufficient-syntax-evidence	low	accept	conservative syntax review	u|none|low	OK	conservative terminal: no approved syntax evidence
汗馬功勞	u	chengyu		china-idiom+agent	insufficient-syntax-evidence	low	accept	conservative syntax review	u|none|low	OK	conservative terminal: no approved syntax evidence
江心補漏	u	chengyu		china-idiom+agent	insufficient-syntax-evidence	low	accept	conservative syntax review	u|none|low	OK	conservative terminal: no approved syntax evidence
江河日下	u	chengyu		china-idiom+agent	insufficient-syntax-evidence	low	accept	conservative syntax review	u|none|low	OK	conservative terminal: no approved syntax evidence
污泥濁水	u	chengyu		china-idiom+agent	insufficient-syntax-evidence	low	accept	conservative syntax review	u|none|low	OK	conservative terminal: no approved syntax evidence
汪洋浩博	u	chengyu		china-idiom+agent	insufficient-syntax-evidence	low	accept	conservative syntax review	u|none|low	OK	conservative terminal: no approved syntax evidence
決一死戰	u	chengyu		china-idiom+agent	insufficient-syntax-evidence	low	accept	conservative syntax review	u|none|low	OK	conservative terminal: no approved syntax evidence
決一雌雄	u	chengyu		china-idiom+agent	insufficient-syntax-evidence	low	accept	conservative syntax review	u|none|low	OK	conservative terminal: no approved syntax evidence
沁人心脾	u	chengyu		china-idiom+agent	insufficient-syntax-evidence	low	accept	conservative syntax review	u|none|low	OK	conservative terminal: no approved syntax evidence
沆瀣一氣	u	chengyu		china-idiom+agent	insufficient-syntax-evidence	low	accept	conservative syntax review	u|none|low	OK	conservative terminal: no approved syntax evidence
沉冤莫白	u	chengyu		china-idiom+agent	insufficient-syntax-evidence	low	accept	conservative syntax review	u|none|low	OK	conservative terminal: no approved syntax evidence
沉湎酒色	u	chengyu		china-idiom+agent	insufficient-syntax-evidence	low	accept	conservative syntax review	u|none|low	OK	conservative terminal: no approved syntax evidence
沉靜寡言	u	chengyu		china-idiom+agent	insufficient-syntax-evidence	low	accept	conservative syntax review	u|none|low	OK	conservative terminal: no approved syntax evidence
沉魚落雁	u	chengyu		china-idiom+agent	insufficient-syntax-evidence	low	accept	conservative syntax review	u|none|low	OK	conservative terminal: no approved syntax evidence
沒精打采	u	chengyu		china-idiom+agent	insufficient-syntax-evidence	low	accept	conservative syntax review	u|none|low	OK	conservative terminal: no approved syntax evidence
沒齒不忘	u	chengyu		china-idiom+agent	insufficient-syntax-evidence	low	accept	conservative syntax review	u|none|low	OK	conservative terminal: no approved syntax evidence
河水不犯井水	u	chengyu		china-idiom+agent	insufficient-syntax-evidence	low	accept	conservative syntax review	u|none|low	OK	conservative terminal: no approved syntax evidence
河清海晏	u	chengyu		china-idiom+agent	insufficient-syntax-evidence	low	accept	conservative syntax review	u|none|low	OK	conservative terminal: no approved syntax evidence
沸反盈天	u	chengyu		china-idiom+agent	insufficient-syntax-evidence	low	accept	conservative syntax review	u|none|low	OK	conservative terminal: no approved syntax evidence
油光水滑	u	chengyu		china-idiom+agent	insufficient-syntax-evidence	low	accept	conservative syntax review	u|none|low	OK	conservative terminal: no approved syntax evidence
油然而生	u	chengyu		china-idiom+agent	insufficient-syntax-evidence	low	accept	conservative syntax review	u|none|low	OK	conservative terminal: no approved syntax evidence
油腔滑調	u	chengyu		china-idiom+agent	insufficient-syntax-evidence	low	accept	conservative syntax review	u|none|low	OK	conservative terminal: no approved syntax evidence
油頭滑腦	u	chengyu		china-idiom+agent	insufficient-syntax-evidence	low	accept	conservative syntax review	u|none|low	OK	conservative terminal: no approved syntax evidence
油頭粉面	u	chengyu		china-idiom+agent	insufficient-syntax-evidence	low	accept	conservative syntax review	u|none|low	OK	conservative terminal: no approved syntax evidence
治國安民	u	chengyu		china-idiom+agent	insufficient-syntax-evidence	low	accept	conservative syntax review	u|none|low	OK	conservative terminal: no approved syntax evidence
沽名釣譽	u	chengyu		china-idiom+agent	insufficient-syntax-evidence	low	accept	conservative syntax review	u|none|low	OK	conservative terminal: no approved syntax evidence
泄漏天機	u	chengyu		china-idiom+agent	insufficient-syntax-evidence	low	accept	conservative syntax review	u|none|low	OK	conservative terminal: no approved syntax evidence
法力無邊	u	chengyu		china-idiom+agent	insufficient-syntax-evidence	low	accept	conservative syntax review	u|none|low	OK	conservative terminal: no approved syntax evidence
法輪常轉	u	chengyu		china-idiom+agent	insufficient-syntax-evidence	low	accept	conservative syntax review	u|none|low	OK	conservative terminal: no approved syntax evidence
波光粼粼	u	chengyu		china-idiom+agent	insufficient-syntax-evidence	low	accept	conservative syntax review	u|none|low	OK	conservative terminal: no approved syntax evidence
波濤洶湧	u	chengyu		china-idiom+agent	insufficient-syntax-evidence	low	accept	conservative syntax review	u|none|low	OK	conservative terminal: no approved syntax evidence
波瀾壯闊	u	chengyu		china-idiom+agent	insufficient-syntax-evidence	low	accept	conservative syntax review	u|none|low	OK	conservative terminal: no approved syntax evidence
波瀾老成	u	chengyu		china-idiom+agent	insufficient-syntax-evidence	low	accept	conservative syntax review	u|none|low	OK	conservative terminal: no approved syntax evidence
泥古不化	u	chengyu		china-idiom+agent	insufficient-syntax-evidence	low	accept	conservative syntax review	u|none|low	OK	conservative terminal: no approved syntax evidence
泥菩薩過江	u	chengyu		china-idiom+agent	insufficient-syntax-evidence	low	accept	conservative syntax review	u|none|low	OK	conservative terminal: no approved syntax evidence
泰山北斗	u	chengyu		china-idiom+agent	insufficient-syntax-evidence	low	accept	conservative syntax review	u|none|low	OK	conservative terminal: no approved syntax evidence
泰然處之	u	chengyu		china-idiom+agent	insufficient-syntax-evidence	low	accept	conservative syntax review	u|none|low	OK	conservative terminal: no approved syntax evidence
洋洋大觀	u	chengyu		china-idiom+agent	insufficient-syntax-evidence	low	accept	conservative syntax review	u|none|low	OK	conservative terminal: no approved syntax evidence
洋洋得意	u	chengyu		china-idiom+agent	insufficient-syntax-evidence	low	accept	conservative syntax review	u|none|low	OK	conservative terminal: no approved syntax evidence
洋洋灑灑	u	chengyu		china-idiom+agent	insufficient-syntax-evidence	low	accept	conservative syntax review	u|none|low	OK	conservative terminal: no approved syntax evidence
洗心滌慮	u	chengyu		china-idiom+agent	insufficient-syntax-evidence	low	accept	conservative syntax review	u|none|low	OK	conservative terminal: no approved syntax evidence
津津有味	u	chengyu		china-idiom+agent	insufficient-syntax-evidence	low	accept	conservative syntax review	u|none|low	OK	conservative terminal: no approved syntax evidence
津津樂道	u	chengyu		china-idiom+agent	insufficient-syntax-evidence	low	accept	conservative syntax review	u|none|low	OK	conservative terminal: no approved syntax evidence
洪福齊天	u	chengyu		china-idiom+agent	insufficient-syntax-evidence	low	accept	conservative syntax review	u|none|low	OK	conservative terminal: no approved syntax evidence
洶湧澎湃	u	chengyu		china-idiom+agent	insufficient-syntax-evidence	low	accept	conservative syntax review	u|none|low	OK	conservative terminal: no approved syntax evidence
活剝生吞	u	chengyu		china-idiom+agent	insufficient-syntax-evidence	low	accept	conservative syntax review	u|none|low	OK	conservative terminal: no approved syntax evidence
流水行雲	u	chengyu		china-idiom+agent	insufficient-syntax-evidence	low	accept	conservative syntax review	u|none|low	OK	conservative terminal: no approved syntax evidence
流芳百世	u	chengyu		china-idiom+agent	insufficient-syntax-evidence	low	accept	conservative syntax review	u|none|low	OK	conservative terminal: no approved syntax evidence
流落江湖	u	chengyu		china-idiom+agent	insufficient-syntax-evidence	low	accept	conservative syntax review	u|none|low	OK	conservative terminal: no approved syntax evidence
流言蜚語	u	chengyu		china-idiom+agent	insufficient-syntax-evidence	low	accept	conservative syntax review	u|none|low	OK	conservative terminal: no approved syntax evidence
流離失所	u	chengyu		china-idiom+agent	insufficient-syntax-evidence	low	accept	conservative syntax review	u|none|low	OK	conservative terminal: no approved syntax evidence
流離顛沛	u	chengyu		china-idiom+agent	insufficient-syntax-evidence	low	accept	conservative syntax review	u|none|low	OK	conservative terminal: no approved syntax evidence
浩如煙海	u	chengyu		china-idiom+agent	insufficient-syntax-evidence	low	accept	conservative syntax review	u|none|low	OK	conservative terminal: no approved syntax evidence
浪子回頭金不換	u	chengyu		china-idiom+agent	clause-without-syntax-slot	low	accept	conservative syntax review	u|none|low	OK	conservative terminal: no approved syntax evidence
浮家泛宅	u	chengyu		china-idiom+agent	insufficient-syntax-evidence	low	accept	conservative syntax review	u|none|low	OK	conservative terminal: no approved syntax evidence
浮雲朝露	u	chengyu		china-idiom+agent	insufficient-syntax-evidence	low	accept	conservative syntax review	u|none|low	OK	conservative terminal: no approved syntax evidence
浴血奮戰	u	chengyu		china-idiom+agent	insufficient-syntax-evidence	low	accept	conservative syntax review	u|none|low	OK	conservative terminal: no approved syntax evidence
海不揚波	u	chengyu		china-idiom+agent	insufficient-syntax-evidence	low	accept	conservative syntax review	u|none|low	OK	conservative terminal: no approved syntax evidence
海底撈月	u	chengyu		china-idiom+agent	insufficient-syntax-evidence	low	accept	conservative syntax review	u|none|low	OK	conservative terminal: no approved syntax evidence
海底撈針	u	chengyu		china-idiom+agent	insufficient-syntax-evidence	low	accept	conservative syntax review	u|none|low	OK	conservative terminal: no approved syntax evidence
海晏河清	u	chengyu		china-idiom+agent	insufficient-syntax-evidence	low	accept	conservative syntax review	u|none|low	OK	conservative terminal: no approved syntax evidence
海水不可斗量	u	chengyu		china-idiom+agent	insufficient-syntax-evidence	low	accept	conservative syntax review	u|none|low	OK	conservative terminal: no approved syntax evidence
涅而不淄	u	chengyu		china-idiom+agent	insufficient-syntax-evidence	low	accept	conservative syntax review	u|none|low	OK	conservative terminal: no approved syntax evidence
涇渭不分	u	chengyu		china-idiom+agent	insufficient-syntax-evidence	low	accept	conservative syntax review	u|none|low	OK	conservative terminal: no approved syntax evidence
消愁解悶	u	chengyu		china-idiom+agent	insufficient-syntax-evidence	low	accept	conservative syntax review	u|none|low	OK	conservative terminal: no approved syntax evidence
涓滴歸公	u	chengyu		china-idiom+agent	insufficient-syntax-evidence	low	accept	conservative syntax review	u|none|low	OK	conservative terminal: no approved syntax evidence
涕泗橫流	u	chengyu		china-idiom+agent	insufficient-syntax-evidence	low	accept	conservative syntax review	u|none|low	OK	conservative terminal: no approved syntax evidence
涕泗縱橫	u	chengyu		china-idiom+agent	insufficient-syntax-evidence	low	accept	conservative syntax review	u|none|low	OK	conservative terminal: no approved syntax evidence
涕淚交流	u	chengyu		china-idiom+agent	insufficient-syntax-evidence	low	accept	conservative syntax review	u|none|low	OK	conservative terminal: no approved syntax evidence
涸轍之鮒	u	chengyu		china-idiom+agent	insufficient-syntax-evidence	low	accept	conservative syntax review	u|none|low	OK	conservative terminal: no approved syntax evidence
淑人君子	u	chengyu		china-idiom+agent	insufficient-syntax-evidence	low	accept	conservative syntax review	u|none|low	OK	conservative terminal: no approved syntax evidence
淚如泉湧	u	chengyu		china-idiom+agent	insufficient-syntax-evidence	low	accept	conservative syntax review	u|none|low	OK	conservative terminal: no approved syntax evidence
淚如雨下	u	chengyu		china-idiom+agent	insufficient-syntax-evidence	low	accept	conservative syntax review	u|none|low	OK	conservative terminal: no approved syntax evidence
淡泊明志	u	chengyu		china-idiom+agent	insufficient-syntax-evidence	low	accept	conservative syntax review	u|none|low	OK	conservative terminal: no approved syntax evidence
淫詞穢語	u	chengyu		china-idiom+agent	insufficient-syntax-evidence	low	accept	conservative syntax review	u|none|low	OK	conservative terminal: no approved syntax evidence
淫詞褻語	u	chengyu		china-idiom+agent	insufficient-syntax-evidence	low	accept	conservative syntax review	u|none|low	OK	conservative terminal: no approved syntax evidence
深仇大恨	u	chengyu		china-idiom+agent	insufficient-syntax-evidence	low	accept	conservative syntax review	u|none|low	OK	conservative terminal: no approved syntax evidence
深入淺出	u	chengyu		china-idiom+agent	insufficient-syntax-evidence	low	accept	conservative syntax review	u|none|low	OK	conservative terminal: no approved syntax evidence
深入骨髓	u	chengyu		china-idiom+agent	insufficient-syntax-evidence	low	accept	conservative syntax review	u|none|low	OK	conservative terminal: no approved syntax evidence
深得人心	u	chengyu		china-idiom+agent	insufficient-syntax-evidence	low	accept	conservative syntax review	u|none|low	OK	conservative terminal: no approved syntax evidence
深惡痛絕	u	chengyu		china-idiom+agent	insufficient-syntax-evidence	low	accept	conservative syntax review	u|none|low	OK	conservative terminal: no approved syntax evidence
深更半夜	u	chengyu		china-idiom+agent	insufficient-syntax-evidence	low	accept	conservative syntax review	u|none|low	OK	conservative terminal: no approved syntax evidence
深根固柢	u	chengyu		china-idiom+agent	insufficient-syntax-evidence	low	accept	conservative syntax review	u|none|low	OK	conservative terminal: no approved syntax evidence
深謀遠慮	u	chengyu		china-idiom+agent	insufficient-syntax-evidence	low	accept	conservative syntax review	u|none|low	OK	conservative terminal: no approved syntax evidence
深謀遠略	u	chengyu		china-idiom+agent	insufficient-syntax-evidence	low	accept	conservative syntax review	u|none|low	OK	conservative terminal: no approved syntax evidence
深閉固拒	u	chengyu		china-idiom+agent	insufficient-syntax-evidence	low	accept	conservative syntax review	u|none|low	OK	conservative terminal: no approved syntax evidence
混水撈魚	u	chengyu		china-idiom+agent	insufficient-syntax-evidence	low	accept	conservative syntax review	u|none|low	OK	conservative terminal: no approved syntax evidence
混淆是非	u	chengyu		china-idiom+agent	insufficient-syntax-evidence	low	accept	conservative syntax review	u|none|low	OK	conservative terminal: no approved syntax evidence
混混噩噩	u	chengyu		china-idiom+agent	insufficient-syntax-evidence	low	accept	conservative syntax review	u|none|low	OK	conservative terminal: no approved syntax evidence
混為一談	u	chengyu		china-idiom+agent	insufficient-syntax-evidence	low	accept	conservative syntax review	u|none|low	OK	conservative terminal: no approved syntax evidence
添枝加葉	u	chengyu		china-idiom+agent	insufficient-syntax-evidence	low	accept	conservative syntax review	u|none|low	OK	conservative terminal: no approved syntax evidence
清君側	u	chengyu		china-idiom+agent	insufficient-syntax-evidence	low	accept	conservative syntax review	u|none|low	OK	conservative terminal: no approved syntax evidence
清官難斷家務事	u	chengyu		china-idiom+agent	insufficient-syntax-evidence	low	accept	conservative syntax review	u|none|low	OK	conservative terminal: no approved syntax evidence
清平世界	u	chengyu		china-idiom+agent	insufficient-syntax-evidence	low	accept	conservative syntax review	u|none|low	OK	conservative terminal: no approved syntax evidence
清歌妙舞	u	chengyu		china-idiom+agent	insufficient-syntax-evidence	low	accept	conservative syntax review	u|none|low	OK	conservative terminal: no approved syntax evidence
清規戒律	u	chengyu		china-idiom+agent	insufficient-syntax-evidence	low	accept	conservative syntax review	u|none|low	OK	conservative terminal: no approved syntax evidence
清風勁節	u	chengyu		china-idiom+agent	insufficient-syntax-evidence	low	accept	conservative syntax review	u|none|low	OK	conservative terminal: no approved syntax evidence
温情脈脈	u	chengyu		china-idiom+agent	insufficient-syntax-evidence	low	accept	conservative syntax review	u|none|low	OK	conservative terminal: no approved syntax evidence
温故知新	u	chengyu		china-idiom+agent	insufficient-syntax-evidence	low	accept	conservative syntax review	u|none|low	OK	conservative terminal: no approved syntax evidence
温文儒雅	u	chengyu		china-idiom+agent	insufficient-syntax-evidence	low	accept	conservative syntax review	u|none|low	OK	conservative terminal: no approved syntax evidence
温柔敦厚	u	chengyu		china-idiom+agent	insufficient-syntax-evidence	low	accept	conservative syntax review	u|none|low	OK	conservative terminal: no approved syntax evidence
温良恭儉讓	u	chengyu		china-idiom+agent	insufficient-syntax-evidence	low	accept	conservative syntax review	u|none|low	OK	conservative terminal: no approved syntax evidence
渺渺茫茫	u	chengyu		china-idiom+agent	insufficient-syntax-evidence	low	accept	conservative syntax review	u|none|low	OK	conservative terminal: no approved syntax evidence
渾渾沌沌	u	chengyu		china-idiom+agent	insufficient-syntax-evidence	low	accept	conservative syntax review	u|none|low	OK	conservative terminal: no approved syntax evidence
湖光山色	u	chengyu		china-idiom+agent	insufficient-syntax-evidence	low	accept	conservative syntax review	u|none|low	OK	conservative terminal: no approved syntax evidence
湯池鐵城	u	chengyu		china-idiom+agent	insufficient-syntax-evidence	low	accept	conservative syntax review	u|none|low	OK	conservative terminal: no approved syntax evidence
源源本本	u	chengyu		china-idiom+agent	insufficient-syntax-evidence	low	accept	conservative syntax review	u|none|low	OK	conservative terminal: no approved syntax evidence
溘先朝露	u	chengyu		china-idiom+agent	insufficient-syntax-evidence	low	accept	conservative syntax review	u|none|low	OK	conservative terminal: no approved syntax evidence
溜之大吉	u	chengyu		china-idiom+agent	insufficient-syntax-evidence	low	accept	conservative syntax review	u|none|low	OK	conservative terminal: no approved syntax evidence
溜鬚拍馬	u	chengyu		china-idiom+agent	insufficient-syntax-evidence	low	accept	conservative syntax review	u|none|low	OK	conservative terminal: no approved syntax evidence
滄海一粟	u	chengyu		china-idiom+agent	insufficient-syntax-evidence	low	accept	conservative syntax review	u|none|low	OK	conservative terminal: no approved syntax evidence
滄海桑田	u	chengyu		china-idiom+agent	insufficient-syntax-evidence	low	accept	conservative syntax review	u|none|low	OK	conservative terminal: no approved syntax evidence
滅頂之災	u	chengyu		china-idiom+agent	insufficient-syntax-evidence	low	accept	conservative syntax review	u|none|low	OK	conservative terminal: no approved syntax evidence
滴水不漏	u	chengyu		china-idiom+agent	insufficient-syntax-evidence	low	accept	conservative syntax review	u|none|low	OK	conservative terminal: no approved syntax evidence
滴水穿石	u	chengyu		china-idiom+agent	insufficient-syntax-evidence	low	accept	conservative syntax review	u|none|low	OK	conservative terminal: no approved syntax evidence
滿不在乎	u	chengyu		china-idiom+agent	insufficient-syntax-evidence	low	accept	conservative syntax review	u|none|low	OK	conservative terminal: no approved syntax evidence
滿天飛	u	chengyu		china-idiom+agent	insufficient-syntax-evidence	low	accept	conservative syntax review	u|none|low	OK	conservative terminal: no approved syntax evidence
滿腹經綸	u	chengyu		china-idiom+agent	insufficient-syntax-evidence	low	accept	conservative syntax review	u|none|low	OK	conservative terminal: no approved syntax evidence
滿面春風	u	chengyu		china-idiom+agent	insufficient-syntax-evidence	low	accept	conservative syntax review	u|none|low	OK	conservative terminal: no approved syntax evidence
漏泄天機	u	chengyu		china-idiom+agent	insufficient-syntax-evidence	low	accept	conservative syntax review	u|none|low	OK	conservative terminal: no approved syntax evidence
漏網之魚	u	chengyu		china-idiom+agent	insufficient-syntax-evidence	low	accept	conservative syntax review	u|none|low	OK	conservative terminal: no approved syntax evidence
漏脯充飢	u	chengyu		china-idiom+agent	insufficient-syntax-evidence	low	accept	conservative syntax review	u|none|low	OK	conservative terminal: no approved syntax evidence
漫天大謊	u	chengyu		china-idiom+agent	insufficient-syntax-evidence	low	accept	conservative syntax review	u|none|low	OK	conservative terminal: no approved syntax evidence
漫天遍地	u	chengyu		china-idiom+agent	insufficient-syntax-evidence	low	accept	conservative syntax review	u|none|low	OK	conservative terminal: no approved syntax evidence
漫天遍野	u	chengyu		china-idiom+agent	insufficient-syntax-evidence	low	accept	conservative syntax review	u|none|low	OK	conservative terminal: no approved syntax evidence
漫山遍野	u	chengyu		china-idiom+agent	insufficient-syntax-evidence	low	accept	conservative syntax review	u|none|low	OK	conservative terminal: no approved syntax evidence
潑水難收	u	chengyu		china-idiom+agent	insufficient-syntax-evidence	low	accept	conservative syntax review	u|none|low	OK	conservative terminal: no approved syntax evidence
潛神默記	u	chengyu		china-idiom+agent	insufficient-syntax-evidence	low	accept	conservative syntax review	u|none|low	OK	conservative terminal: no approved syntax evidence
潛移默化	u	chengyu		china-idiom+agent	insufficient-syntax-evidence	low	accept	conservative syntax review	u|none|low	OK	conservative terminal: no approved syntax evidence
潛龍伏虎	u	chengyu		china-idiom+agent	insufficient-syntax-evidence	low	accept	conservative syntax review	u|none|low	OK	conservative terminal: no approved syntax evidence
潰不成軍	u	chengyu		china-idiom+agent	insufficient-syntax-evidence	low	accept	conservative syntax review	u|none|low	OK	conservative terminal: no approved syntax evidence
澡垢索疵	u	chengyu		china-idiom+agent	insufficient-syntax-evidence	low	accept	conservative syntax review	u|none|low	OK	conservative terminal: no approved syntax evidence
激濁揚清	u	chengyu		china-idiom+agent	insufficient-syntax-evidence	low	accept	conservative syntax review	u|none|low	OK	conservative terminal: no approved syntax evidence
濟弱扶傾	u	chengyu		china-idiom+agent	insufficient-syntax-evidence	low	accept	conservative syntax review	u|none|low	OK	conservative terminal: no approved syntax evidence
濫竽充數	u	chengyu		china-idiom+agent	insufficient-syntax-evidence	low	accept	conservative syntax review	u|none|low	OK	conservative terminal: no approved syntax evidence
火上澆油	u	chengyu		china-idiom+agent	insufficient-syntax-evidence	low	accept	conservative syntax review	u|none|low	OK	conservative terminal: no approved syntax evidence
火冒三丈	u	chengyu		china-idiom+agent	insufficient-syntax-evidence	low	accept	conservative syntax review	u|none|low	OK	conservative terminal: no approved syntax evidence
炯炯有神	u	chengyu		china-idiom+agent	insufficient-syntax-evidence	low	accept	conservative syntax review	u|none|low	OK	conservative terminal: no approved syntax evidence
為五斗米折腰	u	chengyu		china-idiom+agent	insufficient-syntax-evidence	low	accept	conservative syntax review	u|none|low	OK	conservative terminal: no approved syntax evidence
為仁不富	u	chengyu		china-idiom+agent	insufficient-syntax-evidence	low	accept	conservative syntax review	u|none|low	OK	conservative terminal: no approved syntax evidence
為善最樂	u	chengyu		china-idiom+agent	insufficient-syntax-evidence	low	accept	conservative syntax review	u|none|low	OK	conservative terminal: no approved syntax evidence
為德不終	u	chengyu		china-idiom+agent	insufficient-syntax-evidence	low	accept	conservative syntax review	u|none|low	OK	conservative terminal: no approved syntax evidence
為所欲為	u	chengyu		china-idiom+agent	insufficient-syntax-evidence	low	accept	conservative syntax review	u|none|low	OK	conservative terminal: no approved syntax evidence
為民請命	u	chengyu		china-idiom+agent	insufficient-syntax-evidence	low	accept	conservative syntax review	u|none|low	OK	conservative terminal: no approved syntax evidence
為民除害	u	chengyu		china-idiom+agent	insufficient-syntax-evidence	low	accept	conservative syntax review	u|none|low	OK	conservative terminal: no approved syntax evidence
為虎作倀	u	chengyu		china-idiom+agent	insufficient-syntax-evidence	low	accept	conservative syntax review	u|none|low	OK	conservative terminal: no approved syntax evidence
為虎添翼	u	chengyu		china-idiom+agent	insufficient-syntax-evidence	low	accept	conservative syntax review	u|none|low	OK	conservative terminal: no approved syntax evidence
為非作歹	u	chengyu		china-idiom+agent	insufficient-syntax-evidence	low	accept	conservative syntax review	u|none|low	OK	conservative terminal: no approved syntax evidence
烈火乾柴	u	chengyu		china-idiom+agent	insufficient-syntax-evidence	low	accept	conservative syntax review	u|none|low	OK	conservative terminal: no approved syntax evidence
烈火見真金	u	chengyu		china-idiom+agent	insufficient-syntax-evidence	low	accept	conservative syntax review	u|none|low	OK	conservative terminal: no approved syntax evidence
烏合之眾	u	chengyu		china-idiom+agent	insufficient-syntax-evidence	low	accept	conservative syntax review	u|none|low	OK	conservative terminal: no approved syntax evidence
烏飛兔走	u	chengyu		china-idiom+agent	insufficient-syntax-evidence	low	accept	conservative syntax review	u|none|low	OK	conservative terminal: no approved syntax evidence
烘雲託月	u	chengyu		china-idiom+agent	insufficient-syntax-evidence	low	accept	conservative syntax review	u|none|low	OK	conservative terminal: no approved syntax evidence
烜赫一時	u	chengyu		china-idiom+agent	insufficient-syntax-evidence	low	accept	conservative syntax review	u|none|low	OK	conservative terminal: no approved syntax evidence
烽火四起	u	chengyu		china-idiom+agent	insufficient-syntax-evidence	low	accept	conservative syntax review	u|none|low	OK	conservative terminal: no approved syntax evidence
焚膏繼晷	u	chengyu		china-idiom+agent	insufficient-syntax-evidence	low	accept	conservative syntax review	u|none|low	OK	conservative terminal: no approved syntax evidence
無中生有	u	chengyu		china-idiom+agent	insufficient-syntax-evidence	low	accept	conservative syntax review	u|none|low	OK	conservative terminal: no approved syntax evidence
無事不登三寶殿	u	chengyu		china-idiom+agent	clause-without-syntax-slot	low	accept	conservative syntax review	u|none|low	OK	conservative terminal: no approved syntax evidence
無事生非	u	chengyu		china-idiom+agent	insufficient-syntax-evidence	low	accept	conservative syntax review	u|none|low	OK	conservative terminal: no approved syntax evidence
無以復加	u	chengyu		china-idiom+agent	insufficient-syntax-evidence	low	accept	conservative syntax review	u|none|low	OK	conservative terminal: no approved syntax evidence
無依無靠	u	chengyu		china-idiom+agent	insufficient-syntax-evidence	low	accept	conservative syntax review	u|none|low	OK	conservative terminal: no approved syntax evidence
無倚無靠	u	chengyu		china-idiom+agent	insufficient-syntax-evidence	low	accept	conservative syntax review	u|none|low	OK	conservative terminal: no approved syntax evidence
無傷大雅	u	chengyu		china-idiom+agent	insufficient-syntax-evidence	low	accept	conservative syntax review	u|none|low	OK	conservative terminal: no approved syntax evidence
無冬無夏	u	chengyu		china-idiom+agent	insufficient-syntax-evidence	low	accept	conservative syntax review	u|none|low	OK	conservative terminal: no approved syntax evidence
無功受祿	u	chengyu		china-idiom+agent	insufficient-syntax-evidence	low	accept	conservative syntax review	u|none|low	OK	conservative terminal: no approved syntax evidence
無千無萬	u	chengyu		china-idiom+agent	insufficient-syntax-evidence	low	accept	conservative syntax review	u|none|low	OK	conservative terminal: no approved syntax evidence
無可厚非	u	chengyu		china-idiom+agent	insufficient-syntax-evidence	low	accept	conservative syntax review	u|none|low	OK	conservative terminal: no approved syntax evidence
無可救藥	u	chengyu		china-idiom+agent	insufficient-syntax-evidence	low	accept	conservative syntax review	u|none|low	OK	conservative terminal: no approved syntax evidence
無可無不可	u	chengyu		china-idiom+agent	insufficient-syntax-evidence	low	accept	conservative syntax review	u|none|low	OK	conservative terminal: no approved syntax evidence
無可非議	u	chengyu		china-idiom+agent	insufficient-syntax-evidence	low	accept	conservative syntax review	u|none|low	OK	conservative terminal: no approved syntax evidence
無名英雄	u	chengyu		china-idiom+agent	insufficient-syntax-evidence	low	accept	conservative syntax review	u|none|low	OK	conservative terminal: no approved syntax evidence
無堅不摧	u	chengyu		china-idiom+agent	insufficient-syntax-evidence	low	accept	conservative syntax review	u|none|low	OK	conservative terminal: no approved syntax evidence
無大無小	u	chengyu		china-idiom+agent	insufficient-syntax-evidence	low	accept	conservative syntax review	u|none|low	OK	conservative terminal: no approved syntax evidence
無奇不有	u	chengyu		china-idiom+agent	insufficient-syntax-evidence	low	accept	conservative syntax review	u|none|low	OK	conservative terminal: no approved syntax evidence
無妄之災	u	chengyu		china-idiom+agent	insufficient-syntax-evidence	low	accept	conservative syntax review	u|none|low	OK	conservative terminal: no approved syntax evidence
無孔不鑽	u	chengyu		china-idiom+agent	insufficient-syntax-evidence	low	accept	conservative syntax review	u|none|low	OK	conservative terminal: no approved syntax evidence
無家可歸	u	chengyu		china-idiom+agent	insufficient-syntax-evidence	low	accept	conservative syntax review	u|none|low	OK	conservative terminal: no approved syntax evidence
無巧不成書	u	chengyu		china-idiom+agent	insufficient-syntax-evidence	low	accept	conservative syntax review	u|none|low	OK	conservative terminal: no approved syntax evidence
無往不利	u	chengyu		china-idiom+agent	insufficient-syntax-evidence	low	accept	conservative syntax review	u|none|low	OK	conservative terminal: no approved syntax evidence
無往不勝	u	chengyu		china-idiom+agent	insufficient-syntax-evidence	low	accept	conservative syntax review	u|none|low	OK	conservative terminal: no approved syntax evidence
無微不至	u	chengyu		china-idiom+agent	insufficient-syntax-evidence	low	accept	conservative syntax review	u|none|low	OK	conservative terminal: no approved syntax evidence
無情無義	u	chengyu		china-idiom+agent	insufficient-syntax-evidence	low	accept	conservative syntax review	u|none|low	OK	conservative terminal: no approved syntax evidence
無憂無慮	u	chengyu		china-idiom+agent	insufficient-syntax-evidence	low	accept	conservative syntax review	u|none|low	OK	conservative terminal: no approved syntax evidence
無懈可擊	u	chengyu		china-idiom+agent	insufficient-syntax-evidence	low	accept	conservative syntax review	u|none|low	OK	conservative terminal: no approved syntax evidence
無所不包	u	chengyu		china-idiom+agent	insufficient-syntax-evidence	low	accept	conservative syntax review	u|none|low	OK	conservative terminal: no approved syntax evidence
無所不為	u	chengyu		china-idiom+agent	insufficient-syntax-evidence	low	accept	conservative syntax review	u|none|low	OK	conservative terminal: no approved syntax evidence
無所不用其極	u	chengyu		china-idiom+agent	insufficient-syntax-evidence	low	accept	conservative syntax review	u|none|low	OK	conservative terminal: no approved syntax evidence
無所不知	u	chengyu		china-idiom+agent	insufficient-syntax-evidence	low	accept	conservative syntax review	u|none|low	OK	conservative terminal: no approved syntax evidence
無所忌諱	u	chengyu		china-idiom+agent	insufficient-syntax-evidence	low	accept	conservative syntax review	u|none|low	OK	conservative terminal: no approved syntax evidence
無所用心	u	chengyu		china-idiom+agent	insufficient-syntax-evidence	low	accept	conservative syntax review	u|none|low	OK	conservative terminal: no approved syntax evidence
無所畏忌	u	chengyu		china-idiom+agent	insufficient-syntax-evidence	low	accept	conservative syntax review	u|none|low	OK	conservative terminal: no approved syntax evidence
無所畏懼	u	chengyu		china-idiom+agent	insufficient-syntax-evidence	low	accept	conservative syntax review	u|none|low	OK	conservative terminal: no approved syntax evidence
無所適從	u	chengyu		china-idiom+agent	insufficient-syntax-evidence	low	accept	conservative syntax review	u|none|low	OK	conservative terminal: no approved syntax evidence
無拳無勇	u	chengyu		china-idiom+agent	insufficient-syntax-evidence	low	accept	conservative syntax review	u|none|low	OK	conservative terminal: no approved syntax evidence
無毒不丈夫	u	chengyu		china-idiom+agent	insufficient-syntax-evidence	low	accept	conservative syntax review	u|none|low	OK	conservative terminal: no approved syntax evidence
無獨有偶	u	chengyu		china-idiom+agent	insufficient-syntax-evidence	low	accept	conservative syntax review	u|none|low	OK	conservative terminal: no approved syntax evidence
無理取鬧	u	chengyu		china-idiom+agent	insufficient-syntax-evidence	low	accept	conservative syntax review	u|none|low	OK	conservative terminal: no approved syntax evidence
無精打采	u	chengyu		china-idiom+agent	insufficient-syntax-evidence	low	accept	conservative syntax review	u|none|low	OK	conservative terminal: no approved syntax evidence
無聲無臭	u	chengyu		china-idiom+agent	insufficient-syntax-evidence	low	accept	conservative syntax review	u|none|low	OK	conservative terminal: no approved syntax evidence
無能為力	u	chengyu		china-idiom+agent	insufficient-syntax-evidence	low	accept	conservative syntax review	u|none|low	OK	conservative terminal: no approved syntax evidence
無與倫比	u	chengyu		china-idiom+agent	insufficient-syntax-evidence	low	accept	conservative syntax review	u|none|low	OK	conservative terminal: no approved syntax evidence
無言可對	u	chengyu		china-idiom+agent	insufficient-syntax-evidence	low	accept	conservative syntax review	u|none|low	OK	conservative terminal: no approved syntax evidence
無關大局	u	chengyu		china-idiom+agent	insufficient-syntax-evidence	low	accept	conservative syntax review	u|none|low	OK	conservative terminal: no approved syntax evidence
無關大體	u	chengyu		china-idiom+agent	insufficient-syntax-evidence	low	accept	conservative syntax review	u|none|low	OK	conservative terminal: no approved syntax evidence
無關宏旨	u	chengyu		china-idiom+agent	insufficient-syntax-evidence	low	accept	conservative syntax review	u|none|low	OK	conservative terminal: no approved syntax evidence
無頭告示	u	chengyu		china-idiom+agent	insufficient-syntax-evidence	low	accept	conservative syntax review	u|none|low	OK	conservative terminal: no approved syntax evidence
無風三尺浪	u	chengyu		china-idiom+agent	insufficient-syntax-evidence	low	accept	conservative syntax review	u|none|low	OK	conservative terminal: no approved syntax evidence
無風不起浪	u	chengyu		china-idiom+agent	insufficient-syntax-evidence	low	accept	conservative syntax review	u|none|low	OK	conservative terminal: no approved syntax evidence
無風作浪	u	chengyu		china-idiom+agent	insufficient-syntax-evidence	low	accept	conservative syntax review	u|none|low	OK	conservative terminal: no approved syntax evidence
無風起浪	u	chengyu		china-idiom+agent	insufficient-syntax-evidence	low	accept	conservative syntax review	u|none|low	OK	conservative terminal: no approved syntax evidence
焦頭爛額	u	chengyu		china-idiom+agent	insufficient-syntax-evidence	low	accept	conservative syntax review	u|none|low	OK	conservative terminal: no approved syntax evidence
煙花風月	u	chengyu		china-idiom+agent	insufficient-syntax-evidence	low	accept	conservative syntax review	u|none|low	OK	conservative terminal: no approved syntax evidence
照葫蘆畫瓢	u	chengyu		china-idiom+agent	insufficient-syntax-evidence	low	accept	conservative syntax review	u|none|low	OK	conservative terminal: no approved syntax evidence
煮鶴焚琴	u	chengyu		china-idiom+agent	insufficient-syntax-evidence	low	accept	conservative syntax review	u|none|low	OK	conservative terminal: no approved syntax evidence
煽風點火	u	chengyu		china-idiom+agent	insufficient-syntax-evidence	low	accept	conservative syntax review	u|none|low	OK	conservative terminal: no approved syntax evidence
熊腰虎背	u	chengyu		china-idiom+agent	insufficient-syntax-evidence	low	accept	conservative syntax review	u|none|low	OK	conservative terminal: no approved syntax evidence
熙熙壤壤	u	chengyu		china-idiom+agent	insufficient-syntax-evidence	low	accept	conservative syntax review	u|none|low	OK	conservative terminal: no approved syntax evidence
熙熙攘攘	u	chengyu		china-idiom+agent	insufficient-syntax-evidence	low	accept	conservative syntax review	u|none|low	OK	conservative terminal: no approved syntax evidence
熟視無睹	u	chengyu		china-idiom+agent	insufficient-syntax-evidence	low	accept	conservative syntax review	u|none|low	OK	conservative terminal: no approved syntax evidence
熬更守夜	u	chengyu		china-idiom+agent	insufficient-syntax-evidence	low	accept	conservative syntax review	u|none|low	OK	conservative terminal: no approved syntax evidence
熱淚盈眶	u	chengyu		china-idiom+agent	insufficient-syntax-evidence	low	accept	conservative syntax review	u|none|low	OK	conservative terminal: no approved syntax evidence
燃眉之急	u	chengyu		china-idiom+agent	insufficient-syntax-evidence	low	accept	conservative syntax review	u|none|low	OK	conservative terminal: no approved syntax evidence
燈火輝煌	u	chengyu		china-idiom+agent	insufficient-syntax-evidence	low	accept	conservative syntax review	u|none|low	OK	conservative terminal: no approved syntax evidence
燕巢幕上	u	chengyu		china-idiom+agent	insufficient-syntax-evidence	low	accept	conservative syntax review	u|none|low	OK	conservative terminal: no approved syntax evidence
燕爾新婚	u	chengyu		china-idiom+agent	insufficient-syntax-evidence	low	accept	conservative syntax review	u|none|low	OK	conservative terminal: no approved syntax evidence
燕瘦環肥	u	chengyu		china-idiom+agent	insufficient-syntax-evidence	low	accept	conservative syntax review	u|none|low	OK	conservative terminal: no approved syntax evidence
燕雀安知鴻鵠之志	u	chengyu		china-idiom+agent	clause-without-syntax-slot	low	accept	conservative syntax review	u|none|low	OK	conservative terminal: no approved syntax evidence
燕雀安知鴻鵠志	u	chengyu		china-idiom+agent	insufficient-syntax-evidence	low	accept	conservative syntax review	u|none|low	OK	conservative terminal: no approved syntax evidence
燕雀相賀	u	chengyu		china-idiom+agent	insufficient-syntax-evidence	low	accept	conservative syntax review	u|none|low	OK	conservative terminal: no approved syntax evidence
營私舞弊	u	chengyu		china-idiom+agent	insufficient-syntax-evidence	low	accept	conservative syntax review	u|none|low	OK	conservative terminal: no approved syntax evidence
燦若繁星	u	chengyu		china-idiom+agent	insufficient-syntax-evidence	low	accept	conservative syntax review	u|none|low	OK	conservative terminal: no approved syntax evidence
爐火純青	u	chengyu		china-idiom+agent	insufficient-syntax-evidence	low	accept	conservative syntax review	u|none|low	OK	conservative terminal: no approved syntax evidence
爭先恐後	u	chengyu		china-idiom+agent	insufficient-syntax-evidence	low	accept	conservative syntax review	u|none|low	OK	conservative terminal: no approved syntax evidence
爭長論短	u	chengyu		china-idiom+agent	insufficient-syntax-evidence	low	accept	conservative syntax review	u|none|low	OK	conservative terminal: no approved syntax evidence
爭風吃醋	u	chengyu		china-idiom+agent	insufficient-syntax-evidence	low	accept	conservative syntax review	u|none|low	OK	conservative terminal: no approved syntax evidence
父債子還	u	chengyu		china-idiom+agent	insufficient-syntax-evidence	low	accept	conservative syntax review	u|none|low	OK	conservative terminal: no approved syntax evidence
爽然若失	u	chengyu		china-idiom+agent	insufficient-syntax-evidence	low	accept	conservative syntax review	u|none|low	OK	conservative terminal: no approved syntax evidence
爾虞我詐	u	chengyu		china-idiom+agent	insufficient-syntax-evidence	low	accept	conservative syntax review	u|none|low	OK	conservative terminal: no approved syntax evidence
牀笫之私	u	chengyu		china-idiom+agent	insufficient-syntax-evidence	low	accept	conservative syntax review	u|none|low	OK	conservative terminal: no approved syntax evidence
牛刀小試	u	chengyu		china-idiom+agent	insufficient-syntax-evidence	low	accept	conservative syntax review	u|none|low	OK	conservative terminal: no approved syntax evidence
牛溲馬勃	u	chengyu		china-idiom+agent	insufficient-syntax-evidence	low	accept	conservative syntax review	u|none|low	OK	conservative terminal: no approved syntax evidence
牛衣對泣	u	chengyu		china-idiom+agent	insufficient-syntax-evidence	low	accept	conservative syntax review	u|none|low	OK	conservative terminal: no approved syntax evidence
牛角掛書	u	chengyu		china-idiom+agent	insufficient-syntax-evidence	low	accept	conservative syntax review	u|none|low	OK	conservative terminal: no approved syntax evidence
牛頭不對馬嘴	u	chengyu		china-idiom+agent	insufficient-syntax-evidence	low	accept	conservative syntax review	u|none|low	OK	conservative terminal: no approved syntax evidence
牛驥同槽	u	chengyu		china-idiom+agent	insufficient-syntax-evidence	low	accept	conservative syntax review	u|none|low	OK	conservative terminal: no approved syntax evidence
牝牡驪黃	u	chengyu		china-idiom+agent	insufficient-syntax-evidence	low	accept	conservative syntax review	u|none|low	OK	conservative terminal: no approved syntax evidence
牝雞司晨	u	chengyu		china-idiom+agent	insufficient-syntax-evidence	low	accept	conservative syntax review	u|none|low	OK	conservative terminal: no approved syntax evidence
牢不可破	u	chengyu		china-idiom+agent	insufficient-syntax-evidence	low	accept	conservative syntax review	u|none|low	OK	conservative terminal: no approved syntax evidence
物以稀為貴	u	chengyu		china-idiom+agent	insufficient-syntax-evidence	low	accept	conservative syntax review	u|none|low	OK	conservative terminal: no approved syntax evidence
物以類聚	u	chengyu		china-idiom+agent	insufficient-syntax-evidence	low	accept	conservative syntax review	u|none|low	OK	conservative terminal: no approved syntax evidence
物傷其類	u	chengyu		china-idiom+agent	insufficient-syntax-evidence	low	accept	conservative syntax review	u|none|low	OK	conservative terminal: no approved syntax evidence
物力維艱	u	chengyu		china-idiom+agent	insufficient-syntax-evidence	low	accept	conservative syntax review	u|none|low	OK	conservative terminal: no approved syntax evidence
物換星移	u	chengyu		china-idiom+agent	insufficient-syntax-evidence	low	accept	conservative syntax review	u|none|low	OK	conservative terminal: no approved syntax evidence
物美價廉	u	chengyu		china-idiom+agent	insufficient-syntax-evidence	low	accept	conservative syntax review	u|none|low	OK	conservative terminal: no approved syntax evidence
物腐蟲生	u	chengyu		china-idiom+agent	insufficient-syntax-evidence	low	accept	conservative syntax review	u|none|low	OK	conservative terminal: no approved syntax evidence
牽一髮而動全身	u	chengyu		china-idiom+agent	clause-without-syntax-slot	low	accept	conservative syntax review	u|none|low	OK	conservative terminal: no approved syntax evidence
牽強附會	u	chengyu		china-idiom+agent	insufficient-syntax-evidence	low	accept	conservative syntax review	u|none|low	OK	conservative terminal: no approved syntax evidence
牽羊擔酒	u	chengyu		china-idiom+agent	insufficient-syntax-evidence	low	accept	conservative syntax review	u|none|low	OK	conservative terminal: no approved syntax evidence
牽腸掛肚	u	chengyu		china-idiom+agent	insufficient-syntax-evidence	low	accept	conservative syntax review	u|none|low	OK	conservative terminal: no approved syntax evidence
犁庭掃穴	u	chengyu		china-idiom+agent	insufficient-syntax-evidence	low	accept	conservative syntax review	u|none|low	OK	conservative terminal: no approved syntax evidence
犬牙交錯	u	chengyu		china-idiom+agent	insufficient-syntax-evidence	low	accept	conservative syntax review	u|none|low	OK	conservative terminal: no approved syntax evidence
犯上作亂	u	chengyu		china-idiom+agent	insufficient-syntax-evidence	low	accept	conservative syntax review	u|none|low	OK	conservative terminal: no approved syntax evidence
狂三詐四	u	chengyu		china-idiom+agent	insufficient-syntax-evidence	low	accept	conservative syntax review	u|none|low	OK	conservative terminal: no approved syntax evidence
狂奴故態	u	chengyu		china-idiom+agent	insufficient-syntax-evidence	low	accept	conservative syntax review	u|none|low	OK	conservative terminal: no approved syntax evidence
狂妄自大	u	chengyu		china-idiom+agent	insufficient-syntax-evidence	low	accept	conservative syntax review	u|none|low	OK	conservative terminal: no approved syntax evidence
狂蜂浪蝶	u	chengyu		china-idiom+agent	insufficient-syntax-evidence	low	accept	conservative syntax review	u|none|low	OK	conservative terminal: no approved syntax evidence
狐假虎威	u	chengyu		china-idiom+agent	insufficient-syntax-evidence	low	accept	conservative syntax review	u|none|low	OK	conservative terminal: no approved syntax evidence
狐死首丘	u	chengyu		china-idiom+agent	insufficient-syntax-evidence	low	accept	conservative syntax review	u|none|low	OK	conservative terminal: no approved syntax evidence
狐裘羔袖	u	chengyu		china-idiom+agent	insufficient-syntax-evidence	low	accept	conservative syntax review	u|none|low	OK	conservative terminal: no approved syntax evidence
狗咬呂洞賓	u	chengyu		china-idiom+agent	insufficient-syntax-evidence	low	accept	conservative syntax review	u|none|low	OK	conservative terminal: no approved syntax evidence
狗嘴裏吐不出象牙	u	chengyu		china-idiom+agent	clause-without-syntax-slot	low	accept	conservative syntax review	u|none|low	OK	conservative terminal: no approved syntax evidence
狗彘不若	u	chengyu		china-idiom+agent	insufficient-syntax-evidence	low	accept	conservative syntax review	u|none|low	OK	conservative terminal: no approved syntax evidence
狗彘不食	u	chengyu		china-idiom+agent	insufficient-syntax-evidence	low	accept	conservative syntax review	u|none|low	OK	conservative terminal: no approved syntax evidence
狗苟蠅營	u	chengyu		china-idiom+agent	insufficient-syntax-evidence	low	accept	conservative syntax review	u|none|low	OK	conservative terminal: no approved syntax evidence
狗逮老鼠	u	chengyu		china-idiom+agent	insufficient-syntax-evidence	low	accept	conservative syntax review	u|none|low	OK	conservative terminal: no approved syntax evidence
狹路相逢	u	chengyu		china-idiom+agent	insufficient-syntax-evidence	low	accept	conservative syntax review	u|none|low	OK	conservative terminal: no approved syntax evidence
狼吞虎嚥	u	chengyu		china-idiom+agent	insufficient-syntax-evidence	low	accept	conservative syntax review	u|none|low	OK	conservative terminal: no approved syntax evidence
狼煙四起	u	chengyu		china-idiom+agent	insufficient-syntax-evidence	low	accept	conservative syntax review	u|none|low	OK	conservative terminal: no approved syntax evidence
狼狽不堪	u	chengyu		china-idiom+agent	insufficient-syntax-evidence	low	accept	conservative syntax review	u|none|low	OK	conservative terminal: no approved syntax evidence
狼號鬼哭	u	chengyu		china-idiom+agent	insufficient-syntax-evidence	low	accept	conservative syntax review	u|none|low	OK	conservative terminal: no approved syntax evidence
猴頭猴腦	u	chengyu		china-idiom+agent	insufficient-syntax-evidence	low	accept	conservative syntax review	u|none|low	OK	conservative terminal: no approved syntax evidence
獐頭鼠目	u	chengyu		china-idiom+agent	insufficient-syntax-evidence	low	accept	conservative syntax review	u|none|low	OK	conservative terminal: no approved syntax evidence
獨佔鰲頭	u	chengyu		china-idiom+agent	insufficient-syntax-evidence	low	accept	conservative syntax review	u|none|low	OK	conservative terminal: no approved syntax evidence
獨具匠心	u	chengyu		china-idiom+agent	insufficient-syntax-evidence	low	accept	conservative syntax review	u|none|low	OK	conservative terminal: no approved syntax evidence
獨具隻眼	u	chengyu		china-idiom+agent	insufficient-syntax-evidence	low	accept	conservative syntax review	u|none|low	OK	conservative terminal: no approved syntax evidence
獨出心裁	u	chengyu		china-idiom+agent	insufficient-syntax-evidence	low	accept	conservative syntax review	u|none|low	OK	conservative terminal: no approved syntax evidence
獨善其身	u	chengyu		china-idiom+agent	insufficient-syntax-evidence	low	accept	conservative syntax review	u|none|low	OK	conservative terminal: no approved syntax evidence
獨斷專行	u	chengyu		china-idiom+agent	insufficient-syntax-evidence	low	accept	conservative syntax review	u|none|low	OK	conservative terminal: no approved syntax evidence
獨木不成林	u	chengyu		china-idiom+agent	insufficient-syntax-evidence	low	accept	conservative syntax review	u|none|low	OK	conservative terminal: no approved syntax evidence
獨木難支	u	chengyu		china-idiom+agent	insufficient-syntax-evidence	low	accept	conservative syntax review	u|none|low	OK	conservative terminal: no approved syntax evidence
率獸食人	u	chengyu		china-idiom+agent	insufficient-syntax-evidence	low	accept	conservative syntax review	u|none|low	OK	conservative terminal: no approved syntax evidence
率由舊章	u	chengyu		china-idiom+agent	insufficient-syntax-evidence	low	accept	conservative syntax review	u|none|low	OK	conservative terminal: no approved syntax evidence
玉不琢不成器	u	chengyu		china-idiom+agent	insufficient-syntax-evidence	low	accept	conservative syntax review	u|none|low	OK	conservative terminal: no approved syntax evidence
玉成其事	u	chengyu		china-idiom+agent	insufficient-syntax-evidence	low	accept	conservative syntax review	u|none|low	OK	conservative terminal: no approved syntax evidence
珍禽奇獸	u	chengyu		china-idiom+agent	insufficient-syntax-evidence	low	accept	conservative syntax review	u|none|low	OK	conservative terminal: no approved syntax evidence
珍饈美饌	u	chengyu		china-idiom+agent	insufficient-syntax-evidence	low	accept	conservative syntax review	u|none|low	OK	conservative terminal: no approved syntax evidence
珠光寶氣	u	chengyu		china-idiom+agent	insufficient-syntax-evidence	low	accept	conservative syntax review	u|none|low	OK	conservative terminal: no approved syntax evidence
珠圍翠繞	u	chengyu		china-idiom+agent	insufficient-syntax-evidence	low	accept	conservative syntax review	u|none|low	OK	conservative terminal: no approved syntax evidence
珠圓玉潤	u	chengyu		china-idiom+agent	insufficient-syntax-evidence	low	accept	conservative syntax review	u|none|low	OK	conservative terminal: no approved syntax evidence
珠流璧轉	u	chengyu		china-idiom+agent	insufficient-syntax-evidence	low	accept	conservative syntax review	u|none|low	OK	conservative terminal: no approved syntax evidence
珠玉在側	u	chengyu		china-idiom+agent	insufficient-syntax-evidence	low	accept	conservative syntax review	u|none|low	OK	conservative terminal: no approved syntax evidence
現世現報	u	chengyu		china-idiom+agent	insufficient-syntax-evidence	low	accept	conservative syntax review	u|none|low	OK	conservative terminal: no approved syntax evidence
現身説法	u	chengyu		china-idiom+agent	insufficient-syntax-evidence	low	accept	conservative syntax review	u|none|low	OK	conservative terminal: no approved syntax evidence
琅琅上口	u	chengyu		china-idiom+agent	insufficient-syntax-evidence	low	accept	conservative syntax review	u|none|low	OK	conservative terminal: no approved syntax evidence
理所必然	u	chengyu		china-idiom+agent	insufficient-syntax-evidence	low	accept	conservative syntax review	u|none|low	OK	conservative terminal: no approved syntax evidence
琴瑟不調	u	chengyu		china-idiom+agent	insufficient-syntax-evidence	low	accept	conservative syntax review	u|none|low	OK	conservative terminal: no approved syntax evidence
琵琶別抱	u	chengyu		china-idiom+agent	insufficient-syntax-evidence	low	accept	conservative syntax review	u|none|low	OK	conservative terminal: no approved syntax evidence
瑕不掩瑜	u	chengyu		china-idiom+agent	insufficient-syntax-evidence	low	accept	conservative syntax review	u|none|low	OK	conservative terminal: no approved syntax evidence
瑕瑜互見	u	chengyu		china-idiom+agent	insufficient-syntax-evidence	low	accept	conservative syntax review	u|none|low	OK	conservative terminal: no approved syntax evidence
瑜不掩瑕	u	chengyu		china-idiom+agent	insufficient-syntax-evidence	low	accept	conservative syntax review	u|none|low	OK	conservative terminal: no approved syntax evidence
璧合珠聯	u	chengyu		china-idiom+agent	insufficient-syntax-evidence	low	accept	conservative syntax review	u|none|low	OK	conservative terminal: no approved syntax evidence
環堵蕭然	u	chengyu		china-idiom+agent	insufficient-syntax-evidence	low	accept	conservative syntax review	u|none|low	OK	conservative terminal: no approved syntax evidence
瓜李之嫌	u	chengyu		china-idiom+agent	insufficient-syntax-evidence	low	accept	conservative syntax review	u|none|low	OK	conservative terminal: no approved syntax evidence
瓜熟蒂落	u	chengyu		china-idiom+agent	insufficient-syntax-evidence	low	accept	conservative syntax review	u|none|low	OK	conservative terminal: no approved syntax evidence
瓜瓞綿綿	u	chengyu		china-idiom+agent	insufficient-syntax-evidence	low	accept	conservative syntax review	u|none|low	OK	conservative terminal: no approved syntax evidence
瓦合之卒	u	chengyu		china-idiom+agent	insufficient-syntax-evidence	low	accept	conservative syntax review	u|none|low	OK	conservative terminal: no approved syntax evidence
甕中捉鱉	u	chengyu		china-idiom+agent	insufficient-syntax-evidence	low	accept	conservative syntax review	u|none|low	OK	conservative terminal: no approved syntax evidence
甘之如飴	u	chengyu		china-idiom+agent	insufficient-syntax-evidence	low	accept	conservative syntax review	u|none|low	OK	conservative terminal: no approved syntax evidence
甘井先竭	u	chengyu		china-idiom+agent	insufficient-syntax-evidence	low	accept	conservative syntax review	u|none|low	OK	conservative terminal: no approved syntax evidence
甘拜下風	u	chengyu		china-idiom+agent	insufficient-syntax-evidence	low	accept	conservative syntax review	u|none|low	OK	conservative terminal: no approved syntax evidence
甚囂塵上	u	chengyu		china-idiom+agent	insufficient-syntax-evidence	low	accept	conservative syntax review	u|none|low	OK	conservative terminal: no approved syntax evidence
甜言美語	u	chengyu		china-idiom+agent	insufficient-syntax-evidence	low	accept	conservative syntax review	u|none|low	OK	conservative terminal: no approved syntax evidence
生不逢時	u	chengyu		china-idiom+agent	insufficient-syntax-evidence	low	accept	conservative syntax review	u|none|low	OK	conservative terminal: no approved syntax evidence
生不逢辰	u	chengyu		china-idiom+agent	insufficient-syntax-evidence	low	accept	conservative syntax review	u|none|low	OK	conservative terminal: no approved syntax evidence
生榮死哀	u	chengyu		china-idiom+agent	insufficient-syntax-evidence	low	accept	conservative syntax review	u|none|low	OK	conservative terminal: no approved syntax evidence
生死存亡	u	chengyu		china-idiom+agent	insufficient-syntax-evidence	low	accept	conservative syntax review	u|none|low	OK	conservative terminal: no approved syntax evidence
生死相依	u	chengyu		china-idiom+agent	insufficient-syntax-evidence	low	accept	conservative syntax review	u|none|low	OK	conservative terminal: no approved syntax evidence
生死肉骨	u	chengyu		china-idiom+agent	insufficient-syntax-evidence	low	accept	conservative syntax review	u|none|low	OK	conservative terminal: no approved syntax evidence
生米煮成熟飯	u	chengyu		china-idiom+agent	insufficient-syntax-evidence	low	accept	conservative syntax review	u|none|low	OK	conservative terminal: no approved syntax evidence
生花妙筆	u	chengyu		china-idiom+agent	insufficient-syntax-evidence	low	accept	conservative syntax review	u|none|low	OK	conservative terminal: no approved syntax evidence
生財有道	u	chengyu		china-idiom+agent	insufficient-syntax-evidence	low	accept	conservative syntax review	u|none|low	OK	conservative terminal: no approved syntax evidence
生關死劫	u	chengyu		china-idiom+agent	insufficient-syntax-evidence	low	accept	conservative syntax review	u|none|low	OK	conservative terminal: no approved syntax evidence
生靈塗炭	u	chengyu		china-idiom+agent	insufficient-syntax-evidence	low	accept	conservative syntax review	u|none|low	OK	conservative terminal: no approved syntax evidence
用其所長	u	chengyu		china-idiom+agent	insufficient-syntax-evidence	low	accept	conservative syntax review	u|none|low	OK	conservative terminal: no approved syntax evidence
略勝一籌	u	chengyu		china-idiom+agent	insufficient-syntax-evidence	low	accept	conservative syntax review	u|none|low	OK	conservative terminal: no approved syntax evidence
略知皮毛	u	chengyu		china-idiom+agent	insufficient-syntax-evidence	low	accept	conservative syntax review	u|none|low	OK	conservative terminal: no approved syntax evidence
畫地為牢	u	chengyu		china-idiom+agent	insufficient-syntax-evidence	low	accept	conservative syntax review	u|none|low	OK	conservative terminal: no approved syntax evidence
畫地為獄	u	chengyu		china-idiom+agent	insufficient-syntax-evidence	low	accept	conservative syntax review	u|none|low	OK	conservative terminal: no approved syntax evidence
畫虎不成反類犬	u	chengyu		china-idiom+agent	clause-without-syntax-slot	low	accept	conservative syntax review	u|none|low	OK	conservative terminal: no approved syntax evidence
畫虎類犬	u	chengyu		china-idiom+agent	insufficient-syntax-evidence	low	accept	conservative syntax review	u|none|low	OK	conservative terminal: no approved syntax evidence
畫餅充飢	u	chengyu		china-idiom+agent	insufficient-syntax-evidence	low	accept	conservative syntax review	u|none|low	OK	conservative terminal: no approved syntax evidence
異乎尋常	u	chengyu		china-idiom+agent	insufficient-syntax-evidence	low	accept	conservative syntax review	u|none|low	OK	conservative terminal: no approved syntax evidence
當世無雙	u	chengyu		china-idiom+agent	insufficient-syntax-evidence	low	accept	conservative syntax review	u|none|low	OK	conservative terminal: no approved syntax evidence
當之有愧	u	chengyu		china-idiom+agent	insufficient-syntax-evidence	low	accept	conservative syntax review	u|none|low	OK	conservative terminal: no approved syntax evidence
當之無愧	u	chengyu		china-idiom+agent	insufficient-syntax-evidence	low	accept	conservative syntax review	u|none|low	OK	conservative terminal: no approved syntax evidence
當務之急	u	chengyu		china-idiom+agent	insufficient-syntax-evidence	low	accept	conservative syntax review	u|none|low	OK	conservative terminal: no approved syntax evidence
當局者迷	u	chengyu		china-idiom+agent	insufficient-syntax-evidence	low	accept	conservative syntax review	u|none|low	OK	conservative terminal: no approved syntax evidence
當機立斷	u	chengyu		china-idiom+agent	insufficient-syntax-evidence	low	accept	conservative syntax review	u|none|low	OK	conservative terminal: no approved syntax evidence
當行出色	u	chengyu		china-idiom+agent	insufficient-syntax-evidence	low	accept	conservative syntax review	u|none|low	OK	conservative terminal: no approved syntax evidence
疏財仗義	u	chengyu		china-idiom+agent	insufficient-syntax-evidence	low	accept	conservative syntax review	u|none|low	OK	conservative terminal: no approved syntax evidence
疏財重義	u	chengyu		china-idiom+agent	insufficient-syntax-evidence	low	accept	conservative syntax review	u|none|low	OK	conservative terminal: no approved syntax evidence
疑心生暗鬼	u	chengyu		china-idiom+agent	insufficient-syntax-evidence	low	accept	conservative syntax review	u|none|low	OK	conservative terminal: no approved syntax evidence
疑神疑鬼	u	chengyu		china-idiom+agent	insufficient-syntax-evidence	low	accept	conservative syntax review	u|none|low	OK	conservative terminal: no approved syntax evidence
疾如旋踵	u	chengyu		china-idiom+agent	insufficient-syntax-evidence	low	accept	conservative syntax review	u|none|low	OK	conservative terminal: no approved syntax evidence
疾如雷電	u	chengyu		china-idiom+agent	insufficient-syntax-evidence	low	accept	conservative syntax review	u|none|low	OK	conservative terminal: no approved syntax evidence
疾惡如仇	u	chengyu		china-idiom+agent	insufficient-syntax-evidence	low	accept	conservative syntax review	u|none|low	OK	conservative terminal: no approved syntax evidence
疾言遽色	u	chengyu		china-idiom+agent	insufficient-syntax-evidence	low	accept	conservative syntax review	u|none|low	OK	conservative terminal: no approved syntax evidence
疾風知勁草	u	chengyu		china-idiom+agent	insufficient-syntax-evidence	low	accept	conservative syntax review	u|none|low	OK	conservative terminal: no approved syntax evidence
疾風迅雷	u	chengyu		china-idiom+agent	insufficient-syntax-evidence	low	accept	conservative syntax review	u|none|low	OK	conservative terminal: no approved syntax evidence
疾首蹙額	u	chengyu		china-idiom+agent	insufficient-syntax-evidence	low	accept	conservative syntax review	u|none|low	OK	conservative terminal: no approved syntax evidence
病入膏肓	u	chengyu		china-idiom+agent	insufficient-syntax-evidence	low	accept	conservative syntax review	u|none|low	OK	conservative terminal: no approved syntax evidence
病國殃民	u	chengyu		china-idiom+agent	insufficient-syntax-evidence	low	accept	conservative syntax review	u|none|low	OK	conservative terminal: no approved syntax evidence
病急亂投醫	u	chengyu		china-idiom+agent	insufficient-syntax-evidence	low	accept	conservative syntax review	u|none|low	OK	conservative terminal: no approved syntax evidence
病民害國	u	chengyu		china-idiom+agent	insufficient-syntax-evidence	low	accept	conservative syntax review	u|none|low	OK	conservative terminal: no approved syntax evidence
病民蠱國	u	chengyu		china-idiom+agent	insufficient-syntax-evidence	low	accept	conservative syntax review	u|none|low	OK	conservative terminal: no approved syntax evidence
痛心疾首	u	chengyu		china-idiom+agent	insufficient-syntax-evidence	low	accept	conservative syntax review	u|none|low	OK	conservative terminal: no approved syntax evidence
痛深惡絕	u	chengyu		china-idiom+agent	insufficient-syntax-evidence	low	accept	conservative syntax review	u|none|low	OK	conservative terminal: no approved syntax evidence
痴人説夢	u	chengyu		china-idiom+agent	insufficient-syntax-evidence	low	accept	conservative syntax review	u|none|low	OK	conservative terminal: no approved syntax evidence
痴男怨女	u	chengyu		china-idiom+agent	insufficient-syntax-evidence	low	accept	conservative syntax review	u|none|low	OK	conservative terminal: no approved syntax evidence
瘠人肥己	u	chengyu		china-idiom+agent	insufficient-syntax-evidence	low	accept	conservative syntax review	u|none|low	OK	conservative terminal: no approved syntax evidence
瘠己肥人	u	chengyu		china-idiom+agent	insufficient-syntax-evidence	low	accept	conservative syntax review	u|none|low	OK	conservative terminal: no approved syntax evidence
瘡痍滿目	u	chengyu		china-idiom+agent	insufficient-syntax-evidence	low	accept	conservative syntax review	u|none|low	OK	conservative terminal: no approved syntax evidence
瘦骨伶仃	u	chengyu		china-idiom+agent	insufficient-syntax-evidence	low	accept	conservative syntax review	u|none|low	OK	conservative terminal: no approved syntax evidence
登山臨水	u	chengyu		china-idiom+agent	insufficient-syntax-evidence	low	accept	conservative syntax review	u|none|low	OK	conservative terminal: no approved syntax evidence
登峯造極	u	chengyu		china-idiom+agent	insufficient-syntax-evidence	low	accept	conservative syntax review	u|none|low	OK	conservative terminal: no approved syntax evidence
發人深省	u	chengyu		china-idiom+agent	insufficient-syntax-evidence	low	accept	conservative syntax review	u|none|low	OK	conservative terminal: no approved syntax evidence
發奮圖強	u	chengyu		china-idiom+agent	insufficient-syntax-evidence	low	accept	conservative syntax review	u|none|low	OK	conservative terminal: no approved syntax evidence
發憤圖強	u	chengyu		china-idiom+agent	insufficient-syntax-evidence	low	accept	conservative syntax review	u|none|low	OK	conservative terminal: no approved syntax evidence
發揚蹈厲	u	chengyu		china-idiom+agent	insufficient-syntax-evidence	low	accept	conservative syntax review	u|none|low	OK	conservative terminal: no approved syntax evidence
白圭之玷	u	chengyu		china-idiom+agent	insufficient-syntax-evidence	low	accept	conservative syntax review	u|none|low	OK	conservative terminal: no approved syntax evidence
白手興家	u	chengyu		china-idiom+agent	insufficient-syntax-evidence	low	accept	conservative syntax review	u|none|low	OK	conservative terminal: no approved syntax evidence
白手起家	u	chengyu		china-idiom+agent	insufficient-syntax-evidence	low	accept	conservative syntax review	u|none|low	OK	conservative terminal: no approved syntax evidence
白日做夢	u	chengyu		china-idiom+agent	insufficient-syntax-evidence	low	accept	conservative syntax review	u|none|low	OK	conservative terminal: no approved syntax evidence
白璧微瑕	u	chengyu		china-idiom+agent	insufficient-syntax-evidence	low	accept	conservative syntax review	u|none|low	OK	conservative terminal: no approved syntax evidence
白眉赤眼	u	chengyu		china-idiom+agent	insufficient-syntax-evidence	low	accept	conservative syntax review	u|none|low	OK	conservative terminal: no approved syntax evidence
白衣蒼狗	u	chengyu		china-idiom+agent	insufficient-syntax-evidence	low	accept	conservative syntax review	u|none|low	OK	conservative terminal: no approved syntax evidence
白首窮經	u	chengyu		china-idiom+agent	insufficient-syntax-evidence	low	accept	conservative syntax review	u|none|low	OK	conservative terminal: no approved syntax evidence
白首齊眉	u	chengyu		china-idiom+agent	insufficient-syntax-evidence	low	accept	conservative syntax review	u|none|low	OK	conservative terminal: no approved syntax evidence
百卉千葩	u	chengyu		china-idiom+agent	insufficient-syntax-evidence	low	accept	conservative syntax review	u|none|low	OK	conservative terminal: no approved syntax evidence
百堵皆作	u	chengyu		china-idiom+agent	insufficient-syntax-evidence	low	accept	conservative syntax review	u|none|low	OK	conservative terminal: no approved syntax evidence
百孔千瘡	u	chengyu		china-idiom+agent	insufficient-syntax-evidence	low	accept	conservative syntax review	u|none|low	OK	conservative terminal: no approved syntax evidence
百川歸海	u	chengyu		china-idiom+agent	insufficient-syntax-evidence	low	accept	conservative syntax review	u|none|low	OK	conservative terminal: no approved syntax evidence
百年不遇	u	chengyu		china-idiom+agent	insufficient-syntax-evidence	low	accept	conservative syntax review	u|none|low	OK	conservative terminal: no approved syntax evidence
百廢俱興	u	chengyu		china-idiom+agent	insufficient-syntax-evidence	low	accept	conservative syntax review	u|none|low	OK	conservative terminal: no approved syntax evidence
百廢具興	u	chengyu		china-idiom+agent	insufficient-syntax-evidence	low	accept	conservative syntax review	u|none|low	OK	conservative terminal: no approved syntax evidence
百廢待興	u	chengyu		china-idiom+agent	insufficient-syntax-evidence	low	accept	conservative syntax review	u|none|low	OK	conservative terminal: no approved syntax evidence
百廢待舉	u	chengyu		china-idiom+agent	insufficient-syntax-evidence	low	accept	conservative syntax review	u|none|low	OK	conservative terminal: no approved syntax evidence
百弊叢生	u	chengyu		china-idiom+agent	insufficient-syntax-evidence	low	accept	conservative syntax review	u|none|low	OK	conservative terminal: no approved syntax evidence
百思不得其解	u	chengyu		china-idiom+agent	insufficient-syntax-evidence	low	accept	conservative syntax review	u|none|low	OK	conservative terminal: no approved syntax evidence
百思莫解	u	chengyu		china-idiom+agent	insufficient-syntax-evidence	low	accept	conservative syntax review	u|none|low	OK	conservative terminal: no approved syntax evidence
百感交集	u	chengyu		china-idiom+agent	insufficient-syntax-evidence	low	accept	conservative syntax review	u|none|low	OK	conservative terminal: no approved syntax evidence
百折不撓	u	chengyu		china-idiom+agent	insufficient-syntax-evidence	low	accept	conservative syntax review	u|none|low	OK	conservative terminal: no approved syntax evidence
百步穿楊	u	chengyu		china-idiom+agent	insufficient-syntax-evidence	low	accept	conservative syntax review	u|none|low	OK	conservative terminal: no approved syntax evidence
百無一是	u	chengyu		china-idiom+agent	insufficient-syntax-evidence	low	accept	conservative syntax review	u|none|low	OK	conservative terminal: no approved syntax evidence
百無聊賴	u	chengyu		china-idiom+agent	insufficient-syntax-evidence	low	accept	conservative syntax review	u|none|low	OK	conservative terminal: no approved syntax evidence
百發百中	u	chengyu		china-idiom+agent	insufficient-syntax-evidence	low	accept	conservative syntax review	u|none|low	OK	conservative terminal: no approved syntax evidence
百端待舉	u	chengyu		china-idiom+agent	insufficient-syntax-evidence	low	accept	conservative syntax review	u|none|low	OK	conservative terminal: no approved syntax evidence
百聞不如一見	u	chengyu		china-idiom+agent	insufficient-syntax-evidence	low	accept	conservative syntax review	u|none|low	OK	conservative terminal: no approved syntax evidence
百般奉承	u	chengyu		china-idiom+agent	insufficient-syntax-evidence	low	accept	conservative syntax review	u|none|low	OK	conservative terminal: no approved syntax evidence
百裏挑一	u	chengyu		china-idiom+agent	insufficient-syntax-evidence	low	accept	conservative syntax review	u|none|low	OK	conservative terminal: no approved syntax evidence
百計千方	u	chengyu		china-idiom+agent	insufficient-syntax-evidence	low	accept	conservative syntax review	u|none|low	OK	conservative terminal: no approved syntax evidence
百讀不厭	u	chengyu		china-idiom+agent	insufficient-syntax-evidence	low	accept	conservative syntax review	u|none|low	OK	conservative terminal: no approved syntax evidence
百身莫贖	u	chengyu		china-idiom+agent	insufficient-syntax-evidence	low	accept	conservative syntax review	u|none|low	OK	conservative terminal: no approved syntax evidence
百辭莫辯	u	chengyu		china-idiom+agent	insufficient-syntax-evidence	low	accept	conservative syntax review	u|none|low	OK	conservative terminal: no approved syntax evidence
皆大歡喜	u	chengyu		china-idiom+agent	insufficient-syntax-evidence	low	accept	conservative syntax review	u|none|low	OK	conservative terminal: no approved syntax evidence
皇天不負有心人	u	chengyu		china-idiom+agent	insufficient-syntax-evidence	low	accept	conservative syntax review	u|none|low	OK	conservative terminal: no approved syntax evidence
皇天不負苦心人	u	chengyu		china-idiom+agent	insufficient-syntax-evidence	low	accept	conservative syntax review	u|none|low	OK	conservative terminal: no approved syntax evidence
皓首蒼顏	u	chengyu		china-idiom+agent	insufficient-syntax-evidence	low	accept	conservative syntax review	u|none|low	OK	conservative terminal: no approved syntax evidence
皓齒明眸	u	chengyu		china-idiom+agent	insufficient-syntax-evidence	low	accept	conservative syntax review	u|none|low	OK	conservative terminal: no approved syntax evidence
盈則必虧	u	chengyu		china-idiom+agent	insufficient-syntax-evidence	low	accept	conservative syntax review	u|none|low	OK	conservative terminal: no approved syntax evidence
盈滿之咎	u	chengyu		china-idiom+agent	insufficient-syntax-evidence	low	accept	conservative syntax review	u|none|low	OK	conservative terminal: no approved syntax evidence
盛氣凌人	u	chengyu		china-idiom+agent	insufficient-syntax-evidence	low	accept	conservative syntax review	u|none|low	OK	conservative terminal: no approved syntax evidence
盜名欺世	u	chengyu		china-idiom+agent	insufficient-syntax-evidence	low	accept	conservative syntax review	u|none|low	OK	conservative terminal: no approved syntax evidence
盡人皆知	u	chengyu		china-idiom+agent	insufficient-syntax-evidence	low	accept	conservative syntax review	u|none|low	OK	conservative terminal: no approved syntax evidence
盡如人意	u	chengyu		china-idiom+agent	insufficient-syntax-evidence	low	accept	conservative syntax review	u|none|low	OK	conservative terminal: no approved syntax evidence
盡心竭力	u	chengyu		china-idiom+agent	insufficient-syntax-evidence	low	accept	conservative syntax review	u|none|low	OK	conservative terminal: no approved syntax evidence
盡忠報國	u	chengyu		china-idiom+agent	insufficient-syntax-evidence	low	accept	conservative syntax review	u|none|low	OK	conservative terminal: no approved syntax evidence
盡歡而散	u	chengyu		china-idiom+agent	insufficient-syntax-evidence	low	accept	conservative syntax review	u|none|low	OK	conservative terminal: no approved syntax evidence
盤根問底	u	chengyu		china-idiom+agent	insufficient-syntax-evidence	low	accept	conservative syntax review	u|none|low	OK	conservative terminal: no approved syntax evidence
盤根錯節	u	chengyu		china-idiom+agent	insufficient-syntax-evidence	low	accept	conservative syntax review	u|none|low	OK	conservative terminal: no approved syntax evidence
盤馬彎弓	u	chengyu		china-idiom+agent	insufficient-syntax-evidence	low	accept	conservative syntax review	u|none|low	OK	conservative terminal: no approved syntax evidence
盤龍卧虎	u	chengyu		china-idiom+agent	insufficient-syntax-evidence	low	accept	conservative syntax review	u|none|low	OK	conservative terminal: no approved syntax evidence
目不交睫	u	chengyu		china-idiom+agent	insufficient-syntax-evidence	low	accept	conservative syntax review	u|none|low	OK	conservative terminal: no approved syntax evidence
目不忍睹	u	chengyu		china-idiom+agent	insufficient-syntax-evidence	low	accept	conservative syntax review	u|none|low	OK	conservative terminal: no approved syntax evidence
目不忍見	u	chengyu		china-idiom+agent	insufficient-syntax-evidence	low	accept	conservative syntax review	u|none|low	OK	conservative terminal: no approved syntax evidence
目不忍視	u	chengyu		china-idiom+agent	insufficient-syntax-evidence	low	accept	conservative syntax review	u|none|low	OK	conservative terminal: no approved syntax evidence
目不暇接	u	chengyu		china-idiom+agent	insufficient-syntax-evidence	low	accept	conservative syntax review	u|none|low	OK	conservative terminal: no approved syntax evidence
目不暇給	u	chengyu		china-idiom+agent	insufficient-syntax-evidence	low	accept	conservative syntax review	u|none|low	OK	conservative terminal: no approved syntax evidence
目不轉睛	u	chengyu		china-idiom+agent	insufficient-syntax-evidence	low	accept	conservative syntax review	u|none|low	OK	conservative terminal: no approved syntax evidence
目中無人	u	chengyu		china-idiom+agent	insufficient-syntax-evidence	low	accept	conservative syntax review	u|none|low	OK	conservative terminal: no approved syntax evidence
目光如炬	u	chengyu		china-idiom+agent	insufficient-syntax-evidence	low	accept	conservative syntax review	u|none|low	OK	conservative terminal: no approved syntax evidence
目光如豆	u	chengyu		china-idiom+agent	insufficient-syntax-evidence	low	accept	conservative syntax review	u|none|low	OK	conservative terminal: no approved syntax evidence
目定口呆	u	chengyu		china-idiom+agent	insufficient-syntax-evidence	low	accept	conservative syntax review	u|none|low	OK	conservative terminal: no approved syntax evidence
目怔口呆	u	chengyu		china-idiom+agent	insufficient-syntax-evidence	low	accept	conservative syntax review	u|none|low	OK	conservative terminal: no approved syntax evidence
目挑心招	u	chengyu		china-idiom+agent	insufficient-syntax-evidence	low	accept	conservative syntax review	u|none|low	OK	conservative terminal: no approved syntax evidence
目眩頭昏	u	chengyu		china-idiom+agent	insufficient-syntax-evidence	low	accept	conservative syntax review	u|none|low	OK	conservative terminal: no approved syntax evidence
目睜口呆	u	chengyu		china-idiom+agent	insufficient-syntax-evidence	low	accept	conservative syntax review	u|none|low	OK	conservative terminal: no approved syntax evidence
目瞪口呆	u	chengyu		china-idiom+agent	insufficient-syntax-evidence	low	accept	conservative syntax review	u|none|low	OK	conservative terminal: no approved syntax evidence
目迷五色	u	chengyu		china-idiom+agent	insufficient-syntax-evidence	low	accept	conservative syntax review	u|none|low	OK	conservative terminal: no approved syntax evidence
直捷了當	u	chengyu		china-idiom+agent	insufficient-syntax-evidence	low	accept	conservative syntax review	u|none|low	OK	conservative terminal: no approved syntax evidence
直言無諱	u	chengyu		china-idiom+agent	insufficient-syntax-evidence	low	accept	conservative syntax review	u|none|low	OK	conservative terminal: no approved syntax evidence
直認不諱	u	chengyu		china-idiom+agent	insufficient-syntax-evidence	low	accept	conservative syntax review	u|none|low	OK	conservative terminal: no approved syntax evidence
相依為命	u	chengyu		china-idiom+agent	insufficient-syntax-evidence	low	accept	conservative syntax review	u|none|low	OK	conservative terminal: no approved syntax evidence
相去無幾	u	chengyu		china-idiom+agent	insufficient-syntax-evidence	low	accept	conservative syntax review	u|none|low	OK	conservative terminal: no approved syntax evidence
相差無幾	u	chengyu		china-idiom+agent	insufficient-syntax-evidence	low	accept	conservative syntax review	u|none|low	OK	conservative terminal: no approved syntax evidence
相得益彰	u	chengyu		china-idiom+agent	insufficient-syntax-evidence	low	accept	conservative syntax review	u|none|low	OK	conservative terminal: no approved syntax evidence
相提並論	u	chengyu		china-idiom+agent	insufficient-syntax-evidence	low	accept	conservative syntax review	u|none|low	OK	conservative terminal: no approved syntax evidence
相敬如賓	u	chengyu		china-idiom+agent	insufficient-syntax-evidence	low	accept	conservative syntax review	u|none|low	OK	conservative terminal: no approved syntax evidence
相機而動	u	chengyu		china-idiom+agent	insufficient-syntax-evidence	low	accept	conservative syntax review	u|none|low	OK	conservative terminal: no approved syntax evidence
相機行事	u	chengyu		china-idiom+agent	insufficient-syntax-evidence	low	accept	conservative syntax review	u|none|low	OK	conservative terminal: no approved syntax evidence
相見恨晚	u	chengyu		china-idiom+agent	insufficient-syntax-evidence	low	accept	conservative syntax review	u|none|low	OK	conservative terminal: no approved syntax evidence
相親相愛	u	chengyu		china-idiom+agent	insufficient-syntax-evidence	low	accept	conservative syntax review	u|none|low	OK	conservative terminal: no approved syntax evidence
相逢恨晚	u	chengyu		china-idiom+agent	insufficient-syntax-evidence	low	accept	conservative syntax review	u|none|low	OK	conservative terminal: no approved syntax evidence
省吃儉用	u	chengyu		china-idiom+agent	insufficient-syntax-evidence	low	accept	conservative syntax review	u|none|low	OK	conservative terminal: no approved syntax evidence
眉毛鬍子一把抓	u	chengyu		china-idiom+agent	clause-without-syntax-slot	low	accept	conservative syntax review	u|none|low	OK	conservative terminal: no approved syntax evidence
眉飛色舞	u	chengyu		china-idiom+agent	insufficient-syntax-evidence	low	accept	conservative syntax review	u|none|low	OK	conservative terminal: no approved syntax evidence
看人眉眼	u	chengyu		china-idiom+agent	insufficient-syntax-evidence	low	accept	conservative syntax review	u|none|low	OK	conservative terminal: no approved syntax evidence
看人行事	u	chengyu		china-idiom+agent	insufficient-syntax-evidence	low	accept	conservative syntax review	u|none|low	OK	conservative terminal: no approved syntax evidence
看破紅塵	u	chengyu		china-idiom+agent	insufficient-syntax-evidence	low	accept	conservative syntax review	u|none|low	OK	conservative terminal: no approved syntax evidence
看菜吃飯	u	chengyu		china-idiom+agent	insufficient-syntax-evidence	low	accept	conservative syntax review	u|none|low	OK	conservative terminal: no approved syntax evidence
真人不露相	u	chengyu		china-idiom+agent	insufficient-syntax-evidence	low	accept	conservative syntax review	u|none|low	OK	conservative terminal: no approved syntax evidence
真才實學	u	chengyu		china-idiom+agent	insufficient-syntax-evidence	low	accept	conservative syntax review	u|none|low	OK	conservative terminal: no approved syntax evidence
真相大白	u	chengyu		china-idiom+agent	insufficient-syntax-evidence	low	accept	conservative syntax review	u|none|low	OK	conservative terminal: no approved syntax evidence
真相畢露	u	chengyu		china-idiom+agent	insufficient-syntax-evidence	low	accept	conservative syntax review	u|none|low	OK	conservative terminal: no approved syntax evidence
真金不怕火煉	u	chengyu		china-idiom+agent	insufficient-syntax-evidence	low	accept	conservative syntax review	u|none|low	OK	conservative terminal: no approved syntax evidence
眼不見心不煩	u	chengyu		china-idiom+agent	insufficient-syntax-evidence	low	accept	conservative syntax review	u|none|low	OK	conservative terminal: no approved syntax evidence
眼不見為淨	u	chengyu		china-idiom+agent	insufficient-syntax-evidence	low	accept	conservative syntax review	u|none|low	OK	conservative terminal: no approved syntax evidence
眼明手快	u	chengyu		china-idiom+agent	insufficient-syntax-evidence	low	accept	conservative syntax review	u|none|low	OK	conservative terminal: no approved syntax evidence
眼穿腸斷	u	chengyu		china-idiom+agent	insufficient-syntax-evidence	low	accept	conservative syntax review	u|none|low	OK	conservative terminal: no approved syntax evidence
眼高手低	u	chengyu		china-idiom+agent	insufficient-syntax-evidence	low	accept	conservative syntax review	u|none|low	OK	conservative terminal: no approved syntax evidence
眾口鑠金	u	chengyu		china-idiom+agent	insufficient-syntax-evidence	low	accept	conservative syntax review	u|none|low	OK	conservative terminal: no approved syntax evidence
眾寡懸殊	u	chengyu		china-idiom+agent	insufficient-syntax-evidence	low	accept	conservative syntax review	u|none|low	OK	conservative terminal: no approved syntax evidence
眾志成城	u	chengyu		china-idiom+agent	insufficient-syntax-evidence	low	accept	conservative syntax review	u|none|low	OK	conservative terminal: no approved syntax evidence
眾怒難犯	u	chengyu		china-idiom+agent	insufficient-syntax-evidence	low	accept	conservative syntax review	u|none|low	OK	conservative terminal: no approved syntax evidence
眾擎易舉	u	chengyu		china-idiom+agent	insufficient-syntax-evidence	low	accept	conservative syntax review	u|none|low	OK	conservative terminal: no approved syntax evidence
眾星拱月	u	chengyu		china-idiom+agent	insufficient-syntax-evidence	low	accept	conservative syntax review	u|none|low	OK	conservative terminal: no approved syntax evidence
眾星攢月	u	chengyu		china-idiom+agent	insufficient-syntax-evidence	low	accept	conservative syntax review	u|none|low	OK	conservative terminal: no approved syntax evidence
眾目睽睽	u	chengyu		china-idiom+agent	insufficient-syntax-evidence	low	accept	conservative syntax review	u|none|low	OK	conservative terminal: no approved syntax evidence
眾盲摸象	u	chengyu		china-idiom+agent	insufficient-syntax-evidence	low	accept	conservative syntax review	u|none|low	OK	conservative terminal: no approved syntax evidence
眾矢之的	u	chengyu		china-idiom+agent	insufficient-syntax-evidence	low	accept	conservative syntax review	u|none|low	OK	conservative terminal: no approved syntax evidence
眾説紛揉	u	chengyu		china-idiom+agent	insufficient-syntax-evidence	low	accept	conservative syntax review	u|none|low	OK	conservative terminal: no approved syntax evidence
眾説紛紜	u	chengyu		china-idiom+agent	insufficient-syntax-evidence	low	accept	conservative syntax review	u|none|low	OK	conservative terminal: no approved syntax evidence
着三不着兩	u	chengyu		china-idiom+agent	insufficient-syntax-evidence	low	accept	conservative syntax review	u|none|low	OK	conservative terminal: no approved syntax evidence
着手成春	u	chengyu		china-idiom+agent	insufficient-syntax-evidence	low	accept	conservative syntax review	u|none|low	OK	conservative terminal: no approved syntax evidence
睚眥必報	u	chengyu		china-idiom+agent	insufficient-syntax-evidence	low	accept	conservative syntax review	u|none|low	OK	conservative terminal: no approved syntax evidence
睹景傷情	u	chengyu		china-idiom+agent	insufficient-syntax-evidence	low	accept	conservative syntax review	u|none|low	OK	conservative terminal: no approved syntax evidence
睹物思人	u	chengyu		china-idiom+agent	insufficient-syntax-evidence	low	accept	conservative syntax review	u|none|low	OK	conservative terminal: no approved syntax evidence
瞠目結舌	u	chengyu		china-idiom+agent	insufficient-syntax-evidence	low	accept	conservative syntax review	u|none|low	OK	conservative terminal: no approved syntax evidence
瞠目而視	u	chengyu		china-idiom+agent	insufficient-syntax-evidence	low	accept	conservative syntax review	u|none|low	OK	conservative terminal: no approved syntax evidence
瞬息萬變	u	chengyu		china-idiom+agent	insufficient-syntax-evidence	low	accept	conservative syntax review	u|none|low	OK	conservative terminal: no approved syntax evidence
矇昧無知	u	chengyu		china-idiom+agent	insufficient-syntax-evidence	low	accept	conservative syntax review	u|none|low	OK	conservative terminal: no approved syntax evidence
矜功不立	u	chengyu		china-idiom+agent	insufficient-syntax-evidence	low	accept	conservative syntax review	u|none|low	OK	conservative terminal: no approved syntax evidence
矢志不渝	u	chengyu		china-idiom+agent	insufficient-syntax-evidence	low	accept	conservative syntax review	u|none|low	OK	conservative terminal: no approved syntax evidence
知人善任	u	chengyu		china-idiom+agent	insufficient-syntax-evidence	low	accept	conservative syntax review	u|none|low	OK	conservative terminal: no approved syntax evidence
知人知面不知心	u	chengyu		china-idiom+agent	clause-without-syntax-slot	low	accept	conservative syntax review	u|none|low	OK	conservative terminal: no approved syntax evidence
知其一不知其二	u	chengyu		china-idiom+agent	clause-without-syntax-slot	low	accept	conservative syntax review	u|none|low	OK	conservative terminal: no approved syntax evidence
知子莫若父	u	chengyu		china-idiom+agent	insufficient-syntax-evidence	low	accept	conservative syntax review	u|none|low	OK	conservative terminal: no approved syntax evidence
知情達理	u	chengyu		china-idiom+agent	insufficient-syntax-evidence	low	accept	conservative syntax review	u|none|low	OK	conservative terminal: no approved syntax evidence
知難而進	u	chengyu		china-idiom+agent	insufficient-syntax-evidence	low	accept	conservative syntax review	u|none|low	OK	conservative terminal: no approved syntax evidence
短中取長	u	chengyu		china-idiom+agent	insufficient-syntax-evidence	low	accept	conservative syntax review	u|none|low	OK	conservative terminal: no approved syntax evidence
短小精悍	u	chengyu		china-idiom+agent	insufficient-syntax-evidence	low	accept	conservative syntax review	u|none|low	OK	conservative terminal: no approved syntax evidence
短綆汲深	u	chengyu		china-idiom+agent	insufficient-syntax-evidence	low	accept	conservative syntax review	u|none|low	OK	conservative terminal: no approved syntax evidence
短褐不完	u	chengyu		china-idiom+agent	insufficient-syntax-evidence	low	accept	conservative syntax review	u|none|low	OK	conservative terminal: no approved syntax evidence
矯枉過正	u	chengyu		china-idiom+agent	insufficient-syntax-evidence	low	accept	conservative syntax review	u|none|low	OK	conservative terminal: no approved syntax evidence
矯枉過直	u	chengyu		china-idiom+agent	insufficient-syntax-evidence	low	accept	conservative syntax review	u|none|low	OK	conservative terminal: no approved syntax evidence
石沉大海	u	chengyu		china-idiom+agent	insufficient-syntax-evidence	low	accept	conservative syntax review	u|none|low	OK	conservative terminal: no approved syntax evidence
石破天驚	u	chengyu		china-idiom+agent	insufficient-syntax-evidence	low	accept	conservative syntax review	u|none|low	OK	conservative terminal: no approved syntax evidence
砌詞捏控	u	chengyu		china-idiom+agent	insufficient-syntax-evidence	low	accept	conservative syntax review	u|none|low	OK	conservative terminal: no approved syntax evidence
破天荒	u	chengyu		china-idiom+agent	insufficient-syntax-evidence	low	accept	conservative syntax review	u|none|low	OK	conservative terminal: no approved syntax evidence
破竹建瓴	u	chengyu		china-idiom+agent	insufficient-syntax-evidence	low	accept	conservative syntax review	u|none|low	OK	conservative terminal: no approved syntax evidence
破綻百出	u	chengyu		china-idiom+agent	insufficient-syntax-evidence	low	accept	conservative syntax review	u|none|low	OK	conservative terminal: no approved syntax evidence
破膽寒心	u	chengyu		china-idiom+agent	insufficient-syntax-evidence	low	accept	conservative syntax review	u|none|low	OK	conservative terminal: no approved syntax evidence
破釜沉舟	u	chengyu		china-idiom+agent	insufficient-syntax-evidence	low	accept	conservative syntax review	u|none|low	OK	conservative terminal: no approved syntax evidence
破鏡重圓	u	chengyu		china-idiom+agent	insufficient-syntax-evidence	low	accept	conservative syntax review	u|none|low	OK	conservative terminal: no approved syntax evidence
破門而入	u	chengyu		china-idiom+agent	insufficient-syntax-evidence	low	accept	conservative syntax review	u|none|low	OK	conservative terminal: no approved syntax evidence
硬語盤空	u	chengyu		china-idiom+agent	insufficient-syntax-evidence	low	accept	conservative syntax review	u|none|low	OK	conservative terminal: no approved syntax evidence
碎瓊亂玉	u	chengyu		china-idiom+agent	insufficient-syntax-evidence	low	accept	conservative syntax review	u|none|low	OK	conservative terminal: no approved syntax evidence
碩果僅存	u	chengyu		china-idiom+agent	insufficient-syntax-evidence	low	accept	conservative syntax review	u|none|low	OK	conservative terminal: no approved syntax evidence
碰釘子	u	chengyu		china-idiom+agent	insufficient-syntax-evidence	low	accept	conservative syntax review	u|none|low	OK	conservative terminal: no approved syntax evidence
磨穿鐵硯	u	chengyu		china-idiom+agent	insufficient-syntax-evidence	low	accept	conservative syntax review	u|none|low	OK	conservative terminal: no approved syntax evidence
礙口識羞	u	chengyu		china-idiom+agent	insufficient-syntax-evidence	low	accept	conservative syntax review	u|none|low	OK	conservative terminal: no approved syntax evidence
社會賢達	u	chengyu		china-idiom+agent	insufficient-syntax-evidence	low	accept	conservative syntax review	u|none|low	OK	conservative terminal: no approved syntax evidence
社鼠城狐	u	chengyu		china-idiom+agent	insufficient-syntax-evidence	low	accept	conservative syntax review	u|none|low	OK	conservative terminal: no approved syntax evidence
神不守舍	u	chengyu		china-idiom+agent	insufficient-syntax-evidence	low	accept	conservative syntax review	u|none|low	OK	conservative terminal: no approved syntax evidence
神機妙算	u	chengyu		china-idiom+agent	insufficient-syntax-evidence	low	accept	conservative syntax review	u|none|low	OK	conservative terminal: no approved syntax evidence
神色不動	u	chengyu		china-idiom+agent	insufficient-syntax-evidence	low	accept	conservative syntax review	u|none|low	OK	conservative terminal: no approved syntax evidence
神采奕奕	u	chengyu		china-idiom+agent	insufficient-syntax-evidence	low	accept	conservative syntax review	u|none|low	OK	conservative terminal: no approved syntax evidence
神魂顛倒	u	chengyu		china-idiom+agent	insufficient-syntax-evidence	low	accept	conservative syntax review	u|none|low	OK	conservative terminal: no approved syntax evidence
神龍見首不見尾	u	chengyu		china-idiom+agent	clause-without-syntax-slot	low	accept	conservative syntax review	u|none|low	OK	conservative terminal: no approved syntax evidence
禍從天降	u	chengyu		china-idiom+agent	insufficient-syntax-evidence	low	accept	conservative syntax review	u|none|low	OK	conservative terminal: no approved syntax evidence
禍棗災梨	u	chengyu		china-idiom+agent	insufficient-syntax-evidence	low	accept	conservative syntax review	u|none|low	OK	conservative terminal: no approved syntax evidence
禍福同門	u	chengyu		china-idiom+agent	insufficient-syntax-evidence	low	accept	conservative syntax review	u|none|low	OK	conservative terminal: no approved syntax evidence
禍福無常	u	chengyu		china-idiom+agent	insufficient-syntax-evidence	low	accept	conservative syntax review	u|none|low	OK	conservative terminal: no approved syntax evidence
禍福無門	u	chengyu		china-idiom+agent	insufficient-syntax-evidence	low	accept	conservative syntax review	u|none|low	OK	conservative terminal: no approved syntax evidence
禍首罪魁	u	chengyu		china-idiom+agent	insufficient-syntax-evidence	low	accept	conservative syntax review	u|none|low	OK	conservative terminal: no approved syntax evidence
福壽年高	u	chengyu		china-idiom+agent	insufficient-syntax-evidence	low	accept	conservative syntax review	u|none|low	OK	conservative terminal: no approved syntax evidence
福壽無疆	u	chengyu		china-idiom+agent	insufficient-syntax-evidence	low	accept	conservative syntax review	u|none|low	OK	conservative terminal: no approved syntax evidence
福如東海	u	chengyu		china-idiom+agent	insufficient-syntax-evidence	low	accept	conservative syntax review	u|none|low	OK	conservative terminal: no approved syntax evidence
福祿雙全	u	chengyu		china-idiom+agent	insufficient-syntax-evidence	low	accept	conservative syntax review	u|none|low	OK	conservative terminal: no approved syntax evidence
禮壞樂崩	u	chengyu		china-idiom+agent	insufficient-syntax-evidence	low	accept	conservative syntax review	u|none|low	OK	conservative terminal: no approved syntax evidence
禮尚往來	u	chengyu		china-idiom+agent	insufficient-syntax-evidence	low	accept	conservative syntax review	u|none|low	OK	conservative terminal: no approved syntax evidence
禮崩樂壞	u	chengyu		china-idiom+agent	insufficient-syntax-evidence	low	accept	conservative syntax review	u|none|low	OK	conservative terminal: no approved syntax evidence
禮賢下士	u	chengyu		china-idiom+agent	insufficient-syntax-evidence	low	accept	conservative syntax review	u|none|low	OK	conservative terminal: no approved syntax evidence
禮輕人意重	u	chengyu		china-idiom+agent	insufficient-syntax-evidence	low	accept	conservative syntax review	u|none|low	OK	conservative terminal: no approved syntax evidence
禮輕情意重	u	chengyu		china-idiom+agent	insufficient-syntax-evidence	low	accept	conservative syntax review	u|none|low	OK	conservative terminal: no approved syntax evidence
秀外慧中	u	chengyu		china-idiom+agent	insufficient-syntax-evidence	low	accept	conservative syntax review	u|none|low	OK	conservative terminal: no approved syntax evidence
秀而不實	u	chengyu		china-idiom+agent	insufficient-syntax-evidence	low	accept	conservative syntax review	u|none|low	OK	conservative terminal: no approved syntax evidence
私相授受	u	chengyu		china-idiom+agent	insufficient-syntax-evidence	low	accept	conservative syntax review	u|none|low	OK	conservative terminal: no approved syntax evidence
秉燭夜遊	u	chengyu		china-idiom+agent	insufficient-syntax-evidence	low	accept	conservative syntax review	u|none|low	OK	conservative terminal: no approved syntax evidence
秋毫不犯	u	chengyu		china-idiom+agent	insufficient-syntax-evidence	low	accept	conservative syntax review	u|none|low	OK	conservative terminal: no approved syntax evidence
秋毫無犯	u	chengyu		china-idiom+agent	insufficient-syntax-evidence	low	accept	conservative syntax review	u|none|low	OK	conservative terminal: no approved syntax evidence
秋風掃落葉	u	chengyu		china-idiom+agent	insufficient-syntax-evidence	low	accept	conservative syntax review	u|none|low	OK	conservative terminal: no approved syntax evidence
秦歡晉愛	u	chengyu		china-idiom+agent	insufficient-syntax-evidence	low	accept	conservative syntax review	u|none|low	OK	conservative terminal: no approved syntax evidence
移山倒海	u	chengyu		china-idiom+agent	insufficient-syntax-evidence	low	accept	conservative syntax review	u|none|low	OK	conservative terminal: no approved syntax evidence
移樽就教	u	chengyu		china-idiom+agent	insufficient-syntax-evidence	low	accept	conservative syntax review	u|none|low	OK	conservative terminal: no approved syntax evidence
移風易俗	u	chengyu		china-idiom+agent	insufficient-syntax-evidence	low	accept	conservative syntax review	u|none|low	OK	conservative terminal: no approved syntax evidence
程門立雪	u	chengyu		china-idiom+agent	insufficient-syntax-evidence	low	accept	conservative syntax review	u|none|low	OK	conservative terminal: no approved syntax evidence
稗官野史	u	chengyu		china-idiom+agent	insufficient-syntax-evidence	low	accept	conservative syntax review	u|none|low	OK	conservative terminal: no approved syntax evidence
稠人廣眾	u	chengyu		china-idiom+agent	insufficient-syntax-evidence	low	accept	conservative syntax review	u|none|low	OK	conservative terminal: no approved syntax evidence
稱心如意	u	chengyu		china-idiom+agent	insufficient-syntax-evidence	low	accept	conservative syntax review	u|none|low	OK	conservative terminal: no approved syntax evidence
稱心滿意	u	chengyu		china-idiom+agent	insufficient-syntax-evidence	low	accept	conservative syntax review	u|none|low	OK	conservative terminal: no approved syntax evidence
稱王稱霸	u	chengyu		china-idiom+agent	insufficient-syntax-evidence	low	accept	conservative syntax review	u|none|low	OK	conservative terminal: no approved syntax evidence
稱賢薦能	u	chengyu		china-idiom+agent	insufficient-syntax-evidence	low	accept	conservative syntax review	u|none|low	OK	conservative terminal: no approved syntax evidence
積勞成疾	u	chengyu		china-idiom+agent	insufficient-syntax-evidence	low	accept	conservative syntax review	u|none|low	OK	conservative terminal: no approved syntax evidence
積勞成病	u	chengyu		china-idiom+agent	insufficient-syntax-evidence	low	accept	conservative syntax review	u|none|low	OK	conservative terminal: no approved syntax evidence
積年累月	u	chengyu		china-idiom+agent	insufficient-syntax-evidence	low	accept	conservative syntax review	u|none|low	OK	conservative terminal: no approved syntax evidence
積德累功	u	chengyu		china-idiom+agent	insufficient-syntax-evidence	low	accept	conservative syntax review	u|none|low	OK	conservative terminal: no approved syntax evidence
積惡餘殃	u	chengyu		china-idiom+agent	insufficient-syntax-evidence	low	accept	conservative syntax review	u|none|low	OK	conservative terminal: no approved syntax evidence
積憂成疾	u	chengyu		china-idiom+agent	insufficient-syntax-evidence	low	accept	conservative syntax review	u|none|low	OK	conservative terminal: no approved syntax evidence
積習成俗	u	chengyu		china-idiom+agent	insufficient-syntax-evidence	low	accept	conservative syntax review	u|none|low	OK	conservative terminal: no approved syntax evidence
積習難改	u	chengyu		china-idiom+agent	insufficient-syntax-evidence	low	accept	conservative syntax review	u|none|low	OK	conservative terminal: no approved syntax evidence
積草屯糧	u	chengyu		china-idiom+agent	insufficient-syntax-evidence	low	accept	conservative syntax review	u|none|low	OK	conservative terminal: no approved syntax evidence
積金累玉	u	chengyu		china-idiom+agent	insufficient-syntax-evidence	low	accept	conservative syntax review	u|none|low	OK	conservative terminal: no approved syntax evidence
積非成是	u	chengyu		china-idiom+agent	insufficient-syntax-evidence	low	accept	conservative syntax review	u|none|low	OK	conservative terminal: no approved syntax evidence
空前絕後	u	chengyu		china-idiom+agent	insufficient-syntax-evidence	low	accept	conservative syntax review	u|none|low	OK	conservative terminal: no approved syntax evidence
空口説白話	u	chengyu		china-idiom+agent	insufficient-syntax-evidence	low	accept	conservative syntax review	u|none|low	OK	conservative terminal: no approved syntax evidence
空城計	u	chengyu		china-idiom+agent	insufficient-syntax-evidence	low	accept	conservative syntax review	u|none|low	OK	conservative terminal: no approved syntax evidence
空室清野	u	chengyu		china-idiom+agent	insufficient-syntax-evidence	low	accept	conservative syntax review	u|none|low	OK	conservative terminal: no approved syntax evidence
空腹高心	u	chengyu		china-idiom+agent	insufficient-syntax-evidence	low	accept	conservative syntax review	u|none|low	OK	conservative terminal: no approved syntax evidence
空話連篇	u	chengyu		china-idiom+agent	insufficient-syntax-evidence	low	accept	conservative syntax review	u|none|low	OK	conservative terminal: no approved syntax evidence
空谷足音	u	chengyu		china-idiom+agent	insufficient-syntax-evidence	low	accept	conservative syntax review	u|none|low	OK	conservative terminal: no approved syntax evidence
空頭支票	u	chengyu		china-idiom+agent	insufficient-syntax-evidence	low	accept	conservative syntax review	u|none|low	OK	conservative terminal: no approved syntax evidence
穿房入户	u	chengyu		china-idiom+agent	insufficient-syntax-evidence	low	accept	conservative syntax review	u|none|low	OK	conservative terminal: no approved syntax evidence
穿鑿附會	u	chengyu		china-idiom+agent	insufficient-syntax-evidence	low	accept	conservative syntax review	u|none|low	OK	conservative terminal: no approved syntax evidence
突飛猛進	u	chengyu		china-idiom+agent	insufficient-syntax-evidence	low	accept	conservative syntax review	u|none|low	OK	conservative terminal: no approved syntax evidence
窩火憋氣	u	chengyu		china-idiom+agent	insufficient-syntax-evidence	low	accept	conservative syntax review	u|none|low	OK	conservative terminal: no approved syntax evidence
窮不失義	u	chengyu		china-idiom+agent	insufficient-syntax-evidence	low	accept	conservative syntax review	u|none|low	OK	conservative terminal: no approved syntax evidence
窮兇極惡	u	chengyu		china-idiom+agent	insufficient-syntax-evidence	low	accept	conservative syntax review	u|none|low	OK	conservative terminal: no approved syntax evidence
窮寇勿追	u	chengyu		china-idiom+agent	insufficient-syntax-evidence	low	accept	conservative syntax review	u|none|low	OK	conservative terminal: no approved syntax evidence
窮愁潦倒	u	chengyu		china-idiom+agent	insufficient-syntax-evidence	low	accept	conservative syntax review	u|none|low	OK	conservative terminal: no approved syntax evidence
窮極無聊	u	chengyu		china-idiom+agent	insufficient-syntax-evidence	low	accept	conservative syntax review	u|none|low	OK	conservative terminal: no approved syntax evidence
窺豹一斑	u	chengyu		china-idiom+agent	insufficient-syntax-evidence	low	accept	conservative syntax review	u|none|low	OK	conservative terminal: no approved syntax evidence
竊竊私議	u	chengyu		china-idiom+agent	insufficient-syntax-evidence	low	accept	conservative syntax review	u|none|low	OK	conservative terminal: no approved syntax evidence
立於不敗之地	u	chengyu		china-idiom+agent	insufficient-syntax-evidence	low	accept	conservative syntax review	u|none|low	OK	conservative terminal: no approved syntax evidence
章甫薦履	u	chengyu		china-idiom+agent	insufficient-syntax-evidence	low	accept	conservative syntax review	u|none|low	OK	conservative terminal: no approved syntax evidence
童叟無欺	u	chengyu		china-idiom+agent	insufficient-syntax-evidence	low	accept	conservative syntax review	u|none|low	OK	conservative terminal: no approved syntax evidence
竭澤而漁	u	chengyu		china-idiom+agent	insufficient-syntax-evidence	low	accept	conservative syntax review	u|none|low	OK	conservative terminal: no approved syntax evidence
竭盡全力	u	chengyu		china-idiom+agent	insufficient-syntax-evidence	low	accept	conservative syntax review	u|none|low	OK	conservative terminal: no approved syntax evidence
笑不可仰	u	chengyu		china-idiom+agent	insufficient-syntax-evidence	low	accept	conservative syntax review	u|none|low	OK	conservative terminal: no approved syntax evidence
笑容可掬	u	chengyu		china-idiom+agent	insufficient-syntax-evidence	low	accept	conservative syntax review	u|none|low	OK	conservative terminal: no approved syntax evidence
笑逐顏開	u	chengyu		china-idiom+agent	insufficient-syntax-evidence	low	accept	conservative syntax review	u|none|low	OK	conservative terminal: no approved syntax evidence
笨嘴笨舌	u	chengyu		china-idiom+agent	insufficient-syntax-evidence	low	accept	conservative syntax review	u|none|low	OK	conservative terminal: no approved syntax evidence
笨鳥先飛	u	chengyu		china-idiom+agent	insufficient-syntax-evidence	low	accept	conservative syntax review	u|none|low	OK	conservative terminal: no approved syntax evidence
筆下生花	u	chengyu		china-idiom+agent	insufficient-syntax-evidence	low	accept	conservative syntax review	u|none|low	OK	conservative terminal: no approved syntax evidence
等米下鍋	u	chengyu		china-idiom+agent	insufficient-syntax-evidence	low	accept	conservative syntax review	u|none|low	OK	conservative terminal: no approved syntax evidence
等而下之	u	chengyu		china-idiom+agent	insufficient-syntax-evidence	low	accept	conservative syntax review	u|none|low	OK	conservative terminal: no approved syntax evidence
等閒視之	u	chengyu		china-idiom+agent	insufficient-syntax-evidence	low	accept	conservative syntax review	u|none|low	OK	conservative terminal: no approved syntax evidence
答非所問	u	chengyu		china-idiom+agent	insufficient-syntax-evidence	low	accept	conservative syntax review	u|none|low	OK	conservative terminal: no approved syntax evidence
管見所及	u	chengyu		china-idiom+agent	insufficient-syntax-evidence	low	accept	conservative syntax review	u|none|low	OK	conservative terminal: no approved syntax evidence
節外生枝	u	chengyu		china-idiom+agent	insufficient-syntax-evidence	low	accept	conservative syntax review	u|none|low	OK	conservative terminal: no approved syntax evidence
築室反耕	u	chengyu		china-idiom+agent	insufficient-syntax-evidence	low	accept	conservative syntax review	u|none|low	OK	conservative terminal: no approved syntax evidence
築室道謀	u	chengyu		china-idiom+agent	insufficient-syntax-evidence	low	accept	conservative syntax review	u|none|low	OK	conservative terminal: no approved syntax evidence
篝火狐鳴	u	chengyu		china-idiom+agent	insufficient-syntax-evidence	low	accept	conservative syntax review	u|none|low	OK	conservative terminal: no approved syntax evidence
籠中之鳥	u	chengyu		china-idiom+agent	insufficient-syntax-evidence	low	accept	conservative syntax review	u|none|low	OK	conservative terminal: no approved syntax evidence
米已成炊	u	chengyu		china-idiom+agent	insufficient-syntax-evidence	low	accept	conservative syntax review	u|none|low	OK	conservative terminal: no approved syntax evidence
米珠薪桂	u	chengyu		china-idiom+agent	insufficient-syntax-evidence	low	accept	conservative syntax review	u|none|low	OK	conservative terminal: no approved syntax evidence
粉墨登場	u	chengyu		china-idiom+agent	insufficient-syntax-evidence	low	accept	conservative syntax review	u|none|low	OK	conservative terminal: no approved syntax evidence
粉妝玉琢	u	chengyu		china-idiom+agent	insufficient-syntax-evidence	low	accept	conservative syntax review	u|none|low	OK	conservative terminal: no approved syntax evidence
粗枝大葉	u	chengyu		china-idiom+agent	insufficient-syntax-evidence	low	accept	conservative syntax review	u|none|low	OK	conservative terminal: no approved syntax evidence
粗通文墨	u	chengyu		china-idiom+agent	insufficient-syntax-evidence	low	accept	conservative syntax review	u|none|low	OK	conservative terminal: no approved syntax evidence
粘皮帶骨	u	chengyu		china-idiom+agent	insufficient-syntax-evidence	low	accept	conservative syntax review	u|none|low	OK	conservative terminal: no approved syntax evidence
精打細算	u	chengyu		china-idiom+agent	insufficient-syntax-evidence	low	accept	conservative syntax review	u|none|low	OK	conservative terminal: no approved syntax evidence
精明強幹	u	chengyu		china-idiom+agent	insufficient-syntax-evidence	low	accept	conservative syntax review	u|none|low	OK	conservative terminal: no approved syntax evidence
精疲力盡	u	chengyu		china-idiom+agent	insufficient-syntax-evidence	low	accept	conservative syntax review	u|none|low	OK	conservative terminal: no approved syntax evidence
精益求精	u	chengyu		china-idiom+agent	insufficient-syntax-evidence	low	accept	conservative syntax review	u|none|low	OK	conservative terminal: no approved syntax evidence
精神滿腹	u	chengyu		china-idiom+agent	insufficient-syntax-evidence	low	accept	conservative syntax review	u|none|low	OK	conservative terminal: no approved syntax evidence
精神煥發	u	chengyu		china-idiom+agent	insufficient-syntax-evidence	low	accept	conservative syntax review	u|none|low	OK	conservative terminal: no approved syntax evidence
糊里糊塗	u	chengyu		china-idiom+agent	insufficient-syntax-evidence	low	accept	conservative syntax review	u|none|low	OK	conservative terminal: no approved syntax evidence
糖衣炮彈	u	chengyu		china-idiom+agent	insufficient-syntax-evidence	low	accept	conservative syntax review	u|none|low	OK	conservative terminal: no approved syntax evidence
紅豆相思	u	chengyu		china-idiom+agent	insufficient-syntax-evidence	low	accept	conservative syntax review	u|none|low	OK	conservative terminal: no approved syntax evidence
紆尊降貴	u	chengyu		china-idiom+agent	insufficient-syntax-evidence	low	accept	conservative syntax review	u|none|low	OK	conservative terminal: no approved syntax evidence
紙貴洛陽	u	chengyu		china-idiom+agent	insufficient-syntax-evidence	low	accept	conservative syntax review	u|none|low	OK	conservative terminal: no approved syntax evidence
紙醉金迷	u	chengyu		china-idiom+agent	insufficient-syntax-evidence	low	accept	conservative syntax review	u|none|low	OK	conservative terminal: no approved syntax evidence
紛至沓來	u	chengyu		china-idiom+agent	insufficient-syntax-evidence	low	accept	conservative syntax review	u|none|low	OK	conservative terminal: no approved syntax evidence
素不相能	u	chengyu		china-idiom+agent	insufficient-syntax-evidence	low	accept	conservative syntax review	u|none|low	OK	conservative terminal: no approved syntax evidence
素不相識	u	chengyu		china-idiom+agent	insufficient-syntax-evidence	low	accept	conservative syntax review	u|none|low	OK	conservative terminal: no approved syntax evidence
素未謀面	u	chengyu		china-idiom+agent	insufficient-syntax-evidence	low	accept	conservative syntax review	u|none|low	OK	conservative terminal: no approved syntax evidence
索然寡味	u	chengyu		china-idiom+agent	insufficient-syntax-evidence	low	accept	conservative syntax review	u|none|low	OK	conservative terminal: no approved syntax evidence
細針密縷	u	chengyu		china-idiom+agent	insufficient-syntax-evidence	low	accept	conservative syntax review	u|none|low	OK	conservative terminal: no approved syntax evidence
終成泡影	u	chengyu		china-idiom+agent	insufficient-syntax-evidence	low	accept	conservative syntax review	u|none|low	OK	conservative terminal: no approved syntax evidence
終而復始	u	chengyu		china-idiom+agent	insufficient-syntax-evidence	low	accept	conservative syntax review	u|none|low	OK	conservative terminal: no approved syntax evidence
結草銜環	u	chengyu		china-idiom+agent	insufficient-syntax-evidence	low	accept	conservative syntax review	u|none|low	OK	conservative terminal: no approved syntax evidence
結黨營私	u	chengyu		china-idiom+agent	insufficient-syntax-evidence	low	accept	conservative syntax review	u|none|low	OK	conservative terminal: no approved syntax evidence
絕無僅有	u	chengyu		china-idiom+agent	insufficient-syntax-evidence	low	accept	conservative syntax review	u|none|low	OK	conservative terminal: no approved syntax evidence
絲絲入扣	u	chengyu		china-idiom+agent	insufficient-syntax-evidence	low	accept	conservative syntax review	u|none|low	OK	conservative terminal: no approved syntax evidence
綆短汲深	u	chengyu		china-idiom+agent	insufficient-syntax-evidence	low	accept	conservative syntax review	u|none|low	OK	conservative terminal: no approved syntax evidence
經一事長一智	u	chengyu		china-idiom+agent	insufficient-syntax-evidence	low	accept	conservative syntax review	u|none|low	OK	conservative terminal: no approved syntax evidence
綠女紅男	u	chengyu		china-idiom+agent	insufficient-syntax-evidence	low	accept	conservative syntax review	u|none|low	OK	conservative terminal: no approved syntax evidence
綠慘紅愁	u	chengyu		china-idiom+agent	insufficient-syntax-evidence	low	accept	conservative syntax review	u|none|low	OK	conservative terminal: no approved syntax evidence
網開一面	u	chengyu		china-idiom+agent	insufficient-syntax-evidence	low	accept	conservative syntax review	u|none|low	OK	conservative terminal: no approved syntax evidence
綿綿瓜瓞	u	chengyu		china-idiom+agent	insufficient-syntax-evidence	low	accept	conservative syntax review	u|none|low	OK	conservative terminal: no approved syntax evidence
緊箍咒	u	chengyu		china-idiom+agent	insufficient-syntax-evidence	low	accept	conservative syntax review	u|none|low	OK	conservative terminal: no approved syntax evidence
緘口不言	u	chengyu		china-idiom+agent	insufficient-syntax-evidence	low	accept	conservative syntax review	u|none|low	OK	conservative terminal: no approved syntax evidence
緣木求魚	u	chengyu		china-idiom+agent	insufficient-syntax-evidence	low	accept	conservative syntax review	u|none|low	OK	conservative terminal: no approved syntax evidence
緩急相濟	u	chengyu		china-idiom+agent	insufficient-syntax-evidence	low	accept	conservative syntax review	u|none|low	OK	conservative terminal: no approved syntax evidence
緩急輕重	u	chengyu		china-idiom+agent	insufficient-syntax-evidence	low	accept	conservative syntax review	u|none|low	OK	conservative terminal: no approved syntax evidence
緩步代車	u	chengyu		china-idiom+agent	insufficient-syntax-evidence	low	accept	conservative syntax review	u|none|low	OK	conservative terminal: no approved syntax evidence
練達老成	u	chengyu		china-idiom+agent	insufficient-syntax-evidence	low	accept	conservative syntax review	u|none|low	OK	conservative terminal: no approved syntax evidence
縮手縮腳	u	chengyu		china-idiom+agent	insufficient-syntax-evidence	low	accept	conservative syntax review	u|none|low	OK	conservative terminal: no approved syntax evidence
縮衣節食	u	chengyu		china-idiom+agent	insufficient-syntax-evidence	low	accept	conservative syntax review	u|none|low	OK	conservative terminal: no approved syntax evidence
縮頭縮腦	u	chengyu		china-idiom+agent	insufficient-syntax-evidence	low	accept	conservative syntax review	u|none|low	OK	conservative terminal: no approved syntax evidence
縱橫交錯	u	chengyu		china-idiom+agent	insufficient-syntax-evidence	low	accept	conservative syntax review	u|none|low	OK	conservative terminal: no approved syntax evidence
總角之好	u	chengyu		china-idiom+agent	insufficient-syntax-evidence	low	accept	conservative syntax review	u|none|low	OK	conservative terminal: no approved syntax evidence
繁榮富強	u	chengyu		china-idiom+agent	insufficient-syntax-evidence	low	accept	conservative syntax review	u|none|low	OK	conservative terminal: no approved syntax evidence
繁花似錦	u	chengyu		china-idiom+agent	insufficient-syntax-evidence	low	accept	conservative syntax review	u|none|low	OK	conservative terminal: no approved syntax evidence
織當訪婢	u	chengyu		china-idiom+agent	insufficient-syntax-evidence	low	accept	conservative syntax review	u|none|low	OK	conservative terminal: no approved syntax evidence
繩其祖武	u	chengyu		china-idiom+agent	insufficient-syntax-evidence	low	accept	conservative syntax review	u|none|low	OK	conservative terminal: no approved syntax evidence
繪影繪聲	u	chengyu		china-idiom+agent	insufficient-syntax-evidence	low	accept	conservative syntax review	u|none|low	OK	conservative terminal: no approved syntax evidence
繪聲繪色	u	chengyu		china-idiom+agent	insufficient-syntax-evidence	low	accept	conservative syntax review	u|none|low	OK	conservative terminal: no approved syntax evidence
繼往開來	u	chengyu		china-idiom+agent	insufficient-syntax-evidence	low	accept	conservative syntax review	u|none|low	OK	conservative terminal: no approved syntax evidence
纖悉無遺	u	chengyu		china-idiom+agent	insufficient-syntax-evidence	low	accept	conservative syntax review	u|none|low	OK	conservative terminal: no approved syntax evidence
罪不容誅	u	chengyu		china-idiom+agent	insufficient-syntax-evidence	low	accept	conservative syntax review	u|none|low	OK	conservative terminal: no approved syntax evidence
罪加一等	u	chengyu		china-idiom+agent	insufficient-syntax-evidence	low	accept	conservative syntax review	u|none|low	OK	conservative terminal: no approved syntax evidence
罪大惡極	u	chengyu		china-idiom+agent	insufficient-syntax-evidence	low	accept	conservative syntax review	u|none|low	OK	conservative terminal: no approved syntax evidence
罪孽深重	u	chengyu		china-idiom+agent	insufficient-syntax-evidence	low	accept	conservative syntax review	u|none|low	OK	conservative terminal: no approved syntax evidence
罪有應得	u	chengyu		china-idiom+agent	insufficient-syntax-evidence	low	accept	conservative syntax review	u|none|low	OK	conservative terminal: no approved syntax evidence
罪該萬死	u	chengyu		china-idiom+agent	insufficient-syntax-evidence	low	accept	conservative syntax review	u|none|low	OK	conservative terminal: no approved syntax evidence
置之死地而後生	u	chengyu		china-idiom+agent	clause-without-syntax-slot	low	accept	conservative syntax review	u|none|low	OK	conservative terminal: no approved syntax evidence
置之腦後	u	chengyu		china-idiom+agent	insufficient-syntax-evidence	low	accept	conservative syntax review	u|none|low	OK	conservative terminal: no approved syntax evidence
置若罔聞	u	chengyu		china-idiom+agent	insufficient-syntax-evidence	low	accept	conservative syntax review	u|none|low	OK	conservative terminal: no approved syntax evidence
罵不絕口	u	chengyu		china-idiom+agent	insufficient-syntax-evidence	low	accept	conservative syntax review	u|none|low	OK	conservative terminal: no approved syntax evidence
羅雀掘鼠	u	chengyu		china-idiom+agent	insufficient-syntax-evidence	low	accept	conservative syntax review	u|none|low	OK	conservative terminal: no approved syntax evidence
羊毛出在羊身上	u	chengyu		china-idiom+agent	clause-without-syntax-slot	low	accept	conservative syntax review	u|none|low	OK	conservative terminal: no approved syntax evidence
羊狠狼貪	u	chengyu		china-idiom+agent	insufficient-syntax-evidence	low	accept	conservative syntax review	u|none|low	OK	conservative terminal: no approved syntax evidence
羌無故實	u	chengyu		china-idiom+agent	insufficient-syntax-evidence	low	accept	conservative syntax review	u|none|low	OK	conservative terminal: no approved syntax evidence
美景良辰	u	chengyu		china-idiom+agent	insufficient-syntax-evidence	low	accept	conservative syntax review	u|none|low	OK	conservative terminal: no approved syntax evidence
美芹之獻	u	chengyu		china-idiom+agent	insufficient-syntax-evidence	low	accept	conservative syntax review	u|none|low	OK	conservative terminal: no approved syntax evidence
羞與為伍	u	chengyu		china-idiom+agent	insufficient-syntax-evidence	low	accept	conservative syntax review	u|none|low	OK	conservative terminal: no approved syntax evidence
羣威羣膽	u	chengyu		china-idiom+agent	insufficient-syntax-evidence	low	accept	conservative syntax review	u|none|low	OK	conservative terminal: no approved syntax evidence
羣策羣力	u	chengyu		china-idiom+agent	insufficient-syntax-evidence	low	accept	conservative syntax review	u|none|low	OK	conservative terminal: no approved syntax evidence
羣起而攻之	u	chengyu		china-idiom+agent	insufficient-syntax-evidence	low	accept	conservative syntax review	u|none|low	OK	conservative terminal: no approved syntax evidence
羣魔亂舞	u	chengyu		china-idiom+agent	insufficient-syntax-evidence	low	accept	conservative syntax review	u|none|low	OK	conservative terminal: no approved syntax evidence
義憤填胸	u	chengyu		china-idiom+agent	insufficient-syntax-evidence	low	accept	conservative syntax review	u|none|low	OK	conservative terminal: no approved syntax evidence
義正辭嚴	u	chengyu		china-idiom+agent	insufficient-syntax-evidence	low	accept	conservative syntax review	u|none|low	OK	conservative terminal: no approved syntax evidence
義無反顧	u	chengyu		china-idiom+agent	insufficient-syntax-evidence	low	accept	conservative syntax review	u|none|low	OK	conservative terminal: no approved syntax evidence
羹藜含糗	u	chengyu		china-idiom+agent	insufficient-syntax-evidence	low	accept	conservative syntax review	u|none|low	OK	conservative terminal: no approved syntax evidence
羹藜唅糗	u	chengyu		china-idiom+agent	insufficient-syntax-evidence	low	accept	conservative syntax review	u|none|low	OK	conservative terminal: no approved syntax evidence
羽毛未豐	u	chengyu		china-idiom+agent	insufficient-syntax-evidence	low	accept	conservative syntax review	u|none|low	OK	conservative terminal: no approved syntax evidence
習以成俗	u	chengyu		china-idiom+agent	insufficient-syntax-evidence	low	accept	conservative syntax review	u|none|low	OK	conservative terminal: no approved syntax evidence
習以為常	u	chengyu		china-idiom+agent	insufficient-syntax-evidence	low	accept	conservative syntax review	u|none|low	OK	conservative terminal: no approved syntax evidence
習俗移性	u	chengyu		china-idiom+agent	insufficient-syntax-evidence	low	accept	conservative syntax review	u|none|low	OK	conservative terminal: no approved syntax evidence
習慣成自然	u	chengyu		china-idiom+agent	insufficient-syntax-evidence	low	accept	conservative syntax review	u|none|low	OK	conservative terminal: no approved syntax evidence
習與性成	u	chengyu		china-idiom+agent	insufficient-syntax-evidence	low	accept	conservative syntax review	u|none|low	OK	conservative terminal: no approved syntax evidence
翹足引領	u	chengyu		china-idiom+agent	insufficient-syntax-evidence	low	accept	conservative syntax review	u|none|low	OK	conservative terminal: no approved syntax evidence
翻來覆去	u	chengyu		china-idiom+agent	insufficient-syntax-evidence	low	accept	conservative syntax review	u|none|low	OK	conservative terminal: no approved syntax evidence
翻天覆地	u	chengyu		china-idiom+agent	insufficient-syntax-evidence	low	accept	conservative syntax review	u|none|low	OK	conservative terminal: no approved syntax evidence
翻空出奇	u	chengyu		china-idiom+agent	insufficient-syntax-evidence	low	accept	conservative syntax review	u|none|low	OK	conservative terminal: no approved syntax evidence
翻雲覆雨	u	chengyu		china-idiom+agent	insufficient-syntax-evidence	low	accept	conservative syntax review	u|none|low	OK	conservative terminal: no approved syntax evidence
耀武揚威	u	chengyu		china-idiom+agent	insufficient-syntax-evidence	low	accept	conservative syntax review	u|none|low	OK	conservative terminal: no approved syntax evidence
老奸巨滑	u	chengyu		china-idiom+agent	insufficient-syntax-evidence	low	accept	conservative syntax review	u|none|low	OK	conservative terminal: no approved syntax evidence
老弱殘兵	u	chengyu		china-idiom+agent	insufficient-syntax-evidence	low	accept	conservative syntax review	u|none|low	OK	conservative terminal: no approved syntax evidence
老態龍鍾	u	chengyu		china-idiom+agent	insufficient-syntax-evidence	low	accept	conservative syntax review	u|none|low	OK	conservative terminal: no approved syntax evidence
老牛破車	u	chengyu		china-idiom+agent	insufficient-syntax-evidence	low	accept	conservative syntax review	u|none|low	OK	conservative terminal: no approved syntax evidence
老牛舐犢	u	chengyu		china-idiom+agent	insufficient-syntax-evidence	low	accept	conservative syntax review	u|none|low	OK	conservative terminal: no approved syntax evidence
老蚌生珠	u	chengyu		china-idiom+agent	insufficient-syntax-evidence	low	accept	conservative syntax review	u|none|low	OK	conservative terminal: no approved syntax evidence
老調重彈	u	chengyu		china-idiom+agent	insufficient-syntax-evidence	low	accept	conservative syntax review	u|none|low	OK	conservative terminal: no approved syntax evidence
老馬戀棧	u	chengyu		china-idiom+agent	insufficient-syntax-evidence	low	accept	conservative syntax review	u|none|low	OK	conservative terminal: no approved syntax evidence
老馬識途	u	chengyu		china-idiom+agent	insufficient-syntax-evidence	low	accept	conservative syntax review	u|none|low	OK	conservative terminal: no approved syntax evidence
老驥伏櫪	u	chengyu		china-idiom+agent	insufficient-syntax-evidence	low	accept	conservative syntax review	u|none|low	OK	conservative terminal: no approved syntax evidence
耍花腔	u	chengyu		china-idiom+agent	insufficient-syntax-evidence	low	accept	conservative syntax review	u|none|low	OK	conservative terminal: no approved syntax evidence
耐人尋味	u	chengyu		china-idiom+agent	insufficient-syntax-evidence	low	accept	conservative syntax review	u|none|low	OK	conservative terminal: no approved syntax evidence
耳提面命	u	chengyu		china-idiom+agent	insufficient-syntax-evidence	low	accept	conservative syntax review	u|none|low	OK	conservative terminal: no approved syntax evidence
耳旁風	u	chengyu		china-idiom+agent	insufficient-syntax-evidence	low	accept	conservative syntax review	u|none|low	OK	conservative terminal: no approved syntax evidence
耳根清淨	u	chengyu		china-idiom+agent	insufficient-syntax-evidence	low	accept	conservative syntax review	u|none|low	OK	conservative terminal: no approved syntax evidence
耳熟能詳	u	chengyu		china-idiom+agent	insufficient-syntax-evidence	low	accept	conservative syntax review	u|none|low	OK	conservative terminal: no approved syntax evidence
耳聞不如目見	u	chengyu		china-idiom+agent	insufficient-syntax-evidence	low	accept	conservative syntax review	u|none|low	OK	conservative terminal: no approved syntax evidence
耳聞目睹	u	chengyu		china-idiom+agent	insufficient-syntax-evidence	low	accept	conservative syntax review	u|none|low	OK	conservative terminal: no approved syntax evidence
耳聰目明	u	chengyu		china-idiom+agent	insufficient-syntax-evidence	low	accept	conservative syntax review	u|none|low	OK	conservative terminal: no approved syntax evidence
耳軟心活	u	chengyu		china-idiom+agent	insufficient-syntax-evidence	low	accept	conservative syntax review	u|none|low	OK	conservative terminal: no approved syntax evidence
聊以卒歲	u	chengyu		china-idiom+agent	insufficient-syntax-evidence	low	accept	conservative syntax review	u|none|low	OK	conservative terminal: no approved syntax evidence
聊以自慰	u	chengyu		china-idiom+agent	insufficient-syntax-evidence	low	accept	conservative syntax review	u|none|low	OK	conservative terminal: no approved syntax evidence
聊備一格	u	chengyu		china-idiom+agent	insufficient-syntax-evidence	low	accept	conservative syntax review	u|none|low	OK	conservative terminal: no approved syntax evidence
聊勝於無	u	chengyu		china-idiom+agent	insufficient-syntax-evidence	low	accept	conservative syntax review	u|none|low	OK	conservative terminal: no approved syntax evidence
聊表寸心	u	chengyu		china-idiom+agent	insufficient-syntax-evidence	low	accept	conservative syntax review	u|none|low	OK	conservative terminal: no approved syntax evidence
聖經賢傳	u	chengyu		china-idiom+agent	insufficient-syntax-evidence	low	accept	conservative syntax review	u|none|low	OK	conservative terminal: no approved syntax evidence
聚沙成塔	u	chengyu		china-idiom+agent	insufficient-syntax-evidence	low	accept	conservative syntax review	u|none|low	OK	conservative terminal: no approved syntax evidence
聚精會神	u	chengyu		china-idiom+agent	insufficient-syntax-evidence	low	accept	conservative syntax review	u|none|low	OK	conservative terminal: no approved syntax evidence
聞一知十	u	chengyu		china-idiom+agent	insufficient-syntax-evidence	low	accept	conservative syntax review	u|none|low	OK	conservative terminal: no approved syntax evidence
聞名不如見面	u	chengyu		china-idiom+agent	insufficient-syntax-evidence	low	accept	conservative syntax review	u|none|low	OK	conservative terminal: no approved syntax evidence
聞過則喜	u	chengyu		china-idiom+agent	insufficient-syntax-evidence	low	accept	conservative syntax review	u|none|low	OK	conservative terminal: no approved syntax evidence
聞雞起舞	u	chengyu		china-idiom+agent	insufficient-syntax-evidence	low	accept	conservative syntax review	u|none|low	OK	conservative terminal: no approved syntax evidence
聞風喪膽	u	chengyu		china-idiom+agent	insufficient-syntax-evidence	low	accept	conservative syntax review	u|none|low	OK	conservative terminal: no approved syntax evidence
聰明伶俐	u	chengyu		china-idiom+agent	insufficient-syntax-evidence	low	accept	conservative syntax review	u|none|low	OK	conservative terminal: no approved syntax evidence
聰明反被聰明誤	u	chengyu		china-idiom+agent	insufficient-syntax-evidence	low	accept	conservative syntax review	u|none|low	OK	conservative terminal: no approved syntax evidence
聰明才智	u	chengyu		china-idiom+agent	insufficient-syntax-evidence	low	accept	conservative syntax review	u|none|low	OK	conservative terminal: no approved syntax evidence
聲勢浩大	u	chengyu		china-idiom+agent	insufficient-syntax-evidence	low	accept	conservative syntax review	u|none|low	OK	conservative terminal: no approved syntax evidence
聲嘶力竭	u	chengyu		china-idiom+agent	insufficient-syntax-evidence	low	accept	conservative syntax review	u|none|low	OK	conservative terminal: no approved syntax evidence
聲東擊西	u	chengyu		china-idiom+agent	insufficient-syntax-evidence	low	accept	conservative syntax review	u|none|low	OK	conservative terminal: no approved syntax evidence
聲淚俱下	u	chengyu		china-idiom+agent	insufficient-syntax-evidence	low	accept	conservative syntax review	u|none|low	OK	conservative terminal: no approved syntax evidence
聲色犬馬	u	chengyu		china-idiom+agent	insufficient-syntax-evidence	low	accept	conservative syntax review	u|none|low	OK	conservative terminal: no approved syntax evidence
聲音笑貌	u	chengyu		china-idiom+agent	insufficient-syntax-evidence	low	accept	conservative syntax review	u|none|low	OK	conservative terminal: no approved syntax evidence
聳人聽聞	u	chengyu		china-idiom+agent	insufficient-syntax-evidence	low	accept	conservative syntax review	u|none|low	OK	conservative terminal: no approved syntax evidence
聳入雲霄	u	chengyu		china-idiom+agent	insufficient-syntax-evidence	low	accept	conservative syntax review	u|none|low	OK	conservative terminal: no approved syntax evidence
聽之任之	u	chengyu		china-idiom+agent	insufficient-syntax-evidence	low	accept	conservative syntax review	u|none|low	OK	conservative terminal: no approved syntax evidence
聽其自然	u	chengyu		china-idiom+agent	insufficient-syntax-evidence	low	accept	conservative syntax review	u|none|low	OK	conservative terminal: no approved syntax evidence
聽而不聞	u	chengyu		china-idiom+agent	insufficient-syntax-evidence	low	accept	conservative syntax review	u|none|low	OK	conservative terminal: no approved syntax evidence
聽見風就是雨	u	chengyu		china-idiom+agent	insufficient-syntax-evidence	low	accept	conservative syntax review	u|none|low	OK	conservative terminal: no approved syntax evidence
肆無忌憚	u	chengyu		china-idiom+agent	insufficient-syntax-evidence	low	accept	conservative syntax review	u|none|low	OK	conservative terminal: no approved syntax evidence
肉眼凡胎	u	chengyu		china-idiom+agent	insufficient-syntax-evidence	low	accept	conservative syntax review	u|none|low	OK	conservative terminal: no approved syntax evidence
肝膽相照	u	chengyu		china-idiom+agent	insufficient-syntax-evidence	low	accept	conservative syntax review	u|none|low	OK	conservative terminal: no approved syntax evidence
背水一戰	u	chengyu		china-idiom+agent	insufficient-syntax-evidence	low	accept	conservative syntax review	u|none|low	OK	conservative terminal: no approved syntax evidence
背道而馳	u	chengyu		china-idiom+agent	insufficient-syntax-evidence	low	accept	conservative syntax review	u|none|low	OK	conservative terminal: no approved syntax evidence
胡天胡帝	u	chengyu		china-idiom+agent	insufficient-syntax-evidence	low	accept	conservative syntax review	u|none|low	OK	conservative terminal: no approved syntax evidence
胡思亂想	u	chengyu		china-idiom+agent	insufficient-syntax-evidence	low	accept	conservative syntax review	u|none|low	OK	conservative terminal: no approved syntax evidence
胡攪蠻纏	u	chengyu		china-idiom+agent	insufficient-syntax-evidence	low	accept	conservative syntax review	u|none|low	OK	conservative terminal: no approved syntax evidence
胡謅亂扯	u	chengyu		china-idiom+agent	insufficient-syntax-evidence	low	accept	conservative syntax review	u|none|low	OK	conservative terminal: no approved syntax evidence
胡謅亂説	u	chengyu		china-idiom+agent	insufficient-syntax-evidence	low	accept	conservative syntax review	u|none|low	OK	conservative terminal: no approved syntax evidence
胡里胡塗	u	chengyu		china-idiom+agent	insufficient-syntax-evidence	low	accept	conservative syntax review	u|none|low	OK	conservative terminal: no approved syntax evidence
胸有丘壑	u	chengyu		china-idiom+agent	insufficient-syntax-evidence	low	accept	conservative syntax review	u|none|low	OK	conservative terminal: no approved syntax evidence
胸有成略	u	chengyu		china-idiom+agent	insufficient-syntax-evidence	low	accept	conservative syntax review	u|none|low	OK	conservative terminal: no approved syntax evidence
胸有成竹	u	chengyu		china-idiom+agent	insufficient-syntax-evidence	low	accept	conservative syntax review	u|none|low	OK	conservative terminal: no approved syntax evidence
胸有成算	u	chengyu		china-idiom+agent	insufficient-syntax-evidence	low	accept	conservative syntax review	u|none|low	OK	conservative terminal: no approved syntax evidence
胸無宿物	u	chengyu		china-idiom+agent	insufficient-syntax-evidence	low	accept	conservative syntax review	u|none|low	OK	conservative terminal: no approved syntax evidence
胸無點墨	u	chengyu		china-idiom+agent	insufficient-syntax-evidence	low	accept	conservative syntax review	u|none|low	OK	conservative terminal: no approved syntax evidence
能伸能屈	u	chengyu		china-idiom+agent	insufficient-syntax-evidence	low	accept	conservative syntax review	u|none|low	OK	conservative terminal: no approved syntax evidence
能言快語	u	chengyu		china-idiom+agent	insufficient-syntax-evidence	low	accept	conservative syntax review	u|none|low	OK	conservative terminal: no approved syntax evidence
能説會道	u	chengyu		china-idiom+agent	insufficient-syntax-evidence	low	accept	conservative syntax review	u|none|low	OK	conservative terminal: no approved syntax evidence
脅肩諂笑	u	chengyu		china-idiom+agent	insufficient-syntax-evidence	low	accept	conservative syntax review	u|none|low	OK	conservative terminal: no approved syntax evidence
脱穎而出	u	chengyu		china-idiom+agent	insufficient-syntax-evidence	low	accept	conservative syntax review	u|none|low	OK	conservative terminal: no approved syntax evidence
脱胎換骨	u	chengyu		china-idiom+agent	insufficient-syntax-evidence	low	accept	conservative syntax review	u|none|low	OK	conservative terminal: no approved syntax evidence
腰金衣紫	u	chengyu		china-idiom+agent	insufficient-syntax-evidence	low	accept	conservative syntax review	u|none|low	OK	conservative terminal: no approved syntax evidence
腳不沾地	u	chengyu		china-idiom+agent	insufficient-syntax-evidence	low	accept	conservative syntax review	u|none|low	OK	conservative terminal: no approved syntax evidence
腸肥腦滿	u	chengyu		china-idiom+agent	insufficient-syntax-evidence	low	accept	conservative syntax review	u|none|low	OK	conservative terminal: no approved syntax evidence
膚皮潦草	u	chengyu		china-idiom+agent	insufficient-syntax-evidence	low	accept	conservative syntax review	u|none|low	OK	conservative terminal: no approved syntax evidence
膠柱鼓瑟	u	chengyu		china-idiom+agent	insufficient-syntax-evidence	low	accept	conservative syntax review	u|none|low	OK	conservative terminal: no approved syntax evidence
膽大包天	u	chengyu		china-idiom+agent	insufficient-syntax-evidence	low	accept	conservative syntax review	u|none|low	OK	conservative terminal: no approved syntax evidence
膽大妄為	u	chengyu		china-idiom+agent	insufficient-syntax-evidence	low	accept	conservative syntax review	u|none|low	OK	conservative terminal: no approved syntax evidence
膽戰心寒	u	chengyu		china-idiom+agent	insufficient-syntax-evidence	low	accept	conservative syntax review	u|none|low	OK	conservative terminal: no approved syntax evidence
膽戰心驚	u	chengyu		china-idiom+agent	insufficient-syntax-evidence	low	accept	conservative syntax review	u|none|low	OK	conservative terminal: no approved syntax evidence
膾炙人口	u	chengyu		china-idiom+agent	insufficient-syntax-evidence	low	accept	conservative syntax review	u|none|low	OK	conservative terminal: no approved syntax evidence
臉紅筋漲	u	chengyu		china-idiom+agent	insufficient-syntax-evidence	low	accept	conservative syntax review	u|none|low	OK	conservative terminal: no approved syntax evidence
臉紅耳赤	u	chengyu		china-idiom+agent	insufficient-syntax-evidence	low	accept	conservative syntax review	u|none|low	OK	conservative terminal: no approved syntax evidence
臨崖勒馬	u	chengyu		china-idiom+agent	insufficient-syntax-evidence	low	accept	conservative syntax review	u|none|low	OK	conservative terminal: no approved syntax evidence
臨川羨魚	u	chengyu		china-idiom+agent	insufficient-syntax-evidence	low	accept	conservative syntax review	u|none|low	OK	conservative terminal: no approved syntax evidence
臨時抱佛腳	u	chengyu		china-idiom+agent	insufficient-syntax-evidence	low	accept	conservative syntax review	u|none|low	OK	conservative terminal: no approved syntax evidence
臨河羨魚	u	chengyu		china-idiom+agent	insufficient-syntax-evidence	low	accept	conservative syntax review	u|none|low	OK	conservative terminal: no approved syntax evidence
臨深履薄	u	chengyu		china-idiom+agent	insufficient-syntax-evidence	low	accept	conservative syntax review	u|none|low	OK	conservative terminal: no approved syntax evidence
臨渴掘井	u	chengyu		china-idiom+agent	insufficient-syntax-evidence	low	accept	conservative syntax review	u|none|low	OK	conservative terminal: no approved syntax evidence
臨渴穿井	u	chengyu		china-idiom+agent	insufficient-syntax-evidence	low	accept	conservative syntax review	u|none|low	OK	conservative terminal: no approved syntax evidence
臨陣磨槍	u	chengyu		china-idiom+agent	insufficient-syntax-evidence	low	accept	conservative syntax review	u|none|low	OK	conservative terminal: no approved syntax evidence
自作自受	u	chengyu		china-idiom+agent	insufficient-syntax-evidence	low	accept	conservative syntax review	u|none|low	OK	conservative terminal: no approved syntax evidence
自取其咎	u	chengyu		china-idiom+agent	insufficient-syntax-evidence	low	accept	conservative syntax review	u|none|low	OK	conservative terminal: no approved syntax evidence
自吹自擂	u	chengyu		china-idiom+agent	insufficient-syntax-evidence	low	accept	conservative syntax review	u|none|low	OK	conservative terminal: no approved syntax evidence
自告奮勇	u	chengyu		china-idiom+agent	insufficient-syntax-evidence	low	accept	conservative syntax review	u|none|low	OK	conservative terminal: no approved syntax evidence
自圓其説	u	chengyu		china-idiom+agent	insufficient-syntax-evidence	low	accept	conservative syntax review	u|none|low	OK	conservative terminal: no approved syntax evidence
自強不息	u	chengyu		china-idiom+agent	insufficient-syntax-evidence	low	accept	conservative syntax review	u|none|low	OK	conservative terminal: no approved syntax evidence
自怨自艾	u	chengyu		china-idiom+agent	insufficient-syntax-evidence	low	accept	conservative syntax review	u|none|low	OK	conservative terminal: no approved syntax evidence
自我吹噓	u	chengyu		china-idiom+agent	insufficient-syntax-evidence	low	accept	conservative syntax review	u|none|low	OK	conservative terminal: no approved syntax evidence
自投羅網	u	chengyu		china-idiom+agent	insufficient-syntax-evidence	low	accept	conservative syntax review	u|none|low	OK	conservative terminal: no approved syntax evidence
自相魚肉	u	chengyu		china-idiom+agent	insufficient-syntax-evidence	low	accept	conservative syntax review	u|none|low	OK	conservative terminal: no approved syntax evidence
自立門户	u	chengyu		china-idiom+agent	insufficient-syntax-evidence	low	accept	conservative syntax review	u|none|low	OK	conservative terminal: no approved syntax evidence
自給自足	u	chengyu		china-idiom+agent	insufficient-syntax-evidence	low	accept	conservative syntax review	u|none|low	OK	conservative terminal: no approved syntax evidence
自貽伊戚	u	chengyu		china-idiom+agent	insufficient-syntax-evidence	low	accept	conservative syntax review	u|none|low	OK	conservative terminal: no approved syntax evidence
自身難保	u	chengyu		china-idiom+agent	insufficient-syntax-evidence	low	accept	conservative syntax review	u|none|low	OK	conservative terminal: no approved syntax evidence
自鄶以下	u	chengyu		china-idiom+agent	insufficient-syntax-evidence	low	accept	conservative syntax review	u|none|low	OK	conservative terminal: no approved syntax evidence
自顧不暇	u	chengyu		china-idiom+agent	insufficient-syntax-evidence	low	accept	conservative syntax review	u|none|low	OK	conservative terminal: no approved syntax evidence
自食其力	u	chengyu		china-idiom+agent	insufficient-syntax-evidence	low	accept	conservative syntax review	u|none|low	OK	conservative terminal: no approved syntax evidence
自高自大	u	chengyu		china-idiom+agent	insufficient-syntax-evidence	low	accept	conservative syntax review	u|none|low	OK	conservative terminal: no approved syntax evidence
自鳴得意	u	chengyu		china-idiom+agent	insufficient-syntax-evidence	low	accept	conservative syntax review	u|none|low	OK	conservative terminal: no approved syntax evidence
臭名遠揚	u	chengyu		china-idiom+agent	insufficient-syntax-evidence	low	accept	conservative syntax review	u|none|low	OK	conservative terminal: no approved syntax evidence
臭味相投	u	chengyu		china-idiom+agent	insufficient-syntax-evidence	low	accept	conservative syntax review	u|none|low	OK	conservative terminal: no approved syntax evidence
至死不悟	u	chengyu		china-idiom+agent	insufficient-syntax-evidence	low	accept	conservative syntax review	u|none|low	OK	conservative terminal: no approved syntax evidence
至高無上	u	chengyu		china-idiom+agent	insufficient-syntax-evidence	low	accept	conservative syntax review	u|none|low	OK	conservative terminal: no approved syntax evidence
與世俯仰	u	chengyu		china-idiom+agent	insufficient-syntax-evidence	low	accept	conservative syntax review	u|none|low	OK	conservative terminal: no approved syntax evidence
與人為善	u	chengyu		china-idiom+agent	insufficient-syntax-evidence	low	accept	conservative syntax review	u|none|low	OK	conservative terminal: no approved syntax evidence
與日俱增	u	chengyu		china-idiom+agent	insufficient-syntax-evidence	low	accept	conservative syntax review	u|none|low	OK	conservative terminal: no approved syntax evidence
與時消息	u	chengyu		china-idiom+agent	insufficient-syntax-evidence	low	accept	conservative syntax review	u|none|low	OK	conservative terminal: no approved syntax evidence
與虎謀皮	u	chengyu		china-idiom+agent	insufficient-syntax-evidence	low	accept	conservative syntax review	u|none|low	OK	conservative terminal: no approved syntax evidence
興利除弊	u	chengyu		china-idiom+agent	insufficient-syntax-evidence	low	accept	conservative syntax review	u|none|low	OK	conservative terminal: no approved syntax evidence
興妖作怪	u	chengyu		china-idiom+agent	insufficient-syntax-evidence	low	accept	conservative syntax review	u|none|low	OK	conservative terminal: no approved syntax evidence
興師動眾	u	chengyu		china-idiom+agent	insufficient-syntax-evidence	low	accept	conservative syntax review	u|none|low	OK	conservative terminal: no approved syntax evidence
興師問罪	u	chengyu		china-idiom+agent	insufficient-syntax-evidence	low	accept	conservative syntax review	u|none|low	OK	conservative terminal: no approved syntax evidence
興滅繼絕	u	chengyu		china-idiom+agent	insufficient-syntax-evidence	low	accept	conservative syntax review	u|none|low	OK	conservative terminal: no approved syntax evidence
興風作浪	u	chengyu		china-idiom+agent	insufficient-syntax-evidence	low	accept	conservative syntax review	u|none|low	OK	conservative terminal: no approved syntax evidence
舉不勝舉	u	chengyu		china-idiom+agent	insufficient-syntax-evidence	low	accept	conservative syntax review	u|none|low	OK	conservative terminal: no approved syntax evidence
舉世無雙	u	chengyu		china-idiom+agent	insufficient-syntax-evidence	low	accept	conservative syntax review	u|none|low	OK	conservative terminal: no approved syntax evidence
舉世矚目	u	chengyu		china-idiom+agent	insufficient-syntax-evidence	low	accept	conservative syntax review	u|none|low	OK	conservative terminal: no approved syntax evidence
舉世聞名	u	chengyu		china-idiom+agent	insufficient-syntax-evidence	low	accept	conservative syntax review	u|none|low	OK	conservative terminal: no approved syntax evidence
舉手之勞	u	chengyu		china-idiom+agent	insufficient-syntax-evidence	low	accept	conservative syntax review	u|none|low	OK	conservative terminal: no approved syntax evidence
舉手投足	u	chengyu		china-idiom+agent	insufficient-syntax-evidence	low	accept	conservative syntax review	u|none|low	OK	conservative terminal: no approved syntax evidence
舊愁新恨	u	chengyu		china-idiom+agent	insufficient-syntax-evidence	low	accept	conservative syntax review	u|none|low	OK	conservative terminal: no approved syntax evidence
舊瓶裝新酒	u	chengyu		china-idiom+agent	insufficient-syntax-evidence	low	accept	conservative syntax review	u|none|low	OK	conservative terminal: no approved syntax evidence
舊調重彈	u	chengyu		china-idiom+agent	insufficient-syntax-evidence	low	accept	conservative syntax review	u|none|low	OK	conservative terminal: no approved syntax evidence
舐犢之愛	u	chengyu		china-idiom+agent	insufficient-syntax-evidence	low	accept	conservative syntax review	u|none|low	OK	conservative terminal: no approved syntax evidence
舒眉展眼	u	chengyu		china-idiom+agent	insufficient-syntax-evidence	low	accept	conservative syntax review	u|none|low	OK	conservative terminal: no approved syntax evidence
舜日堯天	u	chengyu		china-idiom+agent	insufficient-syntax-evidence	low	accept	conservative syntax review	u|none|low	OK	conservative terminal: no approved syntax evidence
舜日堯年	u	chengyu		china-idiom+agent	insufficient-syntax-evidence	low	accept	conservative syntax review	u|none|low	OK	conservative terminal: no approved syntax evidence
良宵美景	u	chengyu		china-idiom+agent	insufficient-syntax-evidence	low	accept	conservative syntax review	u|none|low	OK	conservative terminal: no approved syntax evidence
良工心苦	u	chengyu		china-idiom+agent	insufficient-syntax-evidence	low	accept	conservative syntax review	u|none|low	OK	conservative terminal: no approved syntax evidence
良知良能	u	chengyu		china-idiom+agent	insufficient-syntax-evidence	low	accept	conservative syntax review	u|none|low	OK	conservative terminal: no approved syntax evidence
良賈深藏	u	chengyu		china-idiom+agent	insufficient-syntax-evidence	low	accept	conservative syntax review	u|none|low	OK	conservative terminal: no approved syntax evidence
艱深晦澀	u	chengyu		china-idiom+agent	insufficient-syntax-evidence	low	accept	conservative syntax review	u|none|low	OK	conservative terminal: no approved syntax evidence
艱苦卓絕	u	chengyu		china-idiom+agent	insufficient-syntax-evidence	low	accept	conservative syntax review	u|none|low	OK	conservative terminal: no approved syntax evidence
艱苦樸素	u	chengyu		china-idiom+agent	insufficient-syntax-evidence	low	accept	conservative syntax review	u|none|low	OK	conservative terminal: no approved syntax evidence
色膽如天	u	chengyu		china-idiom+agent	insufficient-syntax-evidence	low	accept	conservative syntax review	u|none|low	OK	conservative terminal: no approved syntax evidence
色色俱全	u	chengyu		china-idiom+agent	insufficient-syntax-evidence	low	accept	conservative syntax review	u|none|low	OK	conservative terminal: no approved syntax evidence
芒刺在背	u	chengyu		china-idiom+agent	insufficient-syntax-evidence	low	accept	conservative syntax review	u|none|low	OK	conservative terminal: no approved syntax evidence
芝蘭之室	u	chengyu		china-idiom+agent	insufficient-syntax-evidence	low	accept	conservative syntax review	u|none|low	OK	conservative terminal: no approved syntax evidence
芝蘭玉樹	u	chengyu		china-idiom+agent	insufficient-syntax-evidence	low	accept	conservative syntax review	u|none|low	OK	conservative terminal: no approved syntax evidence
花天酒地	u	chengyu		china-idiom+agent	insufficient-syntax-evidence	low	accept	conservative syntax review	u|none|low	OK	conservative terminal: no approved syntax evidence
花枝招展	u	chengyu		china-idiom+agent	insufficient-syntax-evidence	low	accept	conservative syntax review	u|none|low	OK	conservative terminal: no approved syntax evidence
花花公子	u	chengyu		china-idiom+agent	insufficient-syntax-evidence	low	accept	conservative syntax review	u|none|low	OK	conservative terminal: no approved syntax evidence
花花太歲	u	chengyu		china-idiom+agent	insufficient-syntax-evidence	low	accept	conservative syntax review	u|none|low	OK	conservative terminal: no approved syntax evidence
花言巧語	u	chengyu		china-idiom+agent	insufficient-syntax-evidence	low	accept	conservative syntax review	u|none|low	OK	conservative terminal: no approved syntax evidence
花説柳説	u	chengyu		china-idiom+agent	insufficient-syntax-evidence	low	accept	conservative syntax review	u|none|low	OK	conservative terminal: no approved syntax evidence
花遮柳掩	u	chengyu		china-idiom+agent	insufficient-syntax-evidence	low	accept	conservative syntax review	u|none|low	OK	conservative terminal: no approved syntax evidence
芸芸眾生	u	chengyu		china-idiom+agent	insufficient-syntax-evidence	low	accept	conservative syntax review	u|none|low	OK	conservative terminal: no approved syntax evidence
苗而不秀	u	chengyu		china-idiom+agent	insufficient-syntax-evidence	low	accept	conservative syntax review	u|none|low	OK	conservative terminal: no approved syntax evidence
苛政猛於虎	u	chengyu		china-idiom+agent	insufficient-syntax-evidence	low	accept	conservative syntax review	u|none|low	OK	conservative terminal: no approved syntax evidence
苟且偷安	u	chengyu		china-idiom+agent	insufficient-syntax-evidence	low	accept	conservative syntax review	u|none|low	OK	conservative terminal: no approved syntax evidence
苟且偷生	u	chengyu		china-idiom+agent	insufficient-syntax-evidence	low	accept	conservative syntax review	u|none|low	OK	conservative terminal: no approved syntax evidence
苟合取容	u	chengyu		china-idiom+agent	insufficient-syntax-evidence	low	accept	conservative syntax review	u|none|low	OK	conservative terminal: no approved syntax evidence
苟安一隅	u	chengyu		china-idiom+agent	insufficient-syntax-evidence	low	accept	conservative syntax review	u|none|low	OK	conservative terminal: no approved syntax evidence
苟延殘喘	u	chengyu		china-idiom+agent	insufficient-syntax-evidence	low	accept	conservative syntax review	u|none|low	OK	conservative terminal: no approved syntax evidence
若有所亡	u	chengyu		china-idiom+agent	insufficient-syntax-evidence	low	accept	conservative syntax review	u|none|low	OK	conservative terminal: no approved syntax evidence
若有所喪	u	chengyu		china-idiom+agent	insufficient-syntax-evidence	low	accept	conservative syntax review	u|none|low	OK	conservative terminal: no approved syntax evidence
苦口婆心	u	chengyu		china-idiom+agent	insufficient-syntax-evidence	low	accept	conservative syntax review	u|none|low	OK	conservative terminal: no approved syntax evidence
苦大仇深	u	chengyu		china-idiom+agent	insufficient-syntax-evidence	low	accept	conservative syntax review	u|none|low	OK	conservative terminal: no approved syntax evidence
苦海茫茫	u	chengyu		china-idiom+agent	insufficient-syntax-evidence	low	accept	conservative syntax review	u|none|low	OK	conservative terminal: no approved syntax evidence
苦盡甘來	u	chengyu		china-idiom+agent	insufficient-syntax-evidence	low	accept	conservative syntax review	u|none|low	OK	conservative terminal: no approved syntax evidence
英姿颯爽	u	chengyu		china-idiom+agent	insufficient-syntax-evidence	low	accept	conservative syntax review	u|none|low	OK	conservative terminal: no approved syntax evidence
英雄所見略同	u	chengyu		china-idiom+agent	insufficient-syntax-evidence	low	accept	conservative syntax review	u|none|low	OK	conservative terminal: no approved syntax evidence
英雄無用武之地	u	chengyu		china-idiom+agent	insufficient-syntax-evidence	low	accept	conservative syntax review	u|none|low	OK	conservative terminal: no approved syntax evidence
英雄輩出	u	chengyu		china-idiom+agent	insufficient-syntax-evidence	low	accept	conservative syntax review	u|none|low	OK	conservative terminal: no approved syntax evidence
茅塞頓開	u	chengyu		china-idiom+agent	insufficient-syntax-evidence	low	accept	conservative syntax review	u|none|low	OK	conservative terminal: no approved syntax evidence
茫無頭緒	u	chengyu		china-idiom+agent	insufficient-syntax-evidence	low	accept	conservative syntax review	u|none|low	OK	conservative terminal: no approved syntax evidence
茲事體大	u	chengyu		china-idiom+agent	insufficient-syntax-evidence	low	accept	conservative syntax review	u|none|low	OK	conservative terminal: no approved syntax evidence
茶餘飯飽	u	chengyu		china-idiom+agent	insufficient-syntax-evidence	low	accept	conservative syntax review	u|none|low	OK	conservative terminal: no approved syntax evidence
茹古涵今	u	chengyu		china-idiom+agent	insufficient-syntax-evidence	low	accept	conservative syntax review	u|none|low	OK	conservative terminal: no approved syntax evidence
茹苦含辛	u	chengyu		china-idiom+agent	insufficient-syntax-evidence	low	accept	conservative syntax review	u|none|low	OK	conservative terminal: no approved syntax evidence
草率收兵	u	chengyu		china-idiom+agent	insufficient-syntax-evidence	low	accept	conservative syntax review	u|none|low	OK	conservative terminal: no approved syntax evidence
荊棘滿途	u	chengyu		china-idiom+agent	insufficient-syntax-evidence	low	accept	conservative syntax review	u|none|low	OK	conservative terminal: no approved syntax evidence
荊榛滿目	u	chengyu		china-idiom+agent	insufficient-syntax-evidence	low	accept	conservative syntax review	u|none|low	OK	conservative terminal: no approved syntax evidence
荒唐無稽	u	chengyu		china-idiom+agent	insufficient-syntax-evidence	low	accept	conservative syntax review	u|none|low	OK	conservative terminal: no approved syntax evidence
荒無人煙	u	chengyu		china-idiom+agent	insufficient-syntax-evidence	low	accept	conservative syntax review	u|none|low	OK	conservative terminal: no approved syntax evidence
荒誕不經	u	chengyu		china-idiom+agent	insufficient-syntax-evidence	low	accept	conservative syntax review	u|none|low	OK	conservative terminal: no approved syntax evidence
荒誕無稽	u	chengyu		china-idiom+agent	insufficient-syntax-evidence	low	accept	conservative syntax review	u|none|low	OK	conservative terminal: no approved syntax evidence
荼毒生靈	u	chengyu		china-idiom+agent	insufficient-syntax-evidence	low	accept	conservative syntax review	u|none|low	OK	conservative terminal: no approved syntax evidence
莊周夢蝶	u	chengyu		china-idiom+agent	insufficient-syntax-evidence	low	accept	conservative syntax review	u|none|low	OK	conservative terminal: no approved syntax evidence
莫明其妙	u	chengyu		china-idiom+agent	insufficient-syntax-evidence	low	accept	conservative syntax review	u|none|low	OK	conservative terminal: no approved syntax evidence
莫須有	u	chengyu		china-idiom+agent	insufficient-syntax-evidence	low	accept	conservative syntax review	u|none|low	OK	conservative terminal: no approved syntax evidence
萍水相逢	u	chengyu		china-idiom+agent	insufficient-syntax-evidence	low	accept	conservative syntax review	u|none|low	OK	conservative terminal: no approved syntax evidence
萬丈高樓平地起	u	chengyu		china-idiom+agent	insufficient-syntax-evidence	low	accept	conservative syntax review	u|none|low	OK	conservative terminal: no approved syntax evidence
萬不得已	u	chengyu		china-idiom+agent	insufficient-syntax-evidence	low	accept	conservative syntax review	u|none|low	OK	conservative terminal: no approved syntax evidence
萬事亨通	u	chengyu		china-idiom+agent	insufficient-syntax-evidence	low	accept	conservative syntax review	u|none|low	OK	conservative terminal: no approved syntax evidence
萬事大吉	u	chengyu		china-idiom+agent	insufficient-syntax-evidence	low	accept	conservative syntax review	u|none|low	OK	conservative terminal: no approved syntax evidence
萬人之敵	u	chengyu		china-idiom+agent	insufficient-syntax-evidence	low	accept	conservative syntax review	u|none|low	OK	conservative terminal: no approved syntax evidence
萬人空巷	u	chengyu		china-idiom+agent	insufficient-syntax-evidence	low	accept	conservative syntax review	u|none|low	OK	conservative terminal: no approved syntax evidence
萬代千秋	u	chengyu		china-idiom+agent	insufficient-syntax-evidence	low	accept	conservative syntax review	u|none|low	OK	conservative terminal: no approved syntax evidence
萬古千秋	u	chengyu		china-idiom+agent	insufficient-syntax-evidence	low	accept	conservative syntax review	u|none|low	OK	conservative terminal: no approved syntax evidence
萬古長青	u	chengyu		china-idiom+agent	insufficient-syntax-evidence	low	accept	conservative syntax review	u|none|low	OK	conservative terminal: no approved syntax evidence
萬壽無疆	u	chengyu		china-idiom+agent	insufficient-syntax-evidence	low	accept	conservative syntax review	u|none|low	OK	conservative terminal: no approved syntax evidence
萬家生佛	u	chengyu		china-idiom+agent	insufficient-syntax-evidence	low	accept	conservative syntax review	u|none|low	OK	conservative terminal: no approved syntax evidence
萬念俱灰	u	chengyu		china-idiom+agent	insufficient-syntax-evidence	low	accept	conservative syntax review	u|none|low	OK	conservative terminal: no approved syntax evidence
萬應靈丹	u	chengyu		china-idiom+agent	insufficient-syntax-evidence	low	accept	conservative syntax review	u|none|low	OK	conservative terminal: no approved syntax evidence
萬死不辭	u	chengyu		china-idiom+agent	insufficient-syntax-evidence	low	accept	conservative syntax review	u|none|low	OK	conservative terminal: no approved syntax evidence
萬無一失	u	chengyu		china-idiom+agent	insufficient-syntax-evidence	low	accept	conservative syntax review	u|none|low	OK	conservative terminal: no approved syntax evidence
萬目睽睽	u	chengyu		china-idiom+agent	insufficient-syntax-evidence	low	accept	conservative syntax review	u|none|low	OK	conservative terminal: no approved syntax evidence
萬眾一心	u	chengyu		china-idiom+agent	insufficient-syntax-evidence	low	accept	conservative syntax review	u|none|low	OK	conservative terminal: no approved syntax evidence
萬籟俱寂	u	chengyu		china-idiom+agent	insufficient-syntax-evidence	low	accept	conservative syntax review	u|none|low	OK	conservative terminal: no approved syntax evidence
萬籟無聲	u	chengyu		china-idiom+agent	insufficient-syntax-evidence	low	accept	conservative syntax review	u|none|low	OK	conservative terminal: no approved syntax evidence
萬紫千紅	u	chengyu		china-idiom+agent	insufficient-syntax-evidence	low	accept	conservative syntax review	u|none|low	OK	conservative terminal: no approved syntax evidence
萬變不離其宗	u	chengyu		china-idiom+agent	insufficient-syntax-evidence	low	accept	conservative syntax review	u|none|low	OK	conservative terminal: no approved syntax evidence
萬象更新	u	chengyu		china-idiom+agent	insufficient-syntax-evidence	low	accept	conservative syntax review	u|none|low	OK	conservative terminal: no approved syntax evidence
萬里長城	u	chengyu		china-idiom+agent	insufficient-syntax-evidence	low	accept	conservative syntax review	u|none|low	OK	conservative terminal: no approved syntax evidence
萬頭攢動	u	chengyu		china-idiom+agent	insufficient-syntax-evidence	low	accept	conservative syntax review	u|none|low	OK	conservative terminal: no approved syntax evidence
萬馬奔騰	u	chengyu		china-idiom+agent	insufficient-syntax-evidence	low	accept	conservative syntax review	u|none|low	OK	conservative terminal: no approved syntax evidence
落草為寇	u	chengyu		china-idiom+agent	insufficient-syntax-evidence	low	accept	conservative syntax review	u|none|low	OK	conservative terminal: no approved syntax evidence
落落難合	u	chengyu		china-idiom+agent	insufficient-syntax-evidence	low	accept	conservative syntax review	u|none|low	OK	conservative terminal: no approved syntax evidence
葉公好龍	u	chengyu		china-idiom+agent	insufficient-syntax-evidence	low	accept	conservative syntax review	u|none|low	OK	conservative terminal: no approved syntax evidence
蒸蒸日上	u	chengyu		china-idiom+agent	insufficient-syntax-evidence	low	accept	conservative syntax review	u|none|low	OK	conservative terminal: no approved syntax evidence
蒼生塗炭	u	chengyu		china-idiom+agent	insufficient-syntax-evidence	low	accept	conservative syntax review	u|none|low	OK	conservative terminal: no approved syntax evidence
蓋世無雙	u	chengyu		china-idiom+agent	insufficient-syntax-evidence	low	accept	conservative syntax review	u|none|low	OK	conservative terminal: no approved syntax evidence
蓬門篳户	u	chengyu		china-idiom+agent	insufficient-syntax-evidence	low	accept	conservative syntax review	u|none|low	OK	conservative terminal: no approved syntax evidence
蓬門蓽户	u	chengyu		china-idiom+agent	insufficient-syntax-evidence	low	accept	conservative syntax review	u|none|low	OK	conservative terminal: no approved syntax evidence
蓬頭垢面	u	chengyu		china-idiom+agent	insufficient-syntax-evidence	low	accept	conservative syntax review	u|none|low	OK	conservative terminal: no approved syntax evidence
蓬首垢面	u	chengyu		china-idiom+agent	insufficient-syntax-evidence	low	accept	conservative syntax review	u|none|low	OK	conservative terminal: no approved syntax evidence
蓽門圭竇	u	chengyu		china-idiom+agent	insufficient-syntax-evidence	low	accept	conservative syntax review	u|none|low	OK	conservative terminal: no approved syntax evidence
蕭規曹隨	u	chengyu		china-idiom+agent	insufficient-syntax-evidence	low	accept	conservative syntax review	u|none|low	OK	conservative terminal: no approved syntax evidence
薄物細故	u	chengyu		china-idiom+agent	insufficient-syntax-evidence	low	accept	conservative syntax review	u|none|low	OK	conservative terminal: no approved syntax evidence
藍田生玉	u	chengyu		china-idiom+agent	insufficient-syntax-evidence	low	accept	conservative syntax review	u|none|low	OK	conservative terminal: no approved syntax evidence
藕斷絲連	u	chengyu		china-idiom+agent	insufficient-syntax-evidence	low	accept	conservative syntax review	u|none|low	OK	conservative terminal: no approved syntax evidence
藹然可親	u	chengyu		china-idiom+agent	insufficient-syntax-evidence	low	accept	conservative syntax review	u|none|low	OK	conservative terminal: no approved syntax evidence
虎尾春冰	u	chengyu		china-idiom+agent	insufficient-syntax-evidence	low	accept	conservative syntax review	u|none|low	OK	conservative terminal: no approved syntax evidence
虎穴龍潭	u	chengyu		china-idiom+agent	insufficient-syntax-evidence	low	accept	conservative syntax review	u|none|low	OK	conservative terminal: no approved syntax evidence
虎背熊腰	u	chengyu		china-idiom+agent	insufficient-syntax-evidence	low	accept	conservative syntax review	u|none|low	OK	conservative terminal: no approved syntax evidence
虎頭虎腦	u	chengyu		china-idiom+agent	insufficient-syntax-evidence	low	accept	conservative syntax review	u|none|low	OK	conservative terminal: no approved syntax evidence
處堂燕雀	u	chengyu		china-idiom+agent	insufficient-syntax-evidence	low	accept	conservative syntax review	u|none|low	OK	conservative terminal: no approved syntax evidence
處心積慮	u	chengyu		china-idiom+agent	insufficient-syntax-evidence	low	accept	conservative syntax review	u|none|low	OK	conservative terminal: no approved syntax evidence
虛己以聽	u	chengyu		china-idiom+agent	insufficient-syntax-evidence	low	accept	conservative syntax review	u|none|low	OK	conservative terminal: no approved syntax evidence
虛無縹緲	u	chengyu		china-idiom+agent	insufficient-syntax-evidence	low	accept	conservative syntax review	u|none|low	OK	conservative terminal: no approved syntax evidence
虛與委蛇	u	chengyu		china-idiom+agent	insufficient-syntax-evidence	low	accept	conservative syntax review	u|none|low	OK	conservative terminal: no approved syntax evidence
號令如山	u	chengyu		china-idiom+agent	insufficient-syntax-evidence	low	accept	conservative syntax review	u|none|low	OK	conservative terminal: no approved syntax evidence
蚍蜉撼樹	u	chengyu		china-idiom+agent	insufficient-syntax-evidence	low	accept	conservative syntax review	u|none|low	OK	conservative terminal: no approved syntax evidence
蛇頭鼠眼	u	chengyu		china-idiom+agent	insufficient-syntax-evidence	low	accept	conservative syntax review	u|none|low	OK	conservative terminal: no approved syntax evidence
蛛絲馬跡	u	chengyu		china-idiom+agent	insufficient-syntax-evidence	low	accept	conservative syntax review	u|none|low	OK	conservative terminal: no approved syntax evidence
蛟龍得水	u	chengyu		china-idiom+agent	insufficient-syntax-evidence	low	accept	conservative syntax review	u|none|low	OK	conservative terminal: no approved syntax evidence
蛾眉皓齒	u	chengyu		china-idiom+agent	insufficient-syntax-evidence	low	accept	conservative syntax review	u|none|low	OK	conservative terminal: no approved syntax evidence
蜂擁而至	u	chengyu		china-idiom+agent	insufficient-syntax-evidence	low	accept	conservative syntax review	u|none|low	OK	conservative terminal: no approved syntax evidence
蜻蜓點水	u	chengyu		china-idiom+agent	insufficient-syntax-evidence	low	accept	conservative syntax review	u|none|low	OK	conservative terminal: no approved syntax evidence
蝦兵蟹將	u	chengyu		china-idiom+agent	insufficient-syntax-evidence	low	accept	conservative syntax review	u|none|low	OK	conservative terminal: no approved syntax evidence
蝨多不癢	u	chengyu		china-idiom+agent	insufficient-syntax-evidence	low	accept	conservative syntax review	u|none|low	OK	conservative terminal: no approved syntax evidence
融會貫通	u	chengyu		china-idiom+agent	insufficient-syntax-evidence	low	accept	conservative syntax review	u|none|low	OK	conservative terminal: no approved syntax evidence
螢窗雪案	u	chengyu		china-idiom+agent	insufficient-syntax-evidence	low	accept	conservative syntax review	u|none|low	OK	conservative terminal: no approved syntax evidence
蠅營狗苟	u	chengyu		china-idiom+agent	insufficient-syntax-evidence	low	accept	conservative syntax review	u|none|low	OK	conservative terminal: no approved syntax evidence
蠢蠢欲動	u	chengyu		china-idiom+agent	insufficient-syntax-evidence	low	accept	conservative syntax review	u|none|low	OK	conservative terminal: no approved syntax evidence
蠹國害民	u	chengyu		china-idiom+agent	insufficient-syntax-evidence	low	accept	conservative syntax review	u|none|low	OK	conservative terminal: no approved syntax evidence
蠻橫無理	u	chengyu		china-idiom+agent	insufficient-syntax-evidence	low	accept	conservative syntax review	u|none|low	OK	conservative terminal: no approved syntax evidence
血債累累	u	chengyu		china-idiom+agent	insufficient-syntax-evidence	low	accept	conservative syntax review	u|none|low	OK	conservative terminal: no approved syntax evidence
血口噴人	u	chengyu		china-idiom+agent	insufficient-syntax-evidence	low	accept	conservative syntax review	u|none|low	OK	conservative terminal: no approved syntax evidence
血染沙場	u	chengyu		china-idiom+agent	insufficient-syntax-evidence	low	accept	conservative syntax review	u|none|low	OK	conservative terminal: no approved syntax evidence
血氣方剛	u	chengyu		china-idiom+agent	insufficient-syntax-evidence	low	accept	conservative syntax review	u|none|low	OK	conservative terminal: no approved syntax evidence
血流成河	u	chengyu		china-idiom+agent	insufficient-syntax-evidence	low	accept	conservative syntax review	u|none|low	OK	conservative terminal: no approved syntax evidence
血流漂杵	u	chengyu		china-idiom+agent	insufficient-syntax-evidence	low	accept	conservative syntax review	u|none|low	OK	conservative terminal: no approved syntax evidence
血海深仇	u	chengyu		china-idiom+agent	insufficient-syntax-evidence	low	accept	conservative syntax review	u|none|low	OK	conservative terminal: no approved syntax evidence
血盆大口	u	chengyu		china-idiom+agent	insufficient-syntax-evidence	low	accept	conservative syntax review	u|none|low	OK	conservative terminal: no approved syntax evidence
血肉相連	u	chengyu		china-idiom+agent	insufficient-syntax-evidence	low	accept	conservative syntax review	u|none|low	OK	conservative terminal: no approved syntax evidence
行不從徑	u	chengyu		china-idiom+agent	insufficient-syntax-evidence	low	accept	conservative syntax review	u|none|low	OK	conservative terminal: no approved syntax evidence
行不由徑	u	chengyu		china-idiom+agent	insufficient-syntax-evidence	low	accept	conservative syntax review	u|none|low	OK	conservative terminal: no approved syntax evidence
行將就木	u	chengyu		china-idiom+agent	insufficient-syntax-evidence	low	accept	conservative syntax review	u|none|low	OK	conservative terminal: no approved syntax evidence
行有餘力	u	chengyu		china-idiom+agent	insufficient-syntax-evidence	low	accept	conservative syntax review	u|none|low	OK	conservative terminal: no approved syntax evidence
行行出狀元	u	chengyu		china-idiom+agent	insufficient-syntax-evidence	low	accept	conservative syntax review	u|none|low	OK	conservative terminal: no approved syntax evidence
街坊四鄰	u	chengyu		china-idiom+agent	insufficient-syntax-evidence	low	accept	conservative syntax review	u|none|low	OK	conservative terminal: no approved syntax evidence
衝鋒陷陣	u	chengyu		china-idiom+agent	insufficient-syntax-evidence	low	accept	conservative syntax review	u|none|low	OK	conservative terminal: no approved syntax evidence
衡情酌理	u	chengyu		china-idiom+agent	insufficient-syntax-evidence	low	accept	conservative syntax review	u|none|low	OK	conservative terminal: no approved syntax evidence
衣單食薄	u	chengyu		china-idiom+agent	insufficient-syntax-evidence	low	accept	conservative syntax review	u|none|low	OK	conservative terminal: no approved syntax evidence
衣錦夜行	u	chengyu		china-idiom+agent	insufficient-syntax-evidence	low	accept	conservative syntax review	u|none|low	OK	conservative terminal: no approved syntax evidence
袒裼裸裎	u	chengyu		china-idiom+agent	insufficient-syntax-evidence	low	accept	conservative syntax review	u|none|low	OK	conservative terminal: no approved syntax evidence
袞袞諸公	u	chengyu		china-idiom+agent	insufficient-syntax-evidence	low	accept	conservative syntax review	u|none|low	OK	conservative terminal: no approved syntax evidence
裏出外進	u	chengyu		china-idiom+agent	insufficient-syntax-evidence	low	accept	conservative syntax review	u|none|low	OK	conservative terminal: no approved syntax evidence
裏勾外連	u	chengyu		china-idiom+agent	insufficient-syntax-evidence	low	accept	conservative syntax review	u|none|low	OK	conservative terminal: no approved syntax evidence
裏應外合	u	chengyu		china-idiom+agent	insufficient-syntax-evidence	low	accept	conservative syntax review	u|none|low	OK	conservative terminal: no approved syntax evidence
裒多益寡	u	chengyu		china-idiom+agent	insufficient-syntax-evidence	low	accept	conservative syntax review	u|none|low	OK	conservative terminal: no approved syntax evidence
補闕拾遺	u	chengyu		china-idiom+agent	insufficient-syntax-evidence	low	accept	conservative syntax review	u|none|low	OK	conservative terminal: no approved syntax evidence
裝模作樣	u	chengyu		china-idiom+agent	insufficient-syntax-evidence	low	accept	conservative syntax review	u|none|low	OK	conservative terminal: no approved syntax evidence
裝腔作勢	u	chengyu		china-idiom+agent	insufficient-syntax-evidence	low	accept	conservative syntax review	u|none|low	OK	conservative terminal: no approved syntax evidence
襟懷坦白	u	chengyu		china-idiom+agent	insufficient-syntax-evidence	low	accept	conservative syntax review	u|none|low	OK	conservative terminal: no approved syntax evidence
西子捧心	u	chengyu		china-idiom+agent	insufficient-syntax-evidence	low	accept	conservative syntax review	u|none|low	OK	conservative terminal: no approved syntax evidence
覆水難收	u	chengyu		china-idiom+agent	insufficient-syntax-evidence	low	accept	conservative syntax review	u|none|low	OK	conservative terminal: no approved syntax evidence
見事生風	u	chengyu		china-idiom+agent	insufficient-syntax-evidence	low	accept	conservative syntax review	u|none|low	OK	conservative terminal: no approved syntax evidence
見利忘義	u	chengyu		china-idiom+agent	insufficient-syntax-evidence	low	accept	conservative syntax review	u|none|low	OK	conservative terminal: no approved syntax evidence
見利思義	u	chengyu		china-idiom+agent	insufficient-syntax-evidence	low	accept	conservative syntax review	u|none|low	OK	conservative terminal: no approved syntax evidence
見多識廣	u	chengyu		china-idiom+agent	insufficient-syntax-evidence	low	accept	conservative syntax review	u|none|low	OK	conservative terminal: no approved syntax evidence
見微知萌	u	chengyu		china-idiom+agent	insufficient-syntax-evidence	low	accept	conservative syntax review	u|none|low	OK	conservative terminal: no approved syntax evidence
見微知著	u	chengyu		china-idiom+agent	insufficient-syntax-evidence	low	accept	conservative syntax review	u|none|low	OK	conservative terminal: no approved syntax evidence
見所未見	u	chengyu		china-idiom+agent	insufficient-syntax-evidence	low	accept	conservative syntax review	u|none|low	OK	conservative terminal: no approved syntax evidence
見景生情	u	chengyu		china-idiom+agent	insufficient-syntax-evidence	low	accept	conservative syntax review	u|none|low	OK	conservative terminal: no approved syntax evidence
見機行事	u	chengyu		china-idiom+agent	insufficient-syntax-evidence	low	accept	conservative syntax review	u|none|low	OK	conservative terminal: no approved syntax evidence
見笑大方	u	chengyu		china-idiom+agent	insufficient-syntax-evidence	low	accept	conservative syntax review	u|none|low	OK	conservative terminal: no approved syntax evidence
見貌辨色	u	chengyu		china-idiom+agent	insufficient-syntax-evidence	low	accept	conservative syntax review	u|none|low	OK	conservative terminal: no approved syntax evidence
見風使帆	u	chengyu		china-idiom+agent	insufficient-syntax-evidence	low	accept	conservative syntax review	u|none|low	OK	conservative terminal: no approved syntax evidence
見風使舵	u	chengyu		china-idiom+agent	insufficient-syntax-evidence	low	accept	conservative syntax review	u|none|low	OK	conservative terminal: no approved syntax evidence
規矩準繩	u	chengyu		china-idiom+agent	insufficient-syntax-evidence	low	accept	conservative syntax review	u|none|low	OK	conservative terminal: no approved syntax evidence
規矩繩墨	u	chengyu		china-idiom+agent	insufficient-syntax-evidence	low	accept	conservative syntax review	u|none|low	OK	conservative terminal: no approved syntax evidence
規行矩步	u	chengyu		china-idiom+agent	insufficient-syntax-evidence	low	accept	conservative syntax review	u|none|low	OK	conservative terminal: no approved syntax evidence
視同兒戲	u	chengyu		china-idiom+agent	insufficient-syntax-evidence	low	accept	conservative syntax review	u|none|low	OK	conservative terminal: no approved syntax evidence
視如土芥	u	chengyu		china-idiom+agent	insufficient-syntax-evidence	low	accept	conservative syntax review	u|none|low	OK	conservative terminal: no approved syntax evidence
視如糞土	u	chengyu		china-idiom+agent	insufficient-syntax-evidence	low	accept	conservative syntax review	u|none|low	OK	conservative terminal: no approved syntax evidence
視微知著	u	chengyu		china-idiom+agent	insufficient-syntax-evidence	low	accept	conservative syntax review	u|none|low	OK	conservative terminal: no approved syntax evidence
視死如歸	u	chengyu		china-idiom+agent	insufficient-syntax-evidence	low	accept	conservative syntax review	u|none|low	OK	conservative terminal: no approved syntax evidence
視死如飴	u	chengyu		china-idiom+agent	insufficient-syntax-evidence	low	accept	conservative syntax review	u|none|low	OK	conservative terminal: no approved syntax evidence
視為畏途	u	chengyu		china-idiom+agent	insufficient-syntax-evidence	low	accept	conservative syntax review	u|none|low	OK	conservative terminal: no approved syntax evidence
視為知己	u	chengyu		china-idiom+agent	insufficient-syntax-evidence	low	accept	conservative syntax review	u|none|low	OK	conservative terminal: no approved syntax evidence
視若路人	u	chengyu		china-idiom+agent	insufficient-syntax-evidence	low	accept	conservative syntax review	u|none|low	OK	conservative terminal: no approved syntax evidence
親如手足	u	chengyu		china-idiom+agent	insufficient-syntax-evidence	low	accept	conservative syntax review	u|none|low	OK	conservative terminal: no approved syntax evidence
親密無間	u	chengyu		china-idiom+agent	insufficient-syntax-evidence	low	accept	conservative syntax review	u|none|low	OK	conservative terminal: no approved syntax evidence
親疏貴賤	u	chengyu		china-idiom+agent	insufficient-syntax-evidence	low	accept	conservative syntax review	u|none|low	OK	conservative terminal: no approved syntax evidence
觀釁伺隙	u	chengyu		china-idiom+agent	insufficient-syntax-evidence	low	accept	conservative syntax review	u|none|low	OK	conservative terminal: no approved syntax evidence
解民倒懸	u	chengyu		china-idiom+agent	insufficient-syntax-evidence	low	accept	conservative syntax review	u|none|low	OK	conservative terminal: no approved syntax evidence
解甲歸田	u	chengyu		china-idiom+agent	insufficient-syntax-evidence	low	accept	conservative syntax review	u|none|low	OK	conservative terminal: no approved syntax evidence
解鈴還需繫鈴人	u	chengyu		china-idiom+agent	insufficient-syntax-evidence	low	accept	conservative syntax review	u|none|low	OK	conservative terminal: no approved syntax evidence
解鈴還須繫鈴人	u	chengyu		china-idiom+agent	insufficient-syntax-evidence	low	accept	conservative syntax review	u|none|low	OK	conservative terminal: no approved syntax evidence
觸景生情	u	chengyu		china-idiom+agent	insufficient-syntax-evidence	low	accept	conservative syntax review	u|none|low	OK	conservative terminal: no approved syntax evidence
觸目傷心	u	chengyu		china-idiom+agent	insufficient-syntax-evidence	low	accept	conservative syntax review	u|none|low	OK	conservative terminal: no approved syntax evidence
觸目皆是	u	chengyu		china-idiom+agent	insufficient-syntax-evidence	low	accept	conservative syntax review	u|none|low	OK	conservative terminal: no approved syntax evidence
觸類旁通	u	chengyu		china-idiom+agent	insufficient-syntax-evidence	low	accept	conservative syntax review	u|none|low	OK	conservative terminal: no approved syntax evidence
觸鬥蠻爭	u	chengyu		china-idiom+agent	insufficient-syntax-evidence	low	accept	conservative syntax review	u|none|low	OK	conservative terminal: no approved syntax evidence
言不及義	u	chengyu		china-idiom+agent	insufficient-syntax-evidence	low	accept	conservative syntax review	u|none|low	OK	conservative terminal: no approved syntax evidence
言不由衷	u	chengyu		china-idiom+agent	insufficient-syntax-evidence	low	accept	conservative syntax review	u|none|low	OK	conservative terminal: no approved syntax evidence
言不盡意	u	chengyu		china-idiom+agent	insufficient-syntax-evidence	low	accept	conservative syntax review	u|none|low	OK	conservative terminal: no approved syntax evidence
言傳身教	u	chengyu		china-idiom+agent	insufficient-syntax-evidence	low	accept	conservative syntax review	u|none|low	OK	conservative terminal: no approved syntax evidence
言歸正傳	u	chengyu		china-idiom+agent	insufficient-syntax-evidence	low	accept	conservative syntax review	u|none|low	OK	conservative terminal: no approved syntax evidence
言為心聲	u	chengyu		china-idiom+agent	insufficient-syntax-evidence	low	accept	conservative syntax review	u|none|low	OK	conservative terminal: no approved syntax evidence
言猶在耳	u	chengyu		china-idiom+agent	insufficient-syntax-evidence	low	accept	conservative syntax review	u|none|low	OK	conservative terminal: no approved syntax evidence
言行一致	u	chengyu		china-idiom+agent	insufficient-syntax-evidence	low	accept	conservative syntax review	u|none|low	OK	conservative terminal: no approved syntax evidence
言行不一	u	chengyu		china-idiom+agent	insufficient-syntax-evidence	low	accept	conservative syntax review	u|none|low	OK	conservative terminal: no approved syntax evidence
言行不符	u	chengyu		china-idiom+agent	insufficient-syntax-evidence	low	accept	conservative syntax review	u|none|low	OK	conservative terminal: no approved syntax evidence
言行若一	u	chengyu		china-idiom+agent	insufficient-syntax-evidence	low	accept	conservative syntax review	u|none|low	OK	conservative terminal: no approved syntax evidence
言談林藪	u	chengyu		china-idiom+agent	insufficient-syntax-evidence	low	accept	conservative syntax review	u|none|low	OK	conservative terminal: no approved syntax evidence
計功受賞	u	chengyu		china-idiom+agent	insufficient-syntax-evidence	low	accept	conservative syntax review	u|none|low	OK	conservative terminal: no approved syntax evidence
計日程功	u	chengyu		china-idiom+agent	insufficient-syntax-evidence	low	accept	conservative syntax review	u|none|low	OK	conservative terminal: no approved syntax evidence
計日而待	u	chengyu		china-idiom+agent	insufficient-syntax-evidence	low	accept	conservative syntax review	u|none|low	OK	conservative terminal: no approved syntax evidence
計窮力屈	u	chengyu		china-idiom+agent	insufficient-syntax-evidence	low	accept	conservative syntax review	u|none|low	OK	conservative terminal: no approved syntax evidence
計窮勢蹙	u	chengyu		china-idiom+agent	insufficient-syntax-evidence	low	accept	conservative syntax review	u|none|low	OK	conservative terminal: no approved syntax evidence
訓練有素	u	chengyu		china-idiom+agent	insufficient-syntax-evidence	low	accept	conservative syntax review	u|none|low	OK	conservative terminal: no approved syntax evidence
記憶猶新	u	chengyu		china-idiom+agent	insufficient-syntax-evidence	low	accept	conservative syntax review	u|none|low	OK	conservative terminal: no approved syntax evidence
訪親問友	u	chengyu		china-idiom+agent	insufficient-syntax-evidence	low	accept	conservative syntax review	u|none|low	OK	conservative terminal: no approved syntax evidence
設身處地	u	chengyu		china-idiom+agent	insufficient-syntax-evidence	low	accept	conservative syntax review	u|none|low	OK	conservative terminal: no approved syntax evidence
評頭品足	u	chengyu		china-idiom+agent	insufficient-syntax-evidence	low	accept	conservative syntax review	u|none|low	OK	conservative terminal: no approved syntax evidence
詢根問底	u	chengyu		china-idiom+agent	insufficient-syntax-evidence	low	accept	conservative syntax review	u|none|low	OK	conservative terminal: no approved syntax evidence
試金石	u	chengyu		china-idiom+agent	insufficient-syntax-evidence	low	accept	conservative syntax review	u|none|low	OK	conservative terminal: no approved syntax evidence
詭計多端	u	chengyu		china-idiom+agent	insufficient-syntax-evidence	low	accept	conservative syntax review	u|none|low	OK	conservative terminal: no approved syntax evidence
誅求無厭	u	chengyu		china-idiom+agent	insufficient-syntax-evidence	low	accept	conservative syntax review	u|none|low	OK	conservative terminal: no approved syntax evidence
誅求無已	u	chengyu		china-idiom+agent	insufficient-syntax-evidence	low	accept	conservative syntax review	u|none|low	OK	conservative terminal: no approved syntax evidence
誅盡殺絕	u	chengyu		china-idiom+agent	insufficient-syntax-evidence	low	accept	conservative syntax review	u|none|low	OK	conservative terminal: no approved syntax evidence
誅鋤異己	u	chengyu		china-idiom+agent	insufficient-syntax-evidence	low	accept	conservative syntax review	u|none|low	OK	conservative terminal: no approved syntax evidence
認賊作父	u	chengyu		china-idiom+agent	insufficient-syntax-evidence	low	accept	conservative syntax review	u|none|low	OK	conservative terminal: no approved syntax evidence
誓不兩立	u	chengyu		china-idiom+agent	insufficient-syntax-evidence	low	accept	conservative syntax review	u|none|low	OK	conservative terminal: no approved syntax evidence
誓死不屈	u	chengyu		china-idiom+agent	insufficient-syntax-evidence	low	accept	conservative syntax review	u|none|low	OK	conservative terminal: no approved syntax evidence
語焉不詳	u	chengyu		china-idiom+agent	insufficient-syntax-evidence	low	accept	conservative syntax review	u|none|low	OK	conservative terminal: no approved syntax evidence
語重心長	u	chengyu		china-idiom+agent	insufficient-syntax-evidence	low	accept	conservative syntax review	u|none|low	OK	conservative terminal: no approved syntax evidence
誨淫誨盜	u	chengyu		china-idiom+agent	insufficient-syntax-evidence	low	accept	conservative syntax review	u|none|low	OK	conservative terminal: no approved syntax evidence
説一不二	u	chengyu		china-idiom+agent	insufficient-syntax-evidence	low	accept	conservative syntax review	u|none|low	OK	conservative terminal: no approved syntax evidence
説三道四	u	chengyu		china-idiom+agent	insufficient-syntax-evidence	low	accept	conservative syntax review	u|none|low	OK	conservative terminal: no approved syntax evidence
説東道西	u	chengyu		china-idiom+agent	insufficient-syntax-evidence	low	accept	conservative syntax review	u|none|low	OK	conservative terminal: no approved syntax evidence
説長道短	u	chengyu		china-idiom+agent	insufficient-syntax-evidence	low	accept	conservative syntax review	u|none|low	OK	conservative terminal: no approved syntax evidence
調三窩四	u	chengyu		china-idiom+agent	insufficient-syntax-evidence	low	accept	conservative syntax review	u|none|low	OK	conservative terminal: no approved syntax evidence
調兵遣將	u	chengyu		china-idiom+agent	insufficient-syntax-evidence	low	accept	conservative syntax review	u|none|low	OK	conservative terminal: no approved syntax evidence
諄諄善誘	u	chengyu		china-idiom+agent	insufficient-syntax-evidence	low	accept	conservative syntax review	u|none|low	OK	conservative terminal: no approved syntax evidence
談何容易	u	chengyu		china-idiom+agent	insufficient-syntax-evidence	low	accept	conservative syntax review	u|none|low	OK	conservative terminal: no approved syntax evidence
談吐風生	u	chengyu		china-idiom+agent	insufficient-syntax-evidence	low	accept	conservative syntax review	u|none|low	OK	conservative terminal: no approved syntax evidence
談天説地	u	chengyu		china-idiom+agent	insufficient-syntax-evidence	low	accept	conservative syntax review	u|none|low	OK	conservative terminal: no approved syntax evidence
談笑自若	u	chengyu		china-idiom+agent	insufficient-syntax-evidence	low	accept	conservative syntax review	u|none|low	OK	conservative terminal: no approved syntax evidence
談笑風生	u	chengyu		china-idiom+agent	insufficient-syntax-evidence	low	accept	conservative syntax review	u|none|low	OK	conservative terminal: no approved syntax evidence
談論風生	u	chengyu		china-idiom+agent	insufficient-syntax-evidence	low	accept	conservative syntax review	u|none|low	OK	conservative terminal: no approved syntax evidence
論今説古	u	chengyu		china-idiom+agent	insufficient-syntax-evidence	low	accept	conservative syntax review	u|none|low	OK	conservative terminal: no approved syntax evidence
論功行賞	u	chengyu		china-idiom+agent	insufficient-syntax-evidence	low	accept	conservative syntax review	u|none|low	OK	conservative terminal: no approved syntax evidence
論長道短	u	chengyu		china-idiom+agent	insufficient-syntax-evidence	low	accept	conservative syntax review	u|none|low	OK	conservative terminal: no approved syntax evidence
諱疾忌醫	u	chengyu		china-idiom+agent	insufficient-syntax-evidence	low	accept	conservative syntax review	u|none|low	OK	conservative terminal: no approved syntax evidence
諱莫如深	u	chengyu		china-idiom+agent	insufficient-syntax-evidence	low	accept	conservative syntax review	u|none|low	OK	conservative terminal: no approved syntax evidence
謀臣武將	u	chengyu		china-idiom+agent	insufficient-syntax-evidence	low	accept	conservative syntax review	u|none|low	OK	conservative terminal: no approved syntax evidence
謀臣猛將	u	chengyu		china-idiom+agent	insufficient-syntax-evidence	low	accept	conservative syntax review	u|none|low	OK	conservative terminal: no approved syntax evidence
謔而不虐	u	chengyu		china-idiom+agent	insufficient-syntax-evidence	low	accept	conservative syntax review	u|none|low	OK	conservative terminal: no approved syntax evidence
謝天謝地	u	chengyu		china-idiom+agent	insufficient-syntax-evidence	low	accept	conservative syntax review	u|none|low	OK	conservative terminal: no approved syntax evidence
謹身節用	u	chengyu		china-idiom+agent	insufficient-syntax-evidence	low	accept	conservative syntax review	u|none|low	OK	conservative terminal: no approved syntax evidence
譁眾取寵	u	chengyu		china-idiom+agent	insufficient-syntax-evidence	low	accept	conservative syntax review	u|none|low	OK	conservative terminal: no approved syntax evidence
識微見幾	u	chengyu		china-idiom+agent	insufficient-syntax-evidence	low	accept	conservative syntax review	u|none|low	OK	conservative terminal: no approved syntax evidence
識才尊賢	u	chengyu		china-idiom+agent	insufficient-syntax-evidence	low	accept	conservative syntax review	u|none|low	OK	conservative terminal: no approved syntax evidence
識時務者為俊傑	u	chengyu		china-idiom+agent	insufficient-syntax-evidence	low	accept	conservative syntax review	u|none|low	OK	conservative terminal: no approved syntax evidence
識時通變	u	chengyu		china-idiom+agent	insufficient-syntax-evidence	low	accept	conservative syntax review	u|none|low	OK	conservative terminal: no approved syntax evidence
識時達務	u	chengyu		china-idiom+agent	insufficient-syntax-evidence	low	accept	conservative syntax review	u|none|low	OK	conservative terminal: no approved syntax evidence
識途老馬	u	chengyu		china-idiom+agent	insufficient-syntax-evidence	low	accept	conservative syntax review	u|none|low	OK	conservative terminal: no approved syntax evidence
譭譽參半	u	chengyu		china-idiom+agent	insufficient-syntax-evidence	low	accept	conservative syntax review	u|none|low	OK	conservative terminal: no approved syntax evidence
變化多端	u	chengyu		china-idiom+agent	insufficient-syntax-evidence	low	accept	conservative syntax review	u|none|low	OK	conservative terminal: no approved syntax evidence
變色易容	u	chengyu		china-idiom+agent	insufficient-syntax-evidence	low	accept	conservative syntax review	u|none|low	OK	conservative terminal: no approved syntax evidence
豁然開朗	u	chengyu		china-idiom+agent	insufficient-syntax-evidence	low	accept	conservative syntax review	u|none|low	OK	conservative terminal: no approved syntax evidence
豈有此理	u	chengyu		china-idiom+agent	insufficient-syntax-evidence	low	accept	conservative syntax review	u|none|low	OK	conservative terminal: no approved syntax evidence
豪情壯志	u	chengyu		china-idiom+agent	insufficient-syntax-evidence	low	accept	conservative syntax review	u|none|low	OK	conservative terminal: no approved syntax evidence
豹頭環眼	u	chengyu		china-idiom+agent	insufficient-syntax-evidence	low	accept	conservative syntax review	u|none|low	OK	conservative terminal: no approved syntax evidence
豺狼當道	u	chengyu		china-idiom+agent	insufficient-syntax-evidence	low	accept	conservative syntax review	u|none|low	OK	conservative terminal: no approved syntax evidence
貌合心離	u	chengyu		china-idiom+agent	insufficient-syntax-evidence	low	accept	conservative syntax review	u|none|low	OK	conservative terminal: no approved syntax evidence
貌合神離	u	chengyu		china-idiom+agent	insufficient-syntax-evidence	low	accept	conservative syntax review	u|none|low	OK	conservative terminal: no approved syntax evidence
負薪救火	u	chengyu		china-idiom+agent	insufficient-syntax-evidence	low	accept	conservative syntax review	u|none|low	OK	conservative terminal: no approved syntax evidence
負隅頑抗	u	chengyu		china-idiom+agent	insufficient-syntax-evidence	low	accept	conservative syntax review	u|none|low	OK	conservative terminal: no approved syntax evidence
財迷心竅	u	chengyu		china-idiom+agent	insufficient-syntax-evidence	low	accept	conservative syntax review	u|none|low	OK	conservative terminal: no approved syntax evidence
貧嘴滑舌	u	chengyu		china-idiom+agent	insufficient-syntax-evidence	low	accept	conservative syntax review	u|none|low	OK	conservative terminal: no approved syntax evidence
貧嘴薄舌	u	chengyu		china-idiom+agent	insufficient-syntax-evidence	low	accept	conservative syntax review	u|none|low	OK	conservative terminal: no approved syntax evidence
貧病交攻	u	chengyu		china-idiom+agent	insufficient-syntax-evidence	low	accept	conservative syntax review	u|none|low	OK	conservative terminal: no approved syntax evidence
販夫俗子	u	chengyu		china-idiom+agent	insufficient-syntax-evidence	low	accept	conservative syntax review	u|none|low	OK	conservative terminal: no approved syntax evidence
貪多務得	u	chengyu		china-idiom+agent	insufficient-syntax-evidence	low	accept	conservative syntax review	u|none|low	OK	conservative terminal: no approved syntax evidence
貪多嚼不爛	u	chengyu		china-idiom+agent	insufficient-syntax-evidence	low	accept	conservative syntax review	u|none|low	OK	conservative terminal: no approved syntax evidence
貪官污吏	u	chengyu		china-idiom+agent	insufficient-syntax-evidence	low	accept	conservative syntax review	u|none|low	OK	conservative terminal: no approved syntax evidence
貪求無厭	u	chengyu		china-idiom+agent	insufficient-syntax-evidence	low	accept	conservative syntax review	u|none|low	OK	conservative terminal: no approved syntax evidence
責備求全	u	chengyu		china-idiom+agent	insufficient-syntax-evidence	low	accept	conservative syntax review	u|none|low	OK	conservative terminal: no approved syntax evidence
責有攸歸	u	chengyu		china-idiom+agent	insufficient-syntax-evidence	low	accept	conservative syntax review	u|none|low	OK	conservative terminal: no approved syntax evidence
責無旁貸	u	chengyu		china-idiom+agent	insufficient-syntax-evidence	low	accept	conservative syntax review	u|none|low	OK	conservative terminal: no approved syntax evidence
貴人善忘	u	chengyu		china-idiom+agent	insufficient-syntax-evidence	low	accept	conservative syntax review	u|none|low	OK	conservative terminal: no approved syntax evidence
貴人多忘	u	chengyu		china-idiom+agent	insufficient-syntax-evidence	low	accept	conservative syntax review	u|none|low	OK	conservative terminal: no approved syntax evidence
貴人多忘事	u	chengyu		china-idiom+agent	insufficient-syntax-evidence	low	accept	conservative syntax review	u|none|low	OK	conservative terminal: no approved syntax evidence
貴古賤今	u	chengyu		china-idiom+agent	insufficient-syntax-evidence	low	accept	conservative syntax review	u|none|low	OK	conservative terminal: no approved syntax evidence
貴賤無二	u	chengyu		china-idiom+agent	insufficient-syntax-evidence	low	accept	conservative syntax review	u|none|low	OK	conservative terminal: no approved syntax evidence
貴遠賤近	u	chengyu		china-idiom+agent	insufficient-syntax-evidence	low	accept	conservative syntax review	u|none|low	OK	conservative terminal: no approved syntax evidence
買空賣空	u	chengyu		china-idiom+agent	insufficient-syntax-evidence	low	accept	conservative syntax review	u|none|low	OK	conservative terminal: no approved syntax evidence
買笑追歡	u	chengyu		china-idiom+agent	insufficient-syntax-evidence	low	accept	conservative syntax review	u|none|low	OK	conservative terminal: no approved syntax evidence
貽人口實	u	chengyu		china-idiom+agent	insufficient-syntax-evidence	low	accept	conservative syntax review	u|none|low	OK	conservative terminal: no approved syntax evidence
賊心不死	u	chengyu		china-idiom+agent	insufficient-syntax-evidence	low	accept	conservative syntax review	u|none|low	OK	conservative terminal: no approved syntax evidence
賊眉賊眼	u	chengyu		china-idiom+agent	insufficient-syntax-evidence	low	accept	conservative syntax review	u|none|low	OK	conservative terminal: no approved syntax evidence
賓客盈門	u	chengyu		china-idiom+agent	insufficient-syntax-evidence	low	accept	conservative syntax review	u|none|low	OK	conservative terminal: no approved syntax evidence
賓朋滿座	u	chengyu		china-idiom+agent	insufficient-syntax-evidence	low	accept	conservative syntax review	u|none|low	OK	conservative terminal: no approved syntax evidence
賠了夫人又折兵	u	chengyu		china-idiom+agent	clause-without-syntax-slot	low	accept	conservative syntax review	u|none|low	OK	conservative terminal: no approved syntax evidence
賢妻良母	u	chengyu		china-idiom+agent	insufficient-syntax-evidence	low	accept	conservative syntax review	u|none|low	OK	conservative terminal: no approved syntax evidence
賣兒鬻女	u	chengyu		china-idiom+agent	insufficient-syntax-evidence	low	accept	conservative syntax review	u|none|low	OK	conservative terminal: no approved syntax evidence
賣友求榮	u	chengyu		china-idiom+agent	insufficient-syntax-evidence	low	accept	conservative syntax review	u|none|low	OK	conservative terminal: no approved syntax evidence
賭咒發誓	u	chengyu		china-idiom+agent	insufficient-syntax-evidence	low	accept	conservative syntax review	u|none|low	OK	conservative terminal: no approved syntax evidence
贓官污吏	u	chengyu		china-idiom+agent	insufficient-syntax-evidence	low	accept	conservative syntax review	u|none|low	OK	conservative terminal: no approved syntax evidence
赤手空拳	u	chengyu		china-idiom+agent	insufficient-syntax-evidence	low	accept	conservative syntax review	u|none|low	OK	conservative terminal: no approved syntax evidence
赤誠相待	u	chengyu		china-idiom+agent	insufficient-syntax-evidence	low	accept	conservative syntax review	u|none|low	OK	conservative terminal: no approved syntax evidence
赤貧如洗	u	chengyu		china-idiom+agent	insufficient-syntax-evidence	low	accept	conservative syntax review	u|none|low	OK	conservative terminal: no approved syntax evidence
赫赫有名	u	chengyu		china-idiom+agent	insufficient-syntax-evidence	low	accept	conservative syntax review	u|none|low	OK	conservative terminal: no approved syntax evidence
走為上着	u	chengyu		china-idiom+agent	insufficient-syntax-evidence	low	accept	conservative syntax review	u|none|low	OK	conservative terminal: no approved syntax evidence
走為上策	u	chengyu		china-idiom+agent	insufficient-syntax-evidence	low	accept	conservative syntax review	u|none|low	OK	conservative terminal: no approved syntax evidence
走為上計	u	chengyu		china-idiom+agent	insufficient-syntax-evidence	low	accept	conservative syntax review	u|none|low	OK	conservative terminal: no approved syntax evidence
走過場	u	chengyu		china-idiom+agent	insufficient-syntax-evidence	low	accept	conservative syntax review	u|none|low	OK	conservative terminal: no approved syntax evidence
走馬看花	u	chengyu		china-idiom+agent	insufficient-syntax-evidence	low	accept	conservative syntax review	u|none|low	OK	conservative terminal: no approved syntax evidence
走馬章台	u	chengyu		china-idiom+agent	insufficient-syntax-evidence	low	accept	conservative syntax review	u|none|low	OK	conservative terminal: no approved syntax evidence
起早貪黑	u	chengyu		china-idiom+agent	insufficient-syntax-evidence	low	accept	conservative syntax review	u|none|low	OK	conservative terminal: no approved syntax evidence
起死回生	u	chengyu		china-idiom+agent	insufficient-syntax-evidence	low	accept	conservative syntax review	u|none|low	OK	conservative terminal: no approved syntax evidence
趁熱打鐵	u	chengyu		china-idiom+agent	insufficient-syntax-evidence	low	accept	conservative syntax review	u|none|low	OK	conservative terminal: no approved syntax evidence
超世絕倫	u	chengyu		china-idiom+agent	insufficient-syntax-evidence	low	accept	conservative syntax review	u|none|low	OK	conservative terminal: no approved syntax evidence
超凡入聖	u	chengyu		china-idiom+agent	insufficient-syntax-evidence	low	accept	conservative syntax review	u|none|low	OK	conservative terminal: no approved syntax evidence
超塵拔俗	u	chengyu		china-idiom+agent	insufficient-syntax-evidence	low	accept	conservative syntax review	u|none|low	OK	conservative terminal: no approved syntax evidence
超然不羣	u	chengyu		china-idiom+agent	insufficient-syntax-evidence	low	accept	conservative syntax review	u|none|low	OK	conservative terminal: no approved syntax evidence
超然物外	u	chengyu		china-idiom+agent	insufficient-syntax-evidence	low	accept	conservative syntax review	u|none|low	OK	conservative terminal: no approved syntax evidence
超然自逸	u	chengyu		china-idiom+agent	insufficient-syntax-evidence	low	accept	conservative syntax review	u|none|low	OK	conservative terminal: no approved syntax evidence
超羣拔類	u	chengyu		china-idiom+agent	insufficient-syntax-evidence	low	accept	conservative syntax review	u|none|low	OK	conservative terminal: no approved syntax evidence
超超玄箸	u	chengyu		china-idiom+agent	insufficient-syntax-evidence	low	accept	conservative syntax review	u|none|low	OK	conservative terminal: no approved syntax evidence
趑趄囁嚅	u	chengyu		china-idiom+agent	insufficient-syntax-evidence	low	accept	conservative syntax review	u|none|low	OK	conservative terminal: no approved syntax evidence
趕浪頭	u	chengyu		china-idiom+agent	insufficient-syntax-evidence	low	accept	conservative syntax review	u|none|low	OK	conservative terminal: no approved syntax evidence
趨吉避凶	u	chengyu		china-idiom+agent	insufficient-syntax-evidence	low	accept	conservative syntax review	u|none|low	OK	conservative terminal: no approved syntax evidence
趨炎附勢	u	chengyu		china-idiom+agent	insufficient-syntax-evidence	low	accept	conservative syntax review	u|none|low	OK	conservative terminal: no approved syntax evidence
足高氣強	u	chengyu		china-idiom+agent	insufficient-syntax-evidence	low	accept	conservative syntax review	u|none|low	OK	conservative terminal: no approved syntax evidence
趾高氣揚	u	chengyu		china-idiom+agent	insufficient-syntax-evidence	low	accept	conservative syntax review	u|none|low	OK	conservative terminal: no approved syntax evidence
跋前躓後	u	chengyu		china-idiom+agent	insufficient-syntax-evidence	low	accept	conservative syntax review	u|none|low	OK	conservative terminal: no approved syntax evidence
跌宕昭彰	u	chengyu		china-idiom+agent	insufficient-syntax-evidence	low	accept	conservative syntax review	u|none|low	OK	conservative terminal: no approved syntax evidence
跌腳捶胸	u	chengyu		china-idiom+agent	insufficient-syntax-evidence	low	accept	conservative syntax review	u|none|low	OK	conservative terminal: no approved syntax evidence
跑龍套	u	chengyu		china-idiom+agent	insufficient-syntax-evidence	low	accept	conservative syntax review	u|none|low	OK	conservative terminal: no approved syntax evidence
路不拾遺	u	chengyu		china-idiom+agent	insufficient-syntax-evidence	low	accept	conservative syntax review	u|none|low	OK	conservative terminal: no approved syntax evidence
路柳牆花	u	chengyu		china-idiom+agent	insufficient-syntax-evidence	low	accept	conservative syntax review	u|none|low	OK	conservative terminal: no approved syntax evidence
跳進黃河洗不清	u	chengyu		china-idiom+agent	clause-without-syntax-slot	low	accept	conservative syntax review	u|none|low	OK	conservative terminal: no approved syntax evidence
踵決肘見	u	chengyu		china-idiom+agent	insufficient-syntax-evidence	low	accept	conservative syntax review	u|none|low	OK	conservative terminal: no approved syntax evidence
蹈常襲故	u	chengyu		china-idiom+agent	insufficient-syntax-evidence	low	accept	conservative syntax review	u|none|low	OK	conservative terminal: no approved syntax evidence
躊躇不決	u	chengyu		china-idiom+agent	insufficient-syntax-evidence	low	accept	conservative syntax review	u|none|low	OK	conservative terminal: no approved syntax evidence
躊躇滿志	u	chengyu		china-idiom+agent	insufficient-syntax-evidence	low	accept	conservative syntax review	u|none|low	OK	conservative terminal: no approved syntax evidence
躍然紙上	u	chengyu		china-idiom+agent	insufficient-syntax-evidence	low	accept	conservative syntax review	u|none|low	OK	conservative terminal: no approved syntax evidence
躡足潛蹤	u	chengyu		china-idiom+agent	insufficient-syntax-evidence	low	accept	conservative syntax review	u|none|low	OK	conservative terminal: no approved syntax evidence
躥房越脊	u	chengyu		china-idiom+agent	insufficient-syntax-evidence	low	accept	conservative syntax review	u|none|low	OK	conservative terminal: no approved syntax evidence
身價百倍	u	chengyu		china-idiom+agent	insufficient-syntax-evidence	low	accept	conservative syntax review	u|none|low	OK	conservative terminal: no approved syntax evidence
身先朝露	u	chengyu		china-idiom+agent	insufficient-syntax-evidence	low	accept	conservative syntax review	u|none|low	OK	conservative terminal: no approved syntax evidence
身名俱滅	u	chengyu		china-idiom+agent	insufficient-syntax-evidence	low	accept	conservative syntax review	u|none|low	OK	conservative terminal: no approved syntax evidence
身在曹營心在漢	u	chengyu		china-idiom+agent	clause-without-syntax-slot	low	accept	conservative syntax review	u|none|low	OK	conservative terminal: no approved syntax evidence
身心交病	u	chengyu		china-idiom+agent	insufficient-syntax-evidence	low	accept	conservative syntax review	u|none|low	OK	conservative terminal: no approved syntax evidence
身敗名裂	u	chengyu		china-idiom+agent	insufficient-syntax-evidence	low	accept	conservative syntax review	u|none|low	OK	conservative terminal: no approved syntax evidence
身無長物	u	chengyu		china-idiom+agent	insufficient-syntax-evidence	low	accept	conservative syntax review	u|none|low	OK	conservative terminal: no approved syntax evidence
身輕言微	u	chengyu		china-idiom+agent	insufficient-syntax-evidence	low	accept	conservative syntax review	u|none|low	OK	conservative terminal: no approved syntax evidence
車在馬前	u	chengyu		china-idiom+agent	insufficient-syntax-evidence	low	accept	conservative syntax review	u|none|low	OK	conservative terminal: no approved syntax evidence
車怠馬煩	u	chengyu		china-idiom+agent	insufficient-syntax-evidence	low	accept	conservative syntax review	u|none|low	OK	conservative terminal: no approved syntax evidence
車殆馬煩	u	chengyu		china-idiom+agent	insufficient-syntax-evidence	low	accept	conservative syntax review	u|none|low	OK	conservative terminal: no approved syntax evidence
車水馬龍	u	chengyu		china-idiom+agent	insufficient-syntax-evidence	low	accept	conservative syntax review	u|none|low	OK	conservative terminal: no approved syntax evidence
車笠之盟	u	chengyu		china-idiom+agent	insufficient-syntax-evidence	low	accept	conservative syntax review	u|none|low	OK	conservative terminal: no approved syntax evidence
車載斗量	u	chengyu		china-idiom+agent	insufficient-syntax-evidence	low	accept	conservative syntax review	u|none|low	OK	conservative terminal: no approved syntax evidence
軒然大波	u	chengyu		china-idiom+agent	insufficient-syntax-evidence	low	accept	conservative syntax review	u|none|low	OK	conservative terminal: no approved syntax evidence
軼事遺聞	u	chengyu		china-idiom+agent	insufficient-syntax-evidence	low	accept	conservative syntax review	u|none|low	OK	conservative terminal: no approved syntax evidence
載歌且舞	u	chengyu		china-idiom+agent	insufficient-syntax-evidence	low	accept	conservative syntax review	u|none|low	OK	conservative terminal: no approved syntax evidence
載沉載浮	u	chengyu		china-idiom+agent	insufficient-syntax-evidence	low	accept	conservative syntax review	u|none|low	OK	conservative terminal: no approved syntax evidence
載舟覆舟	u	chengyu		china-idiom+agent	insufficient-syntax-evidence	low	accept	conservative syntax review	u|none|low	OK	conservative terminal: no approved syntax evidence
載酒問字	u	chengyu		china-idiom+agent	insufficient-syntax-evidence	low	accept	conservative syntax review	u|none|low	OK	conservative terminal: no approved syntax evidence
輔車唇齒	u	chengyu		china-idiom+agent	insufficient-syntax-evidence	low	accept	conservative syntax review	u|none|low	OK	conservative terminal: no approved syntax evidence
輔車相依	u	chengyu		china-idiom+agent	insufficient-syntax-evidence	low	accept	conservative syntax review	u|none|low	OK	conservative terminal: no approved syntax evidence
輕於鴻毛	u	chengyu		china-idiom+agent	insufficient-syntax-evidence	low	accept	conservative syntax review	u|none|low	OK	conservative terminal: no approved syntax evidence
輕歌曼舞	u	chengyu		china-idiom+agent	insufficient-syntax-evidence	low	accept	conservative syntax review	u|none|low	OK	conservative terminal: no approved syntax evidence
輕裝簡從	u	chengyu		china-idiom+agent	insufficient-syntax-evidence	low	accept	conservative syntax review	u|none|low	OK	conservative terminal: no approved syntax evidence
輕諾寡信	u	chengyu		china-idiom+agent	insufficient-syntax-evidence	low	accept	conservative syntax review	u|none|low	OK	conservative terminal: no approved syntax evidence
輕財仗義	u	chengyu		china-idiom+agent	insufficient-syntax-evidence	low	accept	conservative syntax review	u|none|low	OK	conservative terminal: no approved syntax evidence
輕車簡從	u	chengyu		china-idiom+agent	insufficient-syntax-evidence	low	accept	conservative syntax review	u|none|low	OK	conservative terminal: no approved syntax evidence
輕重倒置	u	chengyu		china-idiom+agent	insufficient-syntax-evidence	low	accept	conservative syntax review	u|none|low	OK	conservative terminal: no approved syntax evidence
輕重緩急	u	chengyu		china-idiom+agent	insufficient-syntax-evidence	low	accept	conservative syntax review	u|none|low	OK	conservative terminal: no approved syntax evidence
轉彎抹角	u	chengyu		china-idiom+agent	insufficient-syntax-evidence	low	accept	conservative syntax review	u|none|low	OK	conservative terminal: no approved syntax evidence
轉戰千里	u	chengyu		china-idiom+agent	insufficient-syntax-evidence	low	accept	conservative syntax review	u|none|low	OK	conservative terminal: no approved syntax evidence
轉敗為勝	u	chengyu		china-idiom+agent	insufficient-syntax-evidence	low	accept	conservative syntax review	u|none|low	OK	conservative terminal: no approved syntax evidence
轉禍為福	u	chengyu		china-idiom+agent	insufficient-syntax-evidence	low	accept	conservative syntax review	u|none|low	OK	conservative terminal: no approved syntax evidence
轟雷貫耳	u	chengyu		china-idiom+agent	insufficient-syntax-evidence	low	accept	conservative syntax review	u|none|low	OK	conservative terminal: no approved syntax evidence
辱門敗户	u	chengyu		china-idiom+agent	insufficient-syntax-evidence	low	accept	conservative syntax review	u|none|low	OK	conservative terminal: no approved syntax evidence
迅雷不及掩耳	u	chengyu		china-idiom+agent	insufficient-syntax-evidence	low	accept	conservative syntax review	u|none|low	OK	conservative terminal: no approved syntax evidence
迎刃而解	u	chengyu		china-idiom+agent	insufficient-syntax-evidence	low	accept	conservative syntax review	u|none|low	OK	conservative terminal: no approved syntax evidence
迎新送舊	u	chengyu		china-idiom+agent	insufficient-syntax-evidence	low	accept	conservative syntax review	u|none|low	OK	conservative terminal: no approved syntax evidence
迎頭趕上	u	chengyu		china-idiom+agent	insufficient-syntax-evidence	low	accept	conservative syntax review	u|none|low	OK	conservative terminal: no approved syntax evidence
近水樓台	u	chengyu		china-idiom+agent	insufficient-syntax-evidence	low	accept	conservative syntax review	u|none|low	OK	conservative terminal: no approved syntax evidence
近水樓台先得月	u	chengyu		china-idiom+agent	clause-without-syntax-slot	low	accept	conservative syntax review	u|none|low	OK	conservative terminal: no approved syntax evidence
返本還源	u	chengyu		china-idiom+agent	insufficient-syntax-evidence	low	accept	conservative syntax review	u|none|low	OK	conservative terminal: no approved syntax evidence
迥然不同	u	chengyu		china-idiom+agent	insufficient-syntax-evidence	low	accept	conservative syntax review	u|none|low	OK	conservative terminal: no approved syntax evidence
迫不得已	u	chengyu		china-idiom+agent	insufficient-syntax-evidence	low	accept	conservative syntax review	u|none|low	OK	conservative terminal: no approved syntax evidence
迫在眉睫	u	chengyu		china-idiom+agent	insufficient-syntax-evidence	low	accept	conservative syntax review	u|none|low	OK	conservative terminal: no approved syntax evidence
迴天無力	u	chengyu		china-idiom+agent	insufficient-syntax-evidence	low	accept	conservative syntax review	u|none|low	OK	conservative terminal: no approved syntax evidence
迷魂湯	u	chengyu		china-idiom+agent	insufficient-syntax-evidence	low	accept	conservative syntax review	u|none|low	OK	conservative terminal: no approved syntax evidence
迷魂陣	u	chengyu		china-idiom+agent	insufficient-syntax-evidence	low	accept	conservative syntax review	u|none|low	OK	conservative terminal: no approved syntax evidence
追亡逐北	u	chengyu		china-idiom+agent	insufficient-syntax-evidence	low	accept	conservative syntax review	u|none|low	OK	conservative terminal: no approved syntax evidence
追奔逐北	u	chengyu		china-idiom+agent	insufficient-syntax-evidence	low	accept	conservative syntax review	u|none|low	OK	conservative terminal: no approved syntax evidence
追根求源	u	chengyu		china-idiom+agent	insufficient-syntax-evidence	low	accept	conservative syntax review	u|none|low	OK	conservative terminal: no approved syntax evidence
送佛送到西	u	chengyu		china-idiom+agent	insufficient-syntax-evidence	low	accept	conservative syntax review	u|none|low	OK	conservative terminal: no approved syntax evidence
送往迎來	u	chengyu		china-idiom+agent	insufficient-syntax-evidence	low	accept	conservative syntax review	u|none|low	OK	conservative terminal: no approved syntax evidence
送故迎新	u	chengyu		china-idiom+agent	insufficient-syntax-evidence	low	accept	conservative syntax review	u|none|low	OK	conservative terminal: no approved syntax evidence
送暖偷寒	u	chengyu		china-idiom+agent	insufficient-syntax-evidence	low	accept	conservative syntax review	u|none|low	OK	conservative terminal: no approved syntax evidence
送舊迎新	u	chengyu		china-idiom+agent	insufficient-syntax-evidence	low	accept	conservative syntax review	u|none|low	OK	conservative terminal: no approved syntax evidence
逃之夭夭	u	chengyu		china-idiom+agent	insufficient-syntax-evidence	low	accept	conservative syntax review	u|none|low	OK	conservative terminal: no approved syntax evidence
逆來順受	u	chengyu		china-idiom+agent	insufficient-syntax-evidence	low	accept	conservative syntax review	u|none|low	OK	conservative terminal: no approved syntax evidence
逆行倒施	u	chengyu		china-idiom+agent	insufficient-syntax-evidence	low	accept	conservative syntax review	u|none|low	OK	conservative terminal: no approved syntax evidence
逍遙法外	u	chengyu		china-idiom+agent	insufficient-syntax-evidence	low	accept	conservative syntax review	u|none|low	OK	conservative terminal: no approved syntax evidence
逍遙自在	u	chengyu		china-idiom+agent	insufficient-syntax-evidence	low	accept	conservative syntax review	u|none|low	OK	conservative terminal: no approved syntax evidence
逐客令	u	chengyu		china-idiom+agent	insufficient-syntax-evidence	low	accept	conservative syntax review	u|none|low	OK	conservative terminal: no approved syntax evidence
這山望着那山高	u	chengyu		china-idiom+agent	clause-without-syntax-slot	low	accept	conservative syntax review	u|none|low	OK	conservative terminal: no approved syntax evidence
通力合作	u	chengyu		china-idiom+agent	insufficient-syntax-evidence	low	accept	conservative syntax review	u|none|low	OK	conservative terminal: no approved syntax evidence
通天徹地	u	chengyu		china-idiom+agent	insufficient-syntax-evidence	low	accept	conservative syntax review	u|none|low	OK	conservative terminal: no approved syntax evidence
通宵達旦	u	chengyu		china-idiom+agent	insufficient-syntax-evidence	low	accept	conservative syntax review	u|none|low	OK	conservative terminal: no approved syntax evidence
通權達變	u	chengyu		china-idiom+agent	insufficient-syntax-evidence	low	accept	conservative syntax review	u|none|low	OK	conservative terminal: no approved syntax evidence
通都大邑	u	chengyu		china-idiom+agent	insufficient-syntax-evidence	low	accept	conservative syntax review	u|none|low	OK	conservative terminal: no approved syntax evidence
逞強稱能	u	chengyu		china-idiom+agent	insufficient-syntax-evidence	low	accept	conservative syntax review	u|none|low	OK	conservative terminal: no approved syntax evidence
造化小兒	u	chengyu		china-idiom+agent	insufficient-syntax-evidence	low	accept	conservative syntax review	u|none|low	OK	conservative terminal: no approved syntax evidence
造繭自縛	u	chengyu		china-idiom+agent	insufficient-syntax-evidence	low	accept	conservative syntax review	u|none|low	OK	conservative terminal: no approved syntax evidence
造謠生事	u	chengyu		china-idiom+agent	insufficient-syntax-evidence	low	accept	conservative syntax review	u|none|low	OK	conservative terminal: no approved syntax evidence
逢山開路	u	chengyu		china-idiom+agent	insufficient-syntax-evidence	low	accept	conservative syntax review	u|none|low	OK	conservative terminal: no approved syntax evidence
連三併四	u	chengyu		china-idiom+agent	insufficient-syntax-evidence	low	accept	conservative syntax review	u|none|low	OK	conservative terminal: no approved syntax evidence
連城之璧	u	chengyu		china-idiom+agent	insufficient-syntax-evidence	low	accept	conservative syntax review	u|none|low	OK	conservative terminal: no approved syntax evidence
連鑣並軫	u	chengyu		china-idiom+agent	insufficient-syntax-evidence	low	accept	conservative syntax review	u|none|low	OK	conservative terminal: no approved syntax evidence
進身之階	u	chengyu		china-idiom+agent	insufficient-syntax-evidence	low	accept	conservative syntax review	u|none|low	OK	conservative terminal: no approved syntax evidence
進退有常	u	chengyu		china-idiom+agent	insufficient-syntax-evidence	low	accept	conservative syntax review	u|none|low	OK	conservative terminal: no approved syntax evidence
進退為難	u	chengyu		china-idiom+agent	insufficient-syntax-evidence	low	accept	conservative syntax review	u|none|low	OK	conservative terminal: no approved syntax evidence
進退維艱	u	chengyu		china-idiom+agent	insufficient-syntax-evidence	low	accept	conservative syntax review	u|none|low	OK	conservative terminal: no approved syntax evidence
進道若退	u	chengyu		china-idiom+agent	agent-reviewed-override	low	accept	conservative syntax review	u|none|low	OK	conservative terminal: no approved syntax evidence
逸塵斷鞅	u	chengyu		china-idiom+agent	insufficient-syntax-evidence	low	accept	conservative syntax review	u|none|low	OK	conservative terminal: no approved syntax evidence
逼良為娼	u	chengyu		china-idiom+agent	insufficient-syntax-evidence	low	accept	conservative syntax review	u|none|low	OK	conservative terminal: no approved syntax evidence
遇事生風	u	chengyu		china-idiom+agent	insufficient-syntax-evidence	low	accept	conservative syntax review	u|none|low	OK	conservative terminal: no approved syntax evidence
遇人不淑	u	chengyu		china-idiom+agent	insufficient-syntax-evidence	low	accept	conservative syntax review	u|none|low	OK	conservative terminal: no approved syntax evidence
遊山玩水	u	chengyu		china-idiom+agent	insufficient-syntax-evidence	low	accept	conservative syntax review	u|none|low	OK	conservative terminal: no approved syntax evidence
遊必有方	u	chengyu		china-idiom+agent	insufficient-syntax-evidence	low	accept	conservative syntax review	u|none|low	OK	conservative terminal: no approved syntax evidence
運斤成風	u	chengyu		china-idiom+agent	insufficient-syntax-evidence	low	accept	conservative syntax review	u|none|low	OK	conservative terminal: no approved syntax evidence
過五關斬六將	u	chengyu		china-idiom+agent	insufficient-syntax-evidence	low	accept	conservative syntax review	u|none|low	OK	conservative terminal: no approved syntax evidence
過橋抽板	u	chengyu		china-idiom+agent	insufficient-syntax-evidence	low	accept	conservative syntax review	u|none|low	OK	conservative terminal: no approved syntax evidence
過河拆橋	u	chengyu		china-idiom+agent	insufficient-syntax-evidence	low	accept	conservative syntax review	u|none|low	OK	conservative terminal: no approved syntax evidence
過猶不及	u	chengyu		china-idiom+agent	insufficient-syntax-evidence	low	accept	conservative syntax review	u|none|low	OK	conservative terminal: no approved syntax evidence
過甚其辭	u	chengyu		china-idiom+agent	insufficient-syntax-evidence	low	accept	conservative syntax review	u|none|low	OK	conservative terminal: no approved syntax evidence
過目不忘	u	chengyu		china-idiom+agent	insufficient-syntax-evidence	low	accept	conservative syntax review	u|none|low	OK	conservative terminal: no approved syntax evidence
過目成誦	u	chengyu		china-idiom+agent	insufficient-syntax-evidence	low	accept	conservative syntax review	u|none|low	OK	conservative terminal: no approved syntax evidence
過門不入	u	chengyu		china-idiom+agent	insufficient-syntax-evidence	low	accept	conservative syntax review	u|none|low	OK	conservative terminal: no approved syntax evidence
遐邇聞名	u	chengyu		china-idiom+agent	insufficient-syntax-evidence	low	accept	conservative syntax review	u|none|low	OK	conservative terminal: no approved syntax evidence
道不同不相為謀	u	chengyu		china-idiom+agent	insufficient-syntax-evidence	low	accept	conservative syntax review	u|none|low	OK	conservative terminal: no approved syntax evidence
道不拾遺	u	chengyu		china-idiom+agent	insufficient-syntax-evidence	low	accept	conservative syntax review	u|none|low	OK	conservative terminal: no approved syntax evidence
道學先生	u	chengyu		china-idiom+agent	insufficient-syntax-evidence	low	accept	conservative syntax review	u|none|low	OK	conservative terminal: no approved syntax evidence
道殣相望	u	chengyu		china-idiom+agent	insufficient-syntax-evidence	low	accept	conservative syntax review	u|none|low	OK	conservative terminal: no approved syntax evidence
道聽塗説	u	chengyu		china-idiom+agent	insufficient-syntax-evidence	low	accept	conservative syntax review	u|none|low	OK	conservative terminal: no approved syntax evidence
道聽途説	u	chengyu		china-idiom+agent	insufficient-syntax-evidence	low	accept	conservative syntax review	u|none|low	OK	conservative terminal: no approved syntax evidence
道貌岸然	u	chengyu		china-idiom+agent	insufficient-syntax-evidence	low	accept	conservative syntax review	u|none|low	OK	conservative terminal: no approved syntax evidence
道路以目	u	chengyu		china-idiom+agent	insufficient-syntax-evidence	low	accept	conservative syntax review	u|none|low	OK	conservative terminal: no approved syntax evidence
違天害理	u	chengyu		china-idiom+agent	insufficient-syntax-evidence	low	accept	conservative syntax review	u|none|low	OK	conservative terminal: no approved syntax evidence
違天逆理	u	chengyu		china-idiom+agent	insufficient-syntax-evidence	low	accept	conservative syntax review	u|none|low	OK	conservative terminal: no approved syntax evidence
違強陵弱	u	chengyu		china-idiom+agent	insufficient-syntax-evidence	low	accept	conservative syntax review	u|none|low	OK	conservative terminal: no approved syntax evidence
違時絕俗	u	chengyu		china-idiom+agent	insufficient-syntax-evidence	low	accept	conservative syntax review	u|none|low	OK	conservative terminal: no approved syntax evidence
違法亂紀	u	chengyu		china-idiom+agent	insufficient-syntax-evidence	low	accept	conservative syntax review	u|none|low	OK	conservative terminal: no approved syntax evidence
遠見卓識	u	chengyu		china-idiom+agent	insufficient-syntax-evidence	low	accept	conservative syntax review	u|none|low	OK	conservative terminal: no approved syntax evidence
遠親不如近鄰	u	chengyu		china-idiom+agent	insufficient-syntax-evidence	low	accept	conservative syntax review	u|none|low	OK	conservative terminal: no approved syntax evidence
遠走高飛	u	chengyu		china-idiom+agent	insufficient-syntax-evidence	low	accept	conservative syntax review	u|none|low	OK	conservative terminal: no approved syntax evidence
適得其反	u	chengyu		china-idiom+agent	insufficient-syntax-evidence	low	accept	conservative syntax review	u|none|low	OK	conservative terminal: no approved syntax evidence
遷善改過	u	chengyu		china-idiom+agent	insufficient-syntax-evidence	low	accept	conservative syntax review	u|none|low	OK	conservative terminal: no approved syntax evidence
遷怒於人	u	chengyu		china-idiom+agent	insufficient-syntax-evidence	low	accept	conservative syntax review	u|none|low	OK	conservative terminal: no approved syntax evidence
避世絕俗	u	chengyu		china-idiom+agent	insufficient-syntax-evidence	low	accept	conservative syntax review	u|none|low	OK	conservative terminal: no approved syntax evidence
避禍就福	u	chengyu		china-idiom+agent	insufficient-syntax-evidence	low	accept	conservative syntax review	u|none|low	OK	conservative terminal: no approved syntax evidence
邪不敵正	u	chengyu		china-idiom+agent	insufficient-syntax-evidence	low	accept	conservative syntax review	u|none|low	OK	conservative terminal: no approved syntax evidence
郎才女貌	u	chengyu		china-idiom+agent	insufficient-syntax-evidence	low	accept	conservative syntax review	u|none|low	OK	conservative terminal: no approved syntax evidence
郢書燕説	u	chengyu		china-idiom+agent	insufficient-syntax-evidence	low	accept	conservative syntax review	u|none|low	OK	conservative terminal: no approved syntax evidence
鄭人爭年	u	chengyu		china-idiom+agent	insufficient-syntax-evidence	low	accept	conservative syntax review	u|none|low	OK	conservative terminal: no approved syntax evidence
酒囊飯袋	u	chengyu		china-idiom+agent	insufficient-syntax-evidence	low	accept	conservative syntax review	u|none|low	OK	conservative terminal: no approved syntax evidence
酒後失言	u	chengyu		china-idiom+agent	insufficient-syntax-evidence	low	accept	conservative syntax review	u|none|low	OK	conservative terminal: no approved syntax evidence
酒肉朋友	u	chengyu		china-idiom+agent	insufficient-syntax-evidence	low	accept	conservative syntax review	u|none|low	OK	conservative terminal: no approved syntax evidence
酒逢知己千杯少	u	chengyu		china-idiom+agent	insufficient-syntax-evidence	low	accept	conservative syntax review	u|none|low	OK	conservative terminal: no approved syntax evidence
酸甜苦辣	u	chengyu		china-idiom+agent	insufficient-syntax-evidence	low	accept	conservative syntax review	u|none|low	OK	conservative terminal: no approved syntax evidence
醉生夢死	u	chengyu		china-idiom+agent	insufficient-syntax-evidence	low	accept	conservative syntax review	u|none|low	OK	conservative terminal: no approved syntax evidence
醉翁之意不在酒	u	chengyu		china-idiom+agent	insufficient-syntax-evidence	low	accept	conservative syntax review	u|none|low	OK	conservative terminal: no approved syntax evidence
醜態畢露	u	chengyu		china-idiom+agent	insufficient-syntax-evidence	low	accept	conservative syntax review	u|none|low	OK	conservative terminal: no approved syntax evidence
醜態百出	u	chengyu		china-idiom+agent	insufficient-syntax-evidence	low	accept	conservative syntax review	u|none|low	OK	conservative terminal: no approved syntax evidence
里程碑	u	chengyu		china-idiom+agent	insufficient-syntax-evidence	low	accept	conservative syntax review	u|none|low	OK	conservative terminal: no approved syntax evidence
重於泰山	u	chengyu		china-idiom+agent	insufficient-syntax-evidence	low	accept	conservative syntax review	u|none|low	OK	conservative terminal: no approved syntax evidence
重温舊夢	u	chengyu		china-idiom+agent	insufficient-syntax-evidence	low	accept	conservative syntax review	u|none|low	OK	conservative terminal: no approved syntax evidence
重温舊業	u	chengyu		china-idiom+agent	insufficient-syntax-evidence	low	accept	conservative syntax review	u|none|low	OK	conservative terminal: no approved syntax evidence
重睹天日	u	chengyu		china-idiom+agent	insufficient-syntax-evidence	low	accept	conservative syntax review	u|none|low	OK	conservative terminal: no approved syntax evidence
重賞之下必有勇夫	u	chengyu		china-idiom+agent	clause-without-syntax-slot	low	accept	conservative syntax review	u|none|low	OK	conservative terminal: no approved syntax evidence
重起爐灶	u	chengyu		china-idiom+agent	insufficient-syntax-evidence	low	accept	conservative syntax review	u|none|low	OK	conservative terminal: no approved syntax evidence
量入為出	u	chengyu		china-idiom+agent	insufficient-syntax-evidence	low	accept	conservative syntax review	u|none|low	OK	conservative terminal: no approved syntax evidence
量力而為	u	chengyu		china-idiom+agent	insufficient-syntax-evidence	low	accept	conservative syntax review	u|none|low	OK	conservative terminal: no approved syntax evidence
金剛怒目	u	chengyu		china-idiom+agent	insufficient-syntax-evidence	low	accept	conservative syntax review	u|none|low	OK	conservative terminal: no approved syntax evidence
金字招牌	u	chengyu		china-idiom+agent	insufficient-syntax-evidence	low	accept	conservative syntax review	u|none|low	OK	conservative terminal: no approved syntax evidence
金枝玉葉	u	chengyu		china-idiom+agent	insufficient-syntax-evidence	low	accept	conservative syntax review	u|none|low	OK	conservative terminal: no approved syntax evidence
金玉滿堂	u	chengyu		china-idiom+agent	insufficient-syntax-evidence	low	accept	conservative syntax review	u|none|low	OK	conservative terminal: no approved syntax evidence
金石良言	u	chengyu		china-idiom+agent	insufficient-syntax-evidence	low	accept	conservative syntax review	u|none|low	OK	conservative terminal: no approved syntax evidence
金碧熒煌	u	chengyu		china-idiom+agent	insufficient-syntax-evidence	low	accept	conservative syntax review	u|none|low	OK	conservative terminal: no approved syntax evidence
金蟬脱殼	u	chengyu		china-idiom+agent	insufficient-syntax-evidence	low	accept	conservative syntax review	u|none|low	OK	conservative terminal: no approved syntax evidence
金迷紙醉	u	chengyu		china-idiom+agent	insufficient-syntax-evidence	low	accept	conservative syntax review	u|none|low	OK	conservative terminal: no approved syntax evidence
針鋒相對	u	chengyu		china-idiom+agent	insufficient-syntax-evidence	low	accept	conservative syntax review	u|none|low	OK	conservative terminal: no approved syntax evidence
鈎心鬥角	u	chengyu		china-idiom+agent	insufficient-syntax-evidence	low	accept	conservative syntax review	u|none|low	OK	conservative terminal: no approved syntax evidence
鉅細無遺	u	chengyu		china-idiom+agent	insufficient-syntax-evidence	low	accept	conservative syntax review	u|none|low	OK	conservative terminal: no approved syntax evidence
銀樣蠟槍頭	u	chengyu		china-idiom+agent	insufficient-syntax-evidence	low	accept	conservative syntax review	u|none|low	OK	conservative terminal: no approved syntax evidence
銅牆鐵壁	u	chengyu		china-idiom+agent	insufficient-syntax-evidence	low	accept	conservative syntax review	u|none|low	OK	conservative terminal: no approved syntax evidence
銘心鏤骨	u	chengyu		china-idiom+agent	insufficient-syntax-evidence	low	accept	conservative syntax review	u|none|low	OK	conservative terminal: no approved syntax evidence
鋌而走險	u	chengyu		china-idiom+agent	insufficient-syntax-evidence	low	accept	conservative syntax review	u|none|low	OK	conservative terminal: no approved syntax evidence
鋭不可當	u	chengyu		china-idiom+agent	insufficient-syntax-evidence	low	accept	conservative syntax review	u|none|low	OK	conservative terminal: no approved syntax evidence
錐刀之末	u	chengyu		china-idiom+agent	insufficient-syntax-evidence	low	accept	conservative syntax review	u|none|low	OK	conservative terminal: no approved syntax evidence
錙銖必較	u	chengyu		china-idiom+agent	insufficient-syntax-evidence	low	accept	conservative syntax review	u|none|low	OK	conservative terminal: no approved syntax evidence
錢可通神	u	chengyu		china-idiom+agent	insufficient-syntax-evidence	low	accept	conservative syntax review	u|none|low	OK	conservative terminal: no approved syntax evidence
錦囊妙計	u	chengyu		china-idiom+agent	insufficient-syntax-evidence	low	accept	conservative syntax review	u|none|low	OK	conservative terminal: no approved syntax evidence
錦繡河山	u	chengyu		china-idiom+agent	insufficient-syntax-evidence	low	accept	conservative syntax review	u|none|low	OK	conservative terminal: no approved syntax evidence
錯落不齊	u	chengyu		china-idiom+agent	insufficient-syntax-evidence	low	accept	conservative syntax review	u|none|low	OK	conservative terminal: no approved syntax evidence
錯落有致	u	chengyu		china-idiom+agent	insufficient-syntax-evidence	low	accept	conservative syntax review	u|none|low	OK	conservative terminal: no approved syntax evidence
鍥而不捨	u	chengyu		china-idiom+agent	insufficient-syntax-evidence	low	accept	conservative syntax review	u|none|low	OK	conservative terminal: no approved syntax evidence
鏗鏘有力	u	chengyu		china-idiom+agent	insufficient-syntax-evidence	low	accept	conservative syntax review	u|none|low	OK	conservative terminal: no approved syntax evidence
鐫心銘骨	u	chengyu		china-idiom+agent	insufficient-syntax-evidence	low	accept	conservative syntax review	u|none|low	OK	conservative terminal: no approved syntax evidence
鐫骨銘心	u	chengyu		china-idiom+agent	insufficient-syntax-evidence	low	accept	conservative syntax review	u|none|low	OK	conservative terminal: no approved syntax evidence
鐵嘴鋼牙	u	chengyu		china-idiom+agent	insufficient-syntax-evidence	low	accept	conservative syntax review	u|none|low	OK	conservative terminal: no approved syntax evidence
鐵杵成針	u	chengyu		china-idiom+agent	insufficient-syntax-evidence	low	accept	conservative syntax review	u|none|low	OK	conservative terminal: no approved syntax evidence
鐵案如山	u	chengyu		china-idiom+agent	insufficient-syntax-evidence	low	accept	conservative syntax review	u|none|low	OK	conservative terminal: no approved syntax evidence
鐵樹開花	u	chengyu		china-idiom+agent	insufficient-syntax-evidence	low	accept	conservative syntax review	u|none|low	OK	conservative terminal: no approved syntax evidence
鐵窗風味	u	chengyu		china-idiom+agent	insufficient-syntax-evidence	low	accept	conservative syntax review	u|none|low	OK	conservative terminal: no approved syntax evidence
鐵面無私	u	chengyu		china-idiom+agent	insufficient-syntax-evidence	low	accept	conservative syntax review	u|none|low	OK	conservative terminal: no approved syntax evidence
鑄成大錯	u	chengyu		china-idiom+agent	insufficient-syntax-evidence	low	accept	conservative syntax review	u|none|low	OK	conservative terminal: no approved syntax evidence
鑑往知來	u	chengyu		china-idiom+agent	insufficient-syntax-evidence	low	accept	conservative syntax review	u|none|low	OK	conservative terminal: no approved syntax evidence
鑼鼓喧天	u	chengyu		china-idiom+agent	insufficient-syntax-evidence	low	accept	conservative syntax review	u|none|low	OK	conservative terminal: no approved syntax evidence
鑽堅仰高	u	chengyu		china-idiom+agent	insufficient-syntax-evidence	low	accept	conservative syntax review	u|none|low	OK	conservative terminal: no approved syntax evidence
鑽故紙堆	u	chengyu		china-idiom+agent	insufficient-syntax-evidence	low	accept	conservative syntax review	u|none|low	OK	conservative terminal: no approved syntax evidence
長命富貴	u	chengyu		china-idiom+agent	insufficient-syntax-evidence	low	accept	conservative syntax review	u|none|low	OK	conservative terminal: no approved syntax evidence
長江後浪推前浪	u	chengyu		china-idiom+agent	clause-without-syntax-slot	low	accept	conservative syntax review	u|none|low	OK	conservative terminal: no approved syntax evidence
長生久視	u	chengyu		china-idiom+agent	insufficient-syntax-evidence	low	accept	conservative syntax review	u|none|low	OK	conservative terminal: no approved syntax evidence
長轡遠馭	u	chengyu		china-idiom+agent	insufficient-syntax-evidence	low	accept	conservative syntax review	u|none|low	OK	conservative terminal: no approved syntax evidence
門當户對	u	chengyu		china-idiom+agent	insufficient-syntax-evidence	low	accept	conservative syntax review	u|none|low	OK	conservative terminal: no approved syntax evidence
閉目塞聽	u	chengyu		china-idiom+agent	insufficient-syntax-evidence	low	accept	conservative syntax review	u|none|low	OK	conservative terminal: no approved syntax evidence
閉門卻掃	u	chengyu		china-idiom+agent	insufficient-syntax-evidence	low	accept	conservative syntax review	u|none|low	OK	conservative terminal: no approved syntax evidence
閉門塞竇	u	chengyu		china-idiom+agent	insufficient-syntax-evidence	low	accept	conservative syntax review	u|none|low	OK	conservative terminal: no approved syntax evidence
閉門覓句	u	chengyu		china-idiom+agent	insufficient-syntax-evidence	low	accept	conservative syntax review	u|none|low	OK	conservative terminal: no approved syntax evidence
閉關鎖國	u	chengyu		china-idiom+agent	insufficient-syntax-evidence	low	accept	conservative syntax review	u|none|low	OK	conservative terminal: no approved syntax evidence
開卷有益	u	chengyu		china-idiom+agent	insufficient-syntax-evidence	low	accept	conservative syntax review	u|none|low	OK	conservative terminal: no approved syntax evidence
開台鑼鼓	u	chengyu		china-idiom+agent	insufficient-syntax-evidence	low	accept	conservative syntax review	u|none|low	OK	conservative terminal: no approved syntax evidence
開宗明義	u	chengyu		china-idiom+agent	insufficient-syntax-evidence	low	accept	conservative syntax review	u|none|low	OK	conservative terminal: no approved syntax evidence
開心見誠	u	chengyu		china-idiom+agent	insufficient-syntax-evidence	low	accept	conservative syntax review	u|none|low	OK	conservative terminal: no approved syntax evidence
開誠相見	u	chengyu		china-idiom+agent	insufficient-syntax-evidence	low	accept	conservative syntax review	u|none|low	OK	conservative terminal: no approved syntax evidence
開門七件事	u	chengyu		china-idiom+agent	insufficient-syntax-evidence	low	accept	conservative syntax review	u|none|low	OK	conservative terminal: no approved syntax evidence
開門見山	u	chengyu		china-idiom+agent	insufficient-syntax-evidence	low	accept	conservative syntax review	u|none|low	OK	conservative terminal: no approved syntax evidence
閒情逸致	u	chengyu		china-idiom+agent	insufficient-syntax-evidence	low	accept	conservative syntax review	u|none|low	OK	conservative terminal: no approved syntax evidence
闊步高談	u	chengyu		china-idiom+agent	insufficient-syntax-evidence	low	accept	conservative syntax review	u|none|low	OK	conservative terminal: no approved syntax evidence
關懷備至	u	chengyu		china-idiom+agent	insufficient-syntax-evidence	low	accept	conservative syntax review	u|none|low	OK	conservative terminal: no approved syntax evidence
防不勝防	u	chengyu		china-idiom+agent	insufficient-syntax-evidence	low	accept	conservative syntax review	u|none|low	OK	conservative terminal: no approved syntax evidence
防微杜漸	u	chengyu		china-idiom+agent	insufficient-syntax-evidence	low	accept	conservative syntax review	u|none|low	OK	conservative terminal: no approved syntax evidence
防患於未然	u	chengyu		china-idiom+agent	insufficient-syntax-evidence	low	accept	conservative syntax review	u|none|low	OK	conservative terminal: no approved syntax evidence
防患未萌	u	chengyu		china-idiom+agent	insufficient-syntax-evidence	low	accept	conservative syntax review	u|none|low	OK	conservative terminal: no approved syntax evidence
阿其所好	u	chengyu		china-idiom+agent	insufficient-syntax-evidence	low	accept	conservative syntax review	u|none|low	OK	conservative terminal: no approved syntax evidence
阿狗阿貓	u	chengyu		china-idiom+agent	insufficient-syntax-evidence	low	accept	conservative syntax review	u|none|low	OK	conservative terminal: no approved syntax evidence
阿諛奉承	u	chengyu		china-idiom+agent	insufficient-syntax-evidence	low	accept	conservative syntax review	u|none|low	OK	conservative terminal: no approved syntax evidence
阿諛逢迎	u	chengyu		china-idiom+agent	insufficient-syntax-evidence	low	accept	conservative syntax review	u|none|low	OK	conservative terminal: no approved syntax evidence
附驥尾	u	chengyu		china-idiom+agent	insufficient-syntax-evidence	low	accept	conservative syntax review	u|none|low	OK	conservative terminal: no approved syntax evidence
除惡務盡	u	chengyu		china-idiom+agent	insufficient-syntax-evidence	low	accept	conservative syntax review	u|none|low	OK	conservative terminal: no approved syntax evidence
除暴安良	u	chengyu		china-idiom+agent	insufficient-syntax-evidence	low	accept	conservative syntax review	u|none|low	OK	conservative terminal: no approved syntax evidence
除舊更新	u	chengyu		china-idiom+agent	insufficient-syntax-evidence	low	accept	conservative syntax review	u|none|low	OK	conservative terminal: no approved syntax evidence
陰謀詭計	u	chengyu		china-idiom+agent	insufficient-syntax-evidence	low	accept	conservative syntax review	u|none|low	OK	conservative terminal: no approved syntax evidence
陳規陋習	u	chengyu		china-idiom+agent	insufficient-syntax-evidence	low	accept	conservative syntax review	u|none|low	OK	conservative terminal: no approved syntax evidence
陽奉陰違	u	chengyu		china-idiom+agent	insufficient-syntax-evidence	low	accept	conservative syntax review	u|none|low	OK	conservative terminal: no approved syntax evidence
隔岸觀火	u	chengyu		china-idiom+agent	insufficient-syntax-evidence	low	accept	conservative syntax review	u|none|low	OK	conservative terminal: no approved syntax evidence
隔年皇曆	u	chengyu		china-idiom+agent	insufficient-syntax-evidence	low	accept	conservative syntax review	u|none|low	OK	conservative terminal: no approved syntax evidence
隔行如隔山	u	chengyu		china-idiom+agent	insufficient-syntax-evidence	low	accept	conservative syntax review	u|none|low	OK	conservative terminal: no approved syntax evidence
隨時隨地	u	chengyu		china-idiom+agent	insufficient-syntax-evidence	low	accept	conservative syntax review	u|none|low	OK	conservative terminal: no approved syntax evidence
隨機應變	u	chengyu		china-idiom+agent	insufficient-syntax-evidence	low	accept	conservative syntax review	u|none|low	OK	conservative terminal: no approved syntax evidence
隨波逐流	u	chengyu		china-idiom+agent	insufficient-syntax-evidence	low	accept	conservative syntax review	u|none|low	OK	conservative terminal: no approved syntax evidence
隨緣樂助	u	chengyu		china-idiom+agent	insufficient-syntax-evidence	low	accept	conservative syntax review	u|none|low	OK	conservative terminal: no approved syntax evidence
隨聲附和	u	chengyu		china-idiom+agent	insufficient-syntax-evidence	low	accept	conservative syntax review	u|none|low	OK	conservative terminal: no approved syntax evidence
隨踵而至	u	chengyu		china-idiom+agent	insufficient-syntax-evidence	low	accept	conservative syntax review	u|none|low	OK	conservative terminal: no approved syntax evidence
隨遇而安	u	chengyu		china-idiom+agent	insufficient-syntax-evidence	low	accept	conservative syntax review	u|none|low	OK	conservative terminal: no approved syntax evidence
隨風倒舵	u	chengyu		china-idiom+agent	insufficient-syntax-evidence	low	accept	conservative syntax review	u|none|low	OK	conservative terminal: no approved syntax evidence
險象環生	u	chengyu		china-idiom+agent	insufficient-syntax-evidence	low	accept	conservative syntax review	u|none|low	OK	conservative terminal: no approved syntax evidence
險遭不測	u	chengyu		china-idiom+agent	insufficient-syntax-evidence	low	accept	conservative syntax review	u|none|low	OK	conservative terminal: no approved syntax evidence
隱名埋姓	u	chengyu		china-idiom+agent	insufficient-syntax-evidence	low	accept	conservative syntax review	u|none|low	OK	conservative terminal: no approved syntax evidence
隱姓埋名	u	chengyu		china-idiom+agent	insufficient-syntax-evidence	low	accept	conservative syntax review	u|none|low	OK	conservative terminal: no approved syntax evidence
隱忍不發	u	chengyu		china-idiom+agent	insufficient-syntax-evidence	low	accept	conservative syntax review	u|none|low	OK	conservative terminal: no approved syntax evidence
隱忍不言	u	chengyu		china-idiom+agent	insufficient-syntax-evidence	low	accept	conservative syntax review	u|none|low	OK	conservative terminal: no approved syntax evidence
隱惡揚善	u	chengyu		china-idiom+agent	insufficient-syntax-evidence	low	accept	conservative syntax review	u|none|low	OK	conservative terminal: no approved syntax evidence
隱約其辭	u	chengyu		china-idiom+agent	insufficient-syntax-evidence	low	accept	conservative syntax review	u|none|low	OK	conservative terminal: no approved syntax evidence
隱跡埋名	u	chengyu		china-idiom+agent	insufficient-syntax-evidence	low	accept	conservative syntax review	u|none|low	OK	conservative terminal: no approved syntax evidence
隱隱約約	u	chengyu		china-idiom+agent	insufficient-syntax-evidence	low	accept	conservative syntax review	u|none|low	OK	conservative terminal: no approved syntax evidence
雀屏中選	u	chengyu		china-idiom+agent	insufficient-syntax-evidence	low	accept	conservative syntax review	u|none|low	OK	conservative terminal: no approved syntax evidence
雄心勃勃	u	chengyu		china-idiom+agent	insufficient-syntax-evidence	low	accept	conservative syntax review	u|none|low	OK	conservative terminal: no approved syntax evidence
雌雄未決	u	chengyu		china-idiom+agent	insufficient-syntax-evidence	low	accept	conservative syntax review	u|none|low	OK	conservative terminal: no approved syntax evidence
雍容不迫	u	chengyu		china-idiom+agent	insufficient-syntax-evidence	low	accept	conservative syntax review	u|none|low	OK	conservative terminal: no approved syntax evidence
雍容大度	u	chengyu		china-idiom+agent	insufficient-syntax-evidence	low	accept	conservative syntax review	u|none|low	OK	conservative terminal: no approved syntax evidence
雍容爾雅	u	chengyu		china-idiom+agent	insufficient-syntax-evidence	low	accept	conservative syntax review	u|none|low	OK	conservative terminal: no approved syntax evidence
雕楹碧檻	u	chengyu		china-idiom+agent	insufficient-syntax-evidence	low	accept	conservative syntax review	u|none|low	OK	conservative terminal: no approved syntax evidence
雕蟲小技	u	chengyu		china-idiom+agent	insufficient-syntax-evidence	low	accept	conservative syntax review	u|none|low	OK	conservative terminal: no approved syntax evidence
雕蟲小藝	u	chengyu		china-idiom+agent	insufficient-syntax-evidence	low	accept	conservative syntax review	u|none|low	OK	conservative terminal: no approved syntax evidence
雖死猶生	u	chengyu		china-idiom+agent	insufficient-syntax-evidence	low	accept	conservative syntax review	u|none|low	OK	conservative terminal: no approved syntax evidence
雙喜臨門	u	chengyu		china-idiom+agent	insufficient-syntax-evidence	low	accept	conservative syntax review	u|none|low	OK	conservative terminal: no approved syntax evidence
雙棲雙宿	u	chengyu		china-idiom+agent	insufficient-syntax-evidence	low	accept	conservative syntax review	u|none|low	OK	conservative terminal: no approved syntax evidence
雜亂無章	u	chengyu		china-idiom+agent	insufficient-syntax-evidence	low	accept	conservative syntax review	u|none|low	OK	conservative terminal: no approved syntax evidence
雞犬不寧	u	chengyu		china-idiom+agent	insufficient-syntax-evidence	low	accept	conservative syntax review	u|none|low	OK	conservative terminal: no approved syntax evidence
雞零狗碎	u	chengyu		china-idiom+agent	insufficient-syntax-evidence	low	accept	conservative syntax review	u|none|low	OK	conservative terminal: no approved syntax evidence
雞飛蛋打	u	chengyu		china-idiom+agent	insufficient-syntax-evidence	low	accept	conservative syntax review	u|none|low	OK	conservative terminal: no approved syntax evidence
離經叛道	u	chengyu		china-idiom+agent	insufficient-syntax-evidence	low	accept	conservative syntax review	u|none|low	OK	conservative terminal: no approved syntax evidence
離鄉背井	u	chengyu		china-idiom+agent	insufficient-syntax-evidence	low	accept	conservative syntax review	u|none|low	OK	conservative terminal: no approved syntax evidence
難以為繼	u	chengyu		china-idiom+agent	insufficient-syntax-evidence	low	accept	conservative syntax review	u|none|low	OK	conservative terminal: no approved syntax evidence
難分難解	u	chengyu		china-idiom+agent	insufficient-syntax-evidence	low	accept	conservative syntax review	u|none|low	OK	conservative terminal: no approved syntax evidence
難能可貴	u	chengyu		china-idiom+agent	insufficient-syntax-evidence	low	accept	conservative syntax review	u|none|low	OK	conservative terminal: no approved syntax evidence
難解難分	u	chengyu		china-idiom+agent	insufficient-syntax-evidence	low	accept	conservative syntax review	u|none|low	OK	conservative terminal: no approved syntax evidence
難言之隱	u	chengyu		china-idiom+agent	insufficient-syntax-evidence	low	accept	conservative syntax review	u|none|low	OK	conservative terminal: no approved syntax evidence
雨順風調	u	chengyu		china-idiom+agent	insufficient-syntax-evidence	low	accept	conservative syntax review	u|none|low	OK	conservative terminal: no approved syntax evidence
雲消霧散	u	chengyu		china-idiom+agent	insufficient-syntax-evidence	low	accept	conservative syntax review	u|none|low	OK	conservative terminal: no approved syntax evidence
雲開見日	u	chengyu		china-idiom+agent	insufficient-syntax-evidence	low	accept	conservative syntax review	u|none|low	OK	conservative terminal: no approved syntax evidence
零敲碎打	u	chengyu		china-idiom+agent	insufficient-syntax-evidence	low	accept	conservative syntax review	u|none|low	OK	conservative terminal: no approved syntax evidence
雷打不動	u	chengyu		china-idiom+agent	insufficient-syntax-evidence	low	accept	conservative syntax review	u|none|low	OK	conservative terminal: no approved syntax evidence
雷聲大雨點小	u	chengyu		china-idiom+agent	insufficient-syntax-evidence	low	accept	conservative syntax review	u|none|low	OK	conservative terminal: no approved syntax evidence
電光朝露	u	chengyu		china-idiom+agent	insufficient-syntax-evidence	low	accept	conservative syntax review	u|none|low	OK	conservative terminal: no approved syntax evidence
震天動地	u	chengyu		china-idiom+agent	insufficient-syntax-evidence	low	accept	conservative syntax review	u|none|low	OK	conservative terminal: no approved syntax evidence
震耳欲聾	u	chengyu		china-idiom+agent	insufficient-syntax-evidence	low	accept	conservative syntax review	u|none|low	OK	conservative terminal: no approved syntax evidence
霧裏看花	u	chengyu		china-idiom+agent	insufficient-syntax-evidence	low	accept	conservative syntax review	u|none|low	OK	conservative terminal: no approved syntax evidence
露馬腳	u	chengyu		china-idiom+agent	insufficient-syntax-evidence	low	accept	conservative syntax review	u|none|low	OK	conservative terminal: no approved syntax evidence
青出於藍	u	chengyu		china-idiom+agent	insufficient-syntax-evidence	low	accept	conservative syntax review	u|none|low	OK	conservative terminal: no approved syntax evidence
青出於藍而勝於藍	u	chengyu		china-idiom+agent	insufficient-syntax-evidence	low	accept	conservative syntax review	u|none|low	OK	conservative terminal: no approved syntax evidence
青天白日	u	chengyu		china-idiom+agent	insufficient-syntax-evidence	low	accept	conservative syntax review	u|none|low	OK	conservative terminal: no approved syntax evidence
青天霹靂	u	chengyu		china-idiom+agent	insufficient-syntax-evidence	low	accept	conservative syntax review	u|none|low	OK	conservative terminal: no approved syntax evidence
青梅竹馬	u	chengyu		china-idiom+agent	insufficient-syntax-evidence	low	accept	conservative syntax review	u|none|low	OK	conservative terminal: no approved syntax evidence
青紅皂白	u	chengyu		china-idiom+agent	insufficient-syntax-evidence	low	accept	conservative syntax review	u|none|low	OK	conservative terminal: no approved syntax evidence
青雲直上	u	chengyu		china-idiom+agent	insufficient-syntax-evidence	low	accept	conservative syntax review	u|none|low	OK	conservative terminal: no approved syntax evidence
青面獠牙	u	chengyu		china-idiom+agent	insufficient-syntax-evidence	low	accept	conservative syntax review	u|none|low	OK	conservative terminal: no approved syntax evidence
青黃不接	u	chengyu		china-idiom+agent	insufficient-syntax-evidence	low	accept	conservative syntax review	u|none|low	OK	conservative terminal: no approved syntax evidence
非分之念	u	chengyu		china-idiom+agent	insufficient-syntax-evidence	low	accept	conservative syntax review	u|none|low	OK	conservative terminal: no approved syntax evidence
非分之想	u	chengyu		china-idiom+agent	insufficient-syntax-evidence	low	accept	conservative syntax review	u|none|low	OK	conservative terminal: no approved syntax evidence
非同小可	u	chengyu		china-idiom+agent	insufficient-syntax-evidence	low	accept	conservative syntax review	u|none|low	OK	conservative terminal: no approved syntax evidence
非昔是今	u	chengyu		china-idiom+agent	insufficient-syntax-evidence	low	accept	conservative syntax review	u|none|low	OK	conservative terminal: no approved syntax evidence
非異人任	u	chengyu		china-idiom+agent	insufficient-syntax-evidence	low	accept	conservative syntax review	u|none|low	OK	conservative terminal: no approved syntax evidence
非親非故	u	chengyu		china-idiom+agent	insufficient-syntax-evidence	low	accept	conservative syntax review	u|none|low	OK	conservative terminal: no approved syntax evidence
非驢非馬	u	chengyu		china-idiom+agent	insufficient-syntax-evidence	low	accept	conservative syntax review	u|none|low	OK	conservative terminal: no approved syntax evidence
靡有孑遺	u	chengyu		china-idiom+agent	insufficient-syntax-evidence	low	accept	conservative syntax review	u|none|low	OK	conservative terminal: no approved syntax evidence
靡衣玉食	u	chengyu		china-idiom+agent	insufficient-syntax-evidence	low	accept	conservative syntax review	u|none|low	OK	conservative terminal: no approved syntax evidence
靡靡之樂	u	chengyu		china-idiom+agent	insufficient-syntax-evidence	low	accept	conservative syntax review	u|none|low	OK	conservative terminal: no approved syntax evidence
面不改容	u	chengyu		china-idiom+agent	insufficient-syntax-evidence	low	accept	conservative syntax review	u|none|low	OK	conservative terminal: no approved syntax evidence
面如土色	u	chengyu		china-idiom+agent	insufficient-syntax-evidence	low	accept	conservative syntax review	u|none|low	OK	conservative terminal: no approved syntax evidence
面如灰土	u	chengyu		china-idiom+agent	insufficient-syntax-evidence	low	accept	conservative syntax review	u|none|low	OK	conservative terminal: no approved syntax evidence
面有菜色	u	chengyu		china-idiom+agent	insufficient-syntax-evidence	low	accept	conservative syntax review	u|none|low	OK	conservative terminal: no approved syntax evidence
面目一新	u	chengyu		china-idiom+agent	insufficient-syntax-evidence	low	accept	conservative syntax review	u|none|low	OK	conservative terminal: no approved syntax evidence
面目可憎	u	chengyu		china-idiom+agent	insufficient-syntax-evidence	low	accept	conservative syntax review	u|none|low	OK	conservative terminal: no approved syntax evidence
面紅耳熱	u	chengyu		china-idiom+agent	insufficient-syntax-evidence	low	accept	conservative syntax review	u|none|low	OK	conservative terminal: no approved syntax evidence
面紅耳赤	u	chengyu		china-idiom+agent	insufficient-syntax-evidence	low	accept	conservative syntax review	u|none|low	OK	conservative terminal: no approved syntax evidence
面紅面綠	u	chengyu		china-idiom+agent	insufficient-syntax-evidence	low	accept	conservative syntax review	u|none|low	OK	conservative terminal: no approved syntax evidence
面色如土	u	chengyu		china-idiom+agent	insufficient-syntax-evidence	low	accept	conservative syntax review	u|none|low	OK	conservative terminal: no approved syntax evidence
面面俱到	u	chengyu		china-idiom+agent	insufficient-syntax-evidence	low	accept	conservative syntax review	u|none|low	OK	conservative terminal: no approved syntax evidence
面面俱圓	u	chengyu		china-idiom+agent	insufficient-syntax-evidence	low	accept	conservative syntax review	u|none|low	OK	conservative terminal: no approved syntax evidence
面黃肌瘦	u	chengyu		china-idiom+agent	insufficient-syntax-evidence	low	accept	conservative syntax review	u|none|low	OK	conservative terminal: no approved syntax evidence
革故鼎新	u	chengyu		china-idiom+agent	insufficient-syntax-evidence	low	accept	conservative syntax review	u|none|low	OK	conservative terminal: no approved syntax evidence
革面洗心	u	chengyu		china-idiom+agent	insufficient-syntax-evidence	low	accept	conservative syntax review	u|none|low	OK	conservative terminal: no approved syntax evidence
鞠躬盡力	u	chengyu		china-idiom+agent	insufficient-syntax-evidence	low	accept	conservative syntax review	u|none|low	OK	conservative terminal: no approved syntax evidence
鞭長莫及	u	chengyu		china-idiom+agent	insufficient-syntax-evidence	low	accept	conservative syntax review	u|none|low	OK	conservative terminal: no approved syntax evidence
韋編三絕	u	chengyu		china-idiom+agent	insufficient-syntax-evidence	low	accept	conservative syntax review	u|none|low	OK	conservative terminal: no approved syntax evidence
音容宛在	u	chengyu		china-idiom+agent	insufficient-syntax-evidence	low	accept	conservative syntax review	u|none|low	OK	conservative terminal: no approved syntax evidence
響徹雲霄	u	chengyu		china-idiom+agent	insufficient-syntax-evidence	low	accept	conservative syntax review	u|none|low	OK	conservative terminal: no approved syntax evidence
頂名冒姓	u	chengyu		china-idiom+agent	insufficient-syntax-evidence	low	accept	conservative syntax review	u|none|low	OK	conservative terminal: no approved syntax evidence
頂天立地	u	chengyu		china-idiom+agent	insufficient-syntax-evidence	low	accept	conservative syntax review	u|none|low	OK	conservative terminal: no approved syntax evidence
頂禮膜拜	u	chengyu		china-idiom+agent	insufficient-syntax-evidence	low	accept	conservative syntax review	u|none|low	OK	conservative terminal: no approved syntax evidence
頂門壯户	u	chengyu		china-idiom+agent	insufficient-syntax-evidence	low	accept	conservative syntax review	u|none|low	OK	conservative terminal: no approved syntax evidence
順手牽羊	u	chengyu		china-idiom+agent	insufficient-syntax-evidence	low	accept	conservative syntax review	u|none|low	OK	conservative terminal: no approved syntax evidence
順水推船	u	chengyu		china-idiom+agent	insufficient-syntax-evidence	low	accept	conservative syntax review	u|none|low	OK	conservative terminal: no approved syntax evidence
順風轉舵	u	chengyu		china-idiom+agent	insufficient-syntax-evidence	low	accept	conservative syntax review	u|none|low	OK	conservative terminal: no approved syntax evidence
頓口無言	u	chengyu		china-idiom+agent	insufficient-syntax-evidence	low	accept	conservative syntax review	u|none|low	OK	conservative terminal: no approved syntax evidence
頓挫抑揚	u	chengyu		china-idiom+agent	insufficient-syntax-evidence	low	accept	conservative syntax review	u|none|low	OK	conservative terminal: no approved syntax evidence
頓足不前	u	chengyu		china-idiom+agent	insufficient-syntax-evidence	low	accept	conservative syntax review	u|none|low	OK	conservative terminal: no approved syntax evidence
頓足捶胸	u	chengyu		china-idiom+agent	insufficient-syntax-evidence	low	accept	conservative syntax review	u|none|low	OK	conservative terminal: no approved syntax evidence
頭昏目暈	u	chengyu		china-idiom+agent	insufficient-syntax-evidence	low	accept	conservative syntax review	u|none|low	OK	conservative terminal: no approved syntax evidence
頭昏眼暈	u	chengyu		china-idiom+agent	insufficient-syntax-evidence	low	accept	conservative syntax review	u|none|low	OK	conservative terminal: no approved syntax evidence
頭昏眼暗	u	chengyu		china-idiom+agent	insufficient-syntax-evidence	low	accept	conservative syntax review	u|none|low	OK	conservative terminal: no approved syntax evidence
頭昏腦悶	u	chengyu		china-idiom+agent	insufficient-syntax-evidence	low	accept	conservative syntax review	u|none|low	OK	conservative terminal: no approved syntax evidence
頭昏腦眩	u	chengyu		china-idiom+agent	insufficient-syntax-evidence	low	accept	conservative syntax review	u|none|low	OK	conservative terminal: no approved syntax evidence
頭破血流	u	chengyu		china-idiom+agent	insufficient-syntax-evidence	low	accept	conservative syntax review	u|none|low	OK	conservative terminal: no approved syntax evidence
額手稱慶	u	chengyu		china-idiom+agent	insufficient-syntax-evidence	low	accept	conservative syntax review	u|none|low	OK	conservative terminal: no approved syntax evidence
顛三倒四	u	chengyu		china-idiom+agent	insufficient-syntax-evidence	low	accept	conservative syntax review	u|none|low	OK	conservative terminal: no approved syntax evidence
顛倒是非	u	chengyu		china-idiom+agent	insufficient-syntax-evidence	low	accept	conservative syntax review	u|none|low	OK	conservative terminal: no approved syntax evidence
顛撲不破	u	chengyu		china-idiom+agent	insufficient-syntax-evidence	low	accept	conservative syntax review	u|none|low	OK	conservative terminal: no approved syntax evidence
顛沛流離	u	chengyu		china-idiom+agent	insufficient-syntax-evidence	low	accept	conservative syntax review	u|none|low	OK	conservative terminal: no approved syntax evidence
顧名思義	u	chengyu		china-idiom+agent	insufficient-syntax-evidence	low	accept	conservative syntax review	u|none|low	OK	conservative terminal: no approved syntax evidence
顧小失大	u	chengyu		china-idiom+agent	insufficient-syntax-evidence	low	accept	conservative syntax review	u|none|low	OK	conservative terminal: no approved syntax evidence
顧左右而言他	u	chengyu		china-idiom+agent	insufficient-syntax-evidence	low	accept	conservative syntax review	u|none|low	OK	conservative terminal: no approved syntax evidence
顧影自憐	u	chengyu		china-idiom+agent	insufficient-syntax-evidence	low	accept	conservative syntax review	u|none|low	OK	conservative terminal: no approved syntax evidence
顧盼自雄	u	chengyu		china-idiom+agent	insufficient-syntax-evidence	low	accept	conservative syntax review	u|none|low	OK	conservative terminal: no approved syntax evidence
顯而易見	u	chengyu		china-idiom+agent	insufficient-syntax-evidence	low	accept	conservative syntax review	u|none|low	OK	conservative terminal: no approved syntax evidence
風和日暄	u	chengyu		china-idiom+agent	insufficient-syntax-evidence	low	accept	conservative syntax review	u|none|low	OK	conservative terminal: no approved syntax evidence
風木之悲	u	chengyu		china-idiom+agent	insufficient-syntax-evidence	low	accept	conservative syntax review	u|none|low	OK	conservative terminal: no approved syntax evidence
風流雲散	u	chengyu		china-idiom+agent	insufficient-syntax-evidence	low	accept	conservative syntax review	u|none|low	OK	conservative terminal: no approved syntax evidence
風燭殘年	u	chengyu		china-idiom+agent	insufficient-syntax-evidence	low	accept	conservative syntax review	u|none|low	OK	conservative terminal: no approved syntax evidence
風聲鶴唳	u	chengyu		china-idiom+agent	insufficient-syntax-evidence	low	accept	conservative syntax review	u|none|low	OK	conservative terminal: no approved syntax evidence
風華正茂	u	chengyu		china-idiom+agent	insufficient-syntax-evidence	low	accept	conservative syntax review	u|none|low	OK	conservative terminal: no approved syntax evidence
風調雨順	u	chengyu		china-idiom+agent	insufficient-syntax-evidence	low	accept	conservative syntax review	u|none|low	OK	conservative terminal: no approved syntax evidence
風起雲湧	u	chengyu		china-idiom+agent	insufficient-syntax-evidence	low	accept	conservative syntax review	u|none|low	OK	conservative terminal: no approved syntax evidence
風雨不改	u	chengyu		china-idiom+agent	insufficient-syntax-evidence	low	accept	conservative syntax review	u|none|low	OK	conservative terminal: no approved syntax evidence
風雨同舟	u	chengyu		china-idiom+agent	insufficient-syntax-evidence	low	accept	conservative syntax review	u|none|low	OK	conservative terminal: no approved syntax evidence
風雨晦冥	u	chengyu		china-idiom+agent	insufficient-syntax-evidence	low	accept	conservative syntax review	u|none|low	OK	conservative terminal: no approved syntax evidence
風雨漂搖	u	chengyu		china-idiom+agent	insufficient-syntax-evidence	low	accept	conservative syntax review	u|none|low	OK	conservative terminal: no approved syntax evidence
風雨飄搖	u	chengyu		china-idiom+agent	insufficient-syntax-evidence	low	accept	conservative syntax review	u|none|low	OK	conservative terminal: no approved syntax evidence
風馬牛	u	chengyu		china-idiom+agent	insufficient-syntax-evidence	low	accept	conservative syntax review	u|none|low	OK	conservative terminal: no approved syntax evidence
風馬牛不相及	u	chengyu		china-idiom+agent	insufficient-syntax-evidence	low	accept	conservative syntax review	u|none|low	OK	conservative terminal: no approved syntax evidence
風馳電掣	u	chengyu		china-idiom+agent	insufficient-syntax-evidence	low	accept	conservative syntax review	u|none|low	OK	conservative terminal: no approved syntax evidence
風鬟雨鬢	u	chengyu		china-idiom+agent	insufficient-syntax-evidence	low	accept	conservative syntax review	u|none|low	OK	conservative terminal: no approved syntax evidence
飛揚跋扈	u	chengyu		china-idiom+agent	insufficient-syntax-evidence	low	accept	conservative syntax review	u|none|low	OK	conservative terminal: no approved syntax evidence
飛沙走石	u	chengyu		china-idiom+agent	insufficient-syntax-evidence	low	accept	conservative syntax review	u|none|low	OK	conservative terminal: no approved syntax evidence
飛短流長	u	chengyu		china-idiom+agent	insufficient-syntax-evidence	low	accept	conservative syntax review	u|none|low	OK	conservative terminal: no approved syntax evidence
飛觥走斝	u	chengyu		china-idiom+agent	insufficient-syntax-evidence	low	accept	conservative syntax review	u|none|low	OK	conservative terminal: no approved syntax evidence
飛鷹走馬	u	chengyu		china-idiom+agent	insufficient-syntax-evidence	low	accept	conservative syntax review	u|none|low	OK	conservative terminal: no approved syntax evidence
飛黃騰達	u	chengyu		china-idiom+agent	insufficient-syntax-evidence	low	accept	conservative syntax review	u|none|low	OK	conservative terminal: no approved syntax evidence
食不二味	u	chengyu		china-idiom+agent	insufficient-syntax-evidence	low	accept	conservative syntax review	u|none|low	OK	conservative terminal: no approved syntax evidence
食不充飢	u	chengyu		china-idiom+agent	insufficient-syntax-evidence	low	accept	conservative syntax review	u|none|low	OK	conservative terminal: no approved syntax evidence
食不暇飽	u	chengyu		china-idiom+agent	insufficient-syntax-evidence	low	accept	conservative syntax review	u|none|low	OK	conservative terminal: no approved syntax evidence
食不果腹	u	chengyu		china-idiom+agent	insufficient-syntax-evidence	low	accept	conservative syntax review	u|none|low	OK	conservative terminal: no approved syntax evidence
食不求甘	u	chengyu		china-idiom+agent	insufficient-syntax-evidence	low	accept	conservative syntax review	u|none|low	OK	conservative terminal: no approved syntax evidence
食不甘味	u	chengyu		china-idiom+agent	insufficient-syntax-evidence	low	accept	conservative syntax review	u|none|low	OK	conservative terminal: no approved syntax evidence
食前方丈	u	chengyu		china-idiom+agent	insufficient-syntax-evidence	low	accept	conservative syntax review	u|none|low	OK	conservative terminal: no approved syntax evidence
食古不化	u	chengyu		china-idiom+agent	insufficient-syntax-evidence	low	accept	conservative syntax review	u|none|low	OK	conservative terminal: no approved syntax evidence
食而不化	u	chengyu		china-idiom+agent	insufficient-syntax-evidence	low	accept	conservative syntax review	u|none|low	OK	conservative terminal: no approved syntax evidence
食肉寢皮	u	chengyu		china-idiom+agent	insufficient-syntax-evidence	low	accept	conservative syntax review	u|none|low	OK	conservative terminal: no approved syntax evidence
食親財黑	u	chengyu		china-idiom+agent	insufficient-syntax-evidence	low	accept	conservative syntax review	u|none|low	OK	conservative terminal: no approved syntax evidence
食言而肥	u	chengyu		china-idiom+agent	insufficient-syntax-evidence	low	accept	conservative syntax review	u|none|low	OK	conservative terminal: no approved syntax evidence
飢不擇食	u	chengyu		china-idiom+agent	insufficient-syntax-evidence	low	accept	conservative syntax review	u|none|low	OK	conservative terminal: no approved syntax evidence
飢寒交迫	u	chengyu		china-idiom+agent	insufficient-syntax-evidence	low	accept	conservative syntax review	u|none|low	OK	conservative terminal: no approved syntax evidence
飢腸轆轆	u	chengyu		china-idiom+agent	insufficient-syntax-evidence	low	accept	conservative syntax review	u|none|low	OK	conservative terminal: no approved syntax evidence
飯來開口	u	chengyu		china-idiom+agent	insufficient-syntax-evidence	low	accept	conservative syntax review	u|none|low	OK	conservative terminal: no approved syntax evidence
飯糗茹草	u	chengyu		china-idiom+agent	insufficient-syntax-evidence	low	accept	conservative syntax review	u|none|low	OK	conservative terminal: no approved syntax evidence
飯蔬飲水	u	chengyu		china-idiom+agent	insufficient-syntax-evidence	low	accept	conservative syntax review	u|none|low	OK	conservative terminal: no approved syntax evidence
飲恨吞聲	u	chengyu		china-idiom+agent	insufficient-syntax-evidence	low	accept	conservative syntax review	u|none|low	OK	conservative terminal: no approved syntax evidence
飲恨而終	u	chengyu		china-idiom+agent	insufficient-syntax-evidence	low	accept	conservative syntax review	u|none|low	OK	conservative terminal: no approved syntax evidence
飲水思源	u	chengyu		china-idiom+agent	insufficient-syntax-evidence	low	accept	conservative syntax review	u|none|low	OK	conservative terminal: no approved syntax evidence
飲醇自醉	u	chengyu		china-idiom+agent	insufficient-syntax-evidence	low	accept	conservative syntax review	u|none|low	OK	conservative terminal: no approved syntax evidence
飲馬投錢	u	chengyu		china-idiom+agent	insufficient-syntax-evidence	low	accept	conservative syntax review	u|none|low	OK	conservative terminal: no approved syntax evidence
飲鴆止渴	u	chengyu		china-idiom+agent	insufficient-syntax-evidence	low	accept	conservative syntax review	u|none|low	OK	conservative terminal: no approved syntax evidence
飽以老拳	u	chengyu		china-idiom+agent	insufficient-syntax-evidence	low	accept	conservative syntax review	u|none|low	OK	conservative terminal: no approved syntax evidence
飽暖思淫慾	u	chengyu		china-idiom+agent	insufficient-syntax-evidence	low	accept	conservative syntax review	u|none|low	OK	conservative terminal: no approved syntax evidence
飽經世故	u	chengyu		china-idiom+agent	insufficient-syntax-evidence	low	accept	conservative syntax review	u|none|low	OK	conservative terminal: no approved syntax evidence
飽經憂患	u	chengyu		china-idiom+agent	insufficient-syntax-evidence	low	accept	conservative syntax review	u|none|low	OK	conservative terminal: no approved syntax evidence
飽經風霜	u	chengyu		china-idiom+agent	insufficient-syntax-evidence	low	accept	conservative syntax review	u|none|low	OK	conservative terminal: no approved syntax evidence
飽食終日	u	chengyu		china-idiom+agent	insufficient-syntax-evidence	low	accept	conservative syntax review	u|none|low	OK	conservative terminal: no approved syntax evidence
養兵千日用在一朝	u	chengyu		china-idiom+agent	insufficient-syntax-evidence	low	accept	conservative syntax review	u|none|low	OK	conservative terminal: no approved syntax evidence
養生送死	u	chengyu		china-idiom+agent	insufficient-syntax-evidence	low	accept	conservative syntax review	u|none|low	OK	conservative terminal: no approved syntax evidence
養癰成患	u	chengyu		china-idiom+agent	insufficient-syntax-evidence	low	accept	conservative syntax review	u|none|low	OK	conservative terminal: no approved syntax evidence
養癰貽患	u	chengyu		china-idiom+agent	insufficient-syntax-evidence	low	accept	conservative syntax review	u|none|low	OK	conservative terminal: no approved syntax evidence
養精蓄鋭	u	chengyu		china-idiom+agent	insufficient-syntax-evidence	low	accept	conservative syntax review	u|none|low	OK	conservative terminal: no approved syntax evidence
養虎傷身	u	chengyu		china-idiom+agent	insufficient-syntax-evidence	low	accept	conservative syntax review	u|none|low	OK	conservative terminal: no approved syntax evidence
養虎為患	u	chengyu		china-idiom+agent	insufficient-syntax-evidence	low	accept	conservative syntax review	u|none|low	OK	conservative terminal: no approved syntax evidence
養虎遺患	u	chengyu		china-idiom+agent	insufficient-syntax-evidence	low	accept	conservative syntax review	u|none|low	OK	conservative terminal: no approved syntax evidence
餐風飲露	u	chengyu		china-idiom+agent	insufficient-syntax-evidence	low	accept	conservative syntax review	u|none|low	OK	conservative terminal: no approved syntax evidence
餓死事小失節事大	u	chengyu		china-idiom+agent	clause-without-syntax-slot	low	accept	conservative syntax review	u|none|low	OK	conservative terminal: no approved syntax evidence
餓莩遍野	u	chengyu		china-idiom+agent	insufficient-syntax-evidence	low	accept	conservative syntax review	u|none|low	OK	conservative terminal: no approved syntax evidence
餘響繞梁	u	chengyu		china-idiom+agent	insufficient-syntax-evidence	low	accept	conservative syntax review	u|none|low	OK	conservative terminal: no approved syntax evidence
饒舌調唇	u	chengyu		china-idiom+agent	insufficient-syntax-evidence	low	accept	conservative syntax review	u|none|low	OK	conservative terminal: no approved syntax evidence
饔飧不繼	u	chengyu		china-idiom+agent	insufficient-syntax-evidence	low	accept	conservative syntax review	u|none|low	OK	conservative terminal: no approved syntax evidence
饞涎欲滴	u	chengyu		china-idiom+agent	insufficient-syntax-evidence	low	accept	conservative syntax review	u|none|low	OK	conservative terminal: no approved syntax evidence
首屈一指	u	chengyu		china-idiom+agent	insufficient-syntax-evidence	low	accept	conservative syntax review	u|none|low	OK	conservative terminal: no approved syntax evidence
首當其衝	u	chengyu		china-idiom+agent	insufficient-syntax-evidence	low	accept	conservative syntax review	u|none|low	OK	conservative terminal: no approved syntax evidence
香火不絕	u	chengyu		china-idiom+agent	insufficient-syntax-evidence	low	accept	conservative syntax review	u|none|low	OK	conservative terminal: no approved syntax evidence
香車寶馬	u	chengyu		china-idiom+agent	insufficient-syntax-evidence	low	accept	conservative syntax review	u|none|low	OK	conservative terminal: no approved syntax evidence
馬到功成	u	chengyu		china-idiom+agent	insufficient-syntax-evidence	low	accept	conservative syntax review	u|none|low	OK	conservative terminal: no approved syntax evidence
馬到成功	u	chengyu		china-idiom+agent	insufficient-syntax-evidence	low	accept	conservative syntax review	u|none|low	OK	conservative terminal: no approved syntax evidence
馬前卒	u	chengyu		china-idiom+agent	insufficient-syntax-evidence	low	accept	conservative syntax review	u|none|low	OK	conservative terminal: no approved syntax evidence
馬後炮	u	chengyu		china-idiom+agent	insufficient-syntax-evidence	low	accept	conservative syntax review	u|none|low	OK	conservative terminal: no approved syntax evidence
馬翻人仰	u	chengyu		china-idiom+agent	insufficient-syntax-evidence	low	accept	conservative syntax review	u|none|low	OK	conservative terminal: no approved syntax evidence
馬革裹屍	u	chengyu		china-idiom+agent	insufficient-syntax-evidence	low	accept	conservative syntax review	u|none|low	OK	conservative terminal: no approved syntax evidence
馬首是瞻	u	chengyu		china-idiom+agent	insufficient-syntax-evidence	low	accept	conservative syntax review	u|none|low	OK	conservative terminal: no approved syntax evidence
馬齒徒增	u	chengyu		china-idiom+agent	insufficient-syntax-evidence	low	accept	conservative syntax review	u|none|low	OK	conservative terminal: no approved syntax evidence
馳名中外	u	chengyu		china-idiom+agent	insufficient-syntax-evidence	low	accept	conservative syntax review	u|none|low	OK	conservative terminal: no approved syntax evidence
馳名天下	u	chengyu		china-idiom+agent	insufficient-syntax-evidence	low	accept	conservative syntax review	u|none|low	OK	conservative terminal: no approved syntax evidence
駑馬戀棧	u	chengyu		china-idiom+agent	insufficient-syntax-evidence	low	accept	conservative syntax review	u|none|low	OK	conservative terminal: no approved syntax evidence
駑馬戀棧豆	u	chengyu		china-idiom+agent	insufficient-syntax-evidence	low	accept	conservative syntax review	u|none|low	OK	conservative terminal: no approved syntax evidence
駕輕就熟	u	chengyu		china-idiom+agent	insufficient-syntax-evidence	low	accept	conservative syntax review	u|none|low	OK	conservative terminal: no approved syntax evidence
駕鶴西遊	u	chengyu		china-idiom+agent	insufficient-syntax-evidence	low	accept	conservative syntax review	u|none|low	OK	conservative terminal: no approved syntax evidence
駟不及舌	u	chengyu		china-idiom+agent	insufficient-syntax-evidence	low	accept	conservative syntax review	u|none|low	OK	conservative terminal: no approved syntax evidence
駢拇枝指	u	chengyu		china-idiom+agent	insufficient-syntax-evidence	low	accept	conservative syntax review	u|none|low	OK	conservative terminal: no approved syntax evidence
駱驛不絕	u	chengyu		china-idiom+agent	insufficient-syntax-evidence	low	accept	conservative syntax review	u|none|low	OK	conservative terminal: no approved syntax evidence
騎虎難下	u	chengyu		china-idiom+agent	insufficient-syntax-evidence	low	accept	conservative syntax review	u|none|low	OK	conservative terminal: no approved syntax evidence
騎驢覓驢	u	chengyu		china-idiom+agent	insufficient-syntax-evidence	low	accept	conservative syntax review	u|none|low	OK	conservative terminal: no approved syntax evidence
騰蛟起鳳	u	chengyu		china-idiom+agent	insufficient-syntax-evidence	low	accept	conservative syntax review	u|none|low	OK	conservative terminal: no approved syntax evidence
驕奢淫佚	u	chengyu		china-idiom+agent	insufficient-syntax-evidence	low	accept	conservative syntax review	u|none|low	OK	conservative terminal: no approved syntax evidence
驕奢淫逸	u	chengyu		china-idiom+agent	insufficient-syntax-evidence	low	accept	conservative syntax review	u|none|low	OK	conservative terminal: no approved syntax evidence
驚喜若狂	u	chengyu		china-idiom+agent	insufficient-syntax-evidence	low	accept	conservative syntax review	u|none|low	OK	conservative terminal: no approved syntax evidence
驚天動地	u	chengyu		china-idiom+agent	insufficient-syntax-evidence	low	accept	conservative syntax review	u|none|low	OK	conservative terminal: no approved syntax evidence
驚天地泣鬼神	u	chengyu		china-idiom+agent	insufficient-syntax-evidence	low	accept	conservative syntax review	u|none|low	OK	conservative terminal: no approved syntax evidence
驚師動眾	u	chengyu		china-idiom+agent	insufficient-syntax-evidence	low	accept	conservative syntax review	u|none|low	OK	conservative terminal: no approved syntax evidence
驚弓之鳥	u	chengyu		china-idiom+agent	insufficient-syntax-evidence	low	accept	conservative syntax review	u|none|low	OK	conservative terminal: no approved syntax evidence
驚心動魄	u	chengyu		china-idiom+agent	insufficient-syntax-evidence	low	accept	conservative syntax review	u|none|low	OK	conservative terminal: no approved syntax evidence
驚恐失色	u	chengyu		china-idiom+agent	insufficient-syntax-evidence	low	accept	conservative syntax review	u|none|low	OK	conservative terminal: no approved syntax evidence
驚惶失措	u	chengyu		china-idiom+agent	insufficient-syntax-evidence	low	accept	conservative syntax review	u|none|low	OK	conservative terminal: no approved syntax evidence
驚惶失色	u	chengyu		china-idiom+agent	insufficient-syntax-evidence	low	accept	conservative syntax review	u|none|low	OK	conservative terminal: no approved syntax evidence
驚慌失色	u	chengyu		china-idiom+agent	insufficient-syntax-evidence	low	accept	conservative syntax review	u|none|low	OK	conservative terminal: no approved syntax evidence
驚濤駭浪	u	chengyu		china-idiom+agent	insufficient-syntax-evidence	low	accept	conservative syntax review	u|none|low	OK	conservative terminal: no approved syntax evidence
驚羣動眾	u	chengyu		china-idiom+agent	insufficient-syntax-evidence	low	accept	conservative syntax review	u|none|low	OK	conservative terminal: no approved syntax evidence
驚風駭浪	u	chengyu		china-idiom+agent	insufficient-syntax-evidence	low	accept	conservative syntax review	u|none|low	OK	conservative terminal: no approved syntax evidence
驚魂未定	u	chengyu		china-idiom+agent	insufficient-syntax-evidence	low	accept	conservative syntax review	u|none|low	OK	conservative terminal: no approved syntax evidence
驢唇不對馬嘴	u	chengyu		china-idiom+agent	insufficient-syntax-evidence	low	accept	conservative syntax review	u|none|low	OK	conservative terminal: no approved syntax evidence
驢唇馬嘴	u	chengyu		china-idiom+agent	insufficient-syntax-evidence	low	accept	conservative syntax review	u|none|low	OK	conservative terminal: no approved syntax evidence
驢心狗肺	u	chengyu		china-idiom+agent	insufficient-syntax-evidence	low	accept	conservative syntax review	u|none|low	OK	conservative terminal: no approved syntax evidence
驪黃牝牡	u	chengyu		china-idiom+agent	insufficient-syntax-evidence	low	accept	conservative syntax review	u|none|low	OK	conservative terminal: no approved syntax evidence
骨肉相連	u	chengyu		china-idiom+agent	insufficient-syntax-evidence	low	accept	conservative syntax review	u|none|low	OK	conservative terminal: no approved syntax evidence
骨肉至親	u	chengyu		china-idiom+agent	insufficient-syntax-evidence	low	accept	conservative syntax review	u|none|low	OK	conservative terminal: no approved syntax evidence
骨鯁之臣	u	chengyu		china-idiom+agent	insufficient-syntax-evidence	low	accept	conservative syntax review	u|none|low	OK	conservative terminal: no approved syntax evidence
骨鯁在喉	u	chengyu		china-idiom+agent	insufficient-syntax-evidence	low	accept	conservative syntax review	u|none|low	OK	conservative terminal: no approved syntax evidence
體大思精	u	chengyu		china-idiom+agent	insufficient-syntax-evidence	low	accept	conservative syntax review	u|none|low	OK	conservative terminal: no approved syntax evidence
體恤入微	u	chengyu		china-idiom+agent	insufficient-syntax-evidence	low	accept	conservative syntax review	u|none|low	OK	conservative terminal: no approved syntax evidence
體貼入微	u	chengyu		china-idiom+agent	insufficient-syntax-evidence	low	accept	conservative syntax review	u|none|low	OK	conservative terminal: no approved syntax evidence
高不成低不就	u	chengyu		china-idiom+agent	insufficient-syntax-evidence	low	accept	conservative syntax review	u|none|low	OK	conservative terminal: no approved syntax evidence
高城深池	u	chengyu		china-idiom+agent	insufficient-syntax-evidence	low	accept	conservative syntax review	u|none|low	OK	conservative terminal: no approved syntax evidence
高官厚祿	u	chengyu		china-idiom+agent	insufficient-syntax-evidence	low	accept	conservative syntax review	u|none|low	OK	conservative terminal: no approved syntax evidence
高官顯爵	u	chengyu		china-idiom+agent	insufficient-syntax-evidence	low	accept	conservative syntax review	u|none|low	OK	conservative terminal: no approved syntax evidence
高情厚誼	u	chengyu		china-idiom+agent	insufficient-syntax-evidence	low	accept	conservative syntax review	u|none|low	OK	conservative terminal: no approved syntax evidence
高歌猛進	u	chengyu		china-idiom+agent	insufficient-syntax-evidence	low	accept	conservative syntax review	u|none|low	OK	conservative terminal: no approved syntax evidence
高瞻遠矚	u	chengyu		china-idiom+agent	insufficient-syntax-evidence	low	accept	conservative syntax review	u|none|low	OK	conservative terminal: no approved syntax evidence
高舉遠蹈	u	chengyu		china-idiom+agent	insufficient-syntax-evidence	low	accept	conservative syntax review	u|none|low	OK	conservative terminal: no approved syntax evidence
高視闊步	u	chengyu		china-idiom+agent	insufficient-syntax-evidence	low	accept	conservative syntax review	u|none|low	OK	conservative terminal: no approved syntax evidence
高陽酒徒	u	chengyu		china-idiom+agent	insufficient-syntax-evidence	low	accept	conservative syntax review	u|none|low	OK	conservative terminal: no approved syntax evidence
高風亮節	u	chengyu		china-idiom+agent	insufficient-syntax-evidence	low	accept	conservative syntax review	u|none|low	OK	conservative terminal: no approved syntax evidence
高風峻節	u	chengyu		china-idiom+agent	insufficient-syntax-evidence	low	accept	conservative syntax review	u|none|low	OK	conservative terminal: no approved syntax evidence
高飛遠走	u	chengyu		china-idiom+agent	insufficient-syntax-evidence	low	accept	conservative syntax review	u|none|low	OK	conservative terminal: no approved syntax evidence
髮指眥裂	u	chengyu		china-idiom+agent	insufficient-syntax-evidence	low	accept	conservative syntax review	u|none|low	OK	conservative terminal: no approved syntax evidence
鬥志昂揚	u	chengyu		china-idiom+agent	insufficient-syntax-evidence	low	accept	conservative syntax review	u|none|low	OK	conservative terminal: no approved syntax evidence
鬥雞走馬	u	chengyu		china-idiom+agent	insufficient-syntax-evidence	low	accept	conservative syntax review	u|none|low	OK	conservative terminal: no approved syntax evidence
鬨堂大笑	u	chengyu		china-idiom+agent	insufficient-syntax-evidence	low	accept	conservative syntax review	u|none|low	OK	conservative terminal: no approved syntax evidence
鬱鬱不樂	u	chengyu		china-idiom+agent	insufficient-syntax-evidence	low	accept	conservative syntax review	u|none|low	OK	conservative terminal: no approved syntax evidence
鬱鬱寡歡	u	chengyu		china-idiom+agent	insufficient-syntax-evidence	low	accept	conservative syntax review	u|none|low	OK	conservative terminal: no approved syntax evidence
鬱鬱葱葱	u	chengyu		china-idiom+agent	insufficient-syntax-evidence	low	accept	conservative syntax review	u|none|low	OK	conservative terminal: no approved syntax evidence
鬼出電入	u	chengyu		china-idiom+agent	insufficient-syntax-evidence	low	accept	conservative syntax review	u|none|low	OK	conservative terminal: no approved syntax evidence
鬼哭狼嗥	u	chengyu		china-idiom+agent	insufficient-syntax-evidence	low	accept	conservative syntax review	u|none|low	OK	conservative terminal: no approved syntax evidence
鬼哭神號	u	chengyu		china-idiom+agent	insufficient-syntax-evidence	low	accept	conservative syntax review	u|none|low	OK	conservative terminal: no approved syntax evidence
鬼怕惡人	u	chengyu		china-idiom+agent	insufficient-syntax-evidence	low	accept	conservative syntax review	u|none|low	OK	conservative terminal: no approved syntax evidence
鬼斧神工	u	chengyu		china-idiom+agent	insufficient-syntax-evidence	low	accept	conservative syntax review	u|none|low	OK	conservative terminal: no approved syntax evidence
鬼計多端	u	chengyu		china-idiom+agent	insufficient-syntax-evidence	low	accept	conservative syntax review	u|none|low	OK	conservative terminal: no approved syntax evidence
鬼迷心竅	u	chengyu		china-idiom+agent	insufficient-syntax-evidence	low	accept	conservative syntax review	u|none|low	OK	conservative terminal: no approved syntax evidence
鬼頭鬼腦	u	chengyu		china-idiom+agent	insufficient-syntax-evidence	low	accept	conservative syntax review	u|none|low	OK	conservative terminal: no approved syntax evidence
魂不守舍	u	chengyu		china-idiom+agent	insufficient-syntax-evidence	low	accept	conservative syntax review	u|none|low	OK	conservative terminal: no approved syntax evidence
魂牽夢縈	u	chengyu		china-idiom+agent	insufficient-syntax-evidence	low	accept	conservative syntax review	u|none|low	OK	conservative terminal: no approved syntax evidence
魚沉雁杳	u	chengyu		china-idiom+agent	insufficient-syntax-evidence	low	accept	conservative syntax review	u|none|low	OK	conservative terminal: no approved syntax evidence
魚貫而入	u	chengyu		china-idiom+agent	insufficient-syntax-evidence	low	accept	conservative syntax review	u|none|low	OK	conservative terminal: no approved syntax evidence
魚龍曼衍	u	chengyu		china-idiom+agent	insufficient-syntax-evidence	low	accept	conservative syntax review	u|none|low	OK	conservative terminal: no approved syntax evidence
魚龍混雜	u	chengyu		china-idiom+agent	insufficient-syntax-evidence	low	accept	conservative syntax review	u|none|low	OK	conservative terminal: no approved syntax evidence
魯莽滅裂	u	chengyu		china-idiom+agent	insufficient-syntax-evidence	low	accept	conservative syntax review	u|none|low	OK	conservative terminal: no approved syntax evidence
鮮衣美食	u	chengyu		china-idiom+agent	insufficient-syntax-evidence	low	accept	conservative syntax review	u|none|low	OK	conservative terminal: no approved syntax evidence
鮮車怒馬	u	chengyu		china-idiom+agent	insufficient-syntax-evidence	low	accept	conservative syntax review	u|none|low	OK	conservative terminal: no approved syntax evidence
鯉魚跳龍門	u	chengyu		china-idiom+agent	insufficient-syntax-evidence	low	accept	conservative syntax review	u|none|low	OK	conservative terminal: no approved syntax evidence
鱗次櫛比	u	chengyu		china-idiom+agent	insufficient-syntax-evidence	low	accept	conservative syntax review	u|none|low	OK	conservative terminal: no approved syntax evidence
鳥獸散	u	chengyu		china-idiom+agent	insufficient-syntax-evidence	low	accept	conservative syntax review	u|none|low	OK	conservative terminal: no approved syntax evidence
鳳舞龍飛	u	chengyu		china-idiom+agent	insufficient-syntax-evidence	low	accept	conservative syntax review	u|none|low	OK	conservative terminal: no approved syntax evidence
鳴冤叫屈	u	chengyu		china-idiom+agent	insufficient-syntax-evidence	low	accept	conservative syntax review	u|none|low	OK	conservative terminal: no approved syntax evidence
鳴金收軍	u	chengyu		china-idiom+agent	insufficient-syntax-evidence	low	accept	conservative syntax review	u|none|low	OK	conservative terminal: no approved syntax evidence
鳴鑼開道	u	chengyu		china-idiom+agent	insufficient-syntax-evidence	low	accept	conservative syntax review	u|none|low	OK	conservative terminal: no approved syntax evidence
鴻毛泰山	u	chengyu		china-idiom+agent	insufficient-syntax-evidence	low	accept	conservative syntax review	u|none|low	OK	conservative terminal: no approved syntax evidence
鴻雁哀鳴	u	chengyu		china-idiom+agent	insufficient-syntax-evidence	low	accept	conservative syntax review	u|none|low	OK	conservative terminal: no approved syntax evidence
鴻飛冥冥	u	chengyu		china-idiom+agent	insufficient-syntax-evidence	low	accept	conservative syntax review	u|none|low	OK	conservative terminal: no approved syntax evidence
鵝行鴨步	u	chengyu		china-idiom+agent	insufficient-syntax-evidence	low	accept	conservative syntax review	u|none|low	OK	conservative terminal: no approved syntax evidence
鵬程萬里	u	chengyu		china-idiom+agent	insufficient-syntax-evidence	low	accept	conservative syntax review	u|none|low	OK	conservative terminal: no approved syntax evidence
鶴立雞羣	u	chengyu		china-idiom+agent	insufficient-syntax-evidence	low	accept	conservative syntax review	u|none|low	OK	conservative terminal: no approved syntax evidence
鶴髮童顏	u	chengyu		china-idiom+agent	insufficient-syntax-evidence	low	accept	conservative syntax review	u|none|low	OK	conservative terminal: no approved syntax evidence
鷹擊長空	u	chengyu		china-idiom+agent	insufficient-syntax-evidence	low	accept	conservative syntax review	u|none|low	OK	conservative terminal: no approved syntax evidence
鷹鼻鷂眼	u	chengyu		china-idiom+agent	insufficient-syntax-evidence	low	accept	conservative syntax review	u|none|low	OK	conservative terminal: no approved syntax evidence
鸞翔鳳翥	u	chengyu		china-idiom+agent	insufficient-syntax-evidence	low	accept	conservative syntax review	u|none|low	OK	conservative terminal: no approved syntax evidence
鸞翔鳳集	u	chengyu		china-idiom+agent	insufficient-syntax-evidence	low	accept	conservative syntax review	u|none|low	OK	conservative terminal: no approved syntax evidence
鸞飄鳳泊	u	chengyu		china-idiom+agent	insufficient-syntax-evidence	low	accept	conservative syntax review	u|none|low	OK	conservative terminal: no approved syntax evidence
鹿死誰手	u	chengyu		china-idiom+agent	insufficient-syntax-evidence	low	accept	conservative syntax review	u|none|low	OK	conservative terminal: no approved syntax evidence
麟角鳳毛	u	chengyu		china-idiom+agent	insufficient-syntax-evidence	low	accept	conservative syntax review	u|none|low	OK	conservative terminal: no approved syntax evidence
麻痹大意	u	chengyu		china-idiom+agent	insufficient-syntax-evidence	low	accept	conservative syntax review	u|none|low	OK	conservative terminal: no approved syntax evidence
黃台之瓜	u	chengyu		china-idiom+agent	insufficient-syntax-evidence	low	accept	conservative syntax review	u|none|low	OK	conservative terminal: no approved syntax evidence
黃梁一夢	u	chengyu		china-idiom+agent	insufficient-syntax-evidence	low	accept	conservative syntax review	u|none|low	OK	conservative terminal: no approved syntax evidence
黃鐘譭棄瓦釜雷鳴	u	chengyu		china-idiom+agent	clause-without-syntax-slot	low	accept	conservative syntax review	u|none|low	OK	conservative terminal: no approved syntax evidence
黑天半夜	u	chengyu		china-idiom+agent	insufficient-syntax-evidence	low	accept	conservative syntax review	u|none|low	OK	conservative terminal: no approved syntax evidence
黑燈下火	u	chengyu		china-idiom+agent	insufficient-syntax-evidence	low	accept	conservative syntax review	u|none|low	OK	conservative terminal: no approved syntax evidence
黑燈瞎火	u	chengyu		china-idiom+agent	insufficient-syntax-evidence	low	accept	conservative syntax review	u|none|low	OK	conservative terminal: no approved syntax evidence
黔驢技窮	u	chengyu		china-idiom+agent	insufficient-syntax-evidence	low	accept	conservative syntax review	u|none|low	OK	conservative terminal: no approved syntax evidence
點金成鐵	u	chengyu		china-idiom+agent	insufficient-syntax-evidence	low	accept	conservative syntax review	u|none|low	OK	conservative terminal: no approved syntax evidence
點鐵成金	u	chengyu		china-idiom+agent	insufficient-syntax-evidence	low	accept	conservative syntax review	u|none|low	OK	conservative terminal: no approved syntax evidence
點頭咂嘴	u	chengyu		china-idiom+agent	insufficient-syntax-evidence	low	accept	conservative syntax review	u|none|low	OK	conservative terminal: no approved syntax evidence
黯然銷魂	u	chengyu		china-idiom+agent	insufficient-syntax-evidence	low	accept	conservative syntax review	u|none|low	OK	conservative terminal: no approved syntax evidence
鼎鼎大名	u	chengyu		china-idiom+agent	insufficient-syntax-evidence	low	accept	conservative syntax review	u|none|low	OK	conservative terminal: no approved syntax evidence
鼓盆之戚	u	chengyu		china-idiom+agent	insufficient-syntax-evidence	low	accept	conservative syntax review	u|none|low	OK	conservative terminal: no approved syntax evidence
鼠竊狗盜	u	chengyu		china-idiom+agent	insufficient-syntax-evidence	low	accept	conservative syntax review	u|none|low	OK	conservative terminal: no approved syntax evidence
鼠肚雞腸	u	chengyu		china-idiom+agent	insufficient-syntax-evidence	low	accept	conservative syntax review	u|none|low	OK	conservative terminal: no approved syntax evidence
齊大非偶	u	chengyu		china-idiom+agent	insufficient-syntax-evidence	low	accept	conservative syntax review	u|none|low	OK	conservative terminal: no approved syntax evidence
齊心協力	u	chengyu		china-idiom+agent	insufficient-syntax-evidence	low	accept	conservative syntax review	u|none|low	OK	conservative terminal: no approved syntax evidence
齊心戮力	u	chengyu		china-idiom+agent	insufficient-syntax-evidence	low	accept	conservative syntax review	u|none|low	OK	conservative terminal: no approved syntax evidence
龍吟虎嘯	u	chengyu		china-idiom+agent	insufficient-syntax-evidence	low	accept	conservative syntax review	u|none|low	OK	conservative terminal: no approved syntax evidence
龍爭虎鬥	u	chengyu		china-idiom+agent	insufficient-syntax-evidence	low	accept	conservative syntax review	u|none|low	OK	conservative terminal: no approved syntax evidence
龍精虎猛	u	chengyu		china-idiom+agent	insufficient-syntax-evidence	low	accept	conservative syntax review	u|none|low	OK	conservative terminal: no approved syntax evidence
龍肝鳳髓	u	chengyu		china-idiom+agent	insufficient-syntax-evidence	low	accept	conservative syntax review	u|none|low	OK	conservative terminal: no approved syntax evidence
龍蟠鳳逸	u	chengyu		china-idiom+agent	insufficient-syntax-evidence	low	accept	conservative syntax review	u|none|low	OK	conservative terminal: no approved syntax evidence
龍行虎步	u	chengyu		china-idiom+agent	insufficient-syntax-evidence	low	accept	conservative syntax review	u|none|low	OK	conservative terminal: no approved syntax evidence
龍躍鳳鳴	u	chengyu		china-idiom+agent	insufficient-syntax-evidence	low	accept	conservative syntax review	u|none|low	OK	conservative terminal: no approved syntax evidence
龍駒鳳雛	u	chengyu		china-idiom+agent	insufficient-syntax-evidence	low	accept	conservative syntax review	u|none|low	OK	conservative terminal: no approved syntax evidence
龍騰虎躍	u	chengyu		china-idiom+agent	insufficient-syntax-evidence	low	accept	conservative syntax review	u|none|low	OK	conservative terminal: no approved syntax evidence
龍驤虎視	u	chengyu		china-idiom+agent	insufficient-syntax-evidence	low	accept	conservative syntax review	u|none|low	OK	conservative terminal: no approved syntax evidence
龐然大物	u	chengyu		china-idiom+agent	insufficient-syntax-evidence	low	accept	conservative syntax review	u|none|low	OK	conservative terminal: no approved syntax evidence
兔死狗烹	v	chengyu	passive	china-idiom+agent	fixed-patient-definition	high	accept	conservative syntax review	v|passive|high	OK	explicit syntax or semantic-head evidence
助人為樂	v	chengyu		china-idiom+agent	action-definition	high	accept	conservative syntax review	v|none|high	OK	explicit syntax or semantic-head evidence
尋根究底	v	chengyu		china-idiom+agent	action-definition	high	accept	conservative syntax review	v|none|high	OK	explicit syntax or semantic-head evidence
廢寢忘餐	v	chengyu		china-idiom+agent	action-definition	high	accept	conservative syntax review	v|none|high	OK	explicit syntax or semantic-head evidence
東躲西跑	v	chengyu		china-idiom+agent	agent-reviewed-override	high	accept	conservative syntax review	v|none|high	OK	explicit syntax or semantic-head evidence
橫生枝節	v	chengyu		china-idiom+agent	agent-reviewed-override	high	accept	conservative syntax review	v|none|high	OK	explicit syntax or semantic-head evidence
瓜剖豆分	v	chengyu	passive	china-idiom+agent	fixed-patient-definition	high	accept	conservative syntax review	v|passive|high	OK	explicit syntax or semantic-head evidence
風吹雨打	v	chengyu	passive	china-idiom+agent	fixed-patient-definition	high	accept	conservative syntax review	v|passive|high	OK	explicit syntax or semantic-head evidence
口頭禪	x	chengyu		china-idiom+agent	formula-definition	high	accept	conservative syntax review	x|none|high	OK	explicit syntax or semantic-head evidence
