literal	pos	family	voice	source	evidence	confidence	verdict	review_note
一丁不識	u	chengyu		china-idiom+agent	insufficient-syntax-evidence	low	accept	conservative syntax review
一不做二不休	u	chengyu		china-idiom+agent	insufficient-syntax-evidence	low	accept	conservative syntax review
一乾二淨	a	chengyu		china-idiom+agent	state-definition;example-result-state	high	accept	conservative syntax review
一了百了	u	chengyu		china-idiom+agent	insufficient-syntax-evidence	low	accept	conservative syntax review
一介不取	u	chengyu		china-idiom+agent	insufficient-syntax-evidence	low	accept	conservative syntax review
一代不如一代	u	chengyu		china-idiom+agent	insufficient-syntax-evidence	low	accept	conservative syntax review
一個巴掌拍不響	u	chengyu		china-idiom+agent	clause-without-syntax-slot	low	accept	conservative syntax review
一個蘿蔔一個坑	u	chengyu		china-idiom+agent	insufficient-syntax-evidence	low	accept	conservative syntax review
一刀切	n,v	chengyu		china-idiom+agent	agent-reviewed-override	high	accept	conservative syntax review
一分一毫	n	chengyu		china-idiom+agent	agent-reviewed-override	high	accept	conservative syntax review
一分為二	u	chengyu		china-idiom+agent	insufficient-syntax-evidence	low	accept	conservative syntax review
一分耕耘一分收穫	u	chengyu		china-idiom+agent	insufficient-syntax-evidence	low	accept	conservative syntax review
一刻千金	u	chengyu		china-idiom+agent	insufficient-syntax-evidence	low	accept	conservative syntax review
一動不如一靜	u	chengyu		china-idiom+agent	insufficient-syntax-evidence	low	accept	conservative syntax review
一去不復返	u	chengyu		china-idiom+agent	insufficient-syntax-evidence	low	accept	conservative syntax review
一反常態	a	chengyu		china-idiom+agent	state-definition	high	accept	conservative syntax review
一呼百應	u	chengyu		china-idiom+agent	insufficient-syntax-evidence	low	accept	conservative syntax review
一命歸西	v	chengyu		china-idiom+agent	action-definition	high	accept	conservative syntax review
一問三不知	u	chengyu		china-idiom+agent	insufficient-syntax-evidence	low	accept	conservative syntax review
一國三公	u	chengyu		china-idiom+agent	insufficient-syntax-evidence	low	accept	conservative syntax review
一團漆黑	u	chengyu		china-idiom+agent	insufficient-syntax-evidence	low	accept	conservative syntax review
一塌糊塗	u	chengyu		china-idiom+agent	insufficient-syntax-evidence	low	accept	conservative syntax review
一夔已足	u	chengyu		china-idiom+agent	insufficient-syntax-evidence	low	accept	conservative syntax review
一天一地	u	chengyu		china-idiom+agent	insufficient-syntax-evidence	low	accept	conservative syntax review
一失足成千古恨	u	chengyu		china-idiom+agent	insufficient-syntax-evidence	low	accept	conservative syntax review
一字之師	n	chengyu		china-idiom+agent	nominal-slot-or-referent	high	accept	conservative syntax review
一字千金	u	chengyu		china-idiom+agent	insufficient-syntax-evidence	low	accept	conservative syntax review
一字褒貶	u	chengyu		china-idiom+agent	insufficient-syntax-evidence	low	accept	conservative syntax review
一定之規	u	chengyu		china-idiom+agent	insufficient-syntax-evidence	low	accept	conservative syntax review
一寸光陰一寸金	u	chengyu		china-idiom+agent	insufficient-syntax-evidence	low	accept	conservative syntax review
一年半載	u	chengyu		china-idiom+agent	insufficient-syntax-evidence	low	accept	conservative syntax review
一式一樣	a	chengyu		china-idiom+agent	state-definition	high	accept	conservative syntax review
一彈指頃	u	chengyu		china-idiom+agent	insufficient-syntax-evidence	low	accept	conservative syntax review
一往情深	u	chengyu		china-idiom+agent	insufficient-syntax-evidence	low	accept	conservative syntax review
一往直前	u	chengyu		china-idiom+agent	insufficient-syntax-evidence	low	accept	conservative syntax review
一得之功	u	chengyu		china-idiom+agent	insufficient-syntax-evidence	low	accept	conservative syntax review
一念之差	u	chengyu		china-idiom+agent	insufficient-syntax-evidence	low	accept	conservative syntax review
一息尚存	u	chengyu		china-idiom+agent	insufficient-syntax-evidence	low	accept	conservative syntax review
一手包辦	u	chengyu		china-idiom+agent	insufficient-syntax-evidence	low	accept	conservative syntax review
一技之長	u	chengyu		china-idiom+agent	insufficient-syntax-evidence	low	accept	conservative syntax review
一把死拿	u	chengyu		china-idiom+agent	insufficient-syntax-evidence	low	accept	conservative syntax review
一拍即合	u	chengyu		china-idiom+agent	insufficient-syntax-evidence	low	accept	conservative syntax review
一搭一檔	u	chengyu		china-idiom+agent	insufficient-syntax-evidence	low	accept	conservative syntax review
一擲千金	u	chengyu		china-idiom+agent	insufficient-syntax-evidence	low	accept	conservative syntax review
一改故轍	u	chengyu		china-idiom+agent	insufficient-syntax-evidence	low	accept	conservative syntax review
一日三秋	u	chengyu		china-idiom+agent	insufficient-syntax-evidence	low	accept	conservative syntax review
一日之雅	u	chengyu		china-idiom+agent	insufficient-syntax-evidence	low	accept	conservative syntax review
一日千里	u	chengyu		china-idiom+agent	insufficient-syntax-evidence	low	accept	conservative syntax review
一時半晌	u	chengyu		china-idiom+agent	insufficient-syntax-evidence	low	accept	conservative syntax review
一暴十寒	u	chengyu		china-idiom+agent	insufficient-syntax-evidence	low	accept	conservative syntax review
一曝十寒	u	chengyu		china-idiom+agent	insufficient-syntax-evidence	low	accept	conservative syntax review
一朝一夕	u	chengyu		china-idiom+agent	insufficient-syntax-evidence	low	accept	conservative syntax review
一朝天子一朝臣	u	chengyu		china-idiom+agent	clause-without-syntax-slot	low	accept	conservative syntax review
一木難支	u	chengyu		china-idiom+agent	insufficient-syntax-evidence	low	accept	conservative syntax review
一本萬利	u	chengyu		china-idiom+agent	insufficient-syntax-evidence	low	accept	conservative syntax review
一板三眼	u	chengyu		china-idiom+agent	insufficient-syntax-evidence	low	accept	conservative syntax review
一枝之棲	u	chengyu		china-idiom+agent	insufficient-syntax-evidence	low	accept	conservative syntax review
一樹百穫	u	chengyu		china-idiom+agent	insufficient-syntax-evidence	low	accept	conservative syntax review
一步一個腳印	u	chengyu		china-idiom+agent	insufficient-syntax-evidence	low	accept	conservative syntax review
一步一趨	u	chengyu		china-idiom+agent	insufficient-syntax-evidence	low	accept	conservative syntax review
一步登天	u	chengyu		china-idiom+agent	insufficient-syntax-evidence	low	accept	conservative syntax review
一波三折	u	chengyu		china-idiom+agent	insufficient-syntax-evidence	low	accept	conservative syntax review
一清如水	u	chengyu		china-idiom+agent	insufficient-syntax-evidence	low	accept	conservative syntax review
一溜煙	u	chengyu		china-idiom+agent	insufficient-syntax-evidence	low	accept	conservative syntax review
一瀉千里	u	chengyu		china-idiom+agent	insufficient-syntax-evidence	low	accept	conservative syntax review
一無可取	u	chengyu		china-idiom+agent	insufficient-syntax-evidence	low	accept	conservative syntax review
一無所聞	u	chengyu		china-idiom+agent	insufficient-syntax-evidence	low	accept	conservative syntax review
一無長物	u	chengyu		china-idiom+agent	insufficient-syntax-evidence	low	accept	conservative syntax review
一物降一物	u	chengyu		china-idiom+agent	insufficient-syntax-evidence	low	accept	conservative syntax review
一狐之腋	u	chengyu		china-idiom+agent	insufficient-syntax-evidence	low	accept	conservative syntax review
一男半女	u	chengyu		china-idiom+agent	insufficient-syntax-evidence	low	accept	conservative syntax review
一瞑不視	u	chengyu		china-idiom+agent	insufficient-syntax-evidence	low	accept	conservative syntax review
一窩蜂	u	chengyu		china-idiom+agent	insufficient-syntax-evidence	low	accept	conservative syntax review
一窮二白	u	chengyu		china-idiom+agent	insufficient-syntax-evidence	low	accept	conservative syntax review
一竅不通	u	chengyu		china-idiom+agent	insufficient-syntax-evidence	low	accept	conservative syntax review
一筆不苟	u	chengyu		china-idiom+agent	insufficient-syntax-evidence	low	accept	conservative syntax review
一筆抹煞	u	chengyu		china-idiom+agent	insufficient-syntax-evidence	low	accept	conservative syntax review
一索得男	u	chengyu		china-idiom+agent	insufficient-syntax-evidence	low	accept	conservative syntax review
一絲一毫	u	chengyu		china-idiom+agent	insufficient-syntax-evidence	low	accept	conservative syntax review
一蟹不如一蟹	u	chengyu		china-idiom+agent	insufficient-syntax-evidence	low	accept	conservative syntax review
一表人才	u	chengyu		china-idiom+agent	insufficient-syntax-evidence	low	accept	conservative syntax review
一見如故	u	chengyu		china-idiom+agent	insufficient-syntax-evidence	low	accept	conservative syntax review
一覽無遺	u	chengyu		china-idiom+agent	insufficient-syntax-evidence	low	accept	conservative syntax review
一言中的	u	chengyu		china-idiom+agent	insufficient-syntax-evidence	low	accept	conservative syntax review
一言九鼎	u	chengyu		china-idiom+agent	insufficient-syntax-evidence	low	accept	conservative syntax review
一言千金	u	chengyu		china-idiom+agent	insufficient-syntax-evidence	low	accept	conservative syntax review
一言半語	u	chengyu		china-idiom+agent	insufficient-syntax-evidence	low	accept	conservative syntax review
一言喪邦	u	chengyu		china-idiom+agent	insufficient-syntax-evidence	low	accept	conservative syntax review
一言堂	u	chengyu		china-idiom+agent	insufficient-syntax-evidence	low	accept	conservative syntax review
一言既出駟馬難追	u	chengyu		china-idiom+agent	insufficient-syntax-evidence	low	accept	conservative syntax review
一言興邦	u	chengyu		china-idiom+agent	insufficient-syntax-evidence	low	accept	conservative syntax review
一諾千金	u	chengyu		china-idiom+agent	insufficient-syntax-evidence	low	accept	conservative syntax review
一走了之	u	chengyu		china-idiom+agent	insufficient-syntax-evidence	low	accept	conservative syntax review
一路順風	u	chengyu		china-idiom+agent	insufficient-syntax-evidence	low	accept	conservative syntax review
一蹴可幾	u	chengyu		china-idiom+agent	insufficient-syntax-evidence	low	accept	conservative syntax review
一蹴而得	u	chengyu		china-idiom+agent	insufficient-syntax-evidence	low	accept	conservative syntax review
一辭莫贊	u	chengyu		china-idiom+agent	insufficient-syntax-evidence	low	accept	conservative syntax review
一錢不值	u	chengyu		china-idiom+agent	insufficient-syntax-evidence	low	accept	conservative syntax review
一錢如命	u	chengyu		china-idiom+agent	insufficient-syntax-evidence	low	accept	conservative syntax review
一風吹	u	chengyu		china-idiom+agent	insufficient-syntax-evidence	low	accept	conservative syntax review
一髮千鈞	u	chengyu		china-idiom+agent	insufficient-syntax-evidence	low	accept	conservative syntax review
一鱗半爪	u	chengyu		china-idiom+agent	insufficient-syntax-evidence	low	accept	conservative syntax review
一鼻孔出氣	u	chengyu		china-idiom+agent	insufficient-syntax-evidence	low	accept	conservative syntax review
丁是丁卯是卯	u	chengyu		china-idiom+agent	insufficient-syntax-evidence	low	accept	conservative syntax review
七上八下	a	chengyu		china-idiom+agent	state-definition;example-result-state	high	accept	conservative syntax review
七嘴八張	u	chengyu		china-idiom+agent	insufficient-syntax-evidence	low	accept	conservative syntax review
七嘴八舌	u	chengyu		china-idiom+agent	insufficient-syntax-evidence	low	accept	conservative syntax review
七孔生煙	u	chengyu		china-idiom+agent	insufficient-syntax-evidence	low	accept	conservative syntax review
七手八腳	u	chengyu		china-idiom+agent	insufficient-syntax-evidence	low	accept	conservative syntax review
七折八扣	u	chengyu		china-idiom+agent	insufficient-syntax-evidence	low	accept	conservative syntax review
七拼八湊	u	chengyu		china-idiom+agent	insufficient-syntax-evidence	low	accept	conservative syntax review
七橫八豎	u	chengyu		china-idiom+agent	insufficient-syntax-evidence	low	accept	conservative syntax review
七步之才	n	chengyu		china-idiom+agent	nominal-slot-or-referent	high	accept	conservative syntax review
七步成詩	u	chengyu		china-idiom+agent	insufficient-syntax-evidence	low	accept	conservative syntax review
七竅生煙	u	chengyu		china-idiom+agent	insufficient-syntax-evidence	low	accept	conservative syntax review
七長八短	u	chengyu		china-idiom+agent	insufficient-syntax-evidence	low	accept	conservative syntax review
七零八落	u	chengyu		china-idiom+agent	insufficient-syntax-evidence	low	accept	conservative syntax review
七顛八倒	a	chengyu		china-idiom+agent	state-definition	high	accept	conservative syntax review
三下五除二	u	chengyu		china-idiom+agent	insufficient-syntax-evidence	low	accept	conservative syntax review
三五成群	u	chengyu		china-idiom+agent	insufficient-syntax-evidence	low	accept	conservative syntax review
三人行必有我師	u	chengyu		china-idiom+agent	clause-without-syntax-slot	low	accept	conservative syntax review
三句不離本行	u	chengyu		china-idiom+agent	insufficient-syntax-evidence	low	accept	conservative syntax review
三句話不離本行	u	chengyu		china-idiom+agent	clause-without-syntax-slot	low	accept	conservative syntax review
三寸不爛之舌	u	chengyu		china-idiom+agent	insufficient-syntax-evidence	low	accept	conservative syntax review
三思而後行	u	chengyu		china-idiom+agent	insufficient-syntax-evidence	low	accept	conservative syntax review
三思而行	u	chengyu		china-idiom+agent	insufficient-syntax-evidence	low	accept	conservative syntax review
三朋四友	n	chengyu		china-idiom+agent	agent-reviewed-override	high	accept	conservative syntax review
三瓦兩舍	u	chengyu		china-idiom+agent	insufficient-syntax-evidence	low	accept	conservative syntax review
三生有幸	u	chengyu		china-idiom+agent	insufficient-syntax-evidence	low	accept	conservative syntax review
三腳兩步	u	chengyu		china-idiom+agent	insufficient-syntax-evidence	low	accept	conservative syntax review
三茶六飯	u	chengyu		china-idiom+agent	insufficient-syntax-evidence	low	accept	conservative syntax review
三親六故	u	chengyu		china-idiom+agent	insufficient-syntax-evidence	low	accept	conservative syntax review
三言兩句	u	chengyu		china-idiom+agent	insufficient-syntax-evidence	low	accept	conservative syntax review
三貞九烈	u	chengyu		china-idiom+agent	insufficient-syntax-evidence	low	accept	conservative syntax review
三長兩短	u	chengyu		china-idiom+agent	insufficient-syntax-evidence	low	accept	conservative syntax review
三頭兩日	u	chengyu		china-idiom+agent	insufficient-syntax-evidence	low	accept	conservative syntax review
三顧茅廬	u	chengyu		china-idiom+agent	insufficient-syntax-evidence	low	accept	conservative syntax review
三顧草廬	u	chengyu		china-idiom+agent	insufficient-syntax-evidence	low	accept	conservative syntax review
三魂七魄	u	chengyu		china-idiom+agent	insufficient-syntax-evidence	low	accept	conservative syntax review
上下其手	u	chengyu		china-idiom+agent	insufficient-syntax-evidence	low	accept	conservative syntax review
上情下達	u	chengyu		china-idiom+agent	insufficient-syntax-evidence	low	accept	conservative syntax review
上樑不正下樑歪	u	chengyu		china-idiom+agent	clause-without-syntax-slot	low	accept	conservative syntax review
下不為例	u	chengyu		china-idiom+agent	insufficient-syntax-evidence	low	accept	conservative syntax review
下回分解	u	chengyu		china-idiom+agent	insufficient-syntax-evidence	low	accept	conservative syntax review
下情上達	u	chengyu		china-idiom+agent	insufficient-syntax-evidence	low	accept	conservative syntax review
下馬威	u	chengyu		china-idiom+agent	insufficient-syntax-evidence	low	accept	conservative syntax review
不一而足	u	chengyu		china-idiom+agent	insufficient-syntax-evidence	low	accept	conservative syntax review
不世之功	u	chengyu		china-idiom+agent	insufficient-syntax-evidence	low	accept	conservative syntax review
不世之業	u	chengyu		china-idiom+agent	insufficient-syntax-evidence	low	accept	conservative syntax review
不主故常	u	chengyu		china-idiom+agent	insufficient-syntax-evidence	low	accept	conservative syntax review
不乏其人	u	chengyu		china-idiom+agent	insufficient-syntax-evidence	low	accept	conservative syntax review
不二法門	u	chengyu		china-idiom+agent	insufficient-syntax-evidence	low	accept	conservative syntax review
不亢不卑	u	chengyu		china-idiom+agent	insufficient-syntax-evidence	low	accept	conservative syntax review
不仁不義	u	chengyu		china-idiom+agent	insufficient-syntax-evidence	low	accept	conservative syntax review
不以為意	u	chengyu		china-idiom+agent	insufficient-syntax-evidence	low	accept	conservative syntax review
不伏燒埋	u	chengyu		china-idiom+agent	insufficient-syntax-evidence	low	accept	conservative syntax review
不倫不類	u	chengyu		china-idiom+agent	insufficient-syntax-evidence	low	accept	conservative syntax review
不值一顧	u	chengyu		china-idiom+agent	insufficient-syntax-evidence	low	accept	conservative syntax review
不偏不倚	u	chengyu		china-idiom+agent	insufficient-syntax-evidence	low	accept	conservative syntax review
不傷脾胃	u	chengyu		china-idiom+agent	insufficient-syntax-evidence	low	accept	conservative syntax review
不入時宜	u	chengyu		china-idiom+agent	insufficient-syntax-evidence	low	accept	conservative syntax review
不共戴天	u	chengyu		china-idiom+agent	insufficient-syntax-evidence	low	accept	conservative syntax review
不出所料	u	chengyu		china-idiom+agent	insufficient-syntax-evidence	low	accept	conservative syntax review
不分軒輊	u	chengyu		china-idiom+agent	insufficient-syntax-evidence	low	accept	conservative syntax review
不分青紅皂白	u	chengyu		china-idiom+agent	insufficient-syntax-evidence	low	accept	conservative syntax review
不刊之論	n	chengyu		china-idiom+agent	nominal-slot-or-referent	high	accept	conservative syntax review
不到黃河心不死	u	chengyu		china-idiom+agent	insufficient-syntax-evidence	low	accept	conservative syntax review
不務正業	u	chengyu		china-idiom+agent	insufficient-syntax-evidence	low	accept	conservative syntax review
不勝其煩	u	chengyu		china-idiom+agent	insufficient-syntax-evidence	low	accept	conservative syntax review
不勝枚舉	u	chengyu		china-idiom+agent	insufficient-syntax-evidence	low	accept	conservative syntax review
不即不離	u	chengyu		china-idiom+agent	insufficient-syntax-evidence	low	accept	conservative syntax review
不厭其煩	u	chengyu		china-idiom+agent	insufficient-syntax-evidence	low	accept	conservative syntax review
不厭其詳	u	chengyu		china-idiom+agent	insufficient-syntax-evidence	low	accept	conservative syntax review
不可勝數	u	chengyu		china-idiom+agent	insufficient-syntax-evidence	low	accept	conservative syntax review
不可同日而語	u	chengyu		china-idiom+agent	insufficient-syntax-evidence	low	accept	conservative syntax review
不可名狀	u	chengyu		china-idiom+agent	insufficient-syntax-evidence	low	accept	conservative syntax review
不可多得	a	chengyu		china-idiom+agent	state-definition	high	accept	conservative syntax review
不可捉摸	u	chengyu		china-idiom+agent	insufficient-syntax-evidence	low	accept	conservative syntax review
不可枚舉	u	chengyu		china-idiom+agent	insufficient-syntax-evidence	low	accept	conservative syntax review
不可磨滅	u	chengyu		china-idiom+agent	insufficient-syntax-evidence	low	accept	conservative syntax review
不可端倪	u	chengyu		china-idiom+agent	insufficient-syntax-evidence	low	accept	conservative syntax review
不可終日	u	chengyu		china-idiom+agent	insufficient-syntax-evidence	low	accept	conservative syntax review
不可開交	u	chengyu		china-idiom+agent	insufficient-syntax-evidence	low	accept	conservative syntax review
不合時宜	u	chengyu		china-idiom+agent	insufficient-syntax-evidence	low	accept	conservative syntax review
不同凡響	u	chengyu		china-idiom+agent	insufficient-syntax-evidence	low	accept	conservative syntax review
不名一文	u	chengyu		china-idiom+agent	insufficient-syntax-evidence	low	accept	conservative syntax review
不吝珠玉	u	chengyu		china-idiom+agent	insufficient-syntax-evidence	low	accept	conservative syntax review
不吝賜教	u	chengyu		china-idiom+agent	insufficient-syntax-evidence	low	accept	conservative syntax review
不問青紅皂白	u	chengyu		china-idiom+agent	insufficient-syntax-evidence	low	accept	conservative syntax review
不啻天淵	u	chengyu		china-idiom+agent	insufficient-syntax-evidence	low	accept	conservative syntax review
不在其位不謀其政	u	chengyu		china-idiom+agent	insufficient-syntax-evidence	low	accept	conservative syntax review
不在話下	u	chengyu		china-idiom+agent	insufficient-syntax-evidence	low	accept	conservative syntax review
不堪入目	u	chengyu		china-idiom+agent	insufficient-syntax-evidence	low	accept	conservative syntax review
不堪回首	u	chengyu		china-idiom+agent	insufficient-syntax-evidence	low	accept	conservative syntax review
不堪言狀	u	chengyu		china-idiom+agent	insufficient-syntax-evidence	low	accept	conservative syntax review
不堪造就	u	chengyu		china-idiom+agent	insufficient-syntax-evidence	low	accept	conservative syntax review
不安其室	u	chengyu		china-idiom+agent	insufficient-syntax-evidence	low	accept	conservative syntax review
不容分説	u	chengyu		china-idiom+agent	insufficient-syntax-evidence	low	accept	conservative syntax review
不容置疑	u	chengyu		china-idiom+agent	insufficient-syntax-evidence	low	accept	conservative syntax review
不容置辯	u	chengyu		china-idiom+agent	insufficient-syntax-evidence	low	accept	conservative syntax review
不寒而慄	u	chengyu		china-idiom+agent	insufficient-syntax-evidence	low	accept	conservative syntax review
不屈不撓	u	chengyu		china-idiom+agent	insufficient-syntax-evidence	low	accept	conservative syntax review
不得人心	u	chengyu		china-idiom+agent	insufficient-syntax-evidence	low	accept	conservative syntax review
不得已而為之	a	chengyu		china-idiom+agent	state-definition	high	accept	conservative syntax review
不得而知	u	chengyu		china-idiom+agent	insufficient-syntax-evidence	low	accept	conservative syntax review
不得開交	u	chengyu		china-idiom+agent	insufficient-syntax-evidence	low	accept	conservative syntax review
不急之務	u	chengyu		china-idiom+agent	insufficient-syntax-evidence	low	accept	conservative syntax review
不恤人言	u	chengyu		china-idiom+agent	insufficient-syntax-evidence	low	accept	conservative syntax review
不恥下問	u	chengyu		china-idiom+agent	insufficient-syntax-evidence	low	accept	conservative syntax review
不愧不怍	u	chengyu		china-idiom+agent	insufficient-syntax-evidence	low	accept	conservative syntax review
不成器	u	chengyu		china-idiom+agent	insufficient-syntax-evidence	low	accept	conservative syntax review
不打不相識	u	chengyu		china-idiom+agent	insufficient-syntax-evidence	low	accept	conservative syntax review
不打自招	u	chengyu		china-idiom+agent	insufficient-syntax-evidence	low	accept	conservative syntax review
不折不扣	u	chengyu		china-idiom+agent	insufficient-syntax-evidence	low	accept	conservative syntax review
不攻自破	u	chengyu		china-idiom+agent	insufficient-syntax-evidence	low	accept	conservative syntax review
不敢自專	u	chengyu		china-idiom+agent	insufficient-syntax-evidence	low	accept	conservative syntax review
不敢造次	u	chengyu		china-idiom+agent	insufficient-syntax-evidence	low	accept	conservative syntax review
不敢高攀	u	chengyu		china-idiom+agent	insufficient-syntax-evidence	low	accept	conservative syntax review
不文不武	u	chengyu		china-idiom+agent	insufficient-syntax-evidence	low	accept	conservative syntax review
不明不白	u	chengyu		china-idiom+agent	insufficient-syntax-evidence	low	accept	conservative syntax review
不易之論	n	chengyu		china-idiom+agent	nominal-slot-or-referent	high	accept	conservative syntax review
不是冤家不聚頭	u	chengyu		china-idiom+agent	clause-without-syntax-slot	low	accept	conservative syntax review
不時之需	u	chengyu		china-idiom+agent	insufficient-syntax-evidence	low	accept	conservative syntax review
不服水土	u	chengyu		china-idiom+agent	insufficient-syntax-evidence	low	accept	conservative syntax review
不期而遇	u	chengyu		china-idiom+agent	insufficient-syntax-evidence	low	accept	conservative syntax review
不歡而散	u	chengyu		china-idiom+agent	insufficient-syntax-evidence	low	accept	conservative syntax review
不為五斗米折腰	u	chengyu		china-idiom+agent	insufficient-syntax-evidence	low	accept	conservative syntax review
不無小補	u	chengyu		china-idiom+agent	insufficient-syntax-evidence	low	accept	conservative syntax review
不甘寂寞	u	chengyu		china-idiom+agent	insufficient-syntax-evidence	low	accept	conservative syntax review
不甘後人	u	chengyu		china-idiom+agent	insufficient-syntax-evidence	low	accept	conservative syntax review
不甘示弱	u	chengyu		china-idiom+agent	insufficient-syntax-evidence	low	accept	conservative syntax review
不由分説	u	chengyu		china-idiom+agent	insufficient-syntax-evidence	low	accept	conservative syntax review
不痛不癢	u	chengyu		china-idiom+agent	insufficient-syntax-evidence	low	accept	conservative syntax review
不痴不聾	u	chengyu		china-idiom+agent	insufficient-syntax-evidence	low	accept	conservative syntax review
不登大雅之堂	u	chengyu		china-idiom+agent	insufficient-syntax-evidence	low	accept	conservative syntax review
不白之冤	u	chengyu		china-idiom+agent	insufficient-syntax-evidence	low	accept	conservative syntax review
不省人事	u	chengyu		china-idiom+agent	insufficient-syntax-evidence	low	accept	conservative syntax review
不瞅不睬	u	chengyu		china-idiom+agent	insufficient-syntax-evidence	low	accept	conservative syntax review
不知丁董	u	chengyu		china-idiom+agent	insufficient-syntax-evidence	low	accept	conservative syntax review
不知利害	u	chengyu		china-idiom+agent	insufficient-syntax-evidence	low	accept	conservative syntax review
不知天高地厚	u	chengyu		china-idiom+agent	insufficient-syntax-evidence	low	accept	conservative syntax review
不知所云	u	chengyu		china-idiom+agent	insufficient-syntax-evidence	low	accept	conservative syntax review
不知所以	u	chengyu		china-idiom+agent	insufficient-syntax-evidence	low	accept	conservative syntax review
不知痛癢	u	chengyu		china-idiom+agent	insufficient-syntax-evidence	low	accept	conservative syntax review
不知者不罪	u	chengyu		china-idiom+agent	insufficient-syntax-evidence	low	accept	conservative syntax review
不管三七二十一	u	chengyu		china-idiom+agent	insufficient-syntax-evidence	low	accept	conservative syntax review
不絕如縷	u	chengyu		china-idiom+agent	insufficient-syntax-evidence	low	accept	conservative syntax review
不經之談	u	chengyu		china-idiom+agent	insufficient-syntax-evidence	low	accept	conservative syntax review
不義之財	n	chengyu		china-idiom+agent	nominal-slot-or-referent	high	accept	conservative syntax review
不翼而飛	u	chengyu		china-idiom+agent	insufficient-syntax-evidence	low	accept	conservative syntax review
不聲不響	u	chengyu		china-idiom+agent	insufficient-syntax-evidence	low	accept	conservative syntax review
不肖子孫	u	chengyu		china-idiom+agent	insufficient-syntax-evidence	low	accept	conservative syntax review
不脛而走	u	chengyu		china-idiom+agent	insufficient-syntax-evidence	low	accept	conservative syntax review
不自量力	u	chengyu		china-idiom+agent	insufficient-syntax-evidence	low	accept	conservative syntax review
不見棺材不落淚	u	chengyu		china-idiom+agent	clause-without-syntax-slot	low	accept	conservative syntax review
不見經傳	u	chengyu		china-idiom+agent	insufficient-syntax-evidence	low	accept	conservative syntax review
不言不語	u	chengyu		china-idiom+agent	insufficient-syntax-evidence	low	accept	conservative syntax review
不計其數	u	chengyu		china-idiom+agent	insufficient-syntax-evidence	low	accept	conservative syntax review
不識之無	u	chengyu		china-idiom+agent	insufficient-syntax-evidence	low	accept	conservative syntax review
不識大體	u	chengyu		china-idiom+agent	insufficient-syntax-evidence	low	accept	conservative syntax review
不識廬山真面目	u	chengyu		china-idiom+agent	insufficient-syntax-evidence	low	accept	conservative syntax review
不識高低	u	chengyu		china-idiom+agent	insufficient-syntax-evidence	low	accept	conservative syntax review
不越雷池	u	chengyu		china-idiom+agent	insufficient-syntax-evidence	low	accept	conservative syntax review
不足為外人道	u	chengyu		china-idiom+agent	insufficient-syntax-evidence	low	accept	conservative syntax review
不足為慮	u	chengyu		china-idiom+agent	insufficient-syntax-evidence	low	accept	conservative syntax review
不足輕重	u	chengyu		china-idiom+agent	insufficient-syntax-evidence	low	accept	conservative syntax review
不足齒數	u	chengyu		china-idiom+agent	insufficient-syntax-evidence	low	accept	conservative syntax review
不辨菽麥	u	chengyu		china-idiom+agent	insufficient-syntax-evidence	low	accept	conservative syntax review
不辭勞苦	u	chengyu		china-idiom+agent	insufficient-syntax-evidence	low	accept	conservative syntax review
不辯菽麥	u	chengyu		china-idiom+agent	insufficient-syntax-evidence	low	accept	conservative syntax review
不近人情	u	chengyu		china-idiom+agent	insufficient-syntax-evidence	low	accept	conservative syntax review
不速之客	n	chengyu		china-idiom+agent	nominal-slot-or-referent	high	accept	conservative syntax review
不遠千里	u	chengyu		china-idiom+agent	insufficient-syntax-evidence	low	accept	conservative syntax review
不遺餘力	u	chengyu		china-idiom+agent	insufficient-syntax-evidence	low	accept	conservative syntax review
不避斧鉞	u	chengyu		china-idiom+agent	insufficient-syntax-evidence	low	accept	conservative syntax review
不關痛癢	u	chengyu		china-idiom+agent	insufficient-syntax-evidence	low	accept	conservative syntax review
不露聲色	u	chengyu		china-idiom+agent	insufficient-syntax-evidence	low	accept	conservative syntax review
不顧前後	u	chengyu		china-idiom+agent	insufficient-syntax-evidence	low	accept	conservative syntax review
世外桃源	n	chengyu		china-idiom+agent	nominal-slot-or-referent	high	accept	conservative syntax review
丟三拉四	u	chengyu		china-idiom+agent	insufficient-syntax-evidence	low	accept	conservative syntax review
丟三落四	u	chengyu		china-idiom+agent	insufficient-syntax-evidence	low	accept	conservative syntax review
中流砥柱	u	chengyu		china-idiom+agent	insufficient-syntax-evidence	low	accept	conservative syntax review
中西合璧	u	chengyu		china-idiom+agent	insufficient-syntax-evidence	low	accept	conservative syntax review
串親訪友	u	chengyu		china-idiom+agent	insufficient-syntax-evidence	low	accept	conservative syntax review
久假不歸	u	chengyu		china-idiom+agent	insufficient-syntax-evidence	low	accept	conservative syntax review
久聞大名	u	chengyu		china-idiom+agent	insufficient-syntax-evidence	low	accept	conservative syntax review
之乎者也	u	chengyu		china-idiom+agent	insufficient-syntax-evidence	low	accept	conservative syntax review
乘堅策肥	u	chengyu		china-idiom+agent	insufficient-syntax-evidence	low	accept	conservative syntax review
九天攬月	u	chengyu		china-idiom+agent	insufficient-syntax-evidence	low	accept	conservative syntax review
九死一生	u	chengyu		china-idiom+agent	insufficient-syntax-evidence	low	accept	conservative syntax review
九流十家	u	chengyu		china-idiom+agent	insufficient-syntax-evidence	low	accept	conservative syntax review
九牛一毛	u	chengyu		china-idiom+agent	insufficient-syntax-evidence	low	accept	conservative syntax review
九牛二虎之力	u	chengyu		china-idiom+agent	insufficient-syntax-evidence	low	accept	conservative syntax review
乳臭未除	u	chengyu		china-idiom+agent	insufficient-syntax-evidence	low	accept	conservative syntax review
亂彈琴	u	chengyu		china-idiom+agent	insufficient-syntax-evidence	low	accept	conservative syntax review
事不宜遲	u	chengyu		china-idiom+agent	insufficient-syntax-evidence	low	accept	conservative syntax review
事不過三	u	chengyu		china-idiom+agent	insufficient-syntax-evidence	low	accept	conservative syntax review
事倍功半	a	chengyu		china-idiom+agent	agent-reviewed-override	high	accept	conservative syntax review
事在人為	u	chengyu		china-idiom+agent	insufficient-syntax-evidence	low	accept	conservative syntax review
事在必行	u	chengyu		china-idiom+agent	insufficient-syntax-evidence	low	accept	conservative syntax review
事實勝於雄辯	u	chengyu		china-idiom+agent	insufficient-syntax-evidence	low	accept	conservative syntax review
事後諸葛亮	n	chengyu		china-idiom+agent	nominal-slot-or-referent	high	accept	conservative syntax review
事無大小	u	chengyu		china-idiom+agent	insufficient-syntax-evidence	low	accept	conservative syntax review
二一添作五	u	chengyu		china-idiom+agent	insufficient-syntax-evidence	low	accept	conservative syntax review
二八佳人	u	chengyu		china-idiom+agent	insufficient-syntax-evidence	low	accept	conservative syntax review
二把刀	u	chengyu		china-idiom+agent	insufficient-syntax-evidence	low	accept	conservative syntax review
互為因果	u	chengyu		china-idiom+agent	insufficient-syntax-evidence	low	accept	conservative syntax review
五世其昌	u	chengyu		china-idiom+agent	insufficient-syntax-evidence	low	accept	conservative syntax review
五光十色	u	chengyu		china-idiom+agent	insufficient-syntax-evidence	low	accept	conservative syntax review
五冬六夏	u	chengyu		china-idiom+agent	insufficient-syntax-evidence	low	accept	conservative syntax review
五勞七傷	u	chengyu		china-idiom+agent	insufficient-syntax-evidence	low	accept	conservative syntax review
五十步笑百步	u	chengyu		china-idiom+agent	insufficient-syntax-evidence	low	accept	conservative syntax review
五湖四海	u	chengyu		china-idiom+agent	insufficient-syntax-evidence	low	accept	conservative syntax review
五穀豐登	u	chengyu		china-idiom+agent	insufficient-syntax-evidence	low	accept	conservative syntax review
五體投地	u	chengyu		china-idiom+agent	insufficient-syntax-evidence	low	accept	conservative syntax review
五黃六月	u	chengyu		china-idiom+agent	insufficient-syntax-evidence	low	accept	conservative syntax review
井底之蛙	u	chengyu		china-idiom+agent	insufficient-syntax-evidence	low	accept	conservative syntax review
井水不犯河水	u	chengyu		china-idiom+agent	insufficient-syntax-evidence	low	accept	conservative syntax review
井然有條	u	chengyu		china-idiom+agent	insufficient-syntax-evidence	low	accept	conservative syntax review
井蛙之見	n	chengyu		china-idiom+agent	nominal-slot-or-referent	high	accept	conservative syntax review
亙古通今	u	chengyu		china-idiom+agent	insufficient-syntax-evidence	low	accept	conservative syntax review
亡國之音	u	chengyu		china-idiom+agent	insufficient-syntax-evidence	low	accept	conservative syntax review
亡戟得矛	u	chengyu		china-idiom+agent	insufficient-syntax-evidence	low	accept	conservative syntax review
亡魂失魄	u	chengyu		china-idiom+agent	insufficient-syntax-evidence	low	accept	conservative syntax review
交口稱譽	u	chengyu		china-idiom+agent	insufficient-syntax-evidence	low	accept	conservative syntax review
交淺言深	u	chengyu		china-idiom+agent	insufficient-syntax-evidence	low	accept	conservative syntax review
交臂失之	u	chengyu		china-idiom+agent	insufficient-syntax-evidence	low	accept	conservative syntax review
交頭接耳	u	chengyu		china-idiom+agent	insufficient-syntax-evidence	low	accept	conservative syntax review
亹亹不倦	u	chengyu		china-idiom+agent	insufficient-syntax-evidence	low	accept	conservative syntax review
人不可貌相	u	chengyu		china-idiom+agent	insufficient-syntax-evidence	low	accept	conservative syntax review
人不知鬼不覺	u	chengyu		china-idiom+agent	insufficient-syntax-evidence	low	accept	conservative syntax review
人事不知	u	chengyu		china-idiom+agent	insufficient-syntax-evidence	low	accept	conservative syntax review
人人得而誅之	u	chengyu		china-idiom+agent	insufficient-syntax-evidence	low	accept	conservative syntax review
人人自危	u	chengyu		china-idiom+agent	insufficient-syntax-evidence	low	accept	conservative syntax review
人仰馬翻	u	chengyu		china-idiom+agent	insufficient-syntax-evidence	low	accept	conservative syntax review
人命關天	u	chengyu		china-idiom+agent	insufficient-syntax-evidence	low	accept	conservative syntax review
人喊馬嘶	u	chengyu		china-idiom+agent	insufficient-syntax-evidence	low	accept	conservative syntax review
人困馬乏	u	chengyu		china-idiom+agent	insufficient-syntax-evidence	low	accept	conservative syntax review
人壽年豐	u	chengyu		china-idiom+agent	insufficient-syntax-evidence	low	accept	conservative syntax review
人多口雜	u	chengyu		china-idiom+agent	insufficient-syntax-evidence	low	accept	conservative syntax review
人山人海	u	chengyu		china-idiom+agent	insufficient-syntax-evidence	low	accept	conservative syntax review
人強馬壯	u	chengyu		china-idiom+agent	insufficient-syntax-evidence	low	accept	conservative syntax review
人微言輕	u	chengyu		china-idiom+agent	insufficient-syntax-evidence	low	accept	conservative syntax review
人心不足蛇吞象	u	chengyu		china-idiom+agent	insufficient-syntax-evidence	low	accept	conservative syntax review
人心向背	u	chengyu		china-idiom+agent	insufficient-syntax-evidence	low	accept	conservative syntax review
人心大快	u	chengyu		china-idiom+agent	insufficient-syntax-evidence	low	accept	conservative syntax review
人心惶惶	u	chengyu		china-idiom+agent	insufficient-syntax-evidence	low	accept	conservative syntax review
人心所向	u	chengyu		china-idiom+agent	insufficient-syntax-evidence	low	accept	conservative syntax review
人心隔肚皮	u	chengyu		china-idiom+agent	insufficient-syntax-evidence	low	accept	conservative syntax review
人怕出名豬怕壯	u	chengyu		china-idiom+agent	clause-without-syntax-slot	low	accept	conservative syntax review
人急智生	u	chengyu		china-idiom+agent	insufficient-syntax-evidence	low	accept	conservative syntax review
人慾橫流	u	chengyu		china-idiom+agent	insufficient-syntax-evidence	low	accept	conservative syntax review
人才濟濟	u	chengyu		china-idiom+agent	insufficient-syntax-evidence	low	accept	conservative syntax review
人棄我取	u	chengyu		china-idiom+agent	insufficient-syntax-evidence	low	accept	conservative syntax review
人模狗樣	u	chengyu		china-idiom+agent	insufficient-syntax-evidence	low	accept	conservative syntax review
人生何處不相逢	u	chengyu		china-idiom+agent	clause-without-syntax-slot	low	accept	conservative syntax review
人生如朝露	u	chengyu		china-idiom+agent	insufficient-syntax-evidence	low	accept	conservative syntax review
人生路不熟	u	chengyu		china-idiom+agent	insufficient-syntax-evidence	low	accept	conservative syntax review
人老珠黃	u	chengyu		china-idiom+agent	insufficient-syntax-evidence	low	accept	conservative syntax review
人言可畏	u	chengyu		china-idiom+agent	insufficient-syntax-evidence	low	accept	conservative syntax review
人逢喜事精神爽	u	chengyu		china-idiom+agent	insufficient-syntax-evidence	low	accept	conservative syntax review
仁人義士	u	chengyu		china-idiom+agent	insufficient-syntax-evidence	low	accept	conservative syntax review
仁心仁術	u	chengyu		china-idiom+agent	insufficient-syntax-evidence	low	accept	conservative syntax review
仁民愛物	u	chengyu		china-idiom+agent	insufficient-syntax-evidence	low	accept	conservative syntax review
仁至義盡	u	chengyu		china-idiom+agent	insufficient-syntax-evidence	low	accept	conservative syntax review
仁言利博	u	chengyu		china-idiom+agent	insufficient-syntax-evidence	low	accept	conservative syntax review
今朝有酒今朝醉	u	chengyu		china-idiom+agent	clause-without-syntax-slot	low	accept	conservative syntax review
他山之石可以攻玉	u	chengyu		china-idiom+agent	insufficient-syntax-evidence	low	accept	conservative syntax review
他鄉遇故知	u	chengyu		china-idiom+agent	insufficient-syntax-evidence	low	accept	conservative syntax review
仗義疏財	u	chengyu		china-idiom+agent	insufficient-syntax-evidence	low	accept	conservative syntax review
付之一嘆	u	chengyu		china-idiom+agent	insufficient-syntax-evidence	low	accept	conservative syntax review
付之一笑	u	chengyu		china-idiom+agent	insufficient-syntax-evidence	low	accept	conservative syntax review
付之丙丁	u	chengyu		china-idiom+agent	insufficient-syntax-evidence	low	accept	conservative syntax review
付之度外	u	chengyu		china-idiom+agent	insufficient-syntax-evidence	low	accept	conservative syntax review
付諸一炬	u	chengyu		china-idiom+agent	insufficient-syntax-evidence	low	accept	conservative syntax review
仙姿玉色	u	chengyu		china-idiom+agent	insufficient-syntax-evidence	low	accept	conservative syntax review
代人受過	u	chengyu		china-idiom+agent	insufficient-syntax-evidence	low	accept	conservative syntax review
令行禁止	u	chengyu		china-idiom+agent	insufficient-syntax-evidence	low	accept	conservative syntax review
以一警百	u	chengyu		china-idiom+agent	insufficient-syntax-evidence	low	accept	conservative syntax review
以人廢言	u	chengyu		china-idiom+agent	insufficient-syntax-evidence	low	accept	conservative syntax review
以其人之道還治其人之身	u	chengyu		china-idiom+agent	insufficient-syntax-evidence	low	accept	conservative syntax review
以力服人	u	chengyu		china-idiom+agent	insufficient-syntax-evidence	low	accept	conservative syntax review
以夷制夷	u	chengyu		china-idiom+agent	insufficient-syntax-evidence	low	accept	conservative syntax review
以強凌弱	u	chengyu		china-idiom+agent	insufficient-syntax-evidence	low	accept	conservative syntax review
以德報怨	u	chengyu		china-idiom+agent	insufficient-syntax-evidence	low	accept	conservative syntax review
以怨報德	u	chengyu		china-idiom+agent	insufficient-syntax-evidence	low	accept	conservative syntax review
以攻為守	u	chengyu		china-idiom+agent	insufficient-syntax-evidence	low	accept	conservative syntax review
以暴易暴	u	chengyu		china-idiom+agent	insufficient-syntax-evidence	low	accept	conservative syntax review
以柔制剛	u	chengyu		china-idiom+agent	insufficient-syntax-evidence	low	accept	conservative syntax review
以湯沃沸	u	chengyu		china-idiom+agent	insufficient-syntax-evidence	low	accept	conservative syntax review
以湯沃雪	u	chengyu		china-idiom+agent	insufficient-syntax-evidence	low	accept	conservative syntax review
以老賣老	u	chengyu		china-idiom+agent	insufficient-syntax-evidence	low	accept	conservative syntax review
以蠡測海	u	chengyu		china-idiom+agent	insufficient-syntax-evidence	low	accept	conservative syntax review
以身作則	u	chengyu		china-idiom+agent	insufficient-syntax-evidence	low	accept	conservative syntax review
以身報國	u	chengyu		china-idiom+agent	insufficient-syntax-evidence	low	accept	conservative syntax review
以身許國	u	chengyu		china-idiom+agent	insufficient-syntax-evidence	low	accept	conservative syntax review
以身試法	u	chengyu		china-idiom+agent	insufficient-syntax-evidence	low	accept	conservative syntax review
以退為進	u	chengyu		china-idiom+agent	insufficient-syntax-evidence	low	accept	conservative syntax review
以逸待勞	u	chengyu		china-idiom+agent	insufficient-syntax-evidence	low	accept	conservative syntax review
仰不愧天	u	chengyu		china-idiom+agent	insufficient-syntax-evidence	low	accept	conservative syntax review
仰人鼻息	u	chengyu		china-idiom+agent	insufficient-syntax-evidence	low	accept	conservative syntax review
仰屋著書	u	chengyu		china-idiom+agent	insufficient-syntax-evidence	low	accept	conservative syntax review
任人唯親	u	chengyu		china-idiom+agent	insufficient-syntax-evidence	low	accept	conservative syntax review
任人唯賢	u	chengyu		china-idiom+agent	insufficient-syntax-evidence	low	accept	conservative syntax review
任其自然	u	chengyu		china-idiom+agent	insufficient-syntax-evidence	low	accept	conservative syntax review
任勞任怨	u	chengyu		china-idiom+agent	insufficient-syntax-evidence	low	accept	conservative syntax review
任賢使能	u	chengyu		china-idiom+agent	insufficient-syntax-evidence	low	accept	conservative syntax review
任重道遠	u	chengyu		china-idiom+agent	insufficient-syntax-evidence	low	accept	conservative syntax review
伏首貼耳	u	chengyu		china-idiom+agent	insufficient-syntax-evidence	low	accept	conservative syntax review
伏龍鳳雛	u	chengyu		china-idiom+agent	insufficient-syntax-evidence	low	accept	conservative syntax review
休養生息	u	chengyu		china-idiom+agent	insufficient-syntax-evidence	low	accept	conservative syntax review
伯仲之間	u	chengyu		china-idiom+agent	insufficient-syntax-evidence	low	accept	conservative syntax review
伯仲叔季	u	chengyu		china-idiom+agent	insufficient-syntax-evidence	low	accept	conservative syntax review
伶牙俐齒	u	chengyu		china-idiom+agent	insufficient-syntax-evidence	low	accept	conservative syntax review
似是而非	u	chengyu		china-idiom+agent	insufficient-syntax-evidence	low	accept	conservative syntax review
位卑言高	u	chengyu		china-idiom+agent	insufficient-syntax-evidence	low	accept	conservative syntax review
低三下四	r	chengyu		china-idiom+agent	example-adverbial-de	high	accept	conservative syntax review
低眉順眼	u	chengyu		china-idiom+agent	insufficient-syntax-evidence	low	accept	conservative syntax review
低聲下氣	u	chengyu		china-idiom+agent	insufficient-syntax-evidence	low	accept	conservative syntax review
低聲細語	u	chengyu		china-idiom+agent	insufficient-syntax-evidence	low	accept	conservative syntax review
何去何從	u	chengyu		china-idiom+agent	insufficient-syntax-evidence	low	accept	conservative syntax review
何樂而不為	u	chengyu		china-idiom+agent	insufficient-syntax-evidence	low	accept	conservative syntax review
作壁上觀	u	chengyu		china-idiom+agent	insufficient-syntax-evidence	low	accept	conservative syntax review
作奸犯科	u	chengyu		china-idiom+agent	insufficient-syntax-evidence	low	accept	conservative syntax review
作威作福	u	chengyu		china-idiom+agent	insufficient-syntax-evidence	low	accept	conservative syntax review
作法自斃	u	chengyu		china-idiom+agent	insufficient-syntax-evidence	low	accept	conservative syntax review
作繭自縛	v	chengyu		china-idiom+agent	agent-reviewed-override	high	accept	conservative syntax review
作賊心虛	u	chengyu		china-idiom+agent	insufficient-syntax-evidence	low	accept	conservative syntax review
你死我活	u	chengyu		china-idiom+agent	insufficient-syntax-evidence	low	accept	conservative syntax review
佳人才子	u	chengyu		china-idiom+agent	insufficient-syntax-evidence	low	accept	conservative syntax review
來勢洶洶	u	chengyu		china-idiom+agent	insufficient-syntax-evidence	low	accept	conservative syntax review
來者不善善者不來	u	chengyu		china-idiom+agent	clause-without-syntax-slot	low	accept	conservative syntax review
來而不往非禮也	u	chengyu		china-idiom+agent	clause-without-syntax-slot	low	accept	conservative syntax review
來鴻去燕	n	chengyu		china-idiom+agent	nominal-slot-or-referent	high	accept	conservative syntax review
來龍去脈	u	chengyu		china-idiom+agent	insufficient-syntax-evidence	low	accept	conservative syntax review
例行公事	u	chengyu		china-idiom+agent	insufficient-syntax-evidence	low	accept	conservative syntax review
供不應求	u	chengyu		china-idiom+agent	insufficient-syntax-evidence	low	accept	conservative syntax review
依樣畫葫蘆	u	chengyu		china-idiom+agent	insufficient-syntax-evidence	low	accept	conservative syntax review
依樣葫蘆	u	chengyu		china-idiom+agent	insufficient-syntax-evidence	low	accept	conservative syntax review
侯門似海	u	chengyu		china-idiom+agent	insufficient-syntax-evidence	low	accept	conservative syntax review
侷促不安	u	chengyu		china-idiom+agent	insufficient-syntax-evidence	low	accept	conservative syntax review
俗諺口碑	u	chengyu		china-idiom+agent	insufficient-syntax-evidence	low	accept	conservative syntax review
保家衞國	u	chengyu		china-idiom+agent	insufficient-syntax-evidence	low	accept	conservative syntax review
保殘守缺	u	chengyu		china-idiom+agent	insufficient-syntax-evidence	low	accept	conservative syntax review
信以為真	u	chengyu		china-idiom+agent	insufficient-syntax-evidence	low	accept	conservative syntax review
信口開河	u	chengyu		china-idiom+agent	insufficient-syntax-evidence	low	accept	conservative syntax review
信口雌黃	u	chengyu		china-idiom+agent	insufficient-syntax-evidence	low	accept	conservative syntax review
信守不渝	u	chengyu		china-idiom+agent	insufficient-syntax-evidence	low	accept	conservative syntax review
信手拈來	u	chengyu		china-idiom+agent	insufficient-syntax-evidence	low	accept	conservative syntax review
信誓旦旦	u	chengyu		china-idiom+agent	insufficient-syntax-evidence	low	accept	conservative syntax review
信賞必罰	u	chengyu		china-idiom+agent	insufficient-syntax-evidence	low	accept	conservative syntax review
修橋補路	v	chengyu		china-idiom+agent	action-definition	high	accept	conservative syntax review
修舊利廢	u	chengyu		china-idiom+agent	insufficient-syntax-evidence	low	accept	conservative syntax review
俯仰無愧	u	chengyu		china-idiom+agent	insufficient-syntax-evidence	low	accept	conservative syntax review
俯仰由人	u	chengyu		china-idiom+agent	insufficient-syntax-evidence	low	accept	conservative syntax review
俯拾即是	u	chengyu		china-idiom+agent	insufficient-syntax-evidence	low	accept	conservative syntax review
俯首帖耳	u	chengyu		china-idiom+agent	insufficient-syntax-evidence	low	accept	conservative syntax review
倉皇失措	u	chengyu		china-idiom+agent	insufficient-syntax-evidence	low	accept	conservative syntax review
倒懸之危	u	chengyu		china-idiom+agent	insufficient-syntax-evidence	low	accept	conservative syntax review
倒懸之急	u	chengyu		china-idiom+agent	insufficient-syntax-evidence	low	accept	conservative syntax review
倒懸之苦	u	chengyu		china-idiom+agent	insufficient-syntax-evidence	low	accept	conservative syntax review
倒戈卸甲	u	chengyu		china-idiom+agent	insufficient-syntax-evidence	low	accept	conservative syntax review
倘來之物	n	chengyu		china-idiom+agent	nominal-slot-or-referent	high	accept	conservative syntax review
倚老賣老	u	chengyu		china-idiom+agent	insufficient-syntax-evidence	low	accept	conservative syntax review
倜儻不群	u	chengyu		china-idiom+agent	insufficient-syntax-evidence	low	accept	conservative syntax review
借古喻今	u	chengyu		china-idiom+agent	insufficient-syntax-evidence	low	accept	conservative syntax review
借題發揮	u	chengyu		china-idiom+agent	insufficient-syntax-evidence	low	accept	conservative syntax review
偃武修文	u	chengyu		china-idiom+agent	insufficient-syntax-evidence	low	accept	conservative syntax review
假仁假義	u	chengyu		china-idiom+agent	insufficient-syntax-evidence	low	accept	conservative syntax review
假公濟私	u	chengyu		china-idiom+agent	insufficient-syntax-evidence	low	accept	conservative syntax review
假惺惺	u	chengyu		china-idiom+agent	insufficient-syntax-evidence	low	accept	conservative syntax review
假慈悲	u	chengyu		china-idiom+agent	insufficient-syntax-evidence	low	accept	conservative syntax review
偎乾就濕	u	chengyu		china-idiom+agent	insufficient-syntax-evidence	low	accept	conservative syntax review
偎紅倚翠	u	chengyu		china-idiom+agent	insufficient-syntax-evidence	low	accept	conservative syntax review
偏聽偏信	u	chengyu		china-idiom+agent	insufficient-syntax-evidence	low	accept	conservative syntax review
做好做歹	u	chengyu		china-idiom+agent	insufficient-syntax-evidence	low	accept	conservative syntax review
做張做勢	u	chengyu		china-idiom+agent	insufficient-syntax-evidence	low	accept	conservative syntax review
做張做智	u	chengyu		china-idiom+agent	insufficient-syntax-evidence	low	accept	conservative syntax review
做賊心虛	u	chengyu		china-idiom+agent	insufficient-syntax-evidence	low	accept	conservative syntax review
停滯不前	u	chengyu		china-idiom+agent	insufficient-syntax-evidence	low	accept	conservative syntax review
側目而視	u	chengyu		china-idiom+agent	insufficient-syntax-evidence	low	accept	conservative syntax review
偶一為之	u	chengyu		china-idiom+agent	insufficient-syntax-evidence	low	accept	conservative syntax review
偷工減料	u	chengyu		china-idiom+agent	insufficient-syntax-evidence	low	accept	conservative syntax review
偷香竊玉	u	chengyu		china-idiom+agent	insufficient-syntax-evidence	low	accept	conservative syntax review
傍人籬壁	u	chengyu		china-idiom+agent	insufficient-syntax-evidence	low	accept	conservative syntax review
傍人門户	u	chengyu		china-idiom+agent	insufficient-syntax-evidence	low	accept	conservative syntax review
傳宗接代	u	chengyu		china-idiom+agent	insufficient-syntax-evidence	low	accept	conservative syntax review
傳為佳話	n	chengyu		china-idiom+agent	nominal-slot-or-referent	high	accept	conservative syntax review
傳道受業	u	chengyu		china-idiom+agent	insufficient-syntax-evidence	low	accept	conservative syntax review
傷天害理	u	chengyu		china-idiom+agent	insufficient-syntax-evidence	low	accept	conservative syntax review
傷弓之鳥	u	chengyu		china-idiom+agent	insufficient-syntax-evidence	low	accept	conservative syntax review
傷心蒿目	u	chengyu		china-idiom+agent	insufficient-syntax-evidence	low	accept	conservative syntax review
傷風敗俗	u	chengyu		china-idiom+agent	insufficient-syntax-evidence	low	accept	conservative syntax review
傾家蕩產	u	chengyu		china-idiom+agent	insufficient-syntax-evidence	low	accept	conservative syntax review
傾箱倒篋	u	chengyu		china-idiom+agent	insufficient-syntax-evidence	low	accept	conservative syntax review
傾耳細聽	u	chengyu		china-idiom+agent	insufficient-syntax-evidence	low	accept	conservative syntax review
傾耳而聽	u	chengyu		china-idiom+agent	insufficient-syntax-evidence	low	accept	conservative syntax review
僅以身免	u	chengyu		china-idiom+agent	insufficient-syntax-evidence	low	accept	conservative syntax review
價值連城	u	chengyu		china-idiom+agent	insufficient-syntax-evidence	low	accept	conservative syntax review
儉以養廉	u	chengyu		china-idiom+agent	insufficient-syntax-evidence	low	accept	conservative syntax review
儒雅風流	u	chengyu		china-idiom+agent	insufficient-syntax-evidence	low	accept	conservative syntax review
優孟衣冠	u	chengyu		china-idiom+agent	insufficient-syntax-evidence	low	accept	conservative syntax review
優遊自在	u	chengyu		china-idiom+agent	insufficient-syntax-evidence	low	accept	conservative syntax review
優遊自得	u	chengyu		china-idiom+agent	insufficient-syntax-evidence	low	accept	conservative syntax review
允文允武	u	chengyu		china-idiom+agent	insufficient-syntax-evidence	low	accept	conservative syntax review
元惡大憝	u	chengyu		china-idiom+agent	insufficient-syntax-evidence	low	accept	conservative syntax review
兇相畢露	u	chengyu		china-idiom+agent	insufficient-syntax-evidence	low	accept	conservative syntax review
先下手為強	u	chengyu		china-idiom+agent	insufficient-syntax-evidence	low	accept	conservative syntax review
先來後到	u	chengyu		china-idiom+agent	insufficient-syntax-evidence	low	accept	conservative syntax review
先入為主	u	chengyu		china-idiom+agent	insufficient-syntax-evidence	low	accept	conservative syntax review
先天不足	u	chengyu		china-idiom+agent	insufficient-syntax-evidence	low	accept	conservative syntax review
先小人後君子	u	chengyu		china-idiom+agent	insufficient-syntax-evidence	low	accept	conservative syntax review
先斬後奏	u	chengyu		china-idiom+agent	insufficient-syntax-evidence	low	accept	conservative syntax review
先發制人	u	chengyu		china-idiom+agent	insufficient-syntax-evidence	low	accept	conservative syntax review
先睹為快	u	chengyu		china-idiom+agent	insufficient-syntax-evidence	low	accept	conservative syntax review
先知先覺	u	chengyu		china-idiom+agent	insufficient-syntax-evidence	low	accept	conservative syntax review
先聲奪人	v	chengyu		china-idiom+agent	agent-reviewed-override	high	accept	conservative syntax review
光彩奪目	u	chengyu		china-idiom+agent	insufficient-syntax-evidence	low	accept	conservative syntax review
克勤克儉	u	chengyu		china-idiom+agent	insufficient-syntax-evidence	low	accept	conservative syntax review
克紹箕裘	u	chengyu		china-idiom+agent	insufficient-syntax-evidence	low	accept	conservative syntax review
兔死狗烹	v	chengyu	passive	china-idiom+agent	fixed-patient-definition	high	accept	conservative syntax review
入不敷出	u	chengyu		china-idiom+agent	insufficient-syntax-evidence	low	accept	conservative syntax review
入境問俗	u	chengyu		china-idiom+agent	insufficient-syntax-evidence	low	accept	conservative syntax review
入境問禁	u	chengyu		china-idiom+agent	insufficient-syntax-evidence	low	accept	conservative syntax review
入情入理	u	chengyu		china-idiom+agent	insufficient-syntax-evidence	low	accept	conservative syntax review
入木三分	u	chengyu		china-idiom+agent	insufficient-syntax-evidence	low	accept	conservative syntax review
入鄉隨俗	u	chengyu		china-idiom+agent	insufficient-syntax-evidence	low	accept	conservative syntax review
內憂外患	u	chengyu		china-idiom+agent	insufficient-syntax-evidence	low	accept	conservative syntax review
內柔外剛	a	chengyu		china-idiom+agent	state-definition	high	accept	conservative syntax review
內顧之憂	u	chengyu		china-idiom+agent	insufficient-syntax-evidence	low	accept	conservative syntax review
全知全能	u	chengyu		china-idiom+agent	insufficient-syntax-evidence	low	accept	conservative syntax review
全神灌注	u	chengyu		china-idiom+agent	insufficient-syntax-evidence	low	accept	conservative syntax review
全神貫注	u	chengyu		china-idiom+agent	insufficient-syntax-evidence	low	accept	conservative syntax review
兩全其美	u	chengyu		china-idiom+agent	insufficient-syntax-evidence	low	accept	conservative syntax review
兩腳書櫥	n	chengyu		china-idiom+agent	nominal-slot-or-referent	high	accept	conservative syntax review
兩虎相鬥	u	chengyu		china-idiom+agent	insufficient-syntax-evidence	low	accept	conservative syntax review
八九不離十	u	chengyu		china-idiom+agent	insufficient-syntax-evidence	low	accept	conservative syntax review
八字沒一撇	u	chengyu		china-idiom+agent	insufficient-syntax-evidence	low	accept	conservative syntax review
八拜之交	n	chengyu		china-idiom+agent	nominal-slot-or-referent	high	accept	conservative syntax review
八方呼應	u	chengyu		china-idiom+agent	insufficient-syntax-evidence	low	accept	conservative syntax review
八面威風	u	chengyu		china-idiom+agent	insufficient-syntax-evidence	low	accept	conservative syntax review
八面玲瓏	u	chengyu		china-idiom+agent	insufficient-syntax-evidence	low	accept	conservative syntax review
公之於眾	u	chengyu		china-idiom+agent	insufficient-syntax-evidence	low	accept	conservative syntax review
公正不阿	u	chengyu		china-idiom+agent	insufficient-syntax-evidence	low	accept	conservative syntax review
公私兼顧	u	chengyu		china-idiom+agent	insufficient-syntax-evidence	low	accept	conservative syntax review
公而忘私	u	chengyu		china-idiom+agent	insufficient-syntax-evidence	low	accept	conservative syntax review
公諸同好	u	chengyu		china-idiom+agent	insufficient-syntax-evidence	low	accept	conservative syntax review
公買公賣	u	chengyu		china-idiom+agent	insufficient-syntax-evidence	low	accept	conservative syntax review
六月飛霜	u	chengyu		china-idiom+agent	insufficient-syntax-evidence	low	accept	conservative syntax review
六神不安	u	chengyu		china-idiom+agent	insufficient-syntax-evidence	low	accept	conservative syntax review
六神無主	u	chengyu		china-idiom+agent	insufficient-syntax-evidence	low	accept	conservative syntax review
六耳不同謀	u	chengyu		china-idiom+agent	insufficient-syntax-evidence	low	accept	conservative syntax review
六親不認	u	chengyu		china-idiom+agent	insufficient-syntax-evidence	low	accept	conservative syntax review
六韜三略	u	chengyu		china-idiom+agent	insufficient-syntax-evidence	low	accept	conservative syntax review
兵不血刃	u	chengyu		china-idiom+agent	insufficient-syntax-evidence	low	accept	conservative syntax review
兵強馬壯	u	chengyu		china-idiom+agent	insufficient-syntax-evidence	low	accept	conservative syntax review
兵戈擾攘	u	chengyu		china-idiom+agent	insufficient-syntax-evidence	low	accept	conservative syntax review
兵敗如山倒	u	chengyu		china-idiom+agent	insufficient-syntax-evidence	low	accept	conservative syntax review
兵精糧足	u	chengyu		china-idiom+agent	insufficient-syntax-evidence	low	accept	conservative syntax review
兵荒馬亂	u	chengyu		china-idiom+agent	insufficient-syntax-evidence	low	accept	conservative syntax review
兵貴神速	u	chengyu		china-idiom+agent	insufficient-syntax-evidence	low	accept	conservative syntax review
兵連禍結	u	chengyu		china-idiom+agent	insufficient-syntax-evidence	low	accept	conservative syntax review
其勢洶洶	u	chengyu		china-idiom+agent	insufficient-syntax-evidence	low	accept	conservative syntax review
其樂不窮	u	chengyu		china-idiom+agent	insufficient-syntax-evidence	low	accept	conservative syntax review
其樂無窮	u	chengyu		china-idiom+agent	insufficient-syntax-evidence	low	accept	conservative syntax review
具體而微	u	chengyu		china-idiom+agent	insufficient-syntax-evidence	low	accept	conservative syntax review
再三再四	u	chengyu		china-idiom+agent	insufficient-syntax-evidence	low	accept	conservative syntax review
再接再厲	u	chengyu		china-idiom+agent	insufficient-syntax-evidence	low	accept	conservative syntax review
再接再礪	u	chengyu		china-idiom+agent	insufficient-syntax-evidence	low	accept	conservative syntax review
再生父母	u	chengyu		china-idiom+agent	insufficient-syntax-evidence	low	accept	conservative syntax review
冒大不韙	u	chengyu		china-idiom+agent	insufficient-syntax-evidence	low	accept	conservative syntax review
冒天下之大不韙	u	chengyu		china-idiom+agent	insufficient-syntax-evidence	low	accept	conservative syntax review
冤家路窄	u	chengyu		china-idiom+agent	insufficient-syntax-evidence	low	accept	conservative syntax review
冤有頭債有主	u	chengyu		china-idiom+agent	insufficient-syntax-evidence	low	accept	conservative syntax review
冥頑不靈	u	chengyu		china-idiom+agent	insufficient-syntax-evidence	low	accept	conservative syntax review
冰壺秋月	u	chengyu		china-idiom+agent	insufficient-syntax-evidence	low	accept	conservative syntax review
冰天雪地	u	chengyu		china-idiom+agent	insufficient-syntax-evidence	low	accept	conservative syntax review
冰消瓦解	u	chengyu		china-idiom+agent	insufficient-syntax-evidence	low	accept	conservative syntax review
冰清玉潔	u	chengyu		china-idiom+agent	insufficient-syntax-evidence	low	accept	conservative syntax review
冰魂雪魄	u	chengyu		china-idiom+agent	insufficient-syntax-evidence	low	accept	conservative syntax review
冷言冷語	u	chengyu		china-idiom+agent	insufficient-syntax-evidence	low	accept	conservative syntax review
冷語冰人	u	chengyu		china-idiom+agent	insufficient-syntax-evidence	low	accept	conservative syntax review
凶神惡煞	n	chengyu		china-idiom+agent	agent-reviewed-override	high	accept	conservative syntax review
出以公心	u	chengyu		china-idiom+agent	insufficient-syntax-evidence	low	accept	conservative syntax review
出其不備	u	chengyu		china-idiom+agent	insufficient-syntax-evidence	low	accept	conservative syntax review
出其不意	u	chengyu		china-idiom+agent	insufficient-syntax-evidence	low	accept	conservative syntax review
出奇制勝	u	chengyu		china-idiom+agent	insufficient-syntax-evidence	low	accept	conservative syntax review
出師有名	u	chengyu		china-idiom+agent	insufficient-syntax-evidence	low	accept	conservative syntax review
出污泥而不染	u	chengyu		china-idiom+agent	insufficient-syntax-evidence	low	accept	conservative syntax review
出淤泥而不染	u	chengyu		china-idiom+agent	insufficient-syntax-evidence	low	accept	conservative syntax review
出生入死	u	chengyu		china-idiom+agent	insufficient-syntax-evidence	low	accept	conservative syntax review
出言不遜	u	chengyu		china-idiom+agent	insufficient-syntax-evidence	low	accept	conservative syntax review
出言成章	u	chengyu		china-idiom+agent	insufficient-syntax-evidence	low	accept	conservative syntax review
出谷遷喬	u	chengyu		china-idiom+agent	insufficient-syntax-evidence	low	accept	conservative syntax review
出頭露面	u	chengyu		china-idiom+agent	insufficient-syntax-evidence	low	accept	conservative syntax review
刀山劍樹	u	chengyu		china-idiom+agent	insufficient-syntax-evidence	low	accept	conservative syntax review
刀山火海	n	chengyu		china-idiom+agent	nominal-slot-or-referent	high	accept	conservative syntax review
刀鋸斧鉞	u	chengyu		china-idiom+agent	insufficient-syntax-evidence	low	accept	conservative syntax review
刁鑽古怪	u	chengyu		china-idiom+agent	insufficient-syntax-evidence	low	accept	conservative syntax review
分庭抗禮	u	chengyu		china-idiom+agent	insufficient-syntax-evidence	low	accept	conservative syntax review
分我杯羹	u	chengyu		china-idiom+agent	insufficient-syntax-evidence	low	accept	conservative syntax review
分秒必爭	u	chengyu		china-idiom+agent	insufficient-syntax-evidence	low	accept	conservative syntax review
分門別類	u	chengyu		china-idiom+agent	insufficient-syntax-evidence	low	accept	conservative syntax review
切中時弊	u	chengyu		china-idiom+agent	insufficient-syntax-evidence	low	accept	conservative syntax review
切中時病	u	chengyu		china-idiom+agent	insufficient-syntax-evidence	low	accept	conservative syntax review
切切私語	u	chengyu		china-idiom+agent	insufficient-syntax-evidence	low	accept	conservative syntax review
切膚之痛	u	chengyu		china-idiom+agent	insufficient-syntax-evidence	low	accept	conservative syntax review
切骨之仇	u	chengyu		china-idiom+agent	insufficient-syntax-evidence	low	accept	conservative syntax review
列祖列宗	u	chengyu		china-idiom+agent	insufficient-syntax-evidence	low	accept	conservative syntax review
初生之犢	u	chengyu		china-idiom+agent	insufficient-syntax-evidence	low	accept	conservative syntax review
初生之犢不畏虎	u	chengyu		china-idiom+agent	insufficient-syntax-evidence	low	accept	conservative syntax review
初發芙蓉	u	chengyu		china-idiom+agent	insufficient-syntax-evidence	low	accept	conservative syntax review
別具一格	u	chengyu		china-idiom+agent	insufficient-syntax-evidence	low	accept	conservative syntax review
別具匠心	u	chengyu		china-idiom+agent	insufficient-syntax-evidence	low	accept	conservative syntax review
別具隻眼	u	chengyu		china-idiom+agent	insufficient-syntax-evidence	low	accept	conservative syntax review
別出心裁	u	chengyu		china-idiom+agent	insufficient-syntax-evidence	low	accept	conservative syntax review
別樹一幟	u	chengyu		china-idiom+agent	insufficient-syntax-evidence	low	accept	conservative syntax review
別樹一旗	u	chengyu		china-idiom+agent	insufficient-syntax-evidence	low	accept	conservative syntax review
別開生面	u	chengyu		china-idiom+agent	insufficient-syntax-evidence	low	accept	conservative syntax review
利令智昏	u	chengyu		china-idiom+agent	insufficient-syntax-evidence	low	accept	conservative syntax review
利慾薰心	u	chengyu		china-idiom+agent	insufficient-syntax-evidence	low	accept	conservative syntax review
刪繁就簡	u	chengyu		china-idiom+agent	insufficient-syntax-evidence	low	accept	conservative syntax review
刮地皮	u	chengyu		china-idiom+agent	insufficient-syntax-evidence	low	accept	conservative syntax review
刮目相看	u	chengyu		china-idiom+agent	insufficient-syntax-evidence	low	accept	conservative syntax review
刺刺不休	u	chengyu		china-idiom+agent	insufficient-syntax-evidence	low	accept	conservative syntax review
刻意求工	u	chengyu		china-idiom+agent	insufficient-syntax-evidence	low	accept	conservative syntax review
刻舟求劍	u	chengyu		china-idiom+agent	insufficient-syntax-evidence	low	accept	conservative syntax review
刻骨相思	u	chengyu		china-idiom+agent	insufficient-syntax-evidence	low	accept	conservative syntax review
刻骨銘心	u	chengyu		china-idiom+agent	insufficient-syntax-evidence	low	accept	conservative syntax review
刻鵠類鶩	u	chengyu		china-idiom+agent	insufficient-syntax-evidence	low	accept	conservative syntax review
削職為民	u	chengyu		china-idiom+agent	insufficient-syntax-evidence	low	accept	conservative syntax review
前仆後繼	u	chengyu		china-idiom+agent	insufficient-syntax-evidence	low	accept	conservative syntax review
前功盡廢	u	chengyu		china-idiom+agent	insufficient-syntax-evidence	low	accept	conservative syntax review
前功盡棄	u	chengyu		china-idiom+agent	insufficient-syntax-evidence	low	accept	conservative syntax review
前呼後擁	r	chengyu		china-idiom+agent	example-adverbial-de	high	accept	conservative syntax review
前怕狼後怕虎	u	chengyu		china-idiom+agent	insufficient-syntax-evidence	low	accept	conservative syntax review
前所未聞	u	chengyu		china-idiom+agent	insufficient-syntax-evidence	low	accept	conservative syntax review
前無古人	u	chengyu		china-idiom+agent	insufficient-syntax-evidence	low	accept	conservative syntax review
前赴後繼	u	chengyu		china-idiom+agent	insufficient-syntax-evidence	low	accept	conservative syntax review
前車之鑑	u	chengyu		china-idiom+agent	insufficient-syntax-evidence	low	accept	conservative syntax review
前車可鑑	u	chengyu		china-idiom+agent	insufficient-syntax-evidence	low	accept	conservative syntax review
剖肝泣血	a	chengyu		china-idiom+agent	state-definition	high	accept	conservative syntax review
剖肝瀝膽	u	chengyu		china-idiom+agent	insufficient-syntax-evidence	low	accept	conservative syntax review
剛毅木訥	u	chengyu		china-idiom+agent	insufficient-syntax-evidence	low	accept	conservative syntax review
剛直不阿	u	chengyu		china-idiom+agent	insufficient-syntax-evidence	low	accept	conservative syntax review
剜肉醫瘡	u	chengyu		china-idiom+agent	insufficient-syntax-evidence	low	accept	conservative syntax review
剩水殘山	u	chengyu		china-idiom+agent	insufficient-syntax-evidence	low	accept	conservative syntax review
割肚牽腸	a	chengyu		china-idiom+agent	state-definition	high	accept	conservative syntax review
割股療親	u	chengyu		china-idiom+agent	insufficient-syntax-evidence	low	accept	conservative syntax review
劈頭蓋臉	u	chengyu		china-idiom+agent	insufficient-syntax-evidence	low	accept	conservative syntax review
力不勝任	u	chengyu		china-idiom+agent	insufficient-syntax-evidence	low	accept	conservative syntax review
力不從心	a	chengyu		china-idiom+agent	state-definition	high	accept	conservative syntax review
力所不及	u	chengyu		china-idiom+agent	insufficient-syntax-evidence	low	accept	conservative syntax review
力有未逮	u	chengyu		china-idiom+agent	insufficient-syntax-evidence	low	accept	conservative syntax review
力爭上游	u	chengyu		china-idiom+agent	insufficient-syntax-evidence	low	accept	conservative syntax review
功到自然成	u	chengyu		china-idiom+agent	insufficient-syntax-evidence	low	accept	conservative syntax review
功成名遂	u	chengyu		china-idiom+agent	insufficient-syntax-evidence	low	accept	conservative syntax review
功虧一簣	u	chengyu		china-idiom+agent	insufficient-syntax-evidence	low	accept	conservative syntax review
功高不賞	u	chengyu		china-idiom+agent	insufficient-syntax-evidence	low	accept	conservative syntax review
功高望重	u	chengyu		china-idiom+agent	insufficient-syntax-evidence	low	accept	conservative syntax review
加官晉爵	u	chengyu		china-idiom+agent	insufficient-syntax-evidence	low	accept	conservative syntax review
加官進爵	u	chengyu		china-idiom+agent	insufficient-syntax-evidence	low	accept	conservative syntax review
加官進祿	u	chengyu		china-idiom+agent	insufficient-syntax-evidence	low	accept	conservative syntax review
助人為樂	v	chengyu		china-idiom+agent	action-definition	high	accept	conservative syntax review
助紂為虐	v	chengyu		china-idiom+agent	action-definition	high	accept	conservative syntax review
劫富濟貧	u	chengyu		china-idiom+agent	insufficient-syntax-evidence	low	accept	conservative syntax review
勃然變色	u	chengyu		china-idiom+agent	insufficient-syntax-evidence	low	accept	conservative syntax review
勇者不懼	u	chengyu		china-idiom+agent	insufficient-syntax-evidence	low	accept	conservative syntax review
勉為其難	u	chengyu		china-idiom+agent	insufficient-syntax-evidence	low	accept	conservative syntax review
動人心絃	u	chengyu		china-idiom+agent	insufficient-syntax-evidence	low	accept	conservative syntax review
動心駭目	u	chengyu		china-idiom+agent	insufficient-syntax-evidence	low	accept	conservative syntax review
動輒得咎	u	chengyu		china-idiom+agent	insufficient-syntax-evidence	low	accept	conservative syntax review
勝敗乃兵家常事	u	chengyu		china-idiom+agent	insufficient-syntax-evidence	low	accept	conservative syntax review
勞師動眾	u	chengyu		china-idiom+agent	insufficient-syntax-evidence	low	accept	conservative syntax review
勞心苦思	u	chengyu		china-idiom+agent	insufficient-syntax-evidence	low	accept	conservative syntax review
勞而無功	u	chengyu		china-idiom+agent	insufficient-syntax-evidence	low	accept	conservative syntax review
勞苦功高	u	chengyu		china-idiom+agent	insufficient-syntax-evidence	low	accept	conservative syntax review
勢不可擋	u	chengyu		china-idiom+agent	insufficient-syntax-evidence	low	accept	conservative syntax review
勢如破竹	u	chengyu		china-idiom+agent	insufficient-syntax-evidence	low	accept	conservative syntax review
勢成騎虎	u	chengyu		china-idiom+agent	insufficient-syntax-evidence	low	accept	conservative syntax review
勤勤懇懇	u	chengyu		china-idiom+agent	insufficient-syntax-evidence	low	accept	conservative syntax review
勤學苦練	u	chengyu		china-idiom+agent	insufficient-syntax-evidence	low	accept	conservative syntax review
勵精圖治	u	chengyu		china-idiom+agent	insufficient-syntax-evidence	low	accept	conservative syntax review
勸善懲惡	u	chengyu		china-idiom+agent	insufficient-syntax-evidence	low	accept	conservative syntax review
勾心鬥角	u	chengyu		china-idiom+agent	insufficient-syntax-evidence	low	accept	conservative syntax review
包攬詞訟	u	chengyu		china-idiom+agent	insufficient-syntax-evidence	low	accept	conservative syntax review
包羅萬有	u	chengyu		china-idiom+agent	insufficient-syntax-evidence	low	accept	conservative syntax review
包羅萬象	u	chengyu		china-idiom+agent	insufficient-syntax-evidence	low	accept	conservative syntax review
包藏禍心	u	chengyu		china-idiom+agent	insufficient-syntax-evidence	low	accept	conservative syntax review
化外之民	u	chengyu		china-idiom+agent	insufficient-syntax-evidence	low	accept	conservative syntax review
化干戈為玉帛	u	chengyu		china-idiom+agent	insufficient-syntax-evidence	low	accept	conservative syntax review
化整為零	u	chengyu		china-idiom+agent	insufficient-syntax-evidence	low	accept	conservative syntax review
化為泡影	u	chengyu		china-idiom+agent	insufficient-syntax-evidence	low	accept	conservative syntax review
化腐朽為神奇	u	chengyu		china-idiom+agent	insufficient-syntax-evidence	low	accept	conservative syntax review
化鴟為鳳	u	chengyu		china-idiom+agent	insufficient-syntax-evidence	low	accept	conservative syntax review
北叟失馬	u	chengyu		china-idiom+agent	insufficient-syntax-evidence	low	accept	conservative syntax review
匠心獨運	u	chengyu		china-idiom+agent	insufficient-syntax-evidence	low	accept	conservative syntax review
匿影藏形	u	chengyu		china-idiom+agent	insufficient-syntax-evidence	low	accept	conservative syntax review
十全十美	a	chengyu		china-idiom+agent	state-definition	high	accept	conservative syntax review
十八般武藝	u	chengyu		china-idiom+agent	insufficient-syntax-evidence	low	accept	conservative syntax review
十冬臘月	u	chengyu		china-idiom+agent	insufficient-syntax-evidence	low	accept	conservative syntax review
十室九空	u	chengyu		china-idiom+agent	insufficient-syntax-evidence	low	accept	conservative syntax review
十成九穩	u	chengyu		china-idiom+agent	insufficient-syntax-evidence	low	accept	conservative syntax review
十拿九穩	u	chengyu		china-idiom+agent	insufficient-syntax-evidence	low	accept	conservative syntax review
十步芳草	u	chengyu		china-idiom+agent	insufficient-syntax-evidence	low	accept	conservative syntax review
十羊九牧	u	chengyu		china-idiom+agent	insufficient-syntax-evidence	low	accept	conservative syntax review
十萬八千里	u	chengyu		china-idiom+agent	insufficient-syntax-evidence	low	accept	conservative syntax review
十風五雨	u	chengyu		china-idiom+agent	insufficient-syntax-evidence	low	accept	conservative syntax review
千叮萬囑	u	chengyu		china-idiom+agent	insufficient-syntax-evidence	low	accept	conservative syntax review
千奇百怪	u	chengyu		china-idiom+agent	insufficient-syntax-evidence	low	accept	conservative syntax review
千嬌百媚	u	chengyu		china-idiom+agent	insufficient-syntax-evidence	low	accept	conservative syntax review
千差萬別	u	chengyu		china-idiom+agent	insufficient-syntax-evidence	low	accept	conservative syntax review
千慮一失	u	chengyu		china-idiom+agent	insufficient-syntax-evidence	low	accept	conservative syntax review
千慮一得	u	chengyu		china-idiom+agent	insufficient-syntax-evidence	low	accept	conservative syntax review
千方百計	u	chengyu		china-idiom+agent	insufficient-syntax-evidence	low	accept	conservative syntax review
千瘡百孔	u	chengyu		china-idiom+agent	insufficient-syntax-evidence	low	accept	conservative syntax review
千秋萬世	u	chengyu		china-idiom+agent	insufficient-syntax-evidence	low	accept	conservative syntax review
千紅萬紫	u	chengyu		china-idiom+agent	insufficient-syntax-evidence	low	accept	conservative syntax review
千絲萬縷	u	chengyu		china-idiom+agent	insufficient-syntax-evidence	low	accept	conservative syntax review
千言萬語	u	chengyu		china-idiom+agent	insufficient-syntax-evidence	low	accept	conservative syntax review
千變萬化	u	chengyu		china-idiom+agent	insufficient-syntax-evidence	low	accept	conservative syntax review
千變萬軫	u	chengyu		china-idiom+agent	insufficient-syntax-evidence	low	accept	conservative syntax review
千軍萬馬	r	chengyu		china-idiom+agent	example-adverbial-de	high	accept	conservative syntax review
千載一時	u	chengyu		china-idiom+agent	insufficient-syntax-evidence	low	accept	conservative syntax review
千載難逢	u	chengyu		china-idiom+agent	insufficient-syntax-evidence	low	accept	conservative syntax review
千辛萬苦	u	chengyu		china-idiom+agent	insufficient-syntax-evidence	low	accept	conservative syntax review
千里送鵝毛	u	chengyu		china-idiom+agent	insufficient-syntax-evidence	low	accept	conservative syntax review
千金一擲	u	chengyu		china-idiom+agent	insufficient-syntax-evidence	low	accept	conservative syntax review
千金一諾	u	chengyu		china-idiom+agent	insufficient-syntax-evidence	low	accept	conservative syntax review
千鈞一髮	u	chengyu		china-idiom+agent	insufficient-syntax-evidence	low	accept	conservative syntax review
半吞半吐	u	chengyu		china-idiom+agent	insufficient-syntax-evidence	low	accept	conservative syntax review
半懂不懂	u	chengyu		china-idiom+agent	insufficient-syntax-evidence	low	accept	conservative syntax review
半截入土	u	chengyu		china-idiom+agent	insufficient-syntax-evidence	low	accept	conservative syntax review
半文不白	u	chengyu		china-idiom+agent	insufficient-syntax-evidence	low	accept	conservative syntax review
半生半熟	u	chengyu		china-idiom+agent	insufficient-syntax-evidence	low	accept	conservative syntax review
半真半假	r	chengyu		china-idiom+agent	example-adverbial-de	high	accept	conservative syntax review
半路出家	u	chengyu		china-idiom+agent	insufficient-syntax-evidence	low	accept	conservative syntax review
半間不界	u	chengyu		china-idiom+agent	insufficient-syntax-evidence	low	accept	conservative syntax review
半面之交	n	chengyu		china-idiom+agent	nominal-slot-or-referent	high	accept	conservative syntax review
卑不足道	u	chengyu		china-idiom+agent	insufficient-syntax-evidence	low	accept	conservative syntax review
卑禮厚幣	u	chengyu		china-idiom+agent	insufficient-syntax-evidence	low	accept	conservative syntax review
卑躬屈節	u	chengyu		china-idiom+agent	insufficient-syntax-evidence	low	accept	conservative syntax review
卑躬屈膝	u	chengyu		china-idiom+agent	insufficient-syntax-evidence	low	accept	conservative syntax review
卑辭厚禮	u	chengyu		china-idiom+agent	insufficient-syntax-evidence	low	accept	conservative syntax review
卑鄙齷齪	u	chengyu		china-idiom+agent	insufficient-syntax-evidence	low	accept	conservative syntax review
卑陋齷齪	u	chengyu		china-idiom+agent	insufficient-syntax-evidence	low	accept	conservative syntax review
卓有成效	u	chengyu		china-idiom+agent	insufficient-syntax-evidence	low	accept	conservative syntax review
南征北伐	u	chengyu		china-idiom+agent	insufficient-syntax-evidence	low	accept	conservative syntax review
南征北戰	u	chengyu		china-idiom+agent	insufficient-syntax-evidence	low	accept	conservative syntax review
南征北討	u	chengyu		china-idiom+agent	insufficient-syntax-evidence	low	accept	conservative syntax review
南柯一夢	u	chengyu		china-idiom+agent	insufficient-syntax-evidence	low	accept	conservative syntax review
南腔北調	u	chengyu		china-idiom+agent	insufficient-syntax-evidence	low	accept	conservative syntax review
博古通今	u	chengyu		china-idiom+agent	insufficient-syntax-evidence	low	accept	conservative syntax review
博士買驢	u	chengyu		china-idiom+agent	insufficient-syntax-evidence	low	accept	conservative syntax review
博大精深	u	chengyu		china-idiom+agent	insufficient-syntax-evidence	low	accept	conservative syntax review
博文約禮	u	chengyu		china-idiom+agent	insufficient-syntax-evidence	low	accept	conservative syntax review
博施濟眾	u	chengyu		china-idiom+agent	insufficient-syntax-evidence	low	accept	conservative syntax review
博物洽聞	u	chengyu		china-idiom+agent	insufficient-syntax-evidence	low	accept	conservative syntax review
博而不精	u	chengyu		china-idiom+agent	insufficient-syntax-evidence	low	accept	conservative syntax review
博聞多識	u	chengyu		china-idiom+agent	insufficient-syntax-evidence	low	accept	conservative syntax review
博聞強記	u	chengyu		china-idiom+agent	insufficient-syntax-evidence	low	accept	conservative syntax review
博聞強識	u	chengyu		china-idiom+agent	insufficient-syntax-evidence	low	accept	conservative syntax review
博識多通	u	chengyu		china-idiom+agent	insufficient-syntax-evidence	low	accept	conservative syntax review
卧虎藏龍	n	chengyu		china-idiom+agent	nominal-slot-or-referent	high	accept	conservative syntax review
危如朝露	u	chengyu		china-idiom+agent	insufficient-syntax-evidence	low	accept	conservative syntax review
危如累卵	u	chengyu		china-idiom+agent	insufficient-syntax-evidence	low	accept	conservative syntax review
卷地皮	u	chengyu		china-idiom+agent	insufficient-syntax-evidence	low	accept	conservative syntax review
卸磨殺驢	u	chengyu		china-idiom+agent	insufficient-syntax-evidence	low	accept	conservative syntax review
卻之不恭	u	chengyu		china-idiom+agent	insufficient-syntax-evidence	low	accept	conservative syntax review
厚今薄古	u	chengyu		china-idiom+agent	insufficient-syntax-evidence	low	accept	conservative syntax review
厚古薄今	u	chengyu		china-idiom+agent	insufficient-syntax-evidence	low	accept	conservative syntax review
厚德載物	u	chengyu		china-idiom+agent	insufficient-syntax-evidence	low	accept	conservative syntax review
厚此薄彼	u	chengyu		china-idiom+agent	insufficient-syntax-evidence	low	accept	conservative syntax review
厚積薄發	u	chengyu		china-idiom+agent	insufficient-syntax-evidence	low	accept	conservative syntax review
厚貌深情	u	chengyu		china-idiom+agent	insufficient-syntax-evidence	low	accept	conservative syntax review
原形畢露	u	chengyu		china-idiom+agent	insufficient-syntax-evidence	low	accept	conservative syntax review
厲行節約	u	chengyu		china-idiom+agent	insufficient-syntax-evidence	low	accept	conservative syntax review
去偽存真	u	chengyu		china-idiom+agent	insufficient-syntax-evidence	low	accept	conservative syntax review
又紅又專	u	chengyu		china-idiom+agent	insufficient-syntax-evidence	low	accept	conservative syntax review
及鋒而試	u	chengyu		china-idiom+agent	insufficient-syntax-evidence	low	accept	conservative syntax review
反其道而行之	u	chengyu		china-idiom+agent	insufficient-syntax-evidence	low	accept	conservative syntax review
反唇相稽	u	chengyu		china-idiom+agent	insufficient-syntax-evidence	low	accept	conservative syntax review
反唇相譏	u	chengyu		china-idiom+agent	insufficient-syntax-evidence	low	accept	conservative syntax review
反求諸己	u	chengyu		china-idiom+agent	insufficient-syntax-evidence	low	accept	conservative syntax review
反老還童	u	chengyu		china-idiom+agent	insufficient-syntax-evidence	low	accept	conservative syntax review
反臉無情	u	chengyu		china-idiom+agent	insufficient-syntax-evidence	low	accept	conservative syntax review
反裘負芻	u	chengyu		china-idiom+agent	insufficient-syntax-evidence	low	accept	conservative syntax review
反躬自問	u	chengyu		china-idiom+agent	insufficient-syntax-evidence	low	accept	conservative syntax review
反躬自責	u	chengyu		china-idiom+agent	insufficient-syntax-evidence	low	accept	conservative syntax review
取精用弘	u	chengyu		china-idiom+agent	insufficient-syntax-evidence	low	accept	conservative syntax review
取而代之	u	chengyu		china-idiom+agent	insufficient-syntax-evidence	low	accept	conservative syntax review
取長補短	u	chengyu		china-idiom+agent	insufficient-syntax-evidence	low	accept	conservative syntax review
口不應心	u	chengyu		china-idiom+agent	insufficient-syntax-evidence	low	accept	conservative syntax review
口快心直	u	chengyu		china-idiom+agent	insufficient-syntax-evidence	low	accept	conservative syntax review
口惠而實不至	u	chengyu		china-idiom+agent	insufficient-syntax-evidence	low	accept	conservative syntax review
口是心非	u	chengyu		china-idiom+agent	insufficient-syntax-evidence	low	accept	conservative syntax review
口無擇言	u	chengyu		china-idiom+agent	insufficient-syntax-evidence	low	accept	conservative syntax review
口直心快	u	chengyu		china-idiom+agent	insufficient-syntax-evidence	low	accept	conservative syntax review
口碑載道	u	chengyu		china-idiom+agent	insufficient-syntax-evidence	low	accept	conservative syntax review
口蜜腹劍	u	chengyu		china-idiom+agent	insufficient-syntax-evidence	low	accept	conservative syntax review
口角春風	u	chengyu		china-idiom+agent	insufficient-syntax-evidence	low	accept	conservative syntax review
口角生風	u	chengyu		china-idiom+agent	insufficient-syntax-evidence	low	accept	conservative syntax review
口説無憑	u	chengyu		china-idiom+agent	insufficient-syntax-evidence	low	accept	conservative syntax review
口頭禪	x	chengyu		china-idiom+agent	formula-definition	high	accept	conservative syntax review
口齒生香	u	chengyu		china-idiom+agent	insufficient-syntax-evidence	low	accept	conservative syntax review
古井無波	u	chengyu		china-idiom+agent	insufficient-syntax-evidence	low	accept	conservative syntax review
古為今用	u	chengyu		china-idiom+agent	insufficient-syntax-evidence	low	accept	conservative syntax review
古貌古心	u	chengyu		china-idiom+agent	insufficient-syntax-evidence	low	accept	conservative syntax review
古道熱腸	u	chengyu		china-idiom+agent	insufficient-syntax-evidence	low	accept	conservative syntax review
另謀高就	u	chengyu		china-idiom+agent	insufficient-syntax-evidence	low	accept	conservative syntax review
另起爐灶	u	chengyu		china-idiom+agent	insufficient-syntax-evidence	low	accept	conservative syntax review
只爭旦夕	u	chengyu		china-idiom+agent	insufficient-syntax-evidence	low	accept	conservative syntax review
只見樹木不見森林	u	chengyu		china-idiom+agent	clause-without-syntax-slot	low	accept	conservative syntax review
叫苦不迭	u	chengyu		china-idiom+agent	insufficient-syntax-evidence	low	accept	conservative syntax review
可乘之機	u	chengyu		china-idiom+agent	insufficient-syntax-evidence	low	accept	conservative syntax review
可望不可即	u	chengyu		china-idiom+agent	insufficient-syntax-evidence	low	accept	conservative syntax review
可望而不可即	u	chengyu		china-idiom+agent	insufficient-syntax-evidence	low	accept	conservative syntax review
可望而不可及	u	chengyu		china-idiom+agent	insufficient-syntax-evidence	low	accept	conservative syntax review
史無前例	u	chengyu		china-idiom+agent	insufficient-syntax-evidence	low	accept	conservative syntax review
司馬昭之心	n	chengyu		china-idiom+agent	nominal-slot-or-referent	high	accept	conservative syntax review
吃不了兜着走	u	chengyu		china-idiom+agent	insufficient-syntax-evidence	low	accept	conservative syntax review
吃力不討好	u	chengyu		china-idiom+agent	insufficient-syntax-evidence	low	accept	conservative syntax review
吃苦耐勞	u	chengyu		china-idiom+agent	insufficient-syntax-evidence	low	accept	conservative syntax review
吃裏扒外	u	chengyu		china-idiom+agent	insufficient-syntax-evidence	low	accept	conservative syntax review
吃軟不吃硬	u	chengyu		china-idiom+agent	insufficient-syntax-evidence	low	accept	conservative syntax review
各人自掃門前雪	u	chengyu		china-idiom+agent	insufficient-syntax-evidence	low	accept	conservative syntax review
各個擊破	u	chengyu		china-idiom+agent	insufficient-syntax-evidence	low	accept	conservative syntax review
各奔前程	u	chengyu		china-idiom+agent	insufficient-syntax-evidence	low	accept	conservative syntax review
各得其所	u	chengyu		china-idiom+agent	insufficient-syntax-evidence	low	accept	conservative syntax review
各為其主	u	chengyu		china-idiom+agent	insufficient-syntax-evidence	low	accept	conservative syntax review
各行其是	u	chengyu		china-idiom+agent	insufficient-syntax-evidence	low	accept	conservative syntax review
合情合理	u	chengyu		china-idiom+agent	insufficient-syntax-evidence	low	accept	conservative syntax review
合浦珠還	u	chengyu		china-idiom+agent	insufficient-syntax-evidence	low	accept	conservative syntax review
合而為一	u	chengyu		china-idiom+agent	insufficient-syntax-evidence	low	accept	conservative syntax review
吉人天相	u	chengyu		china-idiom+agent	insufficient-syntax-evidence	low	accept	conservative syntax review
吉人自有天相	u	chengyu		china-idiom+agent	insufficient-syntax-evidence	low	accept	conservative syntax review
吉凶未卜	u	chengyu		china-idiom+agent	insufficient-syntax-evidence	low	accept	conservative syntax review
吉日良辰	u	chengyu		china-idiom+agent	insufficient-syntax-evidence	low	accept	conservative syntax review
吉星高照	u	chengyu		china-idiom+agent	insufficient-syntax-evidence	low	accept	conservative syntax review
同仇敵愾	u	chengyu		china-idiom+agent	insufficient-syntax-evidence	low	accept	conservative syntax review
同室操戈	u	chengyu		china-idiom+agent	insufficient-syntax-evidence	low	accept	conservative syntax review
同心協力	u	chengyu		china-idiom+agent	insufficient-syntax-evidence	low	accept	conservative syntax review
同心合力	u	chengyu		china-idiom+agent	insufficient-syntax-evidence	low	accept	conservative syntax review
同心同德	u	chengyu		china-idiom+agent	insufficient-syntax-evidence	low	accept	conservative syntax review
同日而語	u	chengyu		china-idiom+agent	insufficient-syntax-evidence	low	accept	conservative syntax review
同牀異夢	u	chengyu		china-idiom+agent	insufficient-syntax-evidence	low	accept	conservative syntax review
同甘共苦	u	chengyu		china-idiom+agent	insufficient-syntax-evidence	low	accept	conservative syntax review
同病相憐	u	chengyu		china-idiom+agent	insufficient-syntax-evidence	low	accept	conservative syntax review
同符合契	u	chengyu		china-idiom+agent	insufficient-syntax-evidence	low	accept	conservative syntax review
同聲同氣	u	chengyu		china-idiom+agent	insufficient-syntax-evidence	low	accept	conservative syntax review
同舟共濟	u	chengyu		china-idiom+agent	insufficient-syntax-evidence	low	accept	conservative syntax review
名不正言不順	u	chengyu		china-idiom+agent	insufficient-syntax-evidence	low	accept	conservative syntax review
名不虛傳	u	chengyu		china-idiom+agent	insufficient-syntax-evidence	low	accept	conservative syntax review
名列前茅	u	chengyu		china-idiom+agent	insufficient-syntax-evidence	low	accept	conservative syntax review
名垂千古	u	chengyu		china-idiom+agent	insufficient-syntax-evidence	low	accept	conservative syntax review
名垂青史	u	chengyu		china-idiom+agent	insufficient-syntax-evidence	low	accept	conservative syntax review
名存實亡	u	chengyu		china-idiom+agent	insufficient-syntax-evidence	low	accept	conservative syntax review
名實相符	u	chengyu		china-idiom+agent	insufficient-syntax-evidence	low	accept	conservative syntax review
名山事業	u	chengyu		china-idiom+agent	insufficient-syntax-evidence	low	accept	conservative syntax review
名山大川	u	chengyu		china-idiom+agent	insufficient-syntax-evidence	low	accept	conservative syntax review
名師出高徒	u	chengyu		china-idiom+agent	insufficient-syntax-evidence	low	accept	conservative syntax review
名從主人	u	chengyu		china-idiom+agent	insufficient-syntax-evidence	low	accept	conservative syntax review
名滿天下	u	chengyu		china-idiom+agent	insufficient-syntax-evidence	low	accept	conservative syntax review
名落孫山	u	chengyu		china-idiom+agent	insufficient-syntax-evidence	low	accept	conservative syntax review
名過其實	u	chengyu		china-idiom+agent	insufficient-syntax-evidence	low	accept	conservative syntax review
吐故納新	u	chengyu		china-idiom+agent	insufficient-syntax-evidence	low	accept	conservative syntax review
吐絲自縛	u	chengyu		china-idiom+agent	insufficient-syntax-evidence	low	accept	conservative syntax review
君子之交淡如水	u	chengyu		china-idiom+agent	insufficient-syntax-evidence	low	accept	conservative syntax review
君子好逑	u	chengyu		china-idiom+agent	insufficient-syntax-evidence	low	accept	conservative syntax review
吞聲忍氣	u	chengyu		china-idiom+agent	insufficient-syntax-evidence	low	accept	conservative syntax review
否極泰來	u	chengyu		china-idiom+agent	insufficient-syntax-evidence	low	accept	conservative syntax review
含冤莫白	u	chengyu		china-idiom+agent	insufficient-syntax-evidence	low	accept	conservative syntax review
含沙射影	u	chengyu		china-idiom+agent	insufficient-syntax-evidence	low	accept	conservative syntax review
含笑入地	u	chengyu		china-idiom+agent	insufficient-syntax-evidence	low	accept	conservative syntax review
含血噴人	u	chengyu		china-idiom+agent	insufficient-syntax-evidence	low	accept	conservative syntax review
含辛茹苦	u	chengyu		china-idiom+agent	insufficient-syntax-evidence	low	accept	conservative syntax review
吳市吹簫	u	chengyu		china-idiom+agent	insufficient-syntax-evidence	low	accept	conservative syntax review
吳牛喘月	u	chengyu		china-idiom+agent	insufficient-syntax-evidence	low	accept	conservative syntax review
吳頭楚尾	u	chengyu		china-idiom+agent	insufficient-syntax-evidence	low	accept	conservative syntax review
吹毛求疵	u	chengyu		china-idiom+agent	insufficient-syntax-evidence	low	accept	conservative syntax review
吹燈拔蠟	u	chengyu		china-idiom+agent	insufficient-syntax-evidence	low	accept	conservative syntax review
吹牛拍馬	u	chengyu		china-idiom+agent	insufficient-syntax-evidence	low	accept	conservative syntax review
吹皺一池春水	u	chengyu		china-idiom+agent	insufficient-syntax-evidence	low	accept	conservative syntax review
吹簫乞食	u	chengyu		china-idiom+agent	insufficient-syntax-evidence	low	accept	conservative syntax review
告貸無門	u	chengyu		china-idiom+agent	insufficient-syntax-evidence	low	accept	conservative syntax review
呢喃細語	u	chengyu		china-idiom+agent	insufficient-syntax-evidence	low	accept	conservative syntax review
味同嚼蠟	u	chengyu		china-idiom+agent	insufficient-syntax-evidence	low	accept	conservative syntax review
呼之欲出	u	chengyu		china-idiom+agent	insufficient-syntax-evidence	low	accept	conservative syntax review
呼天搶地	u	chengyu		china-idiom+agent	insufficient-syntax-evidence	low	accept	conservative syntax review
呼朋引類	u	chengyu		china-idiom+agent	insufficient-syntax-evidence	low	accept	conservative syntax review
呼牛作馬	u	chengyu		china-idiom+agent	insufficient-syntax-evidence	low	accept	conservative syntax review
呼牛呼馬	u	chengyu		china-idiom+agent	insufficient-syntax-evidence	low	accept	conservative syntax review
呼風喚雨	u	chengyu		china-idiom+agent	insufficient-syntax-evidence	low	accept	conservative syntax review
咄咄逼人	u	chengyu		china-idiom+agent	insufficient-syntax-evidence	low	accept	conservative syntax review
咆哮如雷	u	chengyu		china-idiom+agent	insufficient-syntax-evidence	low	accept	conservative syntax review
和衣而卧	u	chengyu		china-idiom+agent	insufficient-syntax-evidence	low	accept	conservative syntax review
和衷共濟	u	chengyu		china-idiom+agent	insufficient-syntax-evidence	low	accept	conservative syntax review
咎有應得	u	chengyu		china-idiom+agent	insufficient-syntax-evidence	low	accept	conservative syntax review
咎由自取	u	chengyu		china-idiom+agent	insufficient-syntax-evidence	low	accept	conservative syntax review
咬定牙根	u	chengyu		china-idiom+agent	insufficient-syntax-evidence	low	accept	conservative syntax review
咬定牙關	u	chengyu		china-idiom+agent	insufficient-syntax-evidence	low	accept	conservative syntax review
哀兵必勝	u	chengyu		china-idiom+agent	insufficient-syntax-evidence	low	accept	conservative syntax review
哀告賓服	u	chengyu		china-idiom+agent	insufficient-syntax-evidence	low	accept	conservative syntax review
哀毀骨立	u	chengyu		china-idiom+agent	insufficient-syntax-evidence	low	accept	conservative syntax review
哀而不傷	u	chengyu		china-idiom+agent	insufficient-syntax-evidence	low	accept	conservative syntax review
哀莫大於心死	u	chengyu		china-idiom+agent	insufficient-syntax-evidence	low	accept	conservative syntax review
哀鴻遍野	u	chengyu		china-idiom+agent	insufficient-syntax-evidence	low	accept	conservative syntax review
哭笑不得	u	chengyu		china-idiom+agent	insufficient-syntax-evidence	low	accept	conservative syntax review
哲人其萎	u	chengyu		china-idiom+agent	insufficient-syntax-evidence	low	accept	conservative syntax review
唇槍舌劍	u	chengyu		china-idiom+agent	insufficient-syntax-evidence	low	accept	conservative syntax review
唇紅齒白	u	chengyu		china-idiom+agent	insufficient-syntax-evidence	low	accept	conservative syntax review
唇齒之邦	u	chengyu		china-idiom+agent	insufficient-syntax-evidence	low	accept	conservative syntax review
唇齒相依	u	chengyu		china-idiom+agent	insufficient-syntax-evidence	low	accept	conservative syntax review
唉聲嘆氣	u	chengyu		china-idiom+agent	insufficient-syntax-evidence	low	accept	conservative syntax review
唯利是圖	u	chengyu		china-idiom+agent	insufficient-syntax-evidence	low	accept	conservative syntax review
唯命是從	u	chengyu		china-idiom+agent	insufficient-syntax-evidence	low	accept	conservative syntax review
唯唯諾諾	u	chengyu		china-idiom+agent	insufficient-syntax-evidence	low	accept	conservative syntax review
唯妙唯肖	u	chengyu		china-idiom+agent	insufficient-syntax-evidence	low	accept	conservative syntax review
唯我獨尊	u	chengyu		china-idiom+agent	insufficient-syntax-evidence	low	accept	conservative syntax review
唾面自乾	u	chengyu		china-idiom+agent	insufficient-syntax-evidence	low	accept	conservative syntax review
啜菽飲水	u	chengyu		china-idiom+agent	insufficient-syntax-evidence	low	accept	conservative syntax review
啼飢號寒	u	chengyu		china-idiom+agent	insufficient-syntax-evidence	low	accept	conservative syntax review
善自為謀	u	chengyu		china-idiom+agent	insufficient-syntax-evidence	low	accept	conservative syntax review
善門難開	u	chengyu		china-idiom+agent	insufficient-syntax-evidence	low	accept	conservative syntax review
喊冤叫屈	u	chengyu		china-idiom+agent	insufficient-syntax-evidence	low	accept	conservative syntax review
喋喋不休	u	chengyu		china-idiom+agent	insufficient-syntax-evidence	low	accept	conservative syntax review
喜上眉梢	u	chengyu		china-idiom+agent	insufficient-syntax-evidence	low	accept	conservative syntax review
喜出望外	u	chengyu		china-idiom+agent	insufficient-syntax-evidence	low	accept	conservative syntax review
喜形於色	u	chengyu		china-idiom+agent	insufficient-syntax-evidence	low	accept	conservative syntax review
喜怒不形於色	u	chengyu		china-idiom+agent	insufficient-syntax-evidence	low	accept	conservative syntax review
喜怒哀樂	u	chengyu		china-idiom+agent	insufficient-syntax-evidence	low	accept	conservative syntax review
喜聞樂見	u	chengyu		china-idiom+agent	insufficient-syntax-evidence	low	accept	conservative syntax review
喪家之狗	n	chengyu		china-idiom+agent	agent-reviewed-override	high	accept	conservative syntax review
喪心病狂	u	chengyu		china-idiom+agent	insufficient-syntax-evidence	low	accept	conservative syntax review
喪權辱國	u	chengyu		china-idiom+agent	insufficient-syntax-evidence	low	accept	conservative syntax review
喪盡天良	u	chengyu		china-idiom+agent	insufficient-syntax-evidence	low	accept	conservative syntax review
喪魂失魄	a	chengyu		china-idiom+agent	agent-reviewed-override	high	accept	conservative syntax review
喪魂落魄	u	chengyu		china-idiom+agent	insufficient-syntax-evidence	low	accept	conservative syntax review
喬裝打扮	u	chengyu		china-idiom+agent	insufficient-syntax-evidence	low	accept	conservative syntax review
嗜痂之癖	u	chengyu		china-idiom+agent	insufficient-syntax-evidence	low	accept	conservative syntax review
嗤之以鼻	u	chengyu		china-idiom+agent	insufficient-syntax-evidence	low	accept	conservative syntax review
嗷嗷待哺	u	chengyu		china-idiom+agent	insufficient-syntax-evidence	low	accept	conservative syntax review
嘖嘖稱羨	u	chengyu		china-idiom+agent	insufficient-syntax-evidence	low	accept	conservative syntax review
嘖有煩言	u	chengyu		china-idiom+agent	insufficient-syntax-evidence	low	accept	conservative syntax review
嘟嘟噥噥	u	chengyu		china-idiom+agent	insufficient-syntax-evidence	low	accept	conservative syntax review
嘴甜心苦	u	chengyu		china-idiom+agent	insufficient-syntax-evidence	low	accept	conservative syntax review
噓寒問暖	u	chengyu		china-idiom+agent	insufficient-syntax-evidence	low	accept	conservative syntax review
噤若寒蟬	u	chengyu		china-idiom+agent	insufficient-syntax-evidence	low	accept	conservative syntax review
嚴陣以待	u	chengyu		china-idiom+agent	insufficient-syntax-evidence	low	accept	conservative syntax review
囊空如洗	u	chengyu		china-idiom+agent	insufficient-syntax-evidence	low	accept	conservative syntax review
囚首垢面	u	chengyu		china-idiom+agent	insufficient-syntax-evidence	low	accept	conservative syntax review
四大皆空	u	chengyu		china-idiom+agent	insufficient-syntax-evidence	low	accept	conservative syntax review
四平八穩	u	chengyu		china-idiom+agent	insufficient-syntax-evidence	low	accept	conservative syntax review
四時八節	u	chengyu		china-idiom+agent	insufficient-syntax-evidence	low	accept	conservative syntax review
四海之內皆兄弟	u	chengyu		china-idiom+agent	clause-without-syntax-slot	low	accept	conservative syntax review
四海昇平	u	chengyu		china-idiom+agent	insufficient-syntax-evidence	low	accept	conservative syntax review
四海為家	u	chengyu		china-idiom+agent	insufficient-syntax-evidence	low	accept	conservative syntax review
四海飄零	u	chengyu		china-idiom+agent	insufficient-syntax-evidence	low	accept	conservative syntax review
四通八達	u	chengyu		china-idiom+agent	insufficient-syntax-evidence	low	accept	conservative syntax review
四面楚歌	n	chengyu		china-idiom+agent	nominal-slot-or-referent	high	accept	conservative syntax review
回味無窮	u	chengyu		china-idiom+agent	insufficient-syntax-evidence	low	accept	conservative syntax review
回天乏術	u	chengyu		china-idiom+agent	insufficient-syntax-evidence	low	accept	conservative syntax review
回心轉意	u	chengyu		china-idiom+agent	insufficient-syntax-evidence	low	accept	conservative syntax review
回頭是岸	u	chengyu		china-idiom+agent	insufficient-syntax-evidence	low	accept	conservative syntax review
因人而異	u	chengyu		china-idiom+agent	insufficient-syntax-evidence	low	accept	conservative syntax review
因利乘便	u	chengyu		china-idiom+agent	insufficient-syntax-evidence	low	accept	conservative syntax review
因勢利導	u	chengyu		china-idiom+agent	insufficient-syntax-evidence	low	accept	conservative syntax review
因噎廢食	u	chengyu		china-idiom+agent	insufficient-syntax-evidence	low	accept	conservative syntax review
因地制宜	u	chengyu		china-idiom+agent	insufficient-syntax-evidence	low	accept	conservative syntax review
因時制宜	u	chengyu		china-idiom+agent	insufficient-syntax-evidence	low	accept	conservative syntax review
因禍得福	u	chengyu		china-idiom+agent	insufficient-syntax-evidence	low	accept	conservative syntax review
因襲陳規	u	chengyu		china-idiom+agent	insufficient-syntax-evidence	low	accept	conservative syntax review
因陋就簡	u	chengyu		china-idiom+agent	insufficient-syntax-evidence	low	accept	conservative syntax review
困獸猶鬥	u	chengyu		china-idiom+agent	insufficient-syntax-evidence	low	accept	conservative syntax review
固步自封	u	chengyu		china-idiom+agent	insufficient-syntax-evidence	low	accept	conservative syntax review
國富兵強	u	chengyu		china-idiom+agent	insufficient-syntax-evidence	low	accept	conservative syntax review
國富民安	u	chengyu		china-idiom+agent	insufficient-syntax-evidence	low	accept	conservative syntax review
國富民強	u	chengyu		china-idiom+agent	insufficient-syntax-evidence	low	accept	conservative syntax review
國步艱難	u	chengyu		china-idiom+agent	insufficient-syntax-evidence	low	accept	conservative syntax review
國色天香	u	chengyu		china-idiom+agent	insufficient-syntax-evidence	low	accept	conservative syntax review
國難當頭	u	chengyu		china-idiom+agent	insufficient-syntax-evidence	low	accept	conservative syntax review
圍城打援	u	chengyu		china-idiom+agent	insufficient-syntax-evidence	low	accept	conservative syntax review
圍魏救趙	u	chengyu		china-idiom+agent	insufficient-syntax-evidence	low	accept	conservative syntax review
圓顱方趾	u	chengyu		china-idiom+agent	insufficient-syntax-evidence	low	accept	conservative syntax review
圖窮匕見	u	chengyu		china-idiom+agent	insufficient-syntax-evidence	low	accept	conservative syntax review
圖謀不軌	u	chengyu		china-idiom+agent	insufficient-syntax-evidence	low	accept	conservative syntax review
圖財害命	u	chengyu		china-idiom+agent	insufficient-syntax-evidence	low	accept	conservative syntax review
團團轉	u	chengyu		china-idiom+agent	insufficient-syntax-evidence	low	accept	conservative syntax review
土崩瓦解	u	chengyu		china-idiom+agent	insufficient-syntax-evidence	low	accept	conservative syntax review
土牛木馬	u	chengyu		china-idiom+agent	insufficient-syntax-evidence	low	accept	conservative syntax review
土階茅茨	u	chengyu		china-idiom+agent	insufficient-syntax-evidence	low	accept	conservative syntax review
土雞瓦狗	u	chengyu		china-idiom+agent	insufficient-syntax-evidence	low	accept	conservative syntax review
在所不惜	u	chengyu		china-idiom+agent	insufficient-syntax-evidence	low	accept	conservative syntax review
地久天長	u	chengyu		china-idiom+agent	insufficient-syntax-evidence	low	accept	conservative syntax review
地大物博	u	chengyu		china-idiom+agent	insufficient-syntax-evidence	low	accept	conservative syntax review
地廣人稀	u	chengyu		china-idiom+agent	insufficient-syntax-evidence	low	accept	conservative syntax review
坎坷不平	u	chengyu		china-idiom+agent	insufficient-syntax-evidence	low	accept	conservative syntax review
坐不垂堂	u	chengyu		china-idiom+agent	insufficient-syntax-evidence	low	accept	conservative syntax review
坐失機宜	u	chengyu		china-idiom+agent	insufficient-syntax-evidence	low	accept	conservative syntax review
坐山觀虎鬥	u	chengyu		china-idiom+agent	insufficient-syntax-evidence	low	accept	conservative syntax review
坐觀成敗	u	chengyu		china-idiom+agent	insufficient-syntax-evidence	low	accept	conservative syntax review
坐言起行	u	chengyu		china-idiom+agent	insufficient-syntax-evidence	low	accept	conservative syntax review
垂手可得	u	chengyu		china-idiom+agent	insufficient-syntax-evidence	low	accept	conservative syntax review
垂死掙扎	u	chengyu		china-idiom+agent	insufficient-syntax-evidence	low	accept	conservative syntax review
垂涎三尺	u	chengyu		china-idiom+agent	insufficient-syntax-evidence	low	accept	conservative syntax review
垂涎欲滴	u	chengyu		china-idiom+agent	insufficient-syntax-evidence	low	accept	conservative syntax review
埋天怨地	u	chengyu		china-idiom+agent	insufficient-syntax-evidence	low	accept	conservative syntax review
埋頭苦幹	u	chengyu		china-idiom+agent	insufficient-syntax-evidence	low	accept	conservative syntax review
城下之盟	u	chengyu		china-idiom+agent	insufficient-syntax-evidence	low	accept	conservative syntax review
城狐社鼠	u	chengyu		china-idiom+agent	insufficient-syntax-evidence	low	accept	conservative syntax review
執法如山	u	chengyu		china-idiom+agent	insufficient-syntax-evidence	low	accept	conservative syntax review
執牛耳	u	chengyu		china-idiom+agent	insufficient-syntax-evidence	low	accept	conservative syntax review
堅如磐石	u	chengyu		china-idiom+agent	insufficient-syntax-evidence	low	accept	conservative syntax review
堅強不屈	u	chengyu		china-idiom+agent	insufficient-syntax-evidence	low	accept	conservative syntax review
堅忍不拔	u	chengyu		china-idiom+agent	insufficient-syntax-evidence	low	accept	conservative syntax review
堅持不懈	u	chengyu		china-idiom+agent	insufficient-syntax-evidence	low	accept	conservative syntax review
堅苦卓絕	u	chengyu		china-idiom+agent	insufficient-syntax-evidence	low	accept	conservative syntax review
堅韌不拔	u	chengyu		china-idiom+agent	insufficient-syntax-evidence	low	accept	conservative syntax review
堆金積玉	u	chengyu		china-idiom+agent	insufficient-syntax-evidence	low	accept	conservative syntax review
堤潰蟻孔	u	chengyu		china-idiom+agent	insufficient-syntax-evidence	low	accept	conservative syntax review
報仇雪恥	v	chengyu		china-idiom+agent	action-definition	high	accept	conservative syntax review
報本反始	u	chengyu		china-idiom+agent	insufficient-syntax-evidence	low	accept	conservative syntax review
塗脂抹粉	u	chengyu		china-idiom+agent	insufficient-syntax-evidence	low	accept	conservative syntax review
塞翁失馬焉知非福	u	chengyu		china-idiom+agent	clause-without-syntax-slot	low	accept	conservative syntax review
墮雲霧中	u	chengyu		china-idiom+agent	insufficient-syntax-evidence	low	accept	conservative syntax review
壁壘森嚴	u	chengyu		china-idiom+agent	insufficient-syntax-evidence	low	accept	conservative syntax review
壎篪相和	u	chengyu		china-idiom+agent	insufficient-syntax-evidence	low	accept	conservative syntax review
壹敗塗地	u	chengyu		china-idiom+agent	insufficient-syntax-evidence	low	accept	conservative syntax review
壽比南山	u	chengyu		china-idiom+agent	insufficient-syntax-evidence	low	accept	conservative syntax review
壽陵失步	u	chengyu		china-idiom+agent	insufficient-syntax-evidence	low	accept	conservative syntax review
夏爐冬扇	u	chengyu		china-idiom+agent	insufficient-syntax-evidence	low	accept	conservative syntax review
夏蟲不可以語冰	u	chengyu		china-idiom+agent	insufficient-syntax-evidence	low	accept	conservative syntax review
外寬內忌	u	chengyu		china-idiom+agent	insufficient-syntax-evidence	low	accept	conservative syntax review
夙夜匪懈	u	chengyu		china-idiom+agent	insufficient-syntax-evidence	low	accept	conservative syntax review
夙興夜寐	u	chengyu		china-idiom+agent	insufficient-syntax-evidence	low	accept	conservative syntax review
多一事不如少一事	u	chengyu		china-idiom+agent	clause-without-syntax-slot	low	accept	conservative syntax review
多多益善	u	chengyu		china-idiom+agent	insufficient-syntax-evidence	low	accept	conservative syntax review
多如牛毛	u	chengyu		china-idiom+agent	insufficient-syntax-evidence	low	accept	conservative syntax review
多愁多病	u	chengyu		china-idiom+agent	insufficient-syntax-evidence	low	accept	conservative syntax review
多此一舉	u	chengyu		china-idiom+agent	insufficient-syntax-evidence	low	accept	conservative syntax review
多災多難	u	chengyu		china-idiom+agent	insufficient-syntax-evidence	low	accept	conservative syntax review
多聞闕疑	u	chengyu		china-idiom+agent	insufficient-syntax-evidence	low	accept	conservative syntax review
多行不義必自斃	u	chengyu		china-idiom+agent	insufficient-syntax-evidence	low	accept	conservative syntax review
多財善賈	u	chengyu		china-idiom+agent	insufficient-syntax-evidence	low	accept	conservative syntax review
多錢善賈	u	chengyu		china-idiom+agent	insufficient-syntax-evidence	low	accept	conservative syntax review
夜不閉户	u	chengyu		china-idiom+agent	insufficient-syntax-evidence	low	accept	conservative syntax review
夜郎自大	u	chengyu		china-idiom+agent	insufficient-syntax-evidence	low	accept	conservative syntax review
夜闌人靜	u	chengyu		china-idiom+agent	insufficient-syntax-evidence	low	accept	conservative syntax review
大中至正	u	chengyu		china-idiom+agent	insufficient-syntax-evidence	low	accept	conservative syntax review
大仁大義	u	chengyu		china-idiom+agent	insufficient-syntax-evidence	low	accept	conservative syntax review
大功告成	u	chengyu		china-idiom+agent	insufficient-syntax-evidence	low	accept	conservative syntax review
大勇若怯	u	chengyu		china-idiom+agent	insufficient-syntax-evidence	low	accept	conservative syntax review
大動干戈	u	chengyu		china-idiom+agent	insufficient-syntax-evidence	low	accept	conservative syntax review
大動肝火	u	chengyu		china-idiom+agent	insufficient-syntax-evidence	low	accept	conservative syntax review
大同小異	u	chengyu		china-idiom+agent	insufficient-syntax-evidence	low	accept	conservative syntax review
大名鼎鼎	u	chengyu		china-idiom+agent	insufficient-syntax-evidence	low	accept	conservative syntax review
大吹法螺	u	chengyu		china-idiom+agent	insufficient-syntax-evidence	low	accept	conservative syntax review
大喜過望	u	chengyu		china-idiom+agent	insufficient-syntax-evidence	low	accept	conservative syntax review
大器晚成	u	chengyu		china-idiom+agent	insufficient-syntax-evidence	low	accept	conservative syntax review
大塊文章	u	chengyu		china-idiom+agent	insufficient-syntax-evidence	low	accept	conservative syntax review
大天白日	u	chengyu		china-idiom+agent	insufficient-syntax-evidence	low	accept	conservative syntax review
大度包容	u	chengyu		china-idiom+agent	insufficient-syntax-evidence	low	accept	conservative syntax review
大張撻伐	u	chengyu		china-idiom+agent	insufficient-syntax-evidence	low	accept	conservative syntax review
大張聲勢	u	chengyu		china-idiom+agent	insufficient-syntax-evidence	low	accept	conservative syntax review
大快人心	u	chengyu		china-idiom+agent	insufficient-syntax-evidence	low	accept	conservative syntax review
大恩大德	u	chengyu		china-idiom+agent	insufficient-syntax-evidence	low	accept	conservative syntax review
大慈大悲	u	chengyu		china-idiom+agent	insufficient-syntax-evidence	low	accept	conservative syntax review
大放厥辭	u	chengyu		china-idiom+agent	insufficient-syntax-evidence	low	accept	conservative syntax review
大放悲聲	u	chengyu		china-idiom+agent	insufficient-syntax-evidence	low	accept	conservative syntax review
大敵當前	u	chengyu		china-idiom+agent	insufficient-syntax-evidence	low	accept	conservative syntax review
大智如愚	u	chengyu		china-idiom+agent	insufficient-syntax-evidence	low	accept	conservative syntax review
大書特書	u	chengyu		china-idiom+agent	insufficient-syntax-evidence	low	accept	conservative syntax review
大有作為	u	chengyu		china-idiom+agent	insufficient-syntax-evidence	low	accept	conservative syntax review
大有徑庭	u	chengyu		china-idiom+agent	insufficient-syntax-evidence	low	accept	conservative syntax review
大有逕庭	u	chengyu		china-idiom+agent	insufficient-syntax-evidence	low	accept	conservative syntax review
大杖則走	u	chengyu		china-idiom+agent	insufficient-syntax-evidence	low	accept	conservative syntax review
大權旁落	u	chengyu		china-idiom+agent	insufficient-syntax-evidence	low	accept	conservative syntax review
大步流星	u	chengyu		china-idiom+agent	insufficient-syntax-evidence	low	accept	conservative syntax review
大海撈針	u	chengyu		china-idiom+agent	insufficient-syntax-evidence	low	accept	conservative syntax review
大澈大悟	u	chengyu		china-idiom+agent	insufficient-syntax-evidence	low	accept	conservative syntax review
大發雷霆	u	chengyu		china-idiom+agent	insufficient-syntax-evidence	low	accept	conservative syntax review
大相逕庭	u	chengyu		china-idiom+agent	insufficient-syntax-evidence	low	accept	conservative syntax review
大義凜然	u	chengyu		china-idiom+agent	insufficient-syntax-evidence	low	accept	conservative syntax review
大義滅親	u	chengyu		china-idiom+agent	insufficient-syntax-evidence	low	accept	conservative syntax review
大聲疾呼	u	chengyu		china-idiom+agent	insufficient-syntax-evidence	low	accept	conservative syntax review
大逆不道	u	chengyu		china-idiom+agent	insufficient-syntax-evidence	low	accept	conservative syntax review
大難不死	u	chengyu		china-idiom+agent	insufficient-syntax-evidence	low	accept	conservative syntax review
大雨如注	u	chengyu		china-idiom+agent	insufficient-syntax-evidence	low	accept	conservative syntax review
大雨滂沱	u	chengyu		china-idiom+agent	insufficient-syntax-evidence	low	accept	conservative syntax review
大題小作	u	chengyu		china-idiom+agent	insufficient-syntax-evidence	low	accept	conservative syntax review
大顯神通	u	chengyu		china-idiom+agent	insufficient-syntax-evidence	low	accept	conservative syntax review
大風大浪	u	chengyu		china-idiom+agent	insufficient-syntax-evidence	low	accept	conservative syntax review
天下大亂	u	chengyu		china-idiom+agent	insufficient-syntax-evidence	low	accept	conservative syntax review
天下太平	u	chengyu		china-idiom+agent	insufficient-syntax-evidence	low	accept	conservative syntax review
天下為公	u	chengyu		china-idiom+agent	insufficient-syntax-evidence	low	accept	conservative syntax review
天下為家	v	chengyu		china-idiom+agent	agent-reviewed-override	high	accept	conservative syntax review
天不怕地不怕	u	chengyu		china-idiom+agent	insufficient-syntax-evidence	low	accept	conservative syntax review
天保九如	u	chengyu		china-idiom+agent	insufficient-syntax-evidence	low	accept	conservative syntax review
天倫之樂	u	chengyu		china-idiom+agent	insufficient-syntax-evidence	low	accept	conservative syntax review
天公地道	a	chengyu		china-idiom+agent	state-definition	high	accept	conservative syntax review
天南地北	u	chengyu		china-idiom+agent	insufficient-syntax-evidence	low	accept	conservative syntax review
天字第一號	u	chengyu		china-idiom+agent	insufficient-syntax-evidence	low	accept	conservative syntax review
天差地遠	u	chengyu		china-idiom+agent	insufficient-syntax-evidence	low	accept	conservative syntax review
天從人願	u	chengyu		china-idiom+agent	insufficient-syntax-evidence	low	accept	conservative syntax review
天懸地隔	u	chengyu		china-idiom+agent	insufficient-syntax-evidence	low	accept	conservative syntax review
天旋地轉	u	chengyu		china-idiom+agent	insufficient-syntax-evidence	low	accept	conservative syntax review
天昏地暗	u	chengyu		china-idiom+agent	insufficient-syntax-evidence	low	accept	conservative syntax review
天時地利人和	u	chengyu		china-idiom+agent	insufficient-syntax-evidence	low	accept	conservative syntax review
天有不測風雲	u	chengyu		china-idiom+agent	insufficient-syntax-evidence	low	accept	conservative syntax review
天機不可泄漏	u	chengyu		china-idiom+agent	insufficient-syntax-evidence	low	accept	conservative syntax review
天機不可泄露	u	chengyu		china-idiom+agent	insufficient-syntax-evidence	low	accept	conservative syntax review
天涯比鄰	u	chengyu		china-idiom+agent	insufficient-syntax-evidence	low	accept	conservative syntax review
天災人禍	u	chengyu		china-idiom+agent	insufficient-syntax-evidence	low	accept	conservative syntax review
天無二日	u	chengyu		china-idiom+agent	insufficient-syntax-evidence	low	accept	conservative syntax review
天無絕人之路	u	chengyu		china-idiom+agent	insufficient-syntax-evidence	low	accept	conservative syntax review
天理人情	u	chengyu		china-idiom+agent	insufficient-syntax-evidence	low	accept	conservative syntax review
天理昭彰	u	chengyu		china-idiom+agent	insufficient-syntax-evidence	low	accept	conservative syntax review
天理良心	u	chengyu		china-idiom+agent	insufficient-syntax-evidence	low	accept	conservative syntax review
天真爛漫	u	chengyu		china-idiom+agent	insufficient-syntax-evidence	low	accept	conservative syntax review
天知地知	u	chengyu		china-idiom+agent	insufficient-syntax-evidence	low	accept	conservative syntax review
天經地義	u	chengyu		china-idiom+agent	insufficient-syntax-evidence	low	accept	conservative syntax review
天羅地網	u	chengyu		china-idiom+agent	insufficient-syntax-evidence	low	accept	conservative syntax review
天翻地覆	u	chengyu		china-idiom+agent	insufficient-syntax-evidence	low	accept	conservative syntax review
天與人歸	u	chengyu		china-idiom+agent	insufficient-syntax-evidence	low	accept	conservative syntax review
天花亂墜	u	chengyu		china-idiom+agent	insufficient-syntax-evidence	low	accept	conservative syntax review
天衣無縫	u	chengyu		china-idiom+agent	insufficient-syntax-evidence	low	accept	conservative syntax review
天長地久	u	chengyu		china-idiom+agent	insufficient-syntax-evidence	low	accept	conservative syntax review
天驚石破	u	chengyu		china-idiom+agent	insufficient-syntax-evidence	low	accept	conservative syntax review
天高皇帝遠	u	chengyu		china-idiom+agent	insufficient-syntax-evidence	low	accept	conservative syntax review
太倉一粟	u	chengyu		china-idiom+agent	insufficient-syntax-evidence	low	accept	conservative syntax review
太歲頭上動土	v	chengyu		china-idiom+agent	agent-reviewed-override	high	accept	conservative syntax review
夫倡婦隨	u	chengyu		china-idiom+agent	insufficient-syntax-evidence	low	accept	conservative syntax review
夫唱婦隨	u	chengyu		china-idiom+agent	insufficient-syntax-evidence	low	accept	conservative syntax review
失張失智	u	chengyu		china-idiom+agent	insufficient-syntax-evidence	low	accept	conservative syntax review
失諸交臂	u	chengyu		china-idiom+agent	insufficient-syntax-evidence	low	accept	conservative syntax review
失魂落魄	u	chengyu		china-idiom+agent	insufficient-syntax-evidence	low	accept	conservative syntax review
夷然自若	u	chengyu		china-idiom+agent	insufficient-syntax-evidence	low	accept	conservative syntax review
奇形怪狀	u	chengyu		china-idiom+agent	insufficient-syntax-evidence	low	accept	conservative syntax review
奇恥大辱	u	chengyu		china-idiom+agent	insufficient-syntax-evidence	low	accept	conservative syntax review
奇珍異寶	u	chengyu		china-idiom+agent	insufficient-syntax-evidence	low	accept	conservative syntax review
奇葩異卉	u	chengyu		china-idiom+agent	insufficient-syntax-evidence	low	accept	conservative syntax review
奇貨可居	u	chengyu		china-idiom+agent	insufficient-syntax-evidence	low	accept	conservative syntax review
奉公剋己	u	chengyu		china-idiom+agent	insufficient-syntax-evidence	low	accept	conservative syntax review
奉公守法	u	chengyu		china-idiom+agent	insufficient-syntax-evidence	low	accept	conservative syntax review
奉天承運	u	chengyu		china-idiom+agent	insufficient-syntax-evidence	low	accept	conservative syntax review
奉為圭臬	u	chengyu		china-idiom+agent	insufficient-syntax-evidence	low	accept	conservative syntax review
奉若神明	u	chengyu		china-idiom+agent	insufficient-syntax-evidence	low	accept	conservative syntax review
奮不顧身	u	chengyu		china-idiom+agent	insufficient-syntax-evidence	low	accept	conservative syntax review
奮勇當先	u	chengyu		china-idiom+agent	insufficient-syntax-evidence	low	accept	conservative syntax review
奮武揚威	u	chengyu		china-idiom+agent	insufficient-syntax-evidence	low	accept	conservative syntax review
奮起直追	u	chengyu		china-idiom+agent	insufficient-syntax-evidence	low	accept	conservative syntax review
女大不中留	u	chengyu		china-idiom+agent	insufficient-syntax-evidence	low	accept	conservative syntax review
女大十八變	u	chengyu		china-idiom+agent	insufficient-syntax-evidence	low	accept	conservative syntax review
奴顏婢膝	u	chengyu		china-idiom+agent	insufficient-syntax-evidence	low	accept	conservative syntax review
奴顏媚骨	u	chengyu		china-idiom+agent	insufficient-syntax-evidence	low	accept	conservative syntax review
奼紫嫣紅	u	chengyu		china-idiom+agent	insufficient-syntax-evidence	low	accept	conservative syntax review
好事多磨	u	chengyu		china-idiom+agent	insufficient-syntax-evidence	low	accept	conservative syntax review
好吃懶做	u	chengyu		china-idiom+agent	insufficient-syntax-evidence	low	accept	conservative syntax review
好夢難成	u	chengyu		china-idiom+agent	insufficient-syntax-evidence	low	accept	conservative syntax review
好好先生	u	chengyu		china-idiom+agent	insufficient-syntax-evidence	low	accept	conservative syntax review
好漢不吃眼前虧	u	chengyu		china-idiom+agent	clause-without-syntax-slot	low	accept	conservative syntax review
好為人師	u	chengyu		china-idiom+agent	insufficient-syntax-evidence	low	accept	conservative syntax review
好自為之	u	chengyu		china-idiom+agent	insufficient-syntax-evidence	low	accept	conservative syntax review
好酒貪杯	u	chengyu		china-idiom+agent	insufficient-syntax-evidence	low	accept	conservative syntax review
好高騖遠	u	chengyu		china-idiom+agent	insufficient-syntax-evidence	low	accept	conservative syntax review
如人飲水冷暖自知	u	chengyu		china-idiom+agent	clause-without-syntax-slot	low	accept	conservative syntax review
如兄如弟	u	chengyu		china-idiom+agent	insufficient-syntax-evidence	low	accept	conservative syntax review
如入無人之境	u	chengyu		china-idiom+agent	insufficient-syntax-evidence	low	accept	conservative syntax review
如出一口	u	chengyu		china-idiom+agent	insufficient-syntax-evidence	low	accept	conservative syntax review
如喪考妣	u	chengyu		china-idiom+agent	insufficient-syntax-evidence	low	accept	conservative syntax review
如墮煙海	u	chengyu		china-idiom+agent	insufficient-syntax-evidence	low	accept	conservative syntax review
如墮煙霧	u	chengyu		china-idiom+agent	insufficient-syntax-evidence	low	accept	conservative syntax review
如夢初醒	u	chengyu		china-idiom+agent	insufficient-syntax-evidence	low	accept	conservative syntax review
如影隨形	u	chengyu		china-idiom+agent	insufficient-syntax-evidence	low	accept	conservative syntax review
如數家珍	u	chengyu		china-idiom+agent	insufficient-syntax-evidence	low	accept	conservative syntax review
如日中天	u	chengyu		china-idiom+agent	insufficient-syntax-evidence	low	accept	conservative syntax review
如日方中	u	chengyu		china-idiom+agent	insufficient-syntax-evidence	low	accept	conservative syntax review
如有所失	u	chengyu		china-idiom+agent	insufficient-syntax-evidence	low	accept	conservative syntax review
如法泡製	u	chengyu		china-idiom+agent	insufficient-syntax-evidence	low	accept	conservative syntax review
如法炮製	u	chengyu		china-idiom+agent	insufficient-syntax-evidence	low	accept	conservative syntax review
如泣如訴	u	chengyu		china-idiom+agent	insufficient-syntax-evidence	low	accept	conservative syntax review
如湯沃雪	u	chengyu		china-idiom+agent	insufficient-syntax-evidence	low	accept	conservative syntax review
如狼似虎	u	chengyu		china-idiom+agent	insufficient-syntax-evidence	low	accept	conservative syntax review
如獲至寶	u	chengyu		china-idiom+agent	insufficient-syntax-evidence	low	accept	conservative syntax review
如痴如狂	u	chengyu		china-idiom+agent	insufficient-syntax-evidence	low	accept	conservative syntax review
如膠似漆	u	chengyu		china-idiom+agent	insufficient-syntax-evidence	low	accept	conservative syntax review
如臨大敵	u	chengyu		china-idiom+agent	insufficient-syntax-evidence	low	accept	conservative syntax review
如虎添翼	u	chengyu		china-idiom+agent	insufficient-syntax-evidence	low	accept	conservative syntax review
如蠅逐臭	u	chengyu		china-idiom+agent	insufficient-syntax-evidence	low	accept	conservative syntax review
如雷灌耳	u	chengyu		china-idiom+agent	insufficient-syntax-evidence	low	accept	conservative syntax review
如雷貫耳	u	chengyu		china-idiom+agent	insufficient-syntax-evidence	low	accept	conservative syntax review
如風過耳	u	chengyu		china-idiom+agent	insufficient-syntax-evidence	low	accept	conservative syntax review
如飢似渴	r	chengyu		china-idiom+agent	example-adverbial-de	high	accept	conservative syntax review
如飲醍醐	u	chengyu		china-idiom+agent	insufficient-syntax-evidence	low	accept	conservative syntax review
如鯁在喉	u	chengyu		china-idiom+agent	insufficient-syntax-evidence	low	accept	conservative syntax review
如鳥獸散	u	chengyu		china-idiom+agent	insufficient-syntax-evidence	low	accept	conservative syntax review
妄下雌黃	u	chengyu		china-idiom+agent	insufficient-syntax-evidence	low	accept	conservative syntax review
妄生穿鑿	u	chengyu		china-idiom+agent	insufficient-syntax-evidence	low	accept	conservative syntax review
妄自尊大	u	chengyu		china-idiom+agent	insufficient-syntax-evidence	low	accept	conservative syntax review
妄自菲薄	u	chengyu		china-idiom+agent	insufficient-syntax-evidence	low	accept	conservative syntax review
妄言妄聽	u	chengyu		china-idiom+agent	insufficient-syntax-evidence	low	accept	conservative syntax review
妒能害賢	u	chengyu		china-idiom+agent	insufficient-syntax-evidence	low	accept	conservative syntax review
妖魔鬼怪	u	chengyu		china-idiom+agent	insufficient-syntax-evidence	low	accept	conservative syntax review
妙不可言	u	chengyu		china-idiom+agent	insufficient-syntax-evidence	low	accept	conservative syntax review
妙手偶得	u	chengyu		china-idiom+agent	insufficient-syntax-evidence	low	accept	conservative syntax review
妙語解頤	u	chengyu		china-idiom+agent	insufficient-syntax-evidence	low	accept	conservative syntax review
妙趣橫生	u	chengyu		china-idiom+agent	insufficient-syntax-evidence	low	accept	conservative syntax review
妨功害能	u	chengyu		china-idiom+agent	insufficient-syntax-evidence	low	accept	conservative syntax review
妻離子散	u	chengyu		china-idiom+agent	insufficient-syntax-evidence	low	accept	conservative syntax review
始作俑者	u	chengyu		china-idiom+agent	insufficient-syntax-evidence	low	accept	conservative syntax review
始終不渝	u	chengyu		china-idiom+agent	insufficient-syntax-evidence	low	accept	conservative syntax review
姑置勿論	u	chengyu		china-idiom+agent	insufficient-syntax-evidence	low	accept	conservative syntax review
委靡不振	r	chengyu		china-idiom+agent	example-adverbial-de	high	accept	conservative syntax review
姚黃魏紫	u	chengyu		china-idiom+agent	insufficient-syntax-evidence	low	accept	conservative syntax review
姦淫擄掠	u	chengyu		china-idiom+agent	insufficient-syntax-evidence	low	accept	conservative syntax review
威迫利誘	u	chengyu		china-idiom+agent	insufficient-syntax-evidence	low	accept	conservative syntax review
威鳳一羽	u	chengyu		china-idiom+agent	insufficient-syntax-evidence	low	accept	conservative syntax review
娓娓不倦	u	chengyu		china-idiom+agent	insufficient-syntax-evidence	low	accept	conservative syntax review
娓娓動聽	u	chengyu		china-idiom+agent	insufficient-syntax-evidence	low	accept	conservative syntax review
婀娜多姿	u	chengyu		china-idiom+agent	insufficient-syntax-evidence	low	accept	conservative syntax review
婦孺皆知	u	chengyu		china-idiom+agent	insufficient-syntax-evidence	low	accept	conservative syntax review
嫁禍於人	u	chengyu		china-idiom+agent	insufficient-syntax-evidence	low	accept	conservative syntax review
嬌小玲瓏	u	chengyu		china-idiom+agent	insufficient-syntax-evidence	low	accept	conservative syntax review
子孝父慈	u	chengyu		china-idiom+agent	insufficient-syntax-evidence	low	accept	conservative syntax review
子曰詩云	u	chengyu		china-idiom+agent	insufficient-syntax-evidence	low	accept	conservative syntax review
存心不良	u	chengyu		china-idiom+agent	insufficient-syntax-evidence	low	accept	conservative syntax review
存而不論	u	chengyu		china-idiom+agent	insufficient-syntax-evidence	low	accept	conservative syntax review
孜孜不倦	r	chengyu		china-idiom+agent	example-adverbial-de	high	accept	conservative syntax review
孝悌忠信	u	chengyu		china-idiom+agent	insufficient-syntax-evidence	low	accept	conservative syntax review
孤掌難鳴	u	chengyu		china-idiom+agent	insufficient-syntax-evidence	low	accept	conservative syntax review
孤芳自賞	u	chengyu		china-idiom+agent	insufficient-syntax-evidence	low	accept	conservative syntax review
孤苦零丁	u	chengyu		china-idiom+agent	insufficient-syntax-evidence	low	accept	conservative syntax review
孤身隻影	u	chengyu		china-idiom+agent	insufficient-syntax-evidence	low	accept	conservative syntax review
孤軍作戰	u	chengyu		china-idiom+agent	insufficient-syntax-evidence	low	accept	conservative syntax review
孳孳不倦	a	chengyu		china-idiom+agent	agent-reviewed-override	high	accept	conservative syntax review
學海無涯	u	chengyu		china-idiom+agent	insufficient-syntax-evidence	low	accept	conservative syntax review
學而不厭	u	chengyu		china-idiom+agent	insufficient-syntax-evidence	low	accept	conservative syntax review
學而優則仕	u	chengyu		china-idiom+agent	agent-reviewed-override	low	accept	conservative syntax review
學非所用	u	chengyu		china-idiom+agent	insufficient-syntax-evidence	low	accept	conservative syntax review
孺子可教	u	chengyu		china-idiom+agent	insufficient-syntax-evidence	low	accept	conservative syntax review
守望相助	u	chengyu		china-idiom+agent	insufficient-syntax-evidence	low	accept	conservative syntax review
守株待兔	u	chengyu		china-idiom+agent	insufficient-syntax-evidence	low	accept	conservative syntax review
守正不阿	u	chengyu		china-idiom+agent	insufficient-syntax-evidence	low	accept	conservative syntax review
守財奴	u	chengyu		china-idiom+agent	insufficient-syntax-evidence	low	accept	conservative syntax review
安土重遷	u	chengyu		china-idiom+agent	insufficient-syntax-evidence	low	accept	conservative syntax review
安如泰山	u	chengyu		china-idiom+agent	insufficient-syntax-evidence	low	accept	conservative syntax review
安如磐石	u	chengyu		china-idiom+agent	insufficient-syntax-evidence	low	accept	conservative syntax review
安家立業	u	chengyu		china-idiom+agent	insufficient-syntax-evidence	low	accept	conservative syntax review
安家落户	u	chengyu		china-idiom+agent	insufficient-syntax-evidence	low	accept	conservative syntax review
安富尊榮	u	chengyu		china-idiom+agent	insufficient-syntax-evidence	low	accept	conservative syntax review
安富恤窮	u	chengyu		china-idiom+agent	insufficient-syntax-evidence	low	accept	conservative syntax review
安富恤貧	u	chengyu		china-idiom+agent	insufficient-syntax-evidence	low	accept	conservative syntax review
安於現狀	u	chengyu		china-idiom+agent	insufficient-syntax-evidence	low	accept	conservative syntax review
安民告示	u	chengyu		china-idiom+agent	insufficient-syntax-evidence	low	accept	conservative syntax review
安營紮寨	u	chengyu		china-idiom+agent	insufficient-syntax-evidence	low	accept	conservative syntax review
安貧樂道	u	chengyu		china-idiom+agent	insufficient-syntax-evidence	low	accept	conservative syntax review
安邦定國	u	chengyu		china-idiom+agent	insufficient-syntax-evidence	low	accept	conservative syntax review
安閒自得	u	chengyu		china-idiom+agent	insufficient-syntax-evidence	low	accept	conservative syntax review
完事大吉	u	chengyu		china-idiom+agent	insufficient-syntax-evidence	low	accept	conservative syntax review
完璧歸趙	u	chengyu		china-idiom+agent	insufficient-syntax-evidence	low	accept	conservative syntax review
室如懸磬	u	chengyu		china-idiom+agent	insufficient-syntax-evidence	low	accept	conservative syntax review
室邇人遐	u	chengyu		china-idiom+agent	insufficient-syntax-evidence	low	accept	conservative syntax review
宦海風波	u	chengyu		china-idiom+agent	insufficient-syntax-evidence	low	accept	conservative syntax review
害群之馬	u	chengyu		china-idiom+agent	insufficient-syntax-evidence	low	accept	conservative syntax review
宴安鴆毒	u	chengyu		china-idiom+agent	insufficient-syntax-evidence	low	accept	conservative syntax review
宵衣旰食	u	chengyu		china-idiom+agent	insufficient-syntax-evidence	low	accept	conservative syntax review
家家户户	u	chengyu		china-idiom+agent	insufficient-syntax-evidence	low	accept	conservative syntax review
家常便飯	u	chengyu		china-idiom+agent	insufficient-syntax-evidence	low	accept	conservative syntax review
家給人足	u	chengyu		china-idiom+agent	insufficient-syntax-evidence	low	accept	conservative syntax review
家貧如洗	u	chengyu		china-idiom+agent	insufficient-syntax-evidence	low	accept	conservative syntax review
家醜不可外揚	u	chengyu		china-idiom+agent	insufficient-syntax-evidence	low	accept	conservative syntax review
寂寂無聞	u	chengyu		china-idiom+agent	insufficient-syntax-evidence	low	accept	conservative syntax review
寅支卯糧	u	chengyu		china-idiom+agent	insufficient-syntax-evidence	low	accept	conservative syntax review
富商巨賈	u	chengyu		china-idiom+agent	insufficient-syntax-evidence	low	accept	conservative syntax review
富國安民	u	chengyu		china-idiom+agent	insufficient-syntax-evidence	low	accept	conservative syntax review
富貴不能淫	u	chengyu		china-idiom+agent	insufficient-syntax-evidence	low	accept	conservative syntax review
富麗堂皇	u	chengyu		china-idiom+agent	insufficient-syntax-evidence	low	accept	conservative syntax review
寒來暑往	u	chengyu		china-idiom+agent	insufficient-syntax-evidence	low	accept	conservative syntax review
寒冬臘月	u	chengyu		china-idiom+agent	insufficient-syntax-evidence	low	accept	conservative syntax review
寓意深長	u	chengyu		china-idiom+agent	insufficient-syntax-evidence	low	accept	conservative syntax review
寡不敵眾	u	chengyu		china-idiom+agent	insufficient-syntax-evidence	low	accept	conservative syntax review
寢苫枕塊	u	chengyu		china-idiom+agent	insufficient-syntax-evidence	low	accept	conservative syntax review
寢食不安	u	chengyu		china-idiom+agent	insufficient-syntax-evidence	low	accept	conservative syntax review
寥寥可數	u	chengyu		china-idiom+agent	insufficient-syntax-evidence	low	accept	conservative syntax review
寥若晨星	u	chengyu		china-idiom+agent	insufficient-syntax-evidence	low	accept	conservative syntax review
實心實意	u	chengyu		china-idiom+agent	insufficient-syntax-evidence	low	accept	conservative syntax review
寧死不屈	u	chengyu		china-idiom+agent	insufficient-syntax-evidence	low	accept	conservative syntax review
審時度勢	u	chengyu		china-idiom+agent	insufficient-syntax-evidence	low	accept	conservative syntax review
寬大為懷	u	chengyu		china-idiom+agent	insufficient-syntax-evidence	low	accept	conservative syntax review
寬洪大量	u	chengyu		china-idiom+agent	insufficient-syntax-evidence	low	accept	conservative syntax review
寵辱不驚	u	chengyu		china-idiom+agent	insufficient-syntax-evidence	low	accept	conservative syntax review
寶刀不老	u	chengyu		china-idiom+agent	insufficient-syntax-evidence	low	accept	conservative syntax review
寶馬香車	u	chengyu		china-idiom+agent	insufficient-syntax-evidence	low	accept	conservative syntax review
寸土尺地	u	chengyu		china-idiom+agent	insufficient-syntax-evidence	low	accept	conservative syntax review
寸步不離	u	chengyu		china-idiom+agent	insufficient-syntax-evidence	low	accept	conservative syntax review
寸絲不掛	u	chengyu		china-idiom+agent	insufficient-syntax-evidence	low	accept	conservative syntax review
寸草春暉	u	chengyu		china-idiom+agent	insufficient-syntax-evidence	low	accept	conservative syntax review
封官許願	u	chengyu		china-idiom+agent	insufficient-syntax-evidence	low	accept	conservative syntax review
將功折罪	u	chengyu		china-idiom+agent	insufficient-syntax-evidence	low	accept	conservative syntax review
將勤補拙	u	chengyu		china-idiom+agent	insufficient-syntax-evidence	low	accept	conservative syntax review
將錯就錯	u	chengyu		china-idiom+agent	insufficient-syntax-evidence	low	accept	conservative syntax review
專橫跋扈	u	chengyu		china-idiom+agent	insufficient-syntax-evidence	low	accept	conservative syntax review
尊賢使能	u	chengyu		china-idiom+agent	insufficient-syntax-evidence	low	accept	conservative syntax review
尋根究底	v	chengyu		china-idiom+agent	action-definition	high	accept	conservative syntax review
尋章摘句	u	chengyu		china-idiom+agent	insufficient-syntax-evidence	low	accept	conservative syntax review
尋花問柳	u	chengyu		china-idiom+agent	insufficient-syntax-evidence	low	accept	conservative syntax review
對牛彈琴	u	chengyu		china-idiom+agent	insufficient-syntax-evidence	low	accept	conservative syntax review
對症發藥	u	chengyu		china-idiom+agent	insufficient-syntax-evidence	low	accept	conservative syntax review
小不忍則亂大謀	u	chengyu		china-idiom+agent	clause-without-syntax-slot	low	accept	conservative syntax review
小家碧玉	u	chengyu		china-idiom+agent	insufficient-syntax-evidence	low	accept	conservative syntax review
小小不言	u	chengyu		china-idiom+agent	insufficient-syntax-evidence	low	accept	conservative syntax review
小巧玲瓏	u	chengyu		china-idiom+agent	insufficient-syntax-evidence	low	accept	conservative syntax review
小巫見大巫	u	chengyu		china-idiom+agent	insufficient-syntax-evidence	low	accept	conservative syntax review
小心謹慎	u	chengyu		china-idiom+agent	insufficient-syntax-evidence	low	accept	conservative syntax review
小懲大誡	u	chengyu		china-idiom+agent	insufficient-syntax-evidence	low	accept	conservative syntax review
小手小腳	u	chengyu		china-idiom+agent	insufficient-syntax-evidence	low	accept	conservative syntax review
小本經營	u	chengyu		china-idiom+agent	insufficient-syntax-evidence	low	accept	conservative syntax review
小試鋒芒	u	chengyu		china-idiom+agent	insufficient-syntax-evidence	low	accept	conservative syntax review
少安毋躁	u	chengyu		china-idiom+agent	insufficient-syntax-evidence	low	accept	conservative syntax review
少見多怪	u	chengyu		china-idiom+agent	insufficient-syntax-evidence	low	accept	conservative syntax review
尖酸刻薄	u	chengyu		china-idiom+agent	insufficient-syntax-evidence	low	accept	conservative syntax review
尸位素餐	u	chengyu		china-idiom+agent	insufficient-syntax-evidence	low	accept	conservative syntax review
尺山寸水	u	chengyu		china-idiom+agent	insufficient-syntax-evidence	low	accept	conservative syntax review
尺波電謝	u	chengyu		china-idiom+agent	insufficient-syntax-evidence	low	accept	conservative syntax review
尺短寸長	u	chengyu		china-idiom+agent	insufficient-syntax-evidence	low	accept	conservative syntax review
屁滾尿流	u	chengyu		china-idiom+agent	insufficient-syntax-evidence	low	accept	conservative syntax review
居功自傲	u	chengyu		china-idiom+agent	insufficient-syntax-evidence	low	accept	conservative syntax review
居心叵測	u	chengyu		china-idiom+agent	insufficient-syntax-evidence	low	accept	conservative syntax review
居心險惡	u	chengyu		china-idiom+agent	insufficient-syntax-evidence	low	accept	conservative syntax review
居高臨下	u	chengyu		china-idiom+agent	insufficient-syntax-evidence	low	accept	conservative syntax review
屈打成招	u	chengyu		china-idiom+agent	insufficient-syntax-evidence	low	accept	conservative syntax review
屎滾尿流	u	chengyu		china-idiom+agent	insufficient-syntax-evidence	low	accept	conservative syntax review
屠毒筆墨	u	chengyu		china-idiom+agent	insufficient-syntax-evidence	low	accept	conservative syntax review
屢教不改	u	chengyu		china-idiom+agent	insufficient-syntax-evidence	low	accept	conservative syntax review
層見迭出	u	chengyu		china-idiom+agent	insufficient-syntax-evidence	low	accept	conservative syntax review
履險如夷	u	chengyu		china-idiom+agent	insufficient-syntax-evidence	low	accept	conservative syntax review
山南海北	n	chengyu		china-idiom+agent	nominal-slot-or-referent	high	accept	conservative syntax review
山搖地動	u	chengyu		china-idiom+agent	insufficient-syntax-evidence	low	accept	conservative syntax review
山清水秀	u	chengyu		china-idiom+agent	insufficient-syntax-evidence	low	accept	conservative syntax review
山珍海錯	u	chengyu		china-idiom+agent	insufficient-syntax-evidence	low	accept	conservative syntax review
山窮水盡	u	chengyu		china-idiom+agent	insufficient-syntax-evidence	low	accept	conservative syntax review
山雨欲來風滿樓	u	chengyu		china-idiom+agent	insufficient-syntax-evidence	low	accept	conservative syntax review
山高水低	n	chengyu		china-idiom+agent	nominal-slot-or-referent	high	accept	conservative syntax review
山高水險	a	chengyu		china-idiom+agent	agent-reviewed-override	high	accept	conservative syntax review
山高皇帝遠	u	chengyu		china-idiom+agent	insufficient-syntax-evidence	low	accept	conservative syntax review
岌岌可危	u	chengyu		china-idiom+agent	insufficient-syntax-evidence	low	accept	conservative syntax review
岸然道貌	u	chengyu		china-idiom+agent	insufficient-syntax-evidence	low	accept	conservative syntax review
峨冠博帶	u	chengyu		china-idiom+agent	insufficient-syntax-evidence	low	accept	conservative syntax review
峯迴路轉	u	chengyu		china-idiom+agent	insufficient-syntax-evidence	low	accept	conservative syntax review
崇山峻嶺	u	chengyu		china-idiom+agent	insufficient-syntax-evidence	low	accept	conservative syntax review
崇論閎議	u	chengyu		china-idiom+agent	insufficient-syntax-evidence	low	accept	conservative syntax review
崛地而起	u	chengyu		china-idiom+agent	insufficient-syntax-evidence	low	accept	conservative syntax review
巢毀卵破	u	chengyu		china-idiom+agent	insufficient-syntax-evidence	low	accept	conservative syntax review
左右兩難	u	chengyu		china-idiom+agent	insufficient-syntax-evidence	low	accept	conservative syntax review
左右為難	u	chengyu		china-idiom+agent	insufficient-syntax-evidence	low	accept	conservative syntax review
左右逢源	u	chengyu		china-idiom+agent	insufficient-syntax-evidence	low	accept	conservative syntax review
左支右絀	u	chengyu		china-idiom+agent	insufficient-syntax-evidence	low	accept	conservative syntax review
左輔右弼	n	chengyu		china-idiom+agent	nominal-slot-or-referent	high	accept	conservative syntax review
左鄰右里	u	chengyu		china-idiom+agent	insufficient-syntax-evidence	low	accept	conservative syntax review
左顧右盼	u	chengyu		china-idiom+agent	insufficient-syntax-evidence	low	accept	conservative syntax review
巧取豪奪	u	chengyu		china-idiom+agent	insufficient-syntax-evidence	low	accept	conservative syntax review
巧婦難為無米之炊	u	chengyu		china-idiom+agent	clause-without-syntax-slot	low	accept	conservative syntax review
巧立名目	u	chengyu		china-idiom+agent	insufficient-syntax-evidence	low	accept	conservative syntax review
巧舌如簧	u	chengyu		china-idiom+agent	insufficient-syntax-evidence	low	accept	conservative syntax review
巧言令色	u	chengyu		china-idiom+agent	insufficient-syntax-evidence	low	accept	conservative syntax review
差之毫釐失之千里	u	chengyu		china-idiom+agent	agent-reviewed-override	low	accept	conservative syntax review
差強人意	u	chengyu		china-idiom+agent	insufficient-syntax-evidence	low	accept	conservative syntax review
巴三覽四	u	chengyu		china-idiom+agent	insufficient-syntax-evidence	low	accept	conservative syntax review
巴前算後	u	chengyu		china-idiom+agent	insufficient-syntax-evidence	low	accept	conservative syntax review
巴巴結結	r	chengyu		china-idiom+agent	example-adverbial-de	high	accept	conservative syntax review
巴頭探腦	u	chengyu		china-idiom+agent	insufficient-syntax-evidence	low	accept	conservative syntax review
巾幗鬚眉	u	chengyu		china-idiom+agent	insufficient-syntax-evidence	low	accept	conservative syntax review
市無二價	u	chengyu		china-idiom+agent	insufficient-syntax-evidence	low	accept	conservative syntax review
布衣韋帶	u	chengyu		china-idiom+agent	insufficient-syntax-evidence	low	accept	conservative syntax review
師出無名	u	chengyu		china-idiom+agent	insufficient-syntax-evidence	low	accept	conservative syntax review
師心自用	u	chengyu		china-idiom+agent	insufficient-syntax-evidence	low	accept	conservative syntax review
師老兵疲	u	chengyu		china-idiom+agent	insufficient-syntax-evidence	low	accept	conservative syntax review
席不暇暖	u	chengyu		china-idiom+agent	insufficient-syntax-evidence	low	accept	conservative syntax review
席捲天下	u	chengyu		china-idiom+agent	insufficient-syntax-evidence	low	accept	conservative syntax review
席珍待聘	u	chengyu		china-idiom+agent	insufficient-syntax-evidence	low	accept	conservative syntax review
席豐履厚	u	chengyu		china-idiom+agent	insufficient-syntax-evidence	low	accept	conservative syntax review
帶牛佩犢	u	chengyu		china-idiom+agent	insufficient-syntax-evidence	low	accept	conservative syntax review
帷薄不修	u	chengyu		china-idiom+agent	insufficient-syntax-evidence	low	accept	conservative syntax review
常備不懈	u	chengyu		china-idiom+agent	insufficient-syntax-evidence	low	accept	conservative syntax review
幕天席地	u	chengyu		china-idiom+agent	insufficient-syntax-evidence	low	accept	conservative syntax review
平地一聲雷	u	chengyu		china-idiom+agent	insufficient-syntax-evidence	low	accept	conservative syntax review
平地起家	u	chengyu		china-idiom+agent	insufficient-syntax-evidence	low	accept	conservative syntax review
平心定氣	u	chengyu		china-idiom+agent	insufficient-syntax-evidence	low	accept	conservative syntax review
平易近人	u	chengyu		china-idiom+agent	insufficient-syntax-evidence	low	accept	conservative syntax review
平起平坐	u	chengyu		china-idiom+agent	insufficient-syntax-evidence	low	accept	conservative syntax review
年富力強	u	chengyu		china-idiom+agent	insufficient-syntax-evidence	low	accept	conservative syntax review
年輕力壯	u	chengyu		china-idiom+agent	insufficient-syntax-evidence	low	accept	conservative syntax review
年高德劭	u	chengyu		china-idiom+agent	insufficient-syntax-evidence	low	accept	conservative syntax review
幸災樂禍	u	chengyu		china-idiom+agent	insufficient-syntax-evidence	low	accept	conservative syntax review
度德量力	u	chengyu		china-idiom+agent	insufficient-syntax-evidence	low	accept	conservative syntax review
庸人自擾	u	chengyu		china-idiom+agent	insufficient-syntax-evidence	low	accept	conservative syntax review
庸庸碌碌	u	chengyu		china-idiom+agent	insufficient-syntax-evidence	low	accept	conservative syntax review
廢寢忘餐	v	chengyu		china-idiom+agent	action-definition	high	accept	conservative syntax review
廣土眾民	u	chengyu		china-idiom+agent	insufficient-syntax-evidence	low	accept	conservative syntax review
廣結良緣	u	chengyu		china-idiom+agent	insufficient-syntax-evidence	low	accept	conservative syntax review
廬山真面目	u	chengyu		china-idiom+agent	insufficient-syntax-evidence	low	accept	conservative syntax review
延頸企踵	u	chengyu		china-idiom+agent	insufficient-syntax-evidence	low	accept	conservative syntax review
弄假成真	u	chengyu		china-idiom+agent	insufficient-syntax-evidence	low	accept	conservative syntax review
弄嘴弄舌	u	chengyu		china-idiom+agent	insufficient-syntax-evidence	low	accept	conservative syntax review
弄巧反拙	u	chengyu		china-idiom+agent	insufficient-syntax-evidence	low	accept	conservative syntax review
弄巧成拙	u	chengyu		china-idiom+agent	insufficient-syntax-evidence	low	accept	conservative syntax review
弄璋之喜	u	chengyu		china-idiom+agent	insufficient-syntax-evidence	low	accept	conservative syntax review
弄瓦之喜	u	chengyu		china-idiom+agent	insufficient-syntax-evidence	low	accept	conservative syntax review
弊絕風清	u	chengyu		china-idiom+agent	insufficient-syntax-evidence	low	accept	conservative syntax review
弔死問疾	u	chengyu		china-idiom+agent	insufficient-syntax-evidence	low	accept	conservative syntax review
弔民伐罪	u	chengyu		china-idiom+agent	insufficient-syntax-evidence	low	accept	conservative syntax review
引以為憾	u	chengyu		china-idiom+agent	insufficient-syntax-evidence	low	accept	conservative syntax review
引以為榮	v	chengyu		china-idiom+agent	agent-reviewed-override	high	accept	conservative syntax review
引吭高歌	u	chengyu		china-idiom+agent	insufficient-syntax-evidence	low	accept	conservative syntax review
引商刻羽	u	chengyu		china-idiom+agent	insufficient-syntax-evidence	low	accept	conservative syntax review
引喻失義	u	chengyu		china-idiom+agent	insufficient-syntax-evidence	low	accept	conservative syntax review
引水入牆	u	chengyu		china-idiom+agent	insufficient-syntax-evidence	low	accept	conservative syntax review
引狗入寨	u	chengyu		china-idiom+agent	insufficient-syntax-evidence	low	accept	conservative syntax review
引玉之磚	u	chengyu		china-idiom+agent	insufficient-syntax-evidence	low	accept	conservative syntax review
引經據典	u	chengyu		china-idiom+agent	insufficient-syntax-evidence	low	accept	conservative syntax review
引線穿針	u	chengyu		china-idiom+agent	insufficient-syntax-evidence	low	accept	conservative syntax review
引而不發	u	chengyu		china-idiom+agent	insufficient-syntax-evidence	low	accept	conservative syntax review
引錐刺股	u	chengyu		china-idiom+agent	insufficient-syntax-evidence	low	accept	conservative syntax review
引鬼上門	u	chengyu		china-idiom+agent	insufficient-syntax-evidence	low	accept	conservative syntax review
弦外之意	u	chengyu		china-idiom+agent	insufficient-syntax-evidence	low	accept	conservative syntax review
弦外之響	u	chengyu		china-idiom+agent	insufficient-syntax-evidence	low	accept	conservative syntax review
弱不勝衣	u	chengyu		china-idiom+agent	insufficient-syntax-evidence	low	accept	conservative syntax review
張冠李戴	u	chengyu		china-idiom+agent	insufficient-syntax-evidence	low	accept	conservative syntax review
強中自有強中手	u	chengyu		china-idiom+agent	clause-without-syntax-slot	low	accept	conservative syntax review
強將手下無弱兵	u	chengyu		china-idiom+agent	clause-without-syntax-slot	low	accept	conservative syntax review
強詞奪理	u	chengyu		china-idiom+agent	insufficient-syntax-evidence	low	accept	conservative syntax review
強顏歡笑	a	chengyu		china-idiom+agent	state-definition	high	accept	conservative syntax review
強龍不壓地頭蛇	u	chengyu		china-idiom+agent	insufficient-syntax-evidence	low	accept	conservative syntax review
彈冠相慶	u	chengyu		china-idiom+agent	insufficient-syntax-evidence	low	accept	conservative syntax review
彈無虛發	u	chengyu		china-idiom+agent	insufficient-syntax-evidence	low	accept	conservative syntax review
彈盡援絕	u	chengyu		china-idiom+agent	insufficient-syntax-evidence	low	accept	conservative syntax review
彌天大罪	u	chengyu		china-idiom+agent	insufficient-syntax-evidence	low	accept	conservative syntax review
形形色色	u	chengyu		china-idiom+agent	insufficient-syntax-evidence	low	accept	conservative syntax review
形影不離	u	chengyu		china-idiom+agent	insufficient-syntax-evidence	low	accept	conservative syntax review
形影相弔	u	chengyu		china-idiom+agent	insufficient-syntax-evidence	low	accept	conservative syntax review
形影相隨	u	chengyu		china-idiom+agent	insufficient-syntax-evidence	low	accept	conservative syntax review
彪形大漢	u	chengyu		china-idiom+agent	insufficient-syntax-evidence	low	accept	conservative syntax review
彪炳千古	u	chengyu		china-idiom+agent	insufficient-syntax-evidence	low	accept	conservative syntax review
彼唱此和	u	chengyu		china-idiom+agent	insufficient-syntax-evidence	low	accept	conservative syntax review
待時而動	u	chengyu		china-idiom+agent	insufficient-syntax-evidence	low	accept	conservative syntax review
待理不理	u	chengyu		china-idiom+agent	insufficient-syntax-evidence	low	accept	conservative syntax review
徇情枉法	u	chengyu		china-idiom+agent	insufficient-syntax-evidence	low	accept	conservative syntax review
徇私舞弊	u	chengyu		china-idiom+agent	insufficient-syntax-evidence	low	accept	conservative syntax review
後來居上	u	chengyu		china-idiom+agent	insufficient-syntax-evidence	low	accept	conservative syntax review
後浪推前浪	u	chengyu		china-idiom+agent	insufficient-syntax-evidence	low	accept	conservative syntax review
後生可畏	u	chengyu		china-idiom+agent	insufficient-syntax-evidence	low	accept	conservative syntax review
徒勞無益	u	chengyu		china-idiom+agent	insufficient-syntax-evidence	low	accept	conservative syntax review
徒擁虛名	u	chengyu		china-idiom+agent	insufficient-syntax-evidence	low	accept	conservative syntax review
徒有其名	u	chengyu		china-idiom+agent	insufficient-syntax-evidence	low	accept	conservative syntax review
得不償失	u	chengyu		china-idiom+agent	insufficient-syntax-evidence	low	accept	conservative syntax review
得其所哉	u	chengyu		china-idiom+agent	insufficient-syntax-evidence	low	accept	conservative syntax review
得天獨厚	u	chengyu		china-idiom+agent	insufficient-syntax-evidence	low	accept	conservative syntax review
得失參半	u	chengyu		china-idiom+agent	insufficient-syntax-evidence	low	accept	conservative syntax review
得寸進尺	u	chengyu		china-idiom+agent	insufficient-syntax-evidence	low	accept	conservative syntax review
得意忘形	u	chengyu		china-idiom+agent	insufficient-syntax-evidence	low	accept	conservative syntax review
得意揚揚	a	chengyu		china-idiom+agent	state-definition	high	accept	conservative syntax review
得意洋洋	u	chengyu		china-idiom+agent	insufficient-syntax-evidence	low	accept	conservative syntax review
得道多助	u	chengyu		china-idiom+agent	insufficient-syntax-evidence	low	accept	conservative syntax review
得饒人處且饒人	u	chengyu		china-idiom+agent	insufficient-syntax-evidence	low	accept	conservative syntax review
得魚忘筌	u	chengyu		china-idiom+agent	insufficient-syntax-evidence	low	accept	conservative syntax review
從井救人	u	chengyu		china-idiom+agent	insufficient-syntax-evidence	low	accept	conservative syntax review
從善如流	u	chengyu		china-idiom+agent	insufficient-syntax-evidence	low	accept	conservative syntax review
從天而降	u	chengyu		china-idiom+agent	insufficient-syntax-evidence	low	accept	conservative syntax review
從容自如	u	chengyu		china-idiom+agent	insufficient-syntax-evidence	low	accept	conservative syntax review
從容自若	r	chengyu		china-idiom+agent	example-adverbial-de	high	accept	conservative syntax review
循名責實	u	chengyu		china-idiom+agent	insufficient-syntax-evidence	low	accept	conservative syntax review
循循善誘	u	chengyu		china-idiom+agent	insufficient-syntax-evidence	low	accept	conservative syntax review
微乎其微	a	chengyu		china-idiom+agent	state-definition	high	accept	conservative syntax review
微言大義	u	chengyu		china-idiom+agent	insufficient-syntax-evidence	low	accept	conservative syntax review
徵名責實	u	chengyu		china-idiom+agent	insufficient-syntax-evidence	low	accept	conservative syntax review
德高望重	u	chengyu		china-idiom+agent	insufficient-syntax-evidence	low	accept	conservative syntax review
心中無數	u	chengyu		china-idiom+agent	insufficient-syntax-evidence	low	accept	conservative syntax review
心亂如麻	a	chengyu		china-idiom+agent	state-definition	high	accept	conservative syntax review
心事重重	a	chengyu		china-idiom+agent	state-definition	high	accept	conservative syntax review
心勞日拙	u	chengyu		china-idiom+agent	insufficient-syntax-evidence	low	accept	conservative syntax review
心口不一	a	chengyu		china-idiom+agent	state-definition	high	accept	conservative syntax review
心口如一	a	chengyu		china-idiom+agent	state-definition	high	accept	conservative syntax review
心回意轉	u	chengyu		china-idiom+agent	insufficient-syntax-evidence	low	accept	conservative syntax review
心廣體胖	u	chengyu		china-idiom+agent	insufficient-syntax-evidence	low	accept	conservative syntax review
心往神馳	u	chengyu		china-idiom+agent	insufficient-syntax-evidence	low	accept	conservative syntax review
心心相印	u	chengyu		china-idiom+agent	insufficient-syntax-evidence	low	accept	conservative syntax review
心急如焚	a	chengyu		china-idiom+agent	state-definition	high	accept	conservative syntax review
心慈手軟	u	chengyu		china-idiom+agent	insufficient-syntax-evidence	low	accept	conservative syntax review
心慌意亂	a	chengyu		china-idiom+agent	state-definition	high	accept	conservative syntax review
心拙口夯	u	chengyu		china-idiom+agent	insufficient-syntax-evidence	low	accept	conservative syntax review
心明眼亮	a	chengyu		china-idiom+agent	state-definition	high	accept	conservative syntax review
心曠神怡	u	chengyu		china-idiom+agent	insufficient-syntax-evidence	low	accept	conservative syntax review
心有靈犀一點通	u	chengyu		china-idiom+agent	insufficient-syntax-evidence	low	accept	conservative syntax review
心有餘而力不足	a	chengyu		china-idiom+agent	state-definition	high	accept	conservative syntax review
心服口服	u	chengyu		china-idiom+agent	insufficient-syntax-evidence	low	accept	conservative syntax review
心灰意冷	u	chengyu		china-idiom+agent	insufficient-syntax-evidence	low	accept	conservative syntax review
心灰意懶	u	chengyu		china-idiom+agent	insufficient-syntax-evidence	low	accept	conservative syntax review
心無二用	u	chengyu		china-idiom+agent	insufficient-syntax-evidence	low	accept	conservative syntax review
心照不宣	u	chengyu		china-idiom+agent	insufficient-syntax-evidence	low	accept	conservative syntax review
心煩意亂	u	chengyu		china-idiom+agent	insufficient-syntax-evidence	low	accept	conservative syntax review
心狠手辣	u	chengyu		china-idiom+agent	insufficient-syntax-evidence	low	accept	conservative syntax review
心病還須心藥醫	u	chengyu		china-idiom+agent	clause-without-syntax-slot	low	accept	conservative syntax review
心直口快	u	chengyu		china-idiom+agent	insufficient-syntax-evidence	low	accept	conservative syntax review
心直嘴快	u	chengyu		china-idiom+agent	insufficient-syntax-evidence	low	accept	conservative syntax review
心神不定	u	chengyu		china-idiom+agent	insufficient-syntax-evidence	low	accept	conservative syntax review
心花怒放	u	chengyu		china-idiom+agent	insufficient-syntax-evidence	low	accept	conservative syntax review
心血來潮	u	chengyu		china-idiom+agent	insufficient-syntax-evidence	low	accept	conservative syntax review
心靈手巧	u	chengyu		china-idiom+agent	insufficient-syntax-evidence	low	accept	conservative syntax review
心領神悟	u	chengyu		china-idiom+agent	insufficient-syntax-evidence	low	accept	conservative syntax review
心領神會	u	chengyu		china-idiom+agent	insufficient-syntax-evidence	low	accept	conservative syntax review
心頭鹿撞	u	chengyu		china-idiom+agent	insufficient-syntax-evidence	low	accept	conservative syntax review
心驚肉跳	u	chengyu		china-idiom+agent	insufficient-syntax-evidence	low	accept	conservative syntax review
心驚膽戰	u	chengyu		china-idiom+agent	insufficient-syntax-evidence	low	accept	conservative syntax review
必不得已	u	chengyu		china-idiom+agent	insufficient-syntax-evidence	low	accept	conservative syntax review
必恭必敬	u	chengyu		china-idiom+agent	insufficient-syntax-evidence	low	accept	conservative syntax review
必經之路	n	chengyu		china-idiom+agent	nominal-slot-or-referent	high	accept	conservative syntax review
忍俊不禁	u	chengyu		china-idiom+agent	insufficient-syntax-evidence	low	accept	conservative syntax review
忍垢偷生	u	chengyu		china-idiom+agent	insufficient-syntax-evidence	low	accept	conservative syntax review
忍辱偷生	u	chengyu		china-idiom+agent	insufficient-syntax-evidence	low	accept	conservative syntax review
忍辱含垢	u	chengyu		china-idiom+agent	insufficient-syntax-evidence	low	accept	conservative syntax review
忐忑不安	u	chengyu		china-idiom+agent	insufficient-syntax-evidence	low	accept	conservative syntax review
志士仁人	n	chengyu		china-idiom+agent	nominal-slot-or-referent	high	accept	conservative syntax review
志大才疏	u	chengyu		china-idiom+agent	insufficient-syntax-evidence	low	accept	conservative syntax review
志高氣揚	u	chengyu		china-idiom+agent	insufficient-syntax-evidence	low	accept	conservative syntax review
忘其所以	u	chengyu		china-idiom+agent	insufficient-syntax-evidence	low	accept	conservative syntax review
忘年交	u	chengyu		china-idiom+agent	insufficient-syntax-evidence	low	accept	conservative syntax review
忘餐廢寢	v	chengyu		china-idiom+agent	action-definition	high	accept	conservative syntax review
忙中有失	u	chengyu		china-idiom+agent	insufficient-syntax-evidence	low	accept	conservative syntax review
忙中有錯	u	chengyu		china-idiom+agent	insufficient-syntax-evidence	low	accept	conservative syntax review
快人快事	u	chengyu		china-idiom+agent	insufficient-syntax-evidence	low	accept	conservative syntax review
快刀斬亂麻	u	chengyu		china-idiom+agent	insufficient-syntax-evidence	low	accept	conservative syntax review
快馬加鞭	u	chengyu		china-idiom+agent	insufficient-syntax-evidence	low	accept	conservative syntax review
念念不忘	u	chengyu		china-idiom+agent	insufficient-syntax-evidence	low	accept	conservative syntax review
忿然作色	u	chengyu		china-idiom+agent	insufficient-syntax-evidence	low	accept	conservative syntax review
怒不可遏	u	chengyu		china-idiom+agent	insufficient-syntax-evidence	low	accept	conservative syntax review
怒形於色	u	chengyu		china-idiom+agent	insufficient-syntax-evidence	low	accept	conservative syntax review
怒目切齒	u	chengyu		china-idiom+agent	insufficient-syntax-evidence	low	accept	conservative syntax review
怡顏悦色	u	chengyu		china-idiom+agent	insufficient-syntax-evidence	low	accept	conservative syntax review
急不可待	u	chengyu		china-idiom+agent	insufficient-syntax-evidence	low	accept	conservative syntax review
急中生智	u	chengyu		china-idiom+agent	insufficient-syntax-evidence	low	accept	conservative syntax review
急先鋒	n	chengyu		china-idiom+agent	nominal-slot-or-referent	high	accept	conservative syntax review
急功近利	u	chengyu		china-idiom+agent	insufficient-syntax-evidence	low	accept	conservative syntax review
急如星火	u	chengyu		china-idiom+agent	insufficient-syntax-evidence	low	accept	conservative syntax review
急如風火	u	chengyu		china-idiom+agent	insufficient-syntax-evidence	low	accept	conservative syntax review
急於星火	u	chengyu		china-idiom+agent	insufficient-syntax-evidence	low	accept	conservative syntax review
急於求成	u	chengyu		china-idiom+agent	insufficient-syntax-evidence	low	accept	conservative syntax review
急景流年	u	chengyu		china-idiom+agent	insufficient-syntax-evidence	low	accept	conservative syntax review
急流勇退	u	chengyu		china-idiom+agent	insufficient-syntax-evidence	low	accept	conservative syntax review
急脈緩受	u	chengyu		china-idiom+agent	insufficient-syntax-evidence	low	accept	conservative syntax review
急赤白臉	a	chengyu		china-idiom+agent	state-definition	high	accept	conservative syntax review
急起直追	u	chengyu		china-idiom+agent	insufficient-syntax-evidence	low	accept	conservative syntax review
急轉直下	u	chengyu		china-idiom+agent	insufficient-syntax-evidence	low	accept	conservative syntax review
急風暴雨	u	chengyu		china-idiom+agent	insufficient-syntax-evidence	low	accept	conservative syntax review
怨入骨髓	u	chengyu		china-idiom+agent	insufficient-syntax-evidence	low	accept	conservative syntax review
怨天怨地	u	chengyu		china-idiom+agent	insufficient-syntax-evidence	low	accept	conservative syntax review
怨聲載道	u	chengyu		china-idiom+agent	insufficient-syntax-evidence	low	accept	conservative syntax review
恆河沙數	u	chengyu		china-idiom+agent	insufficient-syntax-evidence	low	accept	conservative syntax review
恍如夢境	u	chengyu		china-idiom+agent	insufficient-syntax-evidence	low	accept	conservative syntax review
恢恢有餘	u	chengyu		china-idiom+agent	insufficient-syntax-evidence	low	accept	conservative syntax review
恨之入骨	u	chengyu		china-idiom+agent	insufficient-syntax-evidence	low	accept	conservative syntax review
恨入骨髓	u	chengyu		china-idiom+agent	insufficient-syntax-evidence	low	accept	conservative syntax review
恨海難填	u	chengyu		china-idiom+agent	insufficient-syntax-evidence	low	accept	conservative syntax review
恨鐵不成鋼	u	chengyu		china-idiom+agent	insufficient-syntax-evidence	low	accept	conservative syntax review
恩同再造	u	chengyu		china-idiom+agent	insufficient-syntax-evidence	low	accept	conservative syntax review
恩重如山	u	chengyu		china-idiom+agent	insufficient-syntax-evidence	low	accept	conservative syntax review
恪守不渝	u	chengyu		china-idiom+agent	insufficient-syntax-evidence	low	accept	conservative syntax review
恭敬不如從命	u	chengyu		china-idiom+agent	insufficient-syntax-evidence	low	accept	conservative syntax review
恰到好處	u	chengyu		china-idiom+agent	insufficient-syntax-evidence	low	accept	conservative syntax review
悔之無及	u	chengyu		china-idiom+agent	insufficient-syntax-evidence	low	accept	conservative syntax review
悔過自新	u	chengyu		china-idiom+agent	insufficient-syntax-evidence	low	accept	conservative syntax review
悠然自得	u	chengyu		china-idiom+agent	insufficient-syntax-evidence	low	accept	conservative syntax review
患得患失	u	chengyu		china-idiom+agent	insufficient-syntax-evidence	low	accept	conservative syntax review
悲不自勝	u	chengyu		china-idiom+agent	insufficient-syntax-evidence	low	accept	conservative syntax review
悲天憫人	u	chengyu		china-idiom+agent	insufficient-syntax-evidence	low	accept	conservative syntax review
悲觀厭世	u	chengyu		china-idiom+agent	insufficient-syntax-evidence	low	accept	conservative syntax review
悵然自失	u	chengyu		china-idiom+agent	insufficient-syntax-evidence	low	accept	conservative syntax review
悵然若失	u	chengyu		china-idiom+agent	insufficient-syntax-evidence	low	accept	conservative syntax review
悶葫蘆	n	chengyu		china-idiom+agent	nominal-slot-or-referent	high	accept	conservative syntax review
悽風苦雨	u	chengyu		china-idiom+agent	insufficient-syntax-evidence	low	accept	conservative syntax review
情不可卻	u	chengyu		china-idiom+agent	insufficient-syntax-evidence	low	accept	conservative syntax review
情人眼裏出西施	u	chengyu		china-idiom+agent	clause-without-syntax-slot	low	accept	conservative syntax review
情同骨肉	u	chengyu		china-idiom+agent	insufficient-syntax-evidence	low	accept	conservative syntax review
情急智生	u	chengyu		china-idiom+agent	insufficient-syntax-evidence	low	accept	conservative syntax review
情有可原	u	chengyu		china-idiom+agent	insufficient-syntax-evidence	low	accept	conservative syntax review
情深義重	u	chengyu		china-idiom+agent	insufficient-syntax-evidence	low	accept	conservative syntax review
情理難容	u	chengyu		china-idiom+agent	insufficient-syntax-evidence	low	accept	conservative syntax review
情至意盡	u	chengyu		china-idiom+agent	insufficient-syntax-evidence	low	accept	conservative syntax review
情逾骨肉	u	chengyu		china-idiom+agent	insufficient-syntax-evidence	low	accept	conservative syntax review
情隨事遷	u	chengyu		china-idiom+agent	insufficient-syntax-evidence	low	accept	conservative syntax review
惜字如金	u	chengyu		china-idiom+agent	insufficient-syntax-evidence	low	accept	conservative syntax review
惜指失掌	u	chengyu		china-idiom+agent	insufficient-syntax-evidence	low	accept	conservative syntax review
惜玉憐香	u	chengyu		china-idiom+agent	insufficient-syntax-evidence	low	accept	conservative syntax review
惜老憐貧	u	chengyu		china-idiom+agent	insufficient-syntax-evidence	low	accept	conservative syntax review
惟力是視	u	chengyu		china-idiom+agent	insufficient-syntax-evidence	low	accept	conservative syntax review
惟妙惟肖	u	chengyu		china-idiom+agent	insufficient-syntax-evidence	low	accept	conservative syntax review
惡作劇	u	chengyu		china-idiom+agent	insufficient-syntax-evidence	low	accept	conservative syntax review
惡叉白賴	u	chengyu		china-idiom+agent	insufficient-syntax-evidence	low	accept	conservative syntax review
惡語中傷	u	chengyu		china-idiom+agent	insufficient-syntax-evidence	low	accept	conservative syntax review
惡貫滿盈	u	chengyu		china-idiom+agent	insufficient-syntax-evidence	low	accept	conservative syntax review
惱羞成怒	u	chengyu		china-idiom+agent	insufficient-syntax-evidence	low	accept	conservative syntax review
想入非非	u	chengyu		china-idiom+agent	insufficient-syntax-evidence	low	accept	conservative syntax review
想當然	u	chengyu		china-idiom+agent	insufficient-syntax-evidence	low	accept	conservative syntax review
惴惴不安	u	chengyu		china-idiom+agent	insufficient-syntax-evidence	low	accept	conservative syntax review
惶恐不安	u	chengyu		china-idiom+agent	insufficient-syntax-evidence	low	accept	conservative syntax review
惶惶不可終日	u	chengyu		china-idiom+agent	insufficient-syntax-evidence	low	accept	conservative syntax review
惹事生非	u	chengyu		china-idiom+agent	insufficient-syntax-evidence	low	accept	conservative syntax review
惹是生非	u	chengyu		china-idiom+agent	insufficient-syntax-evidence	low	accept	conservative syntax review
惹火燒身	u	chengyu		china-idiom+agent	insufficient-syntax-evidence	low	accept	conservative syntax review
惹草拈花	u	chengyu		china-idiom+agent	insufficient-syntax-evidence	low	accept	conservative syntax review
惹草沾花	u	chengyu		china-idiom+agent	insufficient-syntax-evidence	low	accept	conservative syntax review
惻怛之心	n	chengyu		china-idiom+agent	nominal-slot-or-referent	high	accept	conservative syntax review
愁眉鎖眼	u	chengyu		china-idiom+agent	insufficient-syntax-evidence	low	accept	conservative syntax review
愁腸百結	u	chengyu		china-idiom+agent	insufficient-syntax-evidence	low	accept	conservative syntax review
意氣用事	u	chengyu		china-idiom+agent	insufficient-syntax-evidence	low	accept	conservative syntax review
意氣相投	u	chengyu		china-idiom+agent	insufficient-syntax-evidence	low	accept	conservative syntax review
意氣風發	u	chengyu		china-idiom+agent	insufficient-syntax-evidence	low	accept	conservative syntax review
意馬心猿	u	chengyu		china-idiom+agent	insufficient-syntax-evidence	low	accept	conservative syntax review
愚不可及	u	chengyu		china-idiom+agent	insufficient-syntax-evidence	low	accept	conservative syntax review
愚公移山	u	chengyu		china-idiom+agent	insufficient-syntax-evidence	low	accept	conservative syntax review
愚夫愚婦	u	chengyu		china-idiom+agent	insufficient-syntax-evidence	low	accept	conservative syntax review
愛不忍釋	u	chengyu		china-idiom+agent	insufficient-syntax-evidence	low	accept	conservative syntax review
愛不釋手	u	chengyu		china-idiom+agent	insufficient-syntax-evidence	low	accept	conservative syntax review
愛別離苦	u	chengyu		china-idiom+agent	insufficient-syntax-evidence	low	accept	conservative syntax review
愛國如家	u	chengyu		china-idiom+agent	insufficient-syntax-evidence	low	accept	conservative syntax review
愛屋及烏	u	chengyu		china-idiom+agent	insufficient-syntax-evidence	low	accept	conservative syntax review
愛憎分明	u	chengyu		china-idiom+agent	insufficient-syntax-evidence	low	accept	conservative syntax review
愛莫能助	u	chengyu		china-idiom+agent	insufficient-syntax-evidence	low	accept	conservative syntax review
愛財如命	u	chengyu		china-idiom+agent	insufficient-syntax-evidence	low	accept	conservative syntax review
感人肺腑	u	chengyu		china-idiom+agent	insufficient-syntax-evidence	low	accept	conservative syntax review
感恩圖報	u	chengyu		china-idiom+agent	insufficient-syntax-evidence	low	accept	conservative syntax review
感恩戴德	u	chengyu		china-idiom+agent	insufficient-syntax-evidence	low	accept	conservative syntax review
感情用事	u	chengyu		china-idiom+agent	insufficient-syntax-evidence	low	accept	conservative syntax review
感激涕零	u	chengyu		china-idiom+agent	insufficient-syntax-evidence	low	accept	conservative syntax review
愧悔無地	u	chengyu		china-idiom+agent	insufficient-syntax-evidence	low	accept	conservative syntax review
慈悲為本	u	chengyu		china-idiom+agent	insufficient-syntax-evidence	low	accept	conservative syntax review
慈眉善眼	u	chengyu		china-idiom+agent	insufficient-syntax-evidence	low	accept	conservative syntax review
慌手慌腳	u	chengyu		china-idiom+agent	insufficient-syntax-evidence	low	accept	conservative syntax review
慎終追遠	u	chengyu		china-idiom+agent	insufficient-syntax-evidence	low	accept	conservative syntax review
慘不忍聞	u	chengyu		china-idiom+agent	insufficient-syntax-evidence	low	accept	conservative syntax review
慘無人道	u	chengyu		china-idiom+agent	insufficient-syntax-evidence	low	accept	conservative syntax review
慘絕人寰	u	chengyu		china-idiom+agent	insufficient-syntax-evidence	low	accept	conservative syntax review
慘綠少年	u	chengyu		china-idiom+agent	insufficient-syntax-evidence	low	accept	conservative syntax review
慘綠愁紅	u	chengyu		china-idiom+agent	insufficient-syntax-evidence	low	accept	conservative syntax review
慷他人之慨	u	chengyu		china-idiom+agent	insufficient-syntax-evidence	low	accept	conservative syntax review
慷慨激昂	u	chengyu		china-idiom+agent	insufficient-syntax-evidence	low	accept	conservative syntax review
慷慨解囊	u	chengyu		china-idiom+agent	insufficient-syntax-evidence	low	accept	conservative syntax review
慷慨輸將	u	chengyu		china-idiom+agent	insufficient-syntax-evidence	low	accept	conservative syntax review
慷慨陳詞	u	chengyu		china-idiom+agent	insufficient-syntax-evidence	low	accept	conservative syntax review
慾壑難填	u	chengyu		china-idiom+agent	insufficient-syntax-evidence	low	accept	conservative syntax review
憂國憂民	u	chengyu		china-idiom+agent	insufficient-syntax-evidence	low	accept	conservative syntax review
憂形於色	u	chengyu		china-idiom+agent	insufficient-syntax-evidence	low	accept	conservative syntax review
憂心如焚	u	chengyu		china-idiom+agent	insufficient-syntax-evidence	low	accept	conservative syntax review
憐香惜玉	u	chengyu		china-idiom+agent	insufficient-syntax-evidence	low	accept	conservative syntax review
憑白無故	u	chengyu		china-idiom+agent	insufficient-syntax-evidence	low	accept	conservative syntax review
憑軾結轍	u	chengyu		china-idiom+agent	insufficient-syntax-evidence	low	accept	conservative syntax review
憤不顧身	u	chengyu		china-idiom+agent	insufficient-syntax-evidence	low	accept	conservative syntax review
憤世嫉俗	r	chengyu		china-idiom+agent	example-adverbial-de	high	accept	conservative syntax review
應付裕如	u	chengyu		china-idiom+agent	insufficient-syntax-evidence	low	accept	conservative syntax review
應天承運	u	chengyu		china-idiom+agent	insufficient-syntax-evidence	low	accept	conservative syntax review
應對如流	u	chengyu		china-idiom+agent	insufficient-syntax-evidence	low	accept	conservative syntax review
應機立斷	u	chengyu		china-idiom+agent	insufficient-syntax-evidence	low	accept	conservative syntax review
應答如流	u	chengyu		china-idiom+agent	insufficient-syntax-evidence	low	accept	conservative syntax review
應聲蟲	u	chengyu		china-idiom+agent	insufficient-syntax-evidence	low	accept	conservative syntax review
懲一戒百	u	chengyu		china-idiom+agent	insufficient-syntax-evidence	low	accept	conservative syntax review
懲前毖後	u	chengyu		china-idiom+agent	insufficient-syntax-evidence	low	accept	conservative syntax review
懲惡勸善	u	chengyu		china-idiom+agent	insufficient-syntax-evidence	low	accept	conservative syntax review
懷才不遇	u	chengyu		china-idiom+agent	insufficient-syntax-evidence	low	accept	conservative syntax review
懷敵附遠	u	chengyu		china-idiom+agent	insufficient-syntax-evidence	low	accept	conservative syntax review
懸崖勒馬	u	chengyu		china-idiom+agent	insufficient-syntax-evidence	low	accept	conservative syntax review
戀戀不捨	r	chengyu		china-idiom+agent	example-adverbial-de	high	accept	conservative syntax review
成人之美	u	chengyu		china-idiom+agent	insufficient-syntax-evidence	low	accept	conservative syntax review
成仁取義	u	chengyu		china-idiom+agent	insufficient-syntax-evidence	low	accept	conservative syntax review
成敗在此一舉	u	chengyu		china-idiom+agent	insufficient-syntax-evidence	low	accept	conservative syntax review
成敗論人	u	chengyu		china-idiom+agent	insufficient-syntax-evidence	low	accept	conservative syntax review
成王敗寇	u	chengyu		china-idiom+agent	insufficient-syntax-evidence	low	accept	conservative syntax review
成竹在胸	u	chengyu		china-idiom+agent	insufficient-syntax-evidence	low	accept	conservative syntax review
成雙作對	u	chengyu		china-idiom+agent	insufficient-syntax-evidence	low	accept	conservative syntax review
成龍配套	u	chengyu		china-idiom+agent	insufficient-syntax-evidence	low	accept	conservative syntax review
我行我素	u	chengyu		china-idiom+agent	insufficient-syntax-evidence	low	accept	conservative syntax review
我醉欲眠	u	chengyu		china-idiom+agent	insufficient-syntax-evidence	low	accept	conservative syntax review
戟指怒目	u	chengyu		china-idiom+agent	insufficient-syntax-evidence	low	accept	conservative syntax review
截趾適履	u	chengyu		china-idiom+agent	insufficient-syntax-evidence	low	accept	conservative syntax review
截長補短	u	chengyu		china-idiom+agent	insufficient-syntax-evidence	low	accept	conservative syntax review
戮力同心	u	chengyu		china-idiom+agent	insufficient-syntax-evidence	low	accept	conservative syntax review
戰戰慄慄	u	chengyu		china-idiom+agent	insufficient-syntax-evidence	low	accept	conservative syntax review
戳心灌髓	u	chengyu		china-idiom+agent	insufficient-syntax-evidence	low	accept	conservative syntax review
户告人曉	u	chengyu		china-idiom+agent	insufficient-syntax-evidence	low	accept	conservative syntax review
户限為穿	u	chengyu		china-idiom+agent	insufficient-syntax-evidence	low	accept	conservative syntax review
所向披靡	a,v	chengyu		china-idiom+agent	agent-reviewed-override	high	accept	conservative syntax review
手不釋卷	u	chengyu		china-idiom+agent	insufficient-syntax-evidence	low	accept	conservative syntax review
手到拈來	u	chengyu		china-idiom+agent	insufficient-syntax-evidence	low	accept	conservative syntax review
手到拿來	u	chengyu		china-idiom+agent	insufficient-syntax-evidence	low	accept	conservative syntax review
手到擒來	u	chengyu		china-idiom+agent	insufficient-syntax-evidence	low	accept	conservative syntax review
手疾眼快	u	chengyu		china-idiom+agent	insufficient-syntax-evidence	low	accept	conservative syntax review
手腳乾淨	u	chengyu		china-idiom+agent	insufficient-syntax-evidence	low	accept	conservative syntax review
手舞足蹈	u	chengyu		china-idiom+agent	insufficient-syntax-evidence	low	accept	conservative syntax review
手足之情	n	chengyu		china-idiom+agent	nominal-slot-or-referent	high	accept	conservative syntax review
手高手低	u	chengyu		china-idiom+agent	insufficient-syntax-evidence	low	accept	conservative syntax review
才兼文武	u	chengyu		china-idiom+agent	insufficient-syntax-evidence	low	accept	conservative syntax review
才氣過人	u	chengyu		china-idiom+agent	insufficient-syntax-evidence	low	accept	conservative syntax review
才華蓋世	u	chengyu		china-idiom+agent	insufficient-syntax-evidence	low	accept	conservative syntax review
才識過人	u	chengyu		china-idiom+agent	insufficient-syntax-evidence	low	accept	conservative syntax review
才高八斗	u	chengyu		china-idiom+agent	insufficient-syntax-evidence	low	accept	conservative syntax review
扒高踩低	u	chengyu		china-idiom+agent	insufficient-syntax-evidence	low	accept	conservative syntax review
打家劫舍	u	chengyu		china-idiom+agent	insufficient-syntax-evidence	low	accept	conservative syntax review
打富濟貧	u	chengyu		china-idiom+agent	insufficient-syntax-evidence	low	accept	conservative syntax review
打拱作揖	u	chengyu		china-idiom+agent	insufficient-syntax-evidence	low	accept	conservative syntax review
打蛇打七寸	u	chengyu		china-idiom+agent	insufficient-syntax-evidence	low	accept	conservative syntax review
打躬作揖	u	chengyu		china-idiom+agent	insufficient-syntax-evidence	low	accept	conservative syntax review
打退堂鼓	u	chengyu		china-idiom+agent	insufficient-syntax-evidence	low	accept	conservative syntax review
打邊鼓	u	chengyu		china-idiom+agent	insufficient-syntax-evidence	low	accept	conservative syntax review
打開天窗説亮話	u	chengyu		china-idiom+agent	clause-without-syntax-slot	low	accept	conservative syntax review
扣人心絃	u	chengyu		china-idiom+agent	insufficient-syntax-evidence	low	accept	conservative syntax review
扯順風旗	u	chengyu		china-idiom+agent	insufficient-syntax-evidence	low	accept	conservative syntax review
扳龍附鳳	u	chengyu		china-idiom+agent	insufficient-syntax-evidence	low	accept	conservative syntax review
扶弱抑強	u	chengyu		china-idiom+agent	insufficient-syntax-evidence	low	accept	conservative syntax review
扶搖直上	u	chengyu		china-idiom+agent	insufficient-syntax-evidence	low	accept	conservative syntax review
扶老攜幼	u	chengyu		china-idiom+agent	insufficient-syntax-evidence	low	accept	conservative syntax review
批亢搗虛	u	chengyu		china-idiom+agent	insufficient-syntax-evidence	low	accept	conservative syntax review
扼喉撫背	u	chengyu		china-idiom+agent	insufficient-syntax-evidence	low	accept	conservative syntax review
承上起下	u	chengyu		china-idiom+agent	insufficient-syntax-evidence	low	accept	conservative syntax review
承前啓後	u	chengyu		china-idiom+agent	insufficient-syntax-evidence	low	accept	conservative syntax review
把持不定	u	chengyu		china-idiom+agent	insufficient-syntax-evidence	low	accept	conservative syntax review
抑揚頓挫	u	chengyu		china-idiom+agent	insufficient-syntax-evidence	low	accept	conservative syntax review
投井下石	u	chengyu		china-idiom+agent	insufficient-syntax-evidence	low	accept	conservative syntax review
投機取巧	u	chengyu		china-idiom+agent	insufficient-syntax-evidence	low	accept	conservative syntax review
投袂而起	u	chengyu		china-idiom+agent	insufficient-syntax-evidence	low	accept	conservative syntax review
投閒置散	u	chengyu		china-idiom+agent	insufficient-syntax-evidence	low	accept	conservative syntax review
披堅執鋭	u	chengyu		china-idiom+agent	insufficient-syntax-evidence	low	accept	conservative syntax review
披星帶月	u	chengyu		china-idiom+agent	insufficient-syntax-evidence	low	accept	conservative syntax review
披沙揀金	u	chengyu		china-idiom+agent	insufficient-syntax-evidence	low	accept	conservative syntax review
披肝瀝膽	r	chengyu		china-idiom+agent	example-adverbial-de	high	accept	conservative syntax review
披荊斬棘	u	chengyu		china-idiom+agent	insufficient-syntax-evidence	low	accept	conservative syntax review
披麻帶孝	u	chengyu		china-idiom+agent	insufficient-syntax-evidence	low	accept	conservative syntax review
抱不平	u	chengyu		china-idiom+agent	insufficient-syntax-evidence	low	accept	conservative syntax review
抱恨終天	u	chengyu		china-idiom+agent	insufficient-syntax-evidence	low	accept	conservative syntax review
抱打不平	u	chengyu		china-idiom+agent	insufficient-syntax-evidence	low	accept	conservative syntax review
抱頭鼠竄	u	chengyu		china-idiom+agent	insufficient-syntax-evidence	low	accept	conservative syntax review
抵足而眠	u	chengyu		china-idiom+agent	insufficient-syntax-evidence	low	accept	conservative syntax review
抽筋剝皮	u	chengyu		china-idiom+agent	insufficient-syntax-evidence	low	accept	conservative syntax review
抽薪止沸	u	chengyu		china-idiom+agent	insufficient-syntax-evidence	low	accept	conservative syntax review
拆東牆補西牆	u	chengyu		china-idiom+agent	insufficient-syntax-evidence	low	accept	conservative syntax review
拆東補西	u	chengyu		china-idiom+agent	insufficient-syntax-evidence	low	accept	conservative syntax review
拉大旗作虎皮	u	chengyu		china-idiom+agent	insufficient-syntax-evidence	low	accept	conservative syntax review
拉家帶口	u	chengyu		china-idiom+agent	insufficient-syntax-evidence	low	accept	conservative syntax review
拋戈棄甲	u	chengyu		china-idiom+agent	insufficient-syntax-evidence	low	accept	conservative syntax review
拋頭露面	u	chengyu		china-idiom+agent	insufficient-syntax-evidence	low	accept	conservative syntax review
拍案叫絕	u	chengyu		china-idiom+agent	insufficient-syntax-evidence	low	accept	conservative syntax review
拍案而起	u	chengyu		china-idiom+agent	insufficient-syntax-evidence	low	accept	conservative syntax review
拒人於千里之外	u	chengyu		china-idiom+agent	insufficient-syntax-evidence	low	accept	conservative syntax review
拒諫飾非	u	chengyu		china-idiom+agent	insufficient-syntax-evidence	low	accept	conservative syntax review
拔毛連茹	u	chengyu		china-idiom+agent	insufficient-syntax-evidence	low	accept	conservative syntax review
拔苗助長	u	chengyu		china-idiom+agent	insufficient-syntax-evidence	low	accept	conservative syntax review
拔茅連茹	u	chengyu		china-idiom+agent	insufficient-syntax-evidence	low	accept	conservative syntax review
拖人下水	u	chengyu		china-idiom+agent	insufficient-syntax-evidence	low	accept	conservative syntax review
拖泥帶水	u	chengyu		china-idiom+agent	insufficient-syntax-evidence	low	accept	conservative syntax review
拖男帶女	u	chengyu		china-idiom+agent	insufficient-syntax-evidence	low	accept	conservative syntax review
招兵買馬	u	chengyu		china-idiom+agent	insufficient-syntax-evidence	low	accept	conservative syntax review
招搖撞騙	u	chengyu		china-idiom+agent	insufficient-syntax-evidence	low	accept	conservative syntax review
招搖過市	u	chengyu		china-idiom+agent	insufficient-syntax-evidence	low	accept	conservative syntax review
招賢納士	u	chengyu		china-idiom+agent	insufficient-syntax-evidence	low	accept	conservative syntax review
招降納叛	u	chengyu		china-idiom+agent	insufficient-syntax-evidence	low	accept	conservative syntax review
拜恩私室	u	chengyu		china-idiom+agent	insufficient-syntax-evidence	low	accept	conservative syntax review
拾人涕唾	u	chengyu		china-idiom+agent	insufficient-syntax-evidence	low	accept	conservative syntax review
拿手好戲	u	chengyu		china-idiom+agent	insufficient-syntax-evidence	low	accept	conservative syntax review
持之以恆	u	chengyu		china-idiom+agent	insufficient-syntax-evidence	low	accept	conservative syntax review
持平之論	n	chengyu		china-idiom+agent	nominal-slot-or-referent	high	accept	conservative syntax review
指不勝屈	u	chengyu		china-idiom+agent	insufficient-syntax-evidence	low	accept	conservative syntax review
指天誓日	u	chengyu		china-idiom+agent	insufficient-syntax-evidence	low	accept	conservative syntax review
指桑罵槐	u	chengyu		china-idiom+agent	insufficient-syntax-evidence	low	accept	conservative syntax review
指鹿作馬	u	chengyu		china-idiom+agent	insufficient-syntax-evidence	low	accept	conservative syntax review
指鹿為馬	u	chengyu		china-idiom+agent	insufficient-syntax-evidence	low	accept	conservative syntax review
按圖索驥	u	chengyu		china-idiom+agent	insufficient-syntax-evidence	low	accept	conservative syntax review
挫骨揚灰	u	chengyu		china-idiom+agent	insufficient-syntax-evidence	low	accept	conservative syntax review
振聾發聵	u	chengyu		china-idiom+agent	insufficient-syntax-evidence	low	accept	conservative syntax review
挾天子以令諸侯	u	chengyu		china-idiom+agent	clause-without-syntax-slot	low	accept	conservative syntax review
挾細拿粗	u	chengyu		china-idiom+agent	insufficient-syntax-evidence	low	accept	conservative syntax review
捉襟見肘	u	chengyu		china-idiom+agent	insufficient-syntax-evidence	low	accept	conservative syntax review
捋虎鬚	u	chengyu		china-idiom+agent	insufficient-syntax-evidence	low	accept	conservative syntax review
捏手捏腳	u	chengyu		china-idiom+agent	insufficient-syntax-evidence	low	accept	conservative syntax review
捨己為人	u	chengyu		china-idiom+agent	insufficient-syntax-evidence	low	accept	conservative syntax review
捨己為公	u	chengyu		china-idiom+agent	insufficient-syntax-evidence	low	accept	conservative syntax review
捨本逐末	u	chengyu		china-idiom+agent	insufficient-syntax-evidence	low	accept	conservative syntax review
捨生取義	u	chengyu		china-idiom+agent	insufficient-syntax-evidence	low	accept	conservative syntax review
捨生忘死	u	chengyu		china-idiom+agent	insufficient-syntax-evidence	low	accept	conservative syntax review
捨身求法	u	chengyu		china-idiom+agent	insufficient-syntax-evidence	low	accept	conservative syntax review
捨近求遠	u	chengyu		china-idiom+agent	insufficient-syntax-evidence	low	accept	conservative syntax review
捫心無愧	u	chengyu		china-idiom+agent	insufficient-syntax-evidence	low	accept	conservative syntax review
捲土重來	u	chengyu		china-idiom+agent	insufficient-syntax-evidence	low	accept	conservative syntax review
捶胸頓足	u	chengyu		china-idiom+agent	insufficient-syntax-evidence	low	accept	conservative syntax review
掀天揭地	u	chengyu		china-idiom+agent	insufficient-syntax-evidence	low	accept	conservative syntax review
掃榻以待	u	chengyu		china-idiom+agent	insufficient-syntax-evidence	low	accept	conservative syntax review
掃穴犁庭	u	chengyu		china-idiom+agent	insufficient-syntax-evidence	low	accept	conservative syntax review
掃除天下	u	chengyu		china-idiom+agent	insufficient-syntax-evidence	low	accept	conservative syntax review
掇臀捧屁	u	chengyu		china-idiom+agent	insufficient-syntax-evidence	low	accept	conservative syntax review
掉書袋	u	chengyu		china-idiom+agent	insufficient-syntax-evidence	low	accept	conservative syntax review
掌上明珠	u	chengyu		china-idiom+agent	insufficient-syntax-evidence	low	accept	conservative syntax review
排憂解難	u	chengyu		china-idiom+agent	insufficient-syntax-evidence	low	accept	conservative syntax review
排除萬難	u	chengyu		china-idiom+agent	insufficient-syntax-evidence	low	accept	conservative syntax review
掛冠求去	u	chengyu		china-idiom+agent	insufficient-syntax-evidence	low	accept	conservative syntax review
掛羊頭賣狗肉	u	chengyu		china-idiom+agent	insufficient-syntax-evidence	low	accept	conservative syntax review
探囊取物	u	chengyu		china-idiom+agent	insufficient-syntax-evidence	low	accept	conservative syntax review
探本窮源	u	chengyu		china-idiom+agent	insufficient-syntax-evidence	low	accept	conservative syntax review
探驪得珠	u	chengyu		china-idiom+agent	insufficient-syntax-evidence	low	accept	conservative syntax review
接二連三	r	chengyu		china-idiom+agent	example-adverbial-de	high	accept	conservative syntax review
推三推四	u	chengyu		china-idiom+agent	insufficient-syntax-evidence	low	accept	conservative syntax review
推三阻四	u	chengyu		china-idiom+agent	insufficient-syntax-evidence	low	accept	conservative syntax review
推崇備至	u	chengyu		china-idiom+agent	insufficient-syntax-evidence	low	accept	conservative syntax review
推己及人	u	chengyu		china-idiom+agent	insufficient-syntax-evidence	low	accept	conservative syntax review
推心置腹	u	chengyu		china-idiom+agent	insufficient-syntax-evidence	low	accept	conservative syntax review
推波助瀾	u	chengyu		china-idiom+agent	insufficient-syntax-evidence	low	accept	conservative syntax review
推襟送抱	u	chengyu		china-idiom+agent	insufficient-syntax-evidence	low	accept	conservative syntax review
推賢讓能	u	chengyu		china-idiom+agent	insufficient-syntax-evidence	low	accept	conservative syntax review
推陳致新	u	chengyu		china-idiom+agent	insufficient-syntax-evidence	low	accept	conservative syntax review
掩人耳目	u	chengyu		china-idiom+agent	insufficient-syntax-evidence	low	accept	conservative syntax review
掩口而笑	u	chengyu		china-idiom+agent	insufficient-syntax-evidence	low	accept	conservative syntax review
掩旗息鼓	u	chengyu		china-idiom+agent	insufficient-syntax-evidence	low	accept	conservative syntax review
掩耳盜鈴	u	chengyu		china-idiom+agent	insufficient-syntax-evidence	low	accept	conservative syntax review
措置裕如	u	chengyu		china-idiom+agent	insufficient-syntax-evidence	low	accept	conservative syntax review
揀佛燒香	u	chengyu		china-idiom+agent	insufficient-syntax-evidence	low	accept	conservative syntax review
揆情度理	u	chengyu		china-idiom+agent	insufficient-syntax-evidence	low	accept	conservative syntax review
揆時度勢	u	chengyu		china-idiom+agent	insufficient-syntax-evidence	low	accept	conservative syntax review
插翅難飛	u	chengyu		china-idiom+agent	insufficient-syntax-evidence	low	accept	conservative syntax review
揚名四海	u	chengyu		china-idiom+agent	insufficient-syntax-evidence	low	accept	conservative syntax review
揚幡招魂	u	chengyu		china-idiom+agent	insufficient-syntax-evidence	low	accept	conservative syntax review
揚清激濁	u	chengyu		china-idiom+agent	insufficient-syntax-evidence	low	accept	conservative syntax review
揚湯止沸	u	chengyu		china-idiom+agent	insufficient-syntax-evidence	low	accept	conservative syntax review
揚長避短	u	chengyu		china-idiom+agent	insufficient-syntax-evidence	low	accept	conservative syntax review
換湯不換藥	u	chengyu		china-idiom+agent	insufficient-syntax-evidence	low	accept	conservative syntax review
換骨奪胎	u	chengyu		china-idiom+agent	insufficient-syntax-evidence	low	accept	conservative syntax review
揠苗助長	u	chengyu		china-idiom+agent	insufficient-syntax-evidence	low	accept	conservative syntax review
揮汗成雨	u	chengyu		china-idiom+agent	insufficient-syntax-evidence	low	accept	conservative syntax review
揮灑自如	u	chengyu		china-idiom+agent	insufficient-syntax-evidence	low	accept	conservative syntax review
損人不利己	u	chengyu		china-idiom+agent	insufficient-syntax-evidence	low	accept	conservative syntax review
損人利己	u	chengyu		china-idiom+agent	insufficient-syntax-evidence	low	accept	conservative syntax review
損兵折將	u	chengyu		china-idiom+agent	insufficient-syntax-evidence	low	accept	conservative syntax review
損本逐末	u	chengyu		china-idiom+agent	insufficient-syntax-evidence	low	accept	conservative syntax review
搓手頓腳	u	chengyu		china-idiom+agent	insufficient-syntax-evidence	low	accept	conservative syntax review
搓手頓足	u	chengyu		china-idiom+agent	insufficient-syntax-evidence	low	accept	conservative syntax review
搔頭摸耳	u	chengyu		china-idiom+agent	insufficient-syntax-evidence	low	accept	conservative syntax review
搖尾乞憐	u	chengyu		china-idiom+agent	insufficient-syntax-evidence	low	accept	conservative syntax review
搖旗吶喊	u	chengyu		china-idiom+agent	insufficient-syntax-evidence	low	accept	conservative syntax review
搖身一變	u	chengyu		china-idiom+agent	insufficient-syntax-evidence	low	accept	conservative syntax review
搜索枯腸	u	chengyu		china-idiom+agent	insufficient-syntax-evidence	low	accept	conservative syntax review
搬唇遞舌	u	chengyu		china-idiom+agent	insufficient-syntax-evidence	low	accept	conservative syntax review
摩拳擦掌	u	chengyu		china-idiom+agent	insufficient-syntax-evidence	low	accept	conservative syntax review
摩肩接踵	u	chengyu		china-idiom+agent	insufficient-syntax-evidence	low	accept	conservative syntax review
摩肩擊轂	u	chengyu		china-idiom+agent	insufficient-syntax-evidence	low	accept	conservative syntax review
摸不着頭腦	u	chengyu		china-idiom+agent	insufficient-syntax-evidence	low	accept	conservative syntax review
撒嬌賣俏	u	chengyu		china-idiom+agent	insufficient-syntax-evidence	low	accept	conservative syntax review
撒科打諢	u	chengyu		china-idiom+agent	insufficient-syntax-evidence	low	accept	conservative syntax review
撥亂反正	u	chengyu		china-idiom+agent	insufficient-syntax-evidence	low	accept	conservative syntax review
撥亂反治	u	chengyu		china-idiom+agent	insufficient-syntax-evidence	low	accept	conservative syntax review
撫心自問	u	chengyu		china-idiom+agent	insufficient-syntax-evidence	low	accept	conservative syntax review
撮鹽入水	u	chengyu		china-idiom+agent	insufficient-syntax-evidence	low	accept	conservative syntax review
撮鹽入火	u	chengyu		china-idiom+agent	insufficient-syntax-evidence	low	accept	conservative syntax review
撲朔迷離	u	chengyu		china-idiom+agent	insufficient-syntax-evidence	low	accept	conservative syntax review
擂鼓鳴金	u	chengyu		china-idiom+agent	insufficient-syntax-evidence	low	accept	conservative syntax review
擇善而從	u	chengyu		china-idiom+agent	insufficient-syntax-evidence	low	accept	conservative syntax review
擊楫中流	u	chengyu		china-idiom+agent	insufficient-syntax-evidence	low	accept	conservative syntax review
擊玉敲金	u	chengyu		china-idiom+agent	insufficient-syntax-evidence	low	accept	conservative syntax review
擊鼓鳴金	u	chengyu		china-idiom+agent	insufficient-syntax-evidence	low	accept	conservative syntax review
操之過急	u	chengyu		china-idiom+agent	insufficient-syntax-evidence	low	accept	conservative syntax review
操斧伐柯	u	chengyu		china-idiom+agent	insufficient-syntax-evidence	low	accept	conservative syntax review
操縱自如	u	chengyu		china-idiom+agent	insufficient-syntax-evidence	low	accept	conservative syntax review
擒賊先擒王	u	chengyu		china-idiom+agent	insufficient-syntax-evidence	low	accept	conservative syntax review
擔雪填井	u	chengyu		china-idiom+agent	insufficient-syntax-evidence	low	accept	conservative syntax review
擔驚受怕	a	chengyu		china-idiom+agent	state-definition	high	accept	conservative syntax review
擬於不倫	u	chengyu		china-idiom+agent	insufficient-syntax-evidence	low	accept	conservative syntax review
攀轅卧轍	u	chengyu		china-idiom+agent	insufficient-syntax-evidence	low	accept	conservative syntax review
攀高結貴	v	chengyu		china-idiom+agent	agent-reviewed-override	high	accept	conservative syntax review
攀龍附鳳	u	chengyu		china-idiom+agent	insufficient-syntax-evidence	low	accept	conservative syntax review
攘外安內	u	chengyu		china-idiom+agent	insufficient-syntax-evidence	low	accept	conservative syntax review
攢眉苦臉	u	chengyu		china-idiom+agent	insufficient-syntax-evidence	low	accept	conservative syntax review
改天換地	u	chengyu		china-idiom+agent	insufficient-syntax-evidence	low	accept	conservative syntax review
改惡向善	u	chengyu		china-idiom+agent	insufficient-syntax-evidence	low	accept	conservative syntax review
改轅易轍	u	chengyu		china-idiom+agent	insufficient-syntax-evidence	low	accept	conservative syntax review
改頭換面	u	chengyu		china-idiom+agent	insufficient-syntax-evidence	low	accept	conservative syntax review
攻無不克	u	chengyu		china-idiom+agent	insufficient-syntax-evidence	low	accept	conservative syntax review
放下屠刀立地成佛	u	chengyu		china-idiom+agent	insufficient-syntax-evidence	low	accept	conservative syntax review
放之四海而皆準	u	chengyu		china-idiom+agent	insufficient-syntax-evidence	low	accept	conservative syntax review
放冷箭	u	chengyu		china-idiom+agent	insufficient-syntax-evidence	low	accept	conservative syntax review
放浪形骸	u	chengyu		china-idiom+agent	insufficient-syntax-evidence	low	accept	conservative syntax review
放虎歸山	u	chengyu		china-idiom+agent	insufficient-syntax-evidence	low	accept	conservative syntax review
放誕不拘	u	chengyu		china-idiom+agent	insufficient-syntax-evidence	low	accept	conservative syntax review
放誕不羈	u	chengyu		china-idiom+agent	insufficient-syntax-evidence	low	accept	conservative syntax review
放諸四海而皆準	u	chengyu		china-idiom+agent	insufficient-syntax-evidence	low	accept	conservative syntax review
放長線釣大魚	u	chengyu		china-idiom+agent	insufficient-syntax-evidence	low	accept	conservative syntax review
放馬後炮	u	chengyu		china-idiom+agent	insufficient-syntax-evidence	low	accept	conservative syntax review
故弄玄虛	u	chengyu		china-idiom+agent	insufficient-syntax-evidence	low	accept	conservative syntax review
故紙堆	u	chengyu		china-idiom+agent	insufficient-syntax-evidence	low	accept	conservative syntax review
故舊不棄	u	chengyu		china-idiom+agent	insufficient-syntax-evidence	low	accept	conservative syntax review
救人一命勝造七級浮屠	u	chengyu		china-idiom+agent	clause-without-syntax-slot	low	accept	conservative syntax review
救焚益薪	u	chengyu		china-idiom+agent	insufficient-syntax-evidence	low	accept	conservative syntax review
敗井頹垣	u	chengyu		china-idiom+agent	insufficient-syntax-evidence	low	accept	conservative syntax review
敗柳殘花	u	chengyu		china-idiom+agent	insufficient-syntax-evidence	low	accept	conservative syntax review
敝帚自珍	u	chengyu		china-idiom+agent	insufficient-syntax-evidence	low	accept	conservative syntax review
敢怒而不敢言	a	chengyu		china-idiom+agent	state-definition	high	accept	conservative syntax review
散兵遊勇	u	chengyu		china-idiom+agent	insufficient-syntax-evidence	low	accept	conservative syntax review
敬業樂群	u	chengyu		china-idiom+agent	insufficient-syntax-evidence	low	accept	conservative syntax review
敬賢禮士	u	chengyu		china-idiom+agent	insufficient-syntax-evidence	low	accept	conservative syntax review
敲竹槓	u	chengyu		china-idiom+agent	insufficient-syntax-evidence	low	accept	conservative syntax review
敲邊鼓	u	chengyu		china-idiom+agent	insufficient-syntax-evidence	low	accept	conservative syntax review
敲門磚	u	chengyu		china-idiom+agent	insufficient-syntax-evidence	low	accept	conservative syntax review
敲骨吸髓	u	chengyu		china-idiom+agent	insufficient-syntax-evidence	low	accept	conservative syntax review
數不勝數	u	chengyu		china-idiom+agent	insufficient-syntax-evidence	low	accept	conservative syntax review
數典忘祖	u	chengyu		china-idiom+agent	insufficient-syntax-evidence	low	accept	conservative syntax review
數往知來	u	chengyu		china-idiom+agent	insufficient-syntax-evidence	low	accept	conservative syntax review
數見不鮮	u	chengyu		china-idiom+agent	insufficient-syntax-evidence	low	accept	conservative syntax review
數黑論黃	u	chengyu		china-idiom+agent	insufficient-syntax-evidence	low	accept	conservative syntax review
文不加點	u	chengyu		china-idiom+agent	insufficient-syntax-evidence	low	accept	conservative syntax review
文不對題	u	chengyu		china-idiom+agent	insufficient-syntax-evidence	low	accept	conservative syntax review
文恬武嬉	u	chengyu		china-idiom+agent	insufficient-syntax-evidence	low	accept	conservative syntax review
文江學海	u	chengyu		china-idiom+agent	insufficient-syntax-evidence	low	accept	conservative syntax review
文經武緯	u	chengyu		china-idiom+agent	insufficient-syntax-evidence	low	accept	conservative syntax review
文韜武略	u	chengyu		china-idiom+agent	insufficient-syntax-evidence	low	accept	conservative syntax review
斗筲之人	n	chengyu		china-idiom+agent	nominal-slot-or-referent	high	accept	conservative syntax review
斗筲之器	u	chengyu		china-idiom+agent	insufficient-syntax-evidence	low	accept	conservative syntax review
斗酒隻雞	u	chengyu		china-idiom+agent	insufficient-syntax-evidence	low	accept	conservative syntax review
料事如神	u	chengyu		china-idiom+agent	insufficient-syntax-evidence	low	accept	conservative syntax review
斤斤較量	u	chengyu		china-idiom+agent	insufficient-syntax-evidence	low	accept	conservative syntax review
斧鉞之誅	u	chengyu		china-idiom+agent	insufficient-syntax-evidence	low	accept	conservative syntax review
斧鉞湯鑊	u	chengyu		china-idiom+agent	insufficient-syntax-evidence	low	accept	conservative syntax review
斯文掃地	u	chengyu		china-idiom+agent	insufficient-syntax-evidence	low	accept	conservative syntax review
斯斯文文	u	chengyu		china-idiom+agent	insufficient-syntax-evidence	low	accept	conservative syntax review
新亭對泣	u	chengyu		china-idiom+agent	insufficient-syntax-evidence	low	accept	conservative syntax review
新仇舊恨	u	chengyu		china-idiom+agent	insufficient-syntax-evidence	low	accept	conservative syntax review
新婚宴爾	u	chengyu		china-idiom+agent	insufficient-syntax-evidence	low	accept	conservative syntax review
新愁舊恨	u	chengyu		china-idiom+agent	insufficient-syntax-evidence	low	accept	conservative syntax review
新陳代謝	u	chengyu		china-idiom+agent	insufficient-syntax-evidence	low	accept	conservative syntax review
斷無此理	a	chengyu		china-idiom+agent	agent-reviewed-override	high	accept	conservative syntax review
斷章取義	u	chengyu		china-idiom+agent	insufficient-syntax-evidence	low	accept	conservative syntax review
方興未已	u	chengyu		china-idiom+agent	insufficient-syntax-evidence	low	accept	conservative syntax review
方頭不律	u	chengyu		china-idiom+agent	insufficient-syntax-evidence	low	accept	conservative syntax review
旁敲側擊	u	chengyu		china-idiom+agent	insufficient-syntax-evidence	low	accept	conservative syntax review
旁枝末節	u	chengyu		china-idiom+agent	insufficient-syntax-evidence	low	accept	conservative syntax review
旁若無人	u	chengyu		china-idiom+agent	insufficient-syntax-evidence	low	accept	conservative syntax review
旁觀者清	u	chengyu		china-idiom+agent	insufficient-syntax-evidence	low	accept	conservative syntax review
旋乾轉坤	u	chengyu		china-idiom+agent	insufficient-syntax-evidence	low	accept	conservative syntax review
旌旗蔽日	u	chengyu		china-idiom+agent	insufficient-syntax-evidence	low	accept	conservative syntax review
旗幟鮮明	u	chengyu		china-idiom+agent	insufficient-syntax-evidence	low	accept	conservative syntax review
旗鼓相當	u	chengyu		china-idiom+agent	insufficient-syntax-evidence	low	accept	conservative syntax review
既來之則安之	u	chengyu		china-idiom+agent	insufficient-syntax-evidence	low	accept	conservative syntax review
既往不咎	u	chengyu		china-idiom+agent	insufficient-syntax-evidence	low	accept	conservative syntax review
既有今日何必當初	u	chengyu		china-idiom+agent	insufficient-syntax-evidence	low	accept	conservative syntax review
日不暇給	u	chengyu		china-idiom+agent	insufficient-syntax-evidence	low	accept	conservative syntax review
日久天長	r	chengyu		china-idiom+agent	example-adverbial-de	high	accept	conservative syntax review
日久歲深	u	chengyu		china-idiom+agent	insufficient-syntax-evidence	low	accept	conservative syntax review
日久見人心	u	chengyu		china-idiom+agent	insufficient-syntax-evidence	low	accept	conservative syntax review
日暮途窮	u	chengyu		china-idiom+agent	insufficient-syntax-evidence	low	accept	conservative syntax review
日理萬機	u	chengyu		china-idiom+agent	insufficient-syntax-evidence	low	accept	conservative syntax review
日甚一日	u	chengyu		china-idiom+agent	insufficient-syntax-evidence	low	accept	conservative syntax review
日積月累	u	chengyu		china-idiom+agent	insufficient-syntax-evidence	low	accept	conservative syntax review
旬輸月送	u	chengyu		china-idiom+agent	insufficient-syntax-evidence	low	accept	conservative syntax review
明人不做暗事	u	chengyu		china-idiom+agent	insufficient-syntax-evidence	low	accept	conservative syntax review
明察暗訪	u	chengyu		china-idiom+agent	insufficient-syntax-evidence	low	accept	conservative syntax review
明效大驗	u	chengyu		china-idiom+agent	insufficient-syntax-evidence	low	accept	conservative syntax review
明日黃花	u	chengyu		china-idiom+agent	insufficient-syntax-evidence	low	accept	conservative syntax review
明槍易躲暗箭難防	u	chengyu		china-idiom+agent	insufficient-syntax-evidence	low	accept	conservative syntax review
明槍暗箭	u	chengyu		china-idiom+agent	insufficient-syntax-evidence	low	accept	conservative syntax review
明爭暗鬥	u	chengyu		china-idiom+agent	insufficient-syntax-evidence	low	accept	conservative syntax review
明珠暗投	u	chengyu		china-idiom+agent	insufficient-syntax-evidence	low	accept	conservative syntax review
明目張膽	u	chengyu		china-idiom+agent	insufficient-syntax-evidence	low	accept	conservative syntax review
明眸皓齒	u	chengyu		china-idiom+agent	insufficient-syntax-evidence	low	accept	conservative syntax review
明知故問	u	chengyu		china-idiom+agent	insufficient-syntax-evidence	low	accept	conservative syntax review
明知故犯	u	chengyu		china-idiom+agent	insufficient-syntax-evidence	low	accept	conservative syntax review
明若觀火	u	chengyu		china-idiom+agent	insufficient-syntax-evidence	low	accept	conservative syntax review
明鏡高懸	u	chengyu		china-idiom+agent	insufficient-syntax-evidence	low	accept	conservative syntax review
昏天黑地	u	chengyu		china-idiom+agent	insufficient-syntax-evidence	low	accept	conservative syntax review
昏定晨省	u	chengyu		china-idiom+agent	insufficient-syntax-evidence	low	accept	conservative syntax review
昏頭昏腦	u	chengyu		china-idiom+agent	insufficient-syntax-evidence	low	accept	conservative syntax review
昏頭暈腦	u	chengyu		china-idiom+agent	insufficient-syntax-evidence	low	accept	conservative syntax review
易地而處	u	chengyu		china-idiom+agent	insufficient-syntax-evidence	low	accept	conservative syntax review
易如翻掌	u	chengyu		china-idiom+agent	insufficient-syntax-evidence	low	accept	conservative syntax review
易於反掌	u	chengyu		china-idiom+agent	insufficient-syntax-evidence	low	accept	conservative syntax review
星流電擊	u	chengyu		china-idiom+agent	insufficient-syntax-evidence	low	accept	conservative syntax review
星移物換	u	chengyu		china-idiom+agent	insufficient-syntax-evidence	low	accept	conservative syntax review
星羅棋佈	u	chengyu		china-idiom+agent	insufficient-syntax-evidence	low	accept	conservative syntax review
映雪讀書	u	chengyu		china-idiom+agent	insufficient-syntax-evidence	low	accept	conservative syntax review
春光明媚	u	chengyu		china-idiom+agent	insufficient-syntax-evidence	low	accept	conservative syntax review
春宵一刻	u	chengyu		china-idiom+agent	insufficient-syntax-evidence	low	accept	conservative syntax review
春寒料峭	u	chengyu		china-idiom+agent	insufficient-syntax-evidence	low	accept	conservative syntax review
春暖花開	u	chengyu		china-idiom+agent	insufficient-syntax-evidence	low	accept	conservative syntax review
春滿人間	u	chengyu		china-idiom+agent	insufficient-syntax-evidence	low	accept	conservative syntax review
春色滿園	u	chengyu		china-idiom+agent	insufficient-syntax-evidence	low	accept	conservative syntax review
春風和氣	u	chengyu		china-idiom+agent	insufficient-syntax-evidence	low	accept	conservative syntax review
春風得意	u	chengyu		china-idiom+agent	insufficient-syntax-evidence	low	accept	conservative syntax review
春風滿面	u	chengyu		china-idiom+agent	insufficient-syntax-evidence	low	accept	conservative syntax review
春風風人	u	chengyu		china-idiom+agent	insufficient-syntax-evidence	low	accept	conservative syntax review
昭然若揭	u	chengyu		china-idiom+agent	insufficient-syntax-evidence	low	accept	conservative syntax review
是古非今	u	chengyu		china-idiom+agent	insufficient-syntax-evidence	low	accept	conservative syntax review
是可忍孰不可忍	u	chengyu		china-idiom+agent	insufficient-syntax-evidence	low	accept	conservative syntax review
是非只為多開口	u	chengyu		china-idiom+agent	clause-without-syntax-slot	low	accept	conservative syntax review
是非曲直	u	chengyu		china-idiom+agent	insufficient-syntax-evidence	low	accept	conservative syntax review
是非自有公論	u	chengyu		china-idiom+agent	insufficient-syntax-evidence	low	accept	conservative syntax review
時不我待	u	chengyu		china-idiom+agent	insufficient-syntax-evidence	low	accept	conservative syntax review
時乖運蹇	u	chengyu		china-idiom+agent	insufficient-syntax-evidence	low	accept	conservative syntax review
時來運轉	u	chengyu		china-idiom+agent	insufficient-syntax-evidence	low	accept	conservative syntax review
時勢造英雄	u	chengyu		china-idiom+agent	insufficient-syntax-evidence	low	accept	conservative syntax review
時移世易	u	chengyu		china-idiom+agent	insufficient-syntax-evidence	low	accept	conservative syntax review
時移勢易	u	chengyu		china-idiom+agent	insufficient-syntax-evidence	low	accept	conservative syntax review
時移勢遷	u	chengyu		china-idiom+agent	insufficient-syntax-evidence	low	accept	conservative syntax review
時運亨通	u	chengyu		china-idiom+agent	insufficient-syntax-evidence	low	accept	conservative syntax review
晨昏定省	u	chengyu		china-idiom+agent	insufficient-syntax-evidence	low	accept	conservative syntax review
普天同慶	u	chengyu		china-idiom+agent	insufficient-syntax-evidence	low	accept	conservative syntax review
普度眾生	u	chengyu		china-idiom+agent	insufficient-syntax-evidence	low	accept	conservative syntax review
普渡眾生	u	chengyu		china-idiom+agent	insufficient-syntax-evidence	low	accept	conservative syntax review
普濟眾生	u	chengyu		china-idiom+agent	insufficient-syntax-evidence	low	accept	conservative syntax review
晴天霹靂	u	chengyu		china-idiom+agent	insufficient-syntax-evidence	low	accept	conservative syntax review
暗中摸索	u	chengyu		china-idiom+agent	insufficient-syntax-evidence	low	accept	conservative syntax review
暗室欺心	u	chengyu		china-idiom+agent	insufficient-syntax-evidence	low	accept	conservative syntax review
暴虐無道	a	chengyu		china-idiom+agent	state-definition	high	accept	conservative syntax review
暴跳如雷	u	chengyu		china-idiom+agent	insufficient-syntax-evidence	low	accept	conservative syntax review
曉以大義	u	chengyu		china-idiom+agent	insufficient-syntax-evidence	low	accept	conservative syntax review
曠古未有	u	chengyu		china-idiom+agent	insufficient-syntax-evidence	low	accept	conservative syntax review
曠古未聞	u	chengyu		china-idiom+agent	insufficient-syntax-evidence	low	accept	conservative syntax review
曠日持久	u	chengyu		china-idiom+agent	insufficient-syntax-evidence	low	accept	conservative syntax review
曲學阿世	u	chengyu		china-idiom+agent	insufficient-syntax-evidence	low	accept	conservative syntax review
曲終奏雅	u	chengyu		china-idiom+agent	insufficient-syntax-evidence	low	accept	conservative syntax review
曲肱而枕	u	chengyu		china-idiom+agent	insufficient-syntax-evidence	low	accept	conservative syntax review
曲高和寡	u	chengyu		china-idiom+agent	insufficient-syntax-evidence	low	accept	conservative syntax review
更上一層樓	u	chengyu		china-idiom+agent	insufficient-syntax-evidence	low	accept	conservative syntax review
更深人靜	u	chengyu		china-idiom+agent	insufficient-syntax-evidence	low	accept	conservative syntax review
書不盡言	u	chengyu		china-idiom+agent	insufficient-syntax-evidence	low	accept	conservative syntax review
替古人擔憂	u	chengyu		china-idiom+agent	insufficient-syntax-evidence	low	accept	conservative syntax review
替古人耽憂	u	chengyu		china-idiom+agent	insufficient-syntax-evidence	low	accept	conservative syntax review
替天行道	u	chengyu		china-idiom+agent	insufficient-syntax-evidence	low	accept	conservative syntax review
月下花前	n	chengyu		china-idiom+agent	nominal-slot-or-referent	high	accept	conservative syntax review
月暈而風	u	chengyu		china-idiom+agent	insufficient-syntax-evidence	low	accept	conservative syntax review
月滿則虧	u	chengyu		china-idiom+agent	insufficient-syntax-evidence	low	accept	conservative syntax review
有一得一	u	chengyu		china-idiom+agent	insufficient-syntax-evidence	low	accept	conservative syntax review
有一搭沒一搭	u	chengyu		china-idiom+agent	insufficient-syntax-evidence	low	accept	conservative syntax review
有其父必有其子	u	chengyu		china-idiom+agent	clause-without-syntax-slot	low	accept	conservative syntax review
有利可圖	u	chengyu		china-idiom+agent	insufficient-syntax-evidence	low	accept	conservative syntax review
有口無心	u	chengyu		china-idiom+agent	insufficient-syntax-evidence	low	accept	conservative syntax review
有口難言	u	chengyu		china-idiom+agent	insufficient-syntax-evidence	low	accept	conservative syntax review
有名亡實	u	chengyu		china-idiom+agent	insufficient-syntax-evidence	low	accept	conservative syntax review
有名無實	u	chengyu		china-idiom+agent	insufficient-syntax-evidence	low	accept	conservative syntax review
有嘴沒舌	u	chengyu		china-idiom+agent	insufficient-syntax-evidence	low	accept	conservative syntax review
有志者事竟成	u	chengyu		china-idiom+agent	insufficient-syntax-evidence	low	accept	conservative syntax review
有板有眼	u	chengyu		china-idiom+agent	insufficient-syntax-evidence	low	accept	conservative syntax review
有枝有葉	u	chengyu		china-idiom+agent	insufficient-syntax-evidence	low	accept	conservative syntax review
有案可查	u	chengyu		china-idiom+agent	insufficient-syntax-evidence	low	accept	conservative syntax review
有條不紊	u	chengyu		china-idiom+agent	insufficient-syntax-evidence	low	accept	conservative syntax review
有機可乘	u	chengyu		china-idiom+agent	insufficient-syntax-evidence	low	accept	conservative syntax review
有求必應	u	chengyu		china-idiom+agent	insufficient-syntax-evidence	low	accept	conservative syntax review
有無相通	u	chengyu		china-idiom+agent	insufficient-syntax-evidence	low	accept	conservative syntax review
有的放矢	u	chengyu		china-idiom+agent	insufficient-syntax-evidence	low	accept	conservative syntax review
有目共睹	u	chengyu		china-idiom+agent	insufficient-syntax-evidence	low	accept	conservative syntax review
有目共見	u	chengyu		china-idiom+agent	insufficient-syntax-evidence	low	accept	conservative syntax review
有眼不識泰山	u	chengyu		china-idiom+agent	insufficient-syntax-evidence	low	accept	conservative syntax review
有稜有角	u	chengyu		china-idiom+agent	insufficient-syntax-evidence	low	accept	conservative syntax review
有約在先	u	chengyu		china-idiom+agent	insufficient-syntax-evidence	low	accept	conservative syntax review
有聲有色	u	chengyu		china-idiom+agent	insufficient-syntax-evidence	low	accept	conservative syntax review
有財有勢	u	chengyu		china-idiom+agent	insufficient-syntax-evidence	low	accept	conservative syntax review
有過之而無不及	u	chengyu		china-idiom+agent	clause-without-syntax-slot	low	accept	conservative syntax review
有錢能使鬼推磨	u	chengyu		china-idiom+agent	insufficient-syntax-evidence	low	accept	conservative syntax review
有隙可乘	u	chengyu		china-idiom+agent	insufficient-syntax-evidence	low	accept	conservative syntax review
有頭有尾	u	chengyu		china-idiom+agent	insufficient-syntax-evidence	low	accept	conservative syntax review
望塵不及	u	chengyu		china-idiom+agent	insufficient-syntax-evidence	low	accept	conservative syntax review
望眼欲穿	u	chengyu		china-idiom+agent	insufficient-syntax-evidence	low	accept	conservative syntax review
望而生畏	u	chengyu		china-idiom+agent	insufficient-syntax-evidence	low	accept	conservative syntax review
望門投止	u	chengyu		china-idiom+agent	insufficient-syntax-evidence	low	accept	conservative syntax review
望風披靡	u	chengyu		china-idiom+agent	insufficient-syntax-evidence	low	accept	conservative syntax review
望風撲影	u	chengyu		china-idiom+agent	insufficient-syntax-evidence	low	accept	conservative syntax review
望風而靡	u	chengyu		china-idiom+agent	insufficient-syntax-evidence	low	accept	conservative syntax review
朝不保夕	u	chengyu		china-idiom+agent	insufficient-syntax-evidence	low	accept	conservative syntax review
朝不慮夕	u	chengyu		china-idiom+agent	insufficient-syntax-evidence	low	accept	conservative syntax review
朝令夕改	u	chengyu		china-idiom+agent	insufficient-syntax-evidence	low	accept	conservative syntax review
朝秦暮楚	u	chengyu		china-idiom+agent	insufficient-syntax-evidence	low	accept	conservative syntax review
朝過夕改	u	chengyu		china-idiom+agent	insufficient-syntax-evidence	low	accept	conservative syntax review
朝露溘至	u	chengyu		china-idiom+agent	insufficient-syntax-evidence	low	accept	conservative syntax review
朝饔夕飧	u	chengyu		china-idiom+agent	insufficient-syntax-evidence	low	accept	conservative syntax review
木人石心	u	chengyu		china-idiom+agent	insufficient-syntax-evidence	low	accept	conservative syntax review
木壞山頹	u	chengyu		china-idiom+agent	insufficient-syntax-evidence	low	accept	conservative syntax review
木本水源	u	chengyu		china-idiom+agent	insufficient-syntax-evidence	low	accept	conservative syntax review
木訥寡言	u	chengyu		china-idiom+agent	insufficient-syntax-evidence	low	accept	conservative syntax review
未可厚非	u	chengyu		china-idiom+agent	insufficient-syntax-evidence	low	accept	conservative syntax review
未可同日而語	u	chengyu		china-idiom+agent	insufficient-syntax-evidence	low	accept	conservative syntax review
未敢苟同	u	chengyu		china-idiom+agent	insufficient-syntax-evidence	low	accept	conservative syntax review
未竟之志	n	chengyu		china-idiom+agent	nominal-slot-or-referent	high	accept	conservative syntax review
未老先衰	u	chengyu		china-idiom+agent	insufficient-syntax-evidence	low	accept	conservative syntax review
未達一間	u	chengyu		china-idiom+agent	insufficient-syntax-evidence	low	accept	conservative syntax review
本末倒置	u	chengyu		china-idiom+agent	insufficient-syntax-evidence	low	accept	conservative syntax review
札手舞腳	u	chengyu		china-idiom+agent	insufficient-syntax-evidence	low	accept	conservative syntax review
朽木不可雕	u	chengyu		china-idiom+agent	insufficient-syntax-evidence	low	accept	conservative syntax review
村夫野老	u	chengyu		china-idiom+agent	insufficient-syntax-evidence	low	accept	conservative syntax review
杜口裹足	u	chengyu		china-idiom+agent	insufficient-syntax-evidence	low	accept	conservative syntax review
杜弊清源	u	chengyu		china-idiom+agent	insufficient-syntax-evidence	low	accept	conservative syntax review
杜漸防微	u	chengyu		china-idiom+agent	insufficient-syntax-evidence	low	accept	conservative syntax review
杜漸防萌	u	chengyu		china-idiom+agent	insufficient-syntax-evidence	low	accept	conservative syntax review
杜絕後患	u	chengyu		china-idiom+agent	insufficient-syntax-evidence	low	accept	conservative syntax review
杜門不出	u	chengyu		china-idiom+agent	insufficient-syntax-evidence	low	accept	conservative syntax review
杜門謝客	u	chengyu		china-idiom+agent	insufficient-syntax-evidence	low	accept	conservative syntax review
杞人之憂	u	chengyu		china-idiom+agent	insufficient-syntax-evidence	low	accept	conservative syntax review
杞人憂天	u	chengyu		china-idiom+agent	insufficient-syntax-evidence	low	accept	conservative syntax review
杞國之憂	u	chengyu		china-idiom+agent	insufficient-syntax-evidence	low	accept	conservative syntax review
杞國憂天	u	chengyu		china-idiom+agent	insufficient-syntax-evidence	low	accept	conservative syntax review
杞天之慮	u	chengyu		china-idiom+agent	insufficient-syntax-evidence	low	accept	conservative syntax review
杞梓之林	u	chengyu		china-idiom+agent	insufficient-syntax-evidence	low	accept	conservative syntax review
束之高閣	u	chengyu		china-idiom+agent	insufficient-syntax-evidence	low	accept	conservative syntax review
束手就斃	u	chengyu		china-idiom+agent	insufficient-syntax-evidence	low	accept	conservative syntax review
束手待斃	u	chengyu		china-idiom+agent	insufficient-syntax-evidence	low	accept	conservative syntax review
束手待死	u	chengyu		china-idiom+agent	insufficient-syntax-evidence	low	accept	conservative syntax review
杯中物	u	chengyu		china-idiom+agent	insufficient-syntax-evidence	low	accept	conservative syntax review
杯盤狼藉	u	chengyu		china-idiom+agent	insufficient-syntax-evidence	low	accept	conservative syntax review
杯酒解怨	u	chengyu		china-idiom+agent	insufficient-syntax-evidence	low	accept	conservative syntax review
杯酒言歡	u	chengyu		china-idiom+agent	insufficient-syntax-evidence	low	accept	conservative syntax review
杯酒釋兵權	u	chengyu		china-idiom+agent	insufficient-syntax-evidence	low	accept	conservative syntax review
東倒西歪	u	chengyu		china-idiom+agent	insufficient-syntax-evidence	low	accept	conservative syntax review
東奔西撞	u	chengyu		china-idiom+agent	insufficient-syntax-evidence	low	accept	conservative syntax review
東山再起	u	chengyu		china-idiom+agent	insufficient-syntax-evidence	low	accept	conservative syntax review
東征西討	u	chengyu		china-idiom+agent	insufficient-syntax-evidence	low	accept	conservative syntax review
東拉西扯	u	chengyu		china-idiom+agent	insufficient-syntax-evidence	low	accept	conservative syntax review
東挪西湊	u	chengyu		china-idiom+agent	insufficient-syntax-evidence	low	accept	conservative syntax review
東掩西遮	u	chengyu		china-idiom+agent	insufficient-syntax-evidence	low	accept	conservative syntax review
東歪西倒	u	chengyu		china-idiom+agent	insufficient-syntax-evidence	low	accept	conservative syntax review
東牀坦腹	u	chengyu		china-idiom+agent	insufficient-syntax-evidence	low	accept	conservative syntax review
東窗事發	u	chengyu		china-idiom+agent	insufficient-syntax-evidence	low	accept	conservative syntax review
東觀西望	v	chengyu		china-idiom+agent	agent-reviewed-override	high	accept	conservative syntax review
東討西征	u	chengyu		china-idiom+agent	insufficient-syntax-evidence	low	accept	conservative syntax review
東躲西跑	v	chengyu		china-idiom+agent	agent-reviewed-override	high	accept	conservative syntax review
東道主	u	chengyu		china-idiom+agent	insufficient-syntax-evidence	low	accept	conservative syntax review
東食西宿	u	chengyu		china-idiom+agent	insufficient-syntax-evidence	low	accept	conservative syntax review
東鱗西爪	r	chengyu		china-idiom+agent	example-adverbial-de	high	accept	conservative syntax review
杳如黃鶴	u	chengyu		china-idiom+agent	insufficient-syntax-evidence	low	accept	conservative syntax review
杳無信息	u	chengyu		china-idiom+agent	insufficient-syntax-evidence	low	accept	conservative syntax review
杳無消息	u	chengyu		china-idiom+agent	insufficient-syntax-evidence	low	accept	conservative syntax review
杳無音信	u	chengyu		china-idiom+agent	insufficient-syntax-evidence	low	accept	conservative syntax review
板板六十四	u	chengyu		china-idiom+agent	insufficient-syntax-evidence	low	accept	conservative syntax review
枉費工夫	u	chengyu		china-idiom+agent	insufficient-syntax-evidence	low	accept	conservative syntax review
枉費心力	u	chengyu		china-idiom+agent	insufficient-syntax-evidence	low	accept	conservative syntax review
析毫剖釐	u	chengyu		china-idiom+agent	insufficient-syntax-evidence	low	accept	conservative syntax review
枕冷衾寒	u	chengyu		china-idiom+agent	insufficient-syntax-evidence	low	accept	conservative syntax review
枕巖漱流	u	chengyu		china-idiom+agent	insufficient-syntax-evidence	low	accept	conservative syntax review
枝節橫生	u	chengyu		china-idiom+agent	insufficient-syntax-evidence	low	accept	conservative syntax review
枯木逢春	u	chengyu		china-idiom+agent	insufficient-syntax-evidence	low	accept	conservative syntax review
枯樹開花	u	chengyu		china-idiom+agent	insufficient-syntax-evidence	low	accept	conservative syntax review
染指垂涎	u	chengyu		china-idiom+agent	insufficient-syntax-evidence	low	accept	conservative syntax review
染指於鼎	u	chengyu		china-idiom+agent	insufficient-syntax-evidence	low	accept	conservative syntax review
柔能克剛	v	chengyu		china-idiom+agent	agent-reviewed-override	high	accept	conservative syntax review
柔腸百結	u	chengyu		china-idiom+agent	insufficient-syntax-evidence	low	accept	conservative syntax review
柳啼花怨	u	chengyu		china-idiom+agent	insufficient-syntax-evidence	low	accept	conservative syntax review
柳煙花霧	u	chengyu		china-idiom+agent	insufficient-syntax-evidence	low	accept	conservative syntax review
柳眉踢豎	u	chengyu		china-idiom+agent	insufficient-syntax-evidence	low	accept	conservative syntax review
柳綠花紅	u	chengyu		china-idiom+agent	insufficient-syntax-evidence	low	accept	conservative syntax review
柳陌花衢	u	chengyu		china-idiom+agent	insufficient-syntax-evidence	low	accept	conservative syntax review
栩栩如生	u	chengyu		china-idiom+agent	insufficient-syntax-evidence	low	accept	conservative syntax review
根深柢固	u	chengyu		china-idiom+agent	insufficient-syntax-evidence	low	accept	conservative syntax review
根深葉茂	u	chengyu		china-idiom+agent	insufficient-syntax-evidence	low	accept	conservative syntax review
根深蒂固	u	chengyu		china-idiom+agent	insufficient-syntax-evidence	low	accept	conservative syntax review
桀犬吠堯	u	chengyu		china-idiom+agent	insufficient-syntax-evidence	low	accept	conservative syntax review
桀貪驁詐	u	chengyu		china-idiom+agent	insufficient-syntax-evidence	low	accept	conservative syntax review
桃李滿天下	u	chengyu		china-idiom+agent	insufficient-syntax-evidence	low	accept	conservative syntax review
桃李門牆	u	chengyu		china-idiom+agent	insufficient-syntax-evidence	low	accept	conservative syntax review
桃腮粉臉	u	chengyu		china-idiom+agent	insufficient-syntax-evidence	low	accept	conservative syntax review
桑榆暮景	u	chengyu		china-idiom+agent	insufficient-syntax-evidence	low	accept	conservative syntax review
桑間濮上	u	chengyu		china-idiom+agent	insufficient-syntax-evidence	low	accept	conservative syntax review
桴鼓相應	r	chengyu		china-idiom+agent	example-adverbial-de	high	accept	conservative syntax review
梨花帶雨	u	chengyu		china-idiom+agent	insufficient-syntax-evidence	low	accept	conservative syntax review
棄暗投明	v	chengyu		china-idiom+agent	action-definition	high	accept	conservative syntax review
棄若敝屣	u	chengyu		china-idiom+agent	insufficient-syntax-evidence	low	accept	conservative syntax review
棒打鴛鴦	u	chengyu		china-idiom+agent	insufficient-syntax-evidence	low	accept	conservative syntax review
棟折榱崩	u	chengyu		china-idiom+agent	insufficient-syntax-evidence	low	accept	conservative syntax review
椎心泣血	u	chengyu		china-idiom+agent	insufficient-syntax-evidence	low	accept	conservative syntax review
椿萱並茂	u	chengyu		china-idiom+agent	insufficient-syntax-evidence	low	accept	conservative syntax review
楚弓楚得	u	chengyu		china-idiom+agent	insufficient-syntax-evidence	low	accept	conservative syntax review
楚材晉用	u	chengyu		china-idiom+agent	insufficient-syntax-evidence	low	accept	conservative syntax review
楚楚不凡	u	chengyu		china-idiom+agent	insufficient-syntax-evidence	low	accept	conservative syntax review
楚楚可憐	u	chengyu		china-idiom+agent	insufficient-syntax-evidence	low	accept	conservative syntax review
極樂世界	n	chengyu		china-idiom+agent	nominal-slot-or-referent	high	accept	conservative syntax review
極目遠望	u	chengyu		china-idiom+agent	insufficient-syntax-evidence	low	accept	conservative syntax review
榆木腦殼	u	chengyu		china-idiom+agent	insufficient-syntax-evidence	low	accept	conservative syntax review
榆木腦袋	u	chengyu		china-idiom+agent	insufficient-syntax-evidence	low	accept	conservative syntax review
榜上無名	u	chengyu		china-idiom+agent	insufficient-syntax-evidence	low	accept	conservative syntax review
槁木死灰	u	chengyu		china-idiom+agent	insufficient-syntax-evidence	low	accept	conservative syntax review
樂不思蜀	u	chengyu		china-idiom+agent	insufficient-syntax-evidence	low	accept	conservative syntax review
樂以忘憂	u	chengyu		china-idiom+agent	insufficient-syntax-evidence	low	accept	conservative syntax review
樂善好施	u	chengyu		china-idiom+agent	insufficient-syntax-evidence	low	accept	conservative syntax review
樂天知命	u	chengyu		china-idiom+agent	insufficient-syntax-evidence	low	accept	conservative syntax review
樂昌分鏡	u	chengyu		china-idiom+agent	insufficient-syntax-evidence	low	accept	conservative syntax review
樂此不疲	u	chengyu		china-idiom+agent	insufficient-syntax-evidence	low	accept	conservative syntax review
樂而不淫	a	chengyu		china-idiom+agent	state-definition	high	accept	conservative syntax review
樂而忘返	a	chengyu		china-idiom+agent	state-definition	high	accept	conservative syntax review
標新競異	u	chengyu		china-idiom+agent	insufficient-syntax-evidence	low	accept	conservative syntax review
樸實無華	u	chengyu		china-idiom+agent	insufficient-syntax-evidence	low	accept	conservative syntax review
樹倒猢猻散	u	chengyu		china-idiom+agent	insufficient-syntax-evidence	low	accept	conservative syntax review
樹大招風	u	chengyu		china-idiom+agent	insufficient-syntax-evidence	low	accept	conservative syntax review
樹欲靜而風不止	u	chengyu		china-idiom+agent	clause-without-syntax-slot	low	accept	conservative syntax review
樹碑立傳	u	chengyu		china-idiom+agent	insufficient-syntax-evidence	low	accept	conservative syntax review
橫七豎八	u	chengyu		china-idiom+agent	insufficient-syntax-evidence	low	accept	conservative syntax review
橫徵暴斂	u	chengyu		china-idiom+agent	insufficient-syntax-evidence	low	accept	conservative syntax review
橫挑鼻子豎挑眼	u	chengyu		china-idiom+agent	clause-without-syntax-slot	low	accept	conservative syntax review
橫掃千軍	u	chengyu		china-idiom+agent	insufficient-syntax-evidence	low	accept	conservative syntax review
橫生枝節	v	chengyu		china-idiom+agent	agent-reviewed-override	high	accept	conservative syntax review
橫眉立目	r	chengyu		china-idiom+agent	example-adverbial-de	high	accept	conservative syntax review
橫眉豎眼	r	chengyu		china-idiom+agent	example-adverbial-de	high	accept	conservative syntax review
橫行無忌	u	chengyu		china-idiom+agent	insufficient-syntax-evidence	low	accept	conservative syntax review
橫行霸道	u	chengyu		china-idiom+agent	insufficient-syntax-evidence	low	accept	conservative syntax review
橫衝直撞	u	chengyu		china-idiom+agent	insufficient-syntax-evidence	low	accept	conservative syntax review
檻花籠鶴	u	chengyu		china-idiom+agent	insufficient-syntax-evidence	low	accept	conservative syntax review
櫛比鱗次	u	chengyu		china-idiom+agent	insufficient-syntax-evidence	low	accept	conservative syntax review
權宜之策	u	chengyu		china-idiom+agent	insufficient-syntax-evidence	low	accept	conservative syntax review
權衡輕重	u	chengyu		china-idiom+agent	insufficient-syntax-evidence	low	accept	conservative syntax review
欲擒故縱	u	chengyu		china-idiom+agent	insufficient-syntax-evidence	low	accept	conservative syntax review
欲益反損	u	chengyu		china-idiom+agent	insufficient-syntax-evidence	low	accept	conservative syntax review
欲言又止	u	chengyu		china-idiom+agent	insufficient-syntax-evidence	low	accept	conservative syntax review
欲速則不達	u	chengyu		china-idiom+agent	insufficient-syntax-evidence	low	accept	conservative syntax review
欺君罔上	v	chengyu		china-idiom+agent	action-definition	high	accept	conservative syntax review
歃血為盟	u	chengyu		china-idiom+agent	insufficient-syntax-evidence	low	accept	conservative syntax review
歌功頌德	u	chengyu		china-idiom+agent	insufficient-syntax-evidence	low	accept	conservative syntax review
歎為觀止	u	chengyu		china-idiom+agent	insufficient-syntax-evidence	low	accept	conservative syntax review
歡蹦亂跳	u	chengyu		china-idiom+agent	insufficient-syntax-evidence	low	accept	conservative syntax review
正經八板	u	chengyu		china-idiom+agent	insufficient-syntax-evidence	low	accept	conservative syntax review
正言厲色	u	chengyu		china-idiom+agent	insufficient-syntax-evidence	low	accept	conservative syntax review
正顏厲色	u	chengyu		china-idiom+agent	insufficient-syntax-evidence	low	accept	conservative syntax review
此一時彼一時	u	chengyu		china-idiom+agent	insufficient-syntax-evidence	low	accept	conservative syntax review
此事體大	u	chengyu		china-idiom+agent	insufficient-syntax-evidence	low	accept	conservative syntax review
此伏彼起	u	chengyu		china-idiom+agent	insufficient-syntax-evidence	low	accept	conservative syntax review
此地無銀三百兩	u	chengyu		china-idiom+agent	clause-without-syntax-slot	low	accept	conservative syntax review
此風不可長	u	chengyu		china-idiom+agent	insufficient-syntax-evidence	low	accept	conservative syntax review
步人後塵	u	chengyu		china-idiom+agent	insufficient-syntax-evidence	low	accept	conservative syntax review
步履維艱	u	chengyu		china-idiom+agent	insufficient-syntax-evidence	low	accept	conservative syntax review
步斗踏罡	u	chengyu		china-idiom+agent	insufficient-syntax-evidence	low	accept	conservative syntax review
步步為營	u	chengyu		china-idiom+agent	insufficient-syntax-evidence	low	accept	conservative syntax review
歧路亡羊	u	chengyu		china-idiom+agent	insufficient-syntax-evidence	low	accept	conservative syntax review
歪打正着	u	chengyu		china-idiom+agent	insufficient-syntax-evidence	low	accept	conservative syntax review
歪風邪氣	u	chengyu		china-idiom+agent	insufficient-syntax-evidence	low	accept	conservative syntax review
歲不我與	u	chengyu		china-idiom+agent	insufficient-syntax-evidence	low	accept	conservative syntax review
歲月崢嶸	u	chengyu		china-idiom+agent	insufficient-syntax-evidence	low	accept	conservative syntax review
歷歷可數	u	chengyu		china-idiom+agent	insufficient-syntax-evidence	low	accept	conservative syntax review
歸心似箭	u	chengyu		china-idiom+agent	insufficient-syntax-evidence	low	accept	conservative syntax review
歸心如箭	u	chengyu		china-idiom+agent	insufficient-syntax-evidence	low	accept	conservative syntax review
歸根究柢	u	chengyu		china-idiom+agent	insufficient-syntax-evidence	low	accept	conservative syntax review
歸根結柢	u	chengyu		china-idiom+agent	insufficient-syntax-evidence	low	accept	conservative syntax review
歸真反璞	u	chengyu		china-idiom+agent	insufficient-syntax-evidence	low	accept	conservative syntax review
死不悔改	u	chengyu		china-idiom+agent	insufficient-syntax-evidence	low	accept	conservative syntax review
死去活來	u	chengyu		china-idiom+agent	insufficient-syntax-evidence	low	accept	conservative syntax review
死得其所	u	chengyu		china-idiom+agent	insufficient-syntax-evidence	low	accept	conservative syntax review
死心塌地	u	chengyu		china-idiom+agent	insufficient-syntax-evidence	low	accept	conservative syntax review
死心踏地	u	chengyu		china-idiom+agent	insufficient-syntax-evidence	low	accept	conservative syntax review
死有餘辜	u	chengyu		china-idiom+agent	insufficient-syntax-evidence	low	accept	conservative syntax review
死灰復燃	u	chengyu		china-idiom+agent	insufficient-syntax-evidence	low	accept	conservative syntax review
死無葬身之地	u	chengyu		china-idiom+agent	insufficient-syntax-evidence	low	accept	conservative syntax review
死皮賴臉	u	chengyu		china-idiom+agent	insufficient-syntax-evidence	low	accept	conservative syntax review
死而後已	u	chengyu		china-idiom+agent	insufficient-syntax-evidence	low	accept	conservative syntax review
死而無怨	u	chengyu		china-idiom+agent	insufficient-syntax-evidence	low	accept	conservative syntax review
死馬當活馬醫	u	chengyu		china-idiom+agent	insufficient-syntax-evidence	low	accept	conservative syntax review
殊深軫念	a	chengyu		china-idiom+agent	state-definition	high	accept	conservative syntax review
殊途同歸	u	chengyu		china-idiom+agent	insufficient-syntax-evidence	low	accept	conservative syntax review
殘兵敗將	u	chengyu		china-idiom+agent	insufficient-syntax-evidence	low	accept	conservative syntax review
殘冬臘月	u	chengyu		china-idiom+agent	insufficient-syntax-evidence	low	accept	conservative syntax review
殘山剩水	u	chengyu		china-idiom+agent	insufficient-syntax-evidence	low	accept	conservative syntax review
殘暴不仁	u	chengyu		china-idiom+agent	insufficient-syntax-evidence	low	accept	conservative syntax review
殘民害物	u	chengyu		china-idiom+agent	insufficient-syntax-evidence	low	accept	conservative syntax review
殘渣餘孽	u	chengyu		china-idiom+agent	insufficient-syntax-evidence	low	accept	conservative syntax review
殘茶剩飯	u	chengyu		china-idiom+agent	insufficient-syntax-evidence	low	accept	conservative syntax review
殞身不恤	u	chengyu		china-idiom+agent	insufficient-syntax-evidence	low	accept	conservative syntax review
殫精極慮	u	chengyu		china-idiom+agent	insufficient-syntax-evidence	low	accept	conservative syntax review
殫精竭力	u	chengyu		china-idiom+agent	insufficient-syntax-evidence	low	accept	conservative syntax review
殫見洽聞	u	chengyu		china-idiom+agent	insufficient-syntax-evidence	low	accept	conservative syntax review
殷鑑不遠	u	chengyu		china-idiom+agent	insufficient-syntax-evidence	low	accept	conservative syntax review
殺人不眨眼	u	chengyu		china-idiom+agent	insufficient-syntax-evidence	low	accept	conservative syntax review
殺人不見血	u	chengyu		china-idiom+agent	insufficient-syntax-evidence	low	accept	conservative syntax review
殺人如麻	u	chengyu		china-idiom+agent	insufficient-syntax-evidence	low	accept	conservative syntax review
殺人越貨	u	chengyu		china-idiom+agent	insufficient-syntax-evidence	low	accept	conservative syntax review
殺彘教子	u	chengyu		china-idiom+agent	insufficient-syntax-evidence	low	accept	conservative syntax review
殺氣騰騰	u	chengyu		china-idiom+agent	insufficient-syntax-evidence	low	accept	conservative syntax review
殺身成仁	u	chengyu		china-idiom+agent	insufficient-syntax-evidence	low	accept	conservative syntax review
殺雞取卵	u	chengyu		china-idiom+agent	insufficient-syntax-evidence	low	accept	conservative syntax review
殺雞焉用牛刀	u	chengyu		china-idiom+agent	insufficient-syntax-evidence	low	accept	conservative syntax review
殺雞駭猴	u	chengyu		china-idiom+agent	insufficient-syntax-evidence	low	accept	conservative syntax review
殺風景	u	chengyu		china-idiom+agent	insufficient-syntax-evidence	low	accept	conservative syntax review
毀家紓難	u	chengyu		china-idiom+agent	insufficient-syntax-evidence	low	accept	conservative syntax review
毀於一旦	u	chengyu		china-idiom+agent	insufficient-syntax-evidence	low	accept	conservative syntax review
毅然決然	u	chengyu		china-idiom+agent	insufficient-syntax-evidence	low	accept	conservative syntax review
每下愈況	u	chengyu		china-idiom+agent	insufficient-syntax-evidence	low	accept	conservative syntax review
比上不足比下有餘	u	chengyu		china-idiom+agent	insufficient-syntax-evidence	low	accept	conservative syntax review
比手劃腳	u	chengyu		china-idiom+agent	insufficient-syntax-evidence	low	accept	conservative syntax review
比肩繼踵	u	chengyu		china-idiom+agent	insufficient-syntax-evidence	low	accept	conservative syntax review
比肩而立	u	chengyu		china-idiom+agent	insufficient-syntax-evidence	low	accept	conservative syntax review
毛舉細故	u	chengyu		china-idiom+agent	insufficient-syntax-evidence	low	accept	conservative syntax review
毛遂自薦	u	chengyu		china-idiom+agent	insufficient-syntax-evidence	low	accept	conservative syntax review
毛骨悚然	u	chengyu		china-idiom+agent	insufficient-syntax-evidence	low	accept	conservative syntax review
毫釐不爽	u	chengyu		china-idiom+agent	insufficient-syntax-evidence	low	accept	conservative syntax review
毫髮不爽	u	chengyu		china-idiom+agent	insufficient-syntax-evidence	low	accept	conservative syntax review
民不聊生	u	chengyu		china-idiom+agent	insufficient-syntax-evidence	low	accept	conservative syntax review
民以食為天	u	chengyu		china-idiom+agent	insufficient-syntax-evidence	low	accept	conservative syntax review
民窮財盡	u	chengyu		china-idiom+agent	insufficient-syntax-evidence	low	accept	conservative syntax review
氣勢洶洶	u	chengyu		china-idiom+agent	insufficient-syntax-evidence	low	accept	conservative syntax review
氣吞山河	u	chengyu		china-idiom+agent	insufficient-syntax-evidence	low	accept	conservative syntax review
氣味相投	u	chengyu		china-idiom+agent	insufficient-syntax-evidence	low	accept	conservative syntax review
氣壯如牛	u	chengyu		china-idiom+agent	insufficient-syntax-evidence	low	accept	conservative syntax review
氣壯山河	u	chengyu		china-idiom+agent	insufficient-syntax-evidence	low	accept	conservative syntax review
氣急敗壞	u	chengyu		china-idiom+agent	insufficient-syntax-evidence	low	accept	conservative syntax review
氣象萬千	u	chengyu		china-idiom+agent	insufficient-syntax-evidence	low	accept	conservative syntax review
氣貫長虹	u	chengyu		china-idiom+agent	insufficient-syntax-evidence	low	accept	conservative syntax review
水中撈月	u	chengyu		china-idiom+agent	insufficient-syntax-evidence	low	accept	conservative syntax review
水性楊花	u	chengyu		china-idiom+agent	insufficient-syntax-evidence	low	accept	conservative syntax review
水泄不通	u	chengyu		china-idiom+agent	insufficient-syntax-evidence	low	accept	conservative syntax review
水清無魚	u	chengyu		china-idiom+agent	insufficient-syntax-evidence	low	accept	conservative syntax review
水滴石穿	u	chengyu		china-idiom+agent	insufficient-syntax-evidence	low	accept	conservative syntax review
水漲船高	u	chengyu		china-idiom+agent	insufficient-syntax-evidence	low	accept	conservative syntax review
水火不相容	u	chengyu		china-idiom+agent	insufficient-syntax-evidence	low	accept	conservative syntax review
水盡鵝飛	u	chengyu		china-idiom+agent	insufficient-syntax-evidence	low	accept	conservative syntax review
水至清則無魚	u	chengyu		china-idiom+agent	insufficient-syntax-evidence	low	accept	conservative syntax review
水落歸槽	u	chengyu		china-idiom+agent	insufficient-syntax-evidence	low	accept	conservative syntax review
水落石出	u	chengyu		china-idiom+agent	insufficient-syntax-evidence	low	accept	conservative syntax review
水過鴨背	u	chengyu		china-idiom+agent	insufficient-syntax-evidence	low	accept	conservative syntax review
水陸畢陳	u	chengyu		china-idiom+agent	insufficient-syntax-evidence	low	accept	conservative syntax review
氾濫成災	v	chengyu		china-idiom+agent	agent-reviewed-override	high	accept	conservative syntax review
求人不如求己	u	chengyu		china-idiom+agent	insufficient-syntax-evidence	low	accept	conservative syntax review
求仁得仁	u	chengyu		china-idiom+agent	insufficient-syntax-evidence	low	accept	conservative syntax review
求全責備	u	chengyu		china-idiom+agent	insufficient-syntax-evidence	low	accept	conservative syntax review
求神問卜	u	chengyu		china-idiom+agent	insufficient-syntax-evidence	low	accept	conservative syntax review
求親靠友	u	chengyu		china-idiom+agent	insufficient-syntax-evidence	low	accept	conservative syntax review
汗流浹背	u	chengyu		china-idiom+agent	insufficient-syntax-evidence	low	accept	conservative syntax review
汗馬功勞	u	chengyu		china-idiom+agent	insufficient-syntax-evidence	low	accept	conservative syntax review
江心補漏	u	chengyu		china-idiom+agent	insufficient-syntax-evidence	low	accept	conservative syntax review
江河日下	u	chengyu		china-idiom+agent	insufficient-syntax-evidence	low	accept	conservative syntax review
污七八糟	a	chengyu		china-idiom+agent	state-definition	high	accept	conservative syntax review
污泥濁水	u	chengyu		china-idiom+agent	insufficient-syntax-evidence	low	accept	conservative syntax review
汪洋浩博	u	chengyu		china-idiom+agent	insufficient-syntax-evidence	low	accept	conservative syntax review
決一死戰	u	chengyu		china-idiom+agent	insufficient-syntax-evidence	low	accept	conservative syntax review
決一雌雄	u	chengyu		china-idiom+agent	insufficient-syntax-evidence	low	accept	conservative syntax review
沁人心脾	u	chengyu		china-idiom+agent	insufficient-syntax-evidence	low	accept	conservative syntax review
沆瀣一氣	u	chengyu		china-idiom+agent	insufficient-syntax-evidence	low	accept	conservative syntax review
沉冤莫白	u	chengyu		china-idiom+agent	insufficient-syntax-evidence	low	accept	conservative syntax review
沉湎酒色	u	chengyu		china-idiom+agent	insufficient-syntax-evidence	low	accept	conservative syntax review
沉靜寡言	u	chengyu		china-idiom+agent	insufficient-syntax-evidence	low	accept	conservative syntax review
沉魚落雁	u	chengyu		china-idiom+agent	insufficient-syntax-evidence	low	accept	conservative syntax review
沒精打采	u	chengyu		china-idiom+agent	insufficient-syntax-evidence	low	accept	conservative syntax review
沒頭沒臉	r	chengyu		china-idiom+agent	example-adverbial-de	high	accept	conservative syntax review
沒齒不忘	u	chengyu		china-idiom+agent	insufficient-syntax-evidence	low	accept	conservative syntax review
河水不犯井水	u	chengyu		china-idiom+agent	insufficient-syntax-evidence	low	accept	conservative syntax review
河清海晏	u	chengyu		china-idiom+agent	insufficient-syntax-evidence	low	accept	conservative syntax review
沸反盈天	u	chengyu		china-idiom+agent	insufficient-syntax-evidence	low	accept	conservative syntax review
沸沸揚揚	r	chengyu		china-idiom+agent	example-adverbial-de	high	accept	conservative syntax review
油光水滑	u	chengyu		china-idiom+agent	insufficient-syntax-evidence	low	accept	conservative syntax review
油然而生	u	chengyu		china-idiom+agent	insufficient-syntax-evidence	low	accept	conservative syntax review
油腔滑調	u	chengyu		china-idiom+agent	insufficient-syntax-evidence	low	accept	conservative syntax review
油頭滑腦	u	chengyu		china-idiom+agent	insufficient-syntax-evidence	low	accept	conservative syntax review
油頭粉面	u	chengyu		china-idiom+agent	insufficient-syntax-evidence	low	accept	conservative syntax review
治國安民	u	chengyu		china-idiom+agent	insufficient-syntax-evidence	low	accept	conservative syntax review
沽名釣譽	u	chengyu		china-idiom+agent	insufficient-syntax-evidence	low	accept	conservative syntax review
沾沾自喜	a,v	chengyu		china-idiom+agent	agent-reviewed-override	high	accept	conservative syntax review
泄漏天機	u	chengyu		china-idiom+agent	insufficient-syntax-evidence	low	accept	conservative syntax review
法力無邊	u	chengyu		china-idiom+agent	insufficient-syntax-evidence	low	accept	conservative syntax review
法輪常轉	u	chengyu		china-idiom+agent	insufficient-syntax-evidence	low	accept	conservative syntax review
波光粼粼	u	chengyu		china-idiom+agent	insufficient-syntax-evidence	low	accept	conservative syntax review
波濤洶湧	u	chengyu		china-idiom+agent	insufficient-syntax-evidence	low	accept	conservative syntax review
波瀾壯闊	u	chengyu		china-idiom+agent	insufficient-syntax-evidence	low	accept	conservative syntax review
波瀾老成	u	chengyu		china-idiom+agent	insufficient-syntax-evidence	low	accept	conservative syntax review
泥古不化	u	chengyu		china-idiom+agent	insufficient-syntax-evidence	low	accept	conservative syntax review
泥菩薩過江	u	chengyu		china-idiom+agent	insufficient-syntax-evidence	low	accept	conservative syntax review
泰山北斗	u	chengyu		china-idiom+agent	insufficient-syntax-evidence	low	accept	conservative syntax review
泰然處之	u	chengyu		china-idiom+agent	insufficient-syntax-evidence	low	accept	conservative syntax review
洋洋大觀	u	chengyu		china-idiom+agent	insufficient-syntax-evidence	low	accept	conservative syntax review
洋洋得意	u	chengyu		china-idiom+agent	insufficient-syntax-evidence	low	accept	conservative syntax review
洋洋灑灑	u	chengyu		china-idiom+agent	insufficient-syntax-evidence	low	accept	conservative syntax review
洗心滌慮	u	chengyu		china-idiom+agent	insufficient-syntax-evidence	low	accept	conservative syntax review
津津有味	u	chengyu		china-idiom+agent	insufficient-syntax-evidence	low	accept	conservative syntax review
津津樂道	u	chengyu		china-idiom+agent	insufficient-syntax-evidence	low	accept	conservative syntax review
洪福齊天	u	chengyu		china-idiom+agent	insufficient-syntax-evidence	low	accept	conservative syntax review
洶湧澎湃	u	chengyu		china-idiom+agent	insufficient-syntax-evidence	low	accept	conservative syntax review
活剝生吞	u	chengyu		china-idiom+agent	insufficient-syntax-evidence	low	accept	conservative syntax review
流水行雲	u	chengyu		china-idiom+agent	insufficient-syntax-evidence	low	accept	conservative syntax review
流芳百世	u	chengyu		china-idiom+agent	insufficient-syntax-evidence	low	accept	conservative syntax review
流落江湖	u	chengyu		china-idiom+agent	insufficient-syntax-evidence	low	accept	conservative syntax review
流言蜚語	u	chengyu		china-idiom+agent	insufficient-syntax-evidence	low	accept	conservative syntax review
流離失所	u	chengyu		china-idiom+agent	insufficient-syntax-evidence	low	accept	conservative syntax review
流離顛沛	u	chengyu		china-idiom+agent	insufficient-syntax-evidence	low	accept	conservative syntax review
浩如煙海	u	chengyu		china-idiom+agent	insufficient-syntax-evidence	low	accept	conservative syntax review
浪子回頭金不換	u	chengyu		china-idiom+agent	clause-without-syntax-slot	low	accept	conservative syntax review
浮家泛宅	u	chengyu		china-idiom+agent	insufficient-syntax-evidence	low	accept	conservative syntax review
浮雲朝露	u	chengyu		china-idiom+agent	insufficient-syntax-evidence	low	accept	conservative syntax review
浴血奮戰	u	chengyu		china-idiom+agent	insufficient-syntax-evidence	low	accept	conservative syntax review
海不揚波	u	chengyu		china-idiom+agent	insufficient-syntax-evidence	low	accept	conservative syntax review
海底撈月	u	chengyu		china-idiom+agent	insufficient-syntax-evidence	low	accept	conservative syntax review
海底撈針	u	chengyu		china-idiom+agent	insufficient-syntax-evidence	low	accept	conservative syntax review
海晏河清	u	chengyu		china-idiom+agent	insufficient-syntax-evidence	low	accept	conservative syntax review
海水不可斗量	u	chengyu		china-idiom+agent	insufficient-syntax-evidence	low	accept	conservative syntax review
涅而不淄	u	chengyu		china-idiom+agent	insufficient-syntax-evidence	low	accept	conservative syntax review
涇渭不分	u	chengyu		china-idiom+agent	insufficient-syntax-evidence	low	accept	conservative syntax review
消愁解悶	u	chengyu		china-idiom+agent	insufficient-syntax-evidence	low	accept	conservative syntax review
涓滴歸公	u	chengyu		china-idiom+agent	insufficient-syntax-evidence	low	accept	conservative syntax review
涕泗橫流	u	chengyu		china-idiom+agent	insufficient-syntax-evidence	low	accept	conservative syntax review
涕泗縱橫	u	chengyu		china-idiom+agent	insufficient-syntax-evidence	low	accept	conservative syntax review
涕淚交流	u	chengyu		china-idiom+agent	insufficient-syntax-evidence	low	accept	conservative syntax review
涸轍之鮒	u	chengyu		china-idiom+agent	insufficient-syntax-evidence	low	accept	conservative syntax review
淑人君子	u	chengyu		china-idiom+agent	insufficient-syntax-evidence	low	accept	conservative syntax review
淚如泉湧	u	chengyu		china-idiom+agent	insufficient-syntax-evidence	low	accept	conservative syntax review
淚如雨下	u	chengyu		china-idiom+agent	insufficient-syntax-evidence	low	accept	conservative syntax review
淡泊明志	u	chengyu		china-idiom+agent	insufficient-syntax-evidence	low	accept	conservative syntax review
淫詞穢語	u	chengyu		china-idiom+agent	insufficient-syntax-evidence	low	accept	conservative syntax review
淫詞褻語	u	chengyu		china-idiom+agent	insufficient-syntax-evidence	low	accept	conservative syntax review
深不可測	r	chengyu		china-idiom+agent	example-adverbial-de	high	accept	conservative syntax review
深仇大恨	u	chengyu		china-idiom+agent	insufficient-syntax-evidence	low	accept	conservative syntax review
深信不疑	a	chengyu		china-idiom+agent	state-definition	high	accept	conservative syntax review
深入淺出	u	chengyu		china-idiom+agent	insufficient-syntax-evidence	low	accept	conservative syntax review
深入骨髓	u	chengyu		china-idiom+agent	insufficient-syntax-evidence	low	accept	conservative syntax review
深得人心	u	chengyu		china-idiom+agent	insufficient-syntax-evidence	low	accept	conservative syntax review
深惡痛絕	u	chengyu		china-idiom+agent	insufficient-syntax-evidence	low	accept	conservative syntax review
深更半夜	u	chengyu		china-idiom+agent	insufficient-syntax-evidence	low	accept	conservative syntax review
深根固柢	u	chengyu		china-idiom+agent	insufficient-syntax-evidence	low	accept	conservative syntax review
深謀遠慮	u	chengyu		china-idiom+agent	insufficient-syntax-evidence	low	accept	conservative syntax review
深謀遠略	u	chengyu		china-idiom+agent	insufficient-syntax-evidence	low	accept	conservative syntax review
深閉固拒	u	chengyu		china-idiom+agent	insufficient-syntax-evidence	low	accept	conservative syntax review
混水撈魚	u	chengyu		china-idiom+agent	insufficient-syntax-evidence	low	accept	conservative syntax review
混淆是非	u	chengyu		china-idiom+agent	insufficient-syntax-evidence	low	accept	conservative syntax review
混混噩噩	u	chengyu		china-idiom+agent	insufficient-syntax-evidence	low	accept	conservative syntax review
混為一談	u	chengyu		china-idiom+agent	insufficient-syntax-evidence	low	accept	conservative syntax review
添枝加葉	u	chengyu		china-idiom+agent	insufficient-syntax-evidence	low	accept	conservative syntax review
清君側	u	chengyu		china-idiom+agent	insufficient-syntax-evidence	low	accept	conservative syntax review
清官難斷家務事	u	chengyu		china-idiom+agent	insufficient-syntax-evidence	low	accept	conservative syntax review
清平世界	u	chengyu		china-idiom+agent	insufficient-syntax-evidence	low	accept	conservative syntax review
清歌妙舞	u	chengyu		china-idiom+agent	insufficient-syntax-evidence	low	accept	conservative syntax review
清規戒律	u	chengyu		china-idiom+agent	insufficient-syntax-evidence	low	accept	conservative syntax review
清風勁節	u	chengyu		china-idiom+agent	insufficient-syntax-evidence	low	accept	conservative syntax review
温情脈脈	u	chengyu		china-idiom+agent	insufficient-syntax-evidence	low	accept	conservative syntax review
温故知新	u	chengyu		china-idiom+agent	insufficient-syntax-evidence	low	accept	conservative syntax review
温文儒雅	u	chengyu		china-idiom+agent	insufficient-syntax-evidence	low	accept	conservative syntax review
温柔敦厚	u	chengyu		china-idiom+agent	insufficient-syntax-evidence	low	accept	conservative syntax review
温良恭儉讓	u	chengyu		china-idiom+agent	insufficient-syntax-evidence	low	accept	conservative syntax review
渺渺茫茫	u	chengyu		china-idiom+agent	insufficient-syntax-evidence	low	accept	conservative syntax review
渾渾沌沌	u	chengyu		china-idiom+agent	insufficient-syntax-evidence	low	accept	conservative syntax review
湖光山色	u	chengyu		china-idiom+agent	insufficient-syntax-evidence	low	accept	conservative syntax review
湯池鐵城	u	chengyu		china-idiom+agent	insufficient-syntax-evidence	low	accept	conservative syntax review
源源本本	u	chengyu		china-idiom+agent	insufficient-syntax-evidence	low	accept	conservative syntax review
溘先朝露	u	chengyu		china-idiom+agent	insufficient-syntax-evidence	low	accept	conservative syntax review
溜之大吉	u	chengyu		china-idiom+agent	insufficient-syntax-evidence	low	accept	conservative syntax review
溜鬚拍馬	u	chengyu		china-idiom+agent	insufficient-syntax-evidence	low	accept	conservative syntax review
滄海一粟	u	chengyu		china-idiom+agent	insufficient-syntax-evidence	low	accept	conservative syntax review
滄海桑田	u	chengyu		china-idiom+agent	insufficient-syntax-evidence	low	accept	conservative syntax review
滅頂之災	u	chengyu		china-idiom+agent	insufficient-syntax-evidence	low	accept	conservative syntax review
滴水不漏	u	chengyu		china-idiom+agent	insufficient-syntax-evidence	low	accept	conservative syntax review
滴水不羼	a	chengyu		china-idiom+agent	state-definition	high	accept	conservative syntax review
滴水穿石	u	chengyu		china-idiom+agent	insufficient-syntax-evidence	low	accept	conservative syntax review
滿不在乎	u	chengyu		china-idiom+agent	insufficient-syntax-evidence	low	accept	conservative syntax review
滿天飛	u	chengyu		china-idiom+agent	insufficient-syntax-evidence	low	accept	conservative syntax review
滿腹經綸	u	chengyu		china-idiom+agent	insufficient-syntax-evidence	low	accept	conservative syntax review
滿面春風	u	chengyu		china-idiom+agent	insufficient-syntax-evidence	low	accept	conservative syntax review
漏泄天機	u	chengyu		china-idiom+agent	insufficient-syntax-evidence	low	accept	conservative syntax review
漏網之魚	u	chengyu		china-idiom+agent	insufficient-syntax-evidence	low	accept	conservative syntax review
漏脯充飢	u	chengyu		china-idiom+agent	insufficient-syntax-evidence	low	accept	conservative syntax review
漫天大謊	u	chengyu		china-idiom+agent	insufficient-syntax-evidence	low	accept	conservative syntax review
漫天遍地	u	chengyu		china-idiom+agent	insufficient-syntax-evidence	low	accept	conservative syntax review
漫天遍野	u	chengyu		china-idiom+agent	insufficient-syntax-evidence	low	accept	conservative syntax review
漫山遍野	u	chengyu		china-idiom+agent	insufficient-syntax-evidence	low	accept	conservative syntax review
潑水難收	u	chengyu		china-idiom+agent	insufficient-syntax-evidence	low	accept	conservative syntax review
潛神默記	u	chengyu		china-idiom+agent	insufficient-syntax-evidence	low	accept	conservative syntax review
潛移默化	u	chengyu		china-idiom+agent	insufficient-syntax-evidence	low	accept	conservative syntax review
潛龍伏虎	u	chengyu		china-idiom+agent	insufficient-syntax-evidence	low	accept	conservative syntax review
潰不成軍	u	chengyu		china-idiom+agent	insufficient-syntax-evidence	low	accept	conservative syntax review
澡垢索疵	u	chengyu		china-idiom+agent	insufficient-syntax-evidence	low	accept	conservative syntax review
激濁揚清	u	chengyu		china-idiom+agent	insufficient-syntax-evidence	low	accept	conservative syntax review
濟世之才	n	chengyu		china-idiom+agent	nominal-slot-or-referent	high	accept	conservative syntax review
濟弱扶傾	u	chengyu		china-idiom+agent	insufficient-syntax-evidence	low	accept	conservative syntax review
濫竽充數	u	chengyu		china-idiom+agent	insufficient-syntax-evidence	low	accept	conservative syntax review
火上澆油	u	chengyu		china-idiom+agent	insufficient-syntax-evidence	low	accept	conservative syntax review
火冒三丈	u	chengyu		china-idiom+agent	insufficient-syntax-evidence	low	accept	conservative syntax review
炯炯有神	u	chengyu		china-idiom+agent	insufficient-syntax-evidence	low	accept	conservative syntax review
為五斗米折腰	u	chengyu		china-idiom+agent	insufficient-syntax-evidence	low	accept	conservative syntax review
為仁不富	u	chengyu		china-idiom+agent	insufficient-syntax-evidence	low	accept	conservative syntax review
為善最樂	u	chengyu		china-idiom+agent	insufficient-syntax-evidence	low	accept	conservative syntax review
為德不終	u	chengyu		china-idiom+agent	insufficient-syntax-evidence	low	accept	conservative syntax review
為所欲為	u	chengyu		china-idiom+agent	insufficient-syntax-evidence	low	accept	conservative syntax review
為民請命	u	chengyu		china-idiom+agent	insufficient-syntax-evidence	low	accept	conservative syntax review
為民除害	u	chengyu		china-idiom+agent	insufficient-syntax-evidence	low	accept	conservative syntax review
為虎作倀	u	chengyu		china-idiom+agent	insufficient-syntax-evidence	low	accept	conservative syntax review
為虎添翼	u	chengyu		china-idiom+agent	insufficient-syntax-evidence	low	accept	conservative syntax review
為非作歹	u	chengyu		china-idiom+agent	insufficient-syntax-evidence	low	accept	conservative syntax review
烈火乾柴	u	chengyu		china-idiom+agent	insufficient-syntax-evidence	low	accept	conservative syntax review
烈火見真金	u	chengyu		china-idiom+agent	insufficient-syntax-evidence	low	accept	conservative syntax review
烏七八糟	a	chengyu		china-idiom+agent	state-definition	high	accept	conservative syntax review
烏合之眾	u	chengyu		china-idiom+agent	insufficient-syntax-evidence	low	accept	conservative syntax review
烏飛兔走	u	chengyu		china-idiom+agent	insufficient-syntax-evidence	low	accept	conservative syntax review
烘雲託月	u	chengyu		china-idiom+agent	insufficient-syntax-evidence	low	accept	conservative syntax review
烜赫一時	u	chengyu		china-idiom+agent	insufficient-syntax-evidence	low	accept	conservative syntax review
烽火四起	u	chengyu		china-idiom+agent	insufficient-syntax-evidence	low	accept	conservative syntax review
焚膏繼晷	u	chengyu		china-idiom+agent	insufficient-syntax-evidence	low	accept	conservative syntax review
無中生有	u	chengyu		china-idiom+agent	insufficient-syntax-evidence	low	accept	conservative syntax review
無事不登三寶殿	u	chengyu		china-idiom+agent	clause-without-syntax-slot	low	accept	conservative syntax review
無事生非	u	chengyu		china-idiom+agent	insufficient-syntax-evidence	low	accept	conservative syntax review
無人之境	n	chengyu		china-idiom+agent	nominal-slot-or-referent	high	accept	conservative syntax review
無以復加	u	chengyu		china-idiom+agent	insufficient-syntax-evidence	low	accept	conservative syntax review
無依無靠	u	chengyu		china-idiom+agent	insufficient-syntax-evidence	low	accept	conservative syntax review
無倚無靠	u	chengyu		china-idiom+agent	insufficient-syntax-evidence	low	accept	conservative syntax review
無傷大雅	u	chengyu		china-idiom+agent	insufficient-syntax-evidence	low	accept	conservative syntax review
無價之寶	n	chengyu		china-idiom+agent	nominal-slot-or-referent	high	accept	conservative syntax review
無冬無夏	u	chengyu		china-idiom+agent	insufficient-syntax-evidence	low	accept	conservative syntax review
無功受祿	u	chengyu		china-idiom+agent	insufficient-syntax-evidence	low	accept	conservative syntax review
無動於中	a	chengyu		china-idiom+agent	state-definition	high	accept	conservative syntax review
無千無萬	u	chengyu		china-idiom+agent	insufficient-syntax-evidence	low	accept	conservative syntax review
無可厚非	u	chengyu		china-idiom+agent	insufficient-syntax-evidence	low	accept	conservative syntax review
無可救藥	u	chengyu		china-idiom+agent	insufficient-syntax-evidence	low	accept	conservative syntax review
無可無不可	u	chengyu		china-idiom+agent	insufficient-syntax-evidence	low	accept	conservative syntax review
無可非議	u	chengyu		china-idiom+agent	insufficient-syntax-evidence	low	accept	conservative syntax review
無名英雄	u	chengyu		china-idiom+agent	insufficient-syntax-evidence	low	accept	conservative syntax review
無堅不摧	u	chengyu		china-idiom+agent	insufficient-syntax-evidence	low	accept	conservative syntax review
無大無小	u	chengyu		china-idiom+agent	insufficient-syntax-evidence	low	accept	conservative syntax review
無奇不有	u	chengyu		china-idiom+agent	insufficient-syntax-evidence	low	accept	conservative syntax review
無妄之災	u	chengyu		china-idiom+agent	insufficient-syntax-evidence	low	accept	conservative syntax review
無孔不鑽	u	chengyu		china-idiom+agent	insufficient-syntax-evidence	low	accept	conservative syntax review
無家可歸	u	chengyu		china-idiom+agent	insufficient-syntax-evidence	low	accept	conservative syntax review
無巧不成書	u	chengyu		china-idiom+agent	insufficient-syntax-evidence	low	accept	conservative syntax review
無往不利	u	chengyu		china-idiom+agent	insufficient-syntax-evidence	low	accept	conservative syntax review
無往不勝	u	chengyu		china-idiom+agent	insufficient-syntax-evidence	low	accept	conservative syntax review
無微不至	u	chengyu		china-idiom+agent	insufficient-syntax-evidence	low	accept	conservative syntax review
無情無義	u	chengyu		china-idiom+agent	insufficient-syntax-evidence	low	accept	conservative syntax review
無憂無慮	u	chengyu		china-idiom+agent	insufficient-syntax-evidence	low	accept	conservative syntax review
無懈可擊	u	chengyu		china-idiom+agent	insufficient-syntax-evidence	low	accept	conservative syntax review
無所不包	u	chengyu		china-idiom+agent	insufficient-syntax-evidence	low	accept	conservative syntax review
無所不為	u	chengyu		china-idiom+agent	insufficient-syntax-evidence	low	accept	conservative syntax review
無所不用其極	u	chengyu		china-idiom+agent	insufficient-syntax-evidence	low	accept	conservative syntax review
無所不知	u	chengyu		china-idiom+agent	insufficient-syntax-evidence	low	accept	conservative syntax review
無所忌諱	u	chengyu		china-idiom+agent	insufficient-syntax-evidence	low	accept	conservative syntax review
無所施其技	a	chengyu		china-idiom+agent	state-definition	high	accept	conservative syntax review
無所用心	u	chengyu		china-idiom+agent	insufficient-syntax-evidence	low	accept	conservative syntax review
無所畏忌	u	chengyu		china-idiom+agent	insufficient-syntax-evidence	low	accept	conservative syntax review
無所畏懼	u	chengyu		china-idiom+agent	insufficient-syntax-evidence	low	accept	conservative syntax review
無所適從	u	chengyu		china-idiom+agent	insufficient-syntax-evidence	low	accept	conservative syntax review
無拳無勇	u	chengyu		china-idiom+agent	insufficient-syntax-evidence	low	accept	conservative syntax review
無毒不丈夫	u	chengyu		china-idiom+agent	insufficient-syntax-evidence	low	accept	conservative syntax review
無獨有偶	u	chengyu		china-idiom+agent	insufficient-syntax-evidence	low	accept	conservative syntax review
無理取鬧	u	chengyu		china-idiom+agent	insufficient-syntax-evidence	low	accept	conservative syntax review
無精打采	u	chengyu		china-idiom+agent	insufficient-syntax-evidence	low	accept	conservative syntax review
無聲無臭	u	chengyu		china-idiom+agent	insufficient-syntax-evidence	low	accept	conservative syntax review
無能為力	u	chengyu		china-idiom+agent	insufficient-syntax-evidence	low	accept	conservative syntax review
無與倫比	u	chengyu		china-idiom+agent	insufficient-syntax-evidence	low	accept	conservative syntax review
無言可對	u	chengyu		china-idiom+agent	insufficient-syntax-evidence	low	accept	conservative syntax review
無關大局	u	chengyu		china-idiom+agent	insufficient-syntax-evidence	low	accept	conservative syntax review
無關大體	u	chengyu		china-idiom+agent	insufficient-syntax-evidence	low	accept	conservative syntax review
無關宏旨	u	chengyu		china-idiom+agent	insufficient-syntax-evidence	low	accept	conservative syntax review
無頭告示	u	chengyu		china-idiom+agent	insufficient-syntax-evidence	low	accept	conservative syntax review
無風三尺浪	u	chengyu		china-idiom+agent	insufficient-syntax-evidence	low	accept	conservative syntax review
無風不起浪	u	chengyu		china-idiom+agent	insufficient-syntax-evidence	low	accept	conservative syntax review
無風作浪	u	chengyu		china-idiom+agent	insufficient-syntax-evidence	low	accept	conservative syntax review
無風起浪	u	chengyu		china-idiom+agent	insufficient-syntax-evidence	low	accept	conservative syntax review
焦頭爛額	u	chengyu		china-idiom+agent	insufficient-syntax-evidence	low	accept	conservative syntax review
煙花風月	u	chengyu		china-idiom+agent	insufficient-syntax-evidence	low	accept	conservative syntax review
照葫蘆畫瓢	u	chengyu		china-idiom+agent	insufficient-syntax-evidence	low	accept	conservative syntax review
煮鶴焚琴	u	chengyu		china-idiom+agent	insufficient-syntax-evidence	low	accept	conservative syntax review
煽風點火	u	chengyu		china-idiom+agent	insufficient-syntax-evidence	low	accept	conservative syntax review
熊腰虎背	u	chengyu		china-idiom+agent	insufficient-syntax-evidence	low	accept	conservative syntax review
熙來攘往	r	chengyu		china-idiom+agent	example-adverbial-de	high	accept	conservative syntax review
熙熙壤壤	u	chengyu		china-idiom+agent	insufficient-syntax-evidence	low	accept	conservative syntax review
熙熙攘攘	u	chengyu		china-idiom+agent	insufficient-syntax-evidence	low	accept	conservative syntax review
熟視無睹	u	chengyu		china-idiom+agent	insufficient-syntax-evidence	low	accept	conservative syntax review
熬更守夜	u	chengyu		china-idiom+agent	insufficient-syntax-evidence	low	accept	conservative syntax review
熱淚盈眶	u	chengyu		china-idiom+agent	insufficient-syntax-evidence	low	accept	conservative syntax review
熱鍋上的螞蟻	n	chengyu		china-idiom+agent	agent-reviewed-override	high	accept	conservative syntax review
燃眉之急	u	chengyu		china-idiom+agent	insufficient-syntax-evidence	low	accept	conservative syntax review
燈火輝煌	u	chengyu		china-idiom+agent	insufficient-syntax-evidence	low	accept	conservative syntax review
燕巢幕上	u	chengyu		china-idiom+agent	insufficient-syntax-evidence	low	accept	conservative syntax review
燕爾新婚	u	chengyu		china-idiom+agent	insufficient-syntax-evidence	low	accept	conservative syntax review
燕瘦環肥	u	chengyu		china-idiom+agent	insufficient-syntax-evidence	low	accept	conservative syntax review
燕雀安知鴻鵠之志	u	chengyu		china-idiom+agent	clause-without-syntax-slot	low	accept	conservative syntax review
燕雀安知鴻鵠志	u	chengyu		china-idiom+agent	insufficient-syntax-evidence	low	accept	conservative syntax review
燕雀相賀	u	chengyu		china-idiom+agent	insufficient-syntax-evidence	low	accept	conservative syntax review
營私舞弊	u	chengyu		china-idiom+agent	insufficient-syntax-evidence	low	accept	conservative syntax review
燦若繁星	u	chengyu		china-idiom+agent	insufficient-syntax-evidence	low	accept	conservative syntax review
爐火純青	u	chengyu		china-idiom+agent	insufficient-syntax-evidence	low	accept	conservative syntax review
爭先恐後	u	chengyu		china-idiom+agent	insufficient-syntax-evidence	low	accept	conservative syntax review
爭長論短	u	chengyu		china-idiom+agent	insufficient-syntax-evidence	low	accept	conservative syntax review
爭風吃醋	u	chengyu		china-idiom+agent	insufficient-syntax-evidence	low	accept	conservative syntax review
父債子還	u	chengyu		china-idiom+agent	insufficient-syntax-evidence	low	accept	conservative syntax review
爽然若失	u	chengyu		china-idiom+agent	insufficient-syntax-evidence	low	accept	conservative syntax review
爾虞我詐	u	chengyu		china-idiom+agent	insufficient-syntax-evidence	low	accept	conservative syntax review
牀笫之私	u	chengyu		china-idiom+agent	insufficient-syntax-evidence	low	accept	conservative syntax review
牛刀小試	u	chengyu		china-idiom+agent	insufficient-syntax-evidence	low	accept	conservative syntax review
牛溲馬勃	u	chengyu		china-idiom+agent	insufficient-syntax-evidence	low	accept	conservative syntax review
牛衣對泣	u	chengyu		china-idiom+agent	insufficient-syntax-evidence	low	accept	conservative syntax review
牛角掛書	u	chengyu		china-idiom+agent	insufficient-syntax-evidence	low	accept	conservative syntax review
牛頭不對馬嘴	u	chengyu		china-idiom+agent	insufficient-syntax-evidence	low	accept	conservative syntax review
牛驥同槽	u	chengyu		china-idiom+agent	insufficient-syntax-evidence	low	accept	conservative syntax review
牝牡驪黃	u	chengyu		china-idiom+agent	insufficient-syntax-evidence	low	accept	conservative syntax review
牝雞司晨	u	chengyu		china-idiom+agent	insufficient-syntax-evidence	low	accept	conservative syntax review
牢不可破	u	chengyu		china-idiom+agent	insufficient-syntax-evidence	low	accept	conservative syntax review
物以稀為貴	u	chengyu		china-idiom+agent	insufficient-syntax-evidence	low	accept	conservative syntax review
物以類聚	u	chengyu		china-idiom+agent	insufficient-syntax-evidence	low	accept	conservative syntax review
物傷其類	u	chengyu		china-idiom+agent	insufficient-syntax-evidence	low	accept	conservative syntax review
物力維艱	u	chengyu		china-idiom+agent	insufficient-syntax-evidence	low	accept	conservative syntax review
物換星移	u	chengyu		china-idiom+agent	insufficient-syntax-evidence	low	accept	conservative syntax review
物美價廉	u	chengyu		china-idiom+agent	insufficient-syntax-evidence	low	accept	conservative syntax review
物腐蟲生	u	chengyu		china-idiom+agent	insufficient-syntax-evidence	low	accept	conservative syntax review
牽一髮而動全身	u	chengyu		china-idiom+agent	clause-without-syntax-slot	low	accept	conservative syntax review
牽強附會	u	chengyu		china-idiom+agent	insufficient-syntax-evidence	low	accept	conservative syntax review
牽羊擔酒	u	chengyu		china-idiom+agent	insufficient-syntax-evidence	low	accept	conservative syntax review
牽腸掛肚	u	chengyu		china-idiom+agent	insufficient-syntax-evidence	low	accept	conservative syntax review
犁庭掃穴	u	chengyu		china-idiom+agent	insufficient-syntax-evidence	low	accept	conservative syntax review
犬牙交錯	u	chengyu		china-idiom+agent	insufficient-syntax-evidence	low	accept	conservative syntax review
犯上作亂	u	chengyu		china-idiom+agent	insufficient-syntax-evidence	low	accept	conservative syntax review
狂三詐四	u	chengyu		china-idiom+agent	insufficient-syntax-evidence	low	accept	conservative syntax review
狂奴故態	u	chengyu		china-idiom+agent	insufficient-syntax-evidence	low	accept	conservative syntax review
狂妄自大	u	chengyu		china-idiom+agent	insufficient-syntax-evidence	low	accept	conservative syntax review
狂蜂浪蝶	u	chengyu		china-idiom+agent	insufficient-syntax-evidence	low	accept	conservative syntax review
狐假虎威	u	chengyu		china-idiom+agent	insufficient-syntax-evidence	low	accept	conservative syntax review
狐死首丘	u	chengyu		china-idiom+agent	insufficient-syntax-evidence	low	accept	conservative syntax review
狐群狗黨	n	chengyu		china-idiom+agent	agent-reviewed-override	high	accept	conservative syntax review
狐裘羔袖	u	chengyu		china-idiom+agent	insufficient-syntax-evidence	low	accept	conservative syntax review
狗咬呂洞賓	u	chengyu		china-idiom+agent	insufficient-syntax-evidence	low	accept	conservative syntax review
狗嘴裏吐不出象牙	u	chengyu		china-idiom+agent	clause-without-syntax-slot	low	accept	conservative syntax review
狗彘不若	u	chengyu		china-idiom+agent	insufficient-syntax-evidence	low	accept	conservative syntax review
狗彘不食	u	chengyu		china-idiom+agent	insufficient-syntax-evidence	low	accept	conservative syntax review
狗苟蠅營	u	chengyu		china-idiom+agent	insufficient-syntax-evidence	low	accept	conservative syntax review
狗逮老鼠	u	chengyu		china-idiom+agent	insufficient-syntax-evidence	low	accept	conservative syntax review
狹路相逢	u	chengyu		china-idiom+agent	insufficient-syntax-evidence	low	accept	conservative syntax review
狼吞虎嚥	u	chengyu		china-idiom+agent	insufficient-syntax-evidence	low	accept	conservative syntax review
狼煙四起	u	chengyu		china-idiom+agent	insufficient-syntax-evidence	low	accept	conservative syntax review
狼狽不堪	u	chengyu		china-idiom+agent	insufficient-syntax-evidence	low	accept	conservative syntax review
狼號鬼哭	u	chengyu		china-idiom+agent	insufficient-syntax-evidence	low	accept	conservative syntax review
猴頭猴腦	u	chengyu		china-idiom+agent	insufficient-syntax-evidence	low	accept	conservative syntax review
獐頭鼠目	u	chengyu		china-idiom+agent	insufficient-syntax-evidence	low	accept	conservative syntax review
獨佔鰲頭	u	chengyu		china-idiom+agent	insufficient-syntax-evidence	low	accept	conservative syntax review
獨具匠心	u	chengyu		china-idiom+agent	insufficient-syntax-evidence	low	accept	conservative syntax review
獨具隻眼	u	chengyu		china-idiom+agent	insufficient-syntax-evidence	low	accept	conservative syntax review
獨出心裁	u	chengyu		china-idiom+agent	insufficient-syntax-evidence	low	accept	conservative syntax review
獨善其身	u	chengyu		china-idiom+agent	insufficient-syntax-evidence	low	accept	conservative syntax review
獨斷專行	u	chengyu		china-idiom+agent	insufficient-syntax-evidence	low	accept	conservative syntax review
獨木不成林	u	chengyu		china-idiom+agent	insufficient-syntax-evidence	low	accept	conservative syntax review
獨木難支	u	chengyu		china-idiom+agent	insufficient-syntax-evidence	low	accept	conservative syntax review
獨膽英雄	n	chengyu		china-idiom+agent	nominal-slot-or-referent	high	accept	conservative syntax review
率獸食人	u	chengyu		china-idiom+agent	insufficient-syntax-evidence	low	accept	conservative syntax review
率由舊章	u	chengyu		china-idiom+agent	insufficient-syntax-evidence	low	accept	conservative syntax review
玉不琢不成器	u	chengyu		china-idiom+agent	insufficient-syntax-evidence	low	accept	conservative syntax review
玉成其事	u	chengyu		china-idiom+agent	insufficient-syntax-evidence	low	accept	conservative syntax review
珍禽奇獸	u	chengyu		china-idiom+agent	insufficient-syntax-evidence	low	accept	conservative syntax review
珍饈美饌	u	chengyu		china-idiom+agent	insufficient-syntax-evidence	low	accept	conservative syntax review
珠光寶氣	u	chengyu		china-idiom+agent	insufficient-syntax-evidence	low	accept	conservative syntax review
珠圍翠繞	u	chengyu		china-idiom+agent	insufficient-syntax-evidence	low	accept	conservative syntax review
珠圓玉潤	u	chengyu		china-idiom+agent	insufficient-syntax-evidence	low	accept	conservative syntax review
珠流璧轉	u	chengyu		china-idiom+agent	insufficient-syntax-evidence	low	accept	conservative syntax review
珠玉在側	u	chengyu		china-idiom+agent	insufficient-syntax-evidence	low	accept	conservative syntax review
現世現報	u	chengyu		china-idiom+agent	insufficient-syntax-evidence	low	accept	conservative syntax review
現身説法	u	chengyu		china-idiom+agent	insufficient-syntax-evidence	low	accept	conservative syntax review
琅琅上口	u	chengyu		china-idiom+agent	insufficient-syntax-evidence	low	accept	conservative syntax review
理所必然	u	chengyu		china-idiom+agent	insufficient-syntax-evidence	low	accept	conservative syntax review
琴瑟不調	u	chengyu		china-idiom+agent	insufficient-syntax-evidence	low	accept	conservative syntax review
琵琶別抱	u	chengyu		china-idiom+agent	insufficient-syntax-evidence	low	accept	conservative syntax review
瑕不掩瑜	u	chengyu		china-idiom+agent	insufficient-syntax-evidence	low	accept	conservative syntax review
瑕瑜互見	u	chengyu		china-idiom+agent	insufficient-syntax-evidence	low	accept	conservative syntax review
瑜不掩瑕	u	chengyu		china-idiom+agent	insufficient-syntax-evidence	low	accept	conservative syntax review
璧合珠聯	u	chengyu		china-idiom+agent	insufficient-syntax-evidence	low	accept	conservative syntax review
環堵蕭然	u	chengyu		china-idiom+agent	insufficient-syntax-evidence	low	accept	conservative syntax review
瓜剖豆分	v	chengyu	passive	china-idiom+agent	fixed-patient-definition	high	accept	conservative syntax review
瓜李之嫌	u	chengyu		china-idiom+agent	insufficient-syntax-evidence	low	accept	conservative syntax review
瓜熟蒂落	u	chengyu		china-idiom+agent	insufficient-syntax-evidence	low	accept	conservative syntax review
瓜瓞綿綿	u	chengyu		china-idiom+agent	insufficient-syntax-evidence	low	accept	conservative syntax review
瓦合之卒	u	chengyu		china-idiom+agent	insufficient-syntax-evidence	low	accept	conservative syntax review
甕中捉鱉	u	chengyu		china-idiom+agent	insufficient-syntax-evidence	low	accept	conservative syntax review
甘之如飴	u	chengyu		china-idiom+agent	insufficient-syntax-evidence	low	accept	conservative syntax review
甘井先竭	u	chengyu		china-idiom+agent	insufficient-syntax-evidence	low	accept	conservative syntax review
甘心情願	a	chengyu		china-idiom+agent	state-definition	high	accept	conservative syntax review
甘拜下風	u	chengyu		china-idiom+agent	insufficient-syntax-evidence	low	accept	conservative syntax review
甚囂塵上	u	chengyu		china-idiom+agent	insufficient-syntax-evidence	low	accept	conservative syntax review
甜言美語	u	chengyu		china-idiom+agent	insufficient-syntax-evidence	low	accept	conservative syntax review
生不逢時	u	chengyu		china-idiom+agent	insufficient-syntax-evidence	low	accept	conservative syntax review
生不逢辰	u	chengyu		china-idiom+agent	insufficient-syntax-evidence	low	accept	conservative syntax review
生吞活剝	r	chengyu		china-idiom+agent	example-adverbial-de	high	accept	conservative syntax review
生榮死哀	u	chengyu		china-idiom+agent	insufficient-syntax-evidence	low	accept	conservative syntax review
生死存亡	u	chengyu		china-idiom+agent	insufficient-syntax-evidence	low	accept	conservative syntax review
生死相依	u	chengyu		china-idiom+agent	insufficient-syntax-evidence	low	accept	conservative syntax review
生死肉骨	u	chengyu		china-idiom+agent	insufficient-syntax-evidence	low	accept	conservative syntax review
生米煮成熟飯	u	chengyu		china-idiom+agent	insufficient-syntax-evidence	low	accept	conservative syntax review
生花妙筆	u	chengyu		china-idiom+agent	insufficient-syntax-evidence	low	accept	conservative syntax review
生財有道	u	chengyu		china-idiom+agent	insufficient-syntax-evidence	low	accept	conservative syntax review
生關死劫	u	chengyu		china-idiom+agent	insufficient-syntax-evidence	low	accept	conservative syntax review
生靈塗炭	u	chengyu		china-idiom+agent	insufficient-syntax-evidence	low	accept	conservative syntax review
用其所長	u	chengyu		china-idiom+agent	insufficient-syntax-evidence	low	accept	conservative syntax review
略勝一籌	u	chengyu		china-idiom+agent	insufficient-syntax-evidence	low	accept	conservative syntax review
略知皮毛	u	chengyu		china-idiom+agent	insufficient-syntax-evidence	low	accept	conservative syntax review
畫地為牢	u	chengyu		china-idiom+agent	insufficient-syntax-evidence	low	accept	conservative syntax review
畫地為獄	u	chengyu		china-idiom+agent	insufficient-syntax-evidence	low	accept	conservative syntax review
畫虎不成反類犬	u	chengyu		china-idiom+agent	clause-without-syntax-slot	low	accept	conservative syntax review
畫虎類犬	u	chengyu		china-idiom+agent	insufficient-syntax-evidence	low	accept	conservative syntax review
畫餅充飢	u	chengyu		china-idiom+agent	insufficient-syntax-evidence	low	accept	conservative syntax review
異乎尋常	u	chengyu		china-idiom+agent	insufficient-syntax-evidence	low	accept	conservative syntax review
當世無雙	u	chengyu		china-idiom+agent	insufficient-syntax-evidence	low	accept	conservative syntax review
當之有愧	u	chengyu		china-idiom+agent	insufficient-syntax-evidence	low	accept	conservative syntax review
當之無愧	u	chengyu		china-idiom+agent	insufficient-syntax-evidence	low	accept	conservative syntax review
當務之急	u	chengyu		china-idiom+agent	insufficient-syntax-evidence	low	accept	conservative syntax review
當局者迷	u	chengyu		china-idiom+agent	insufficient-syntax-evidence	low	accept	conservative syntax review
當機立斷	u	chengyu		china-idiom+agent	insufficient-syntax-evidence	low	accept	conservative syntax review
當行出色	u	chengyu		china-idiom+agent	insufficient-syntax-evidence	low	accept	conservative syntax review
疏財仗義	u	chengyu		china-idiom+agent	insufficient-syntax-evidence	low	accept	conservative syntax review
疏財重義	u	chengyu		china-idiom+agent	insufficient-syntax-evidence	low	accept	conservative syntax review
疑心生暗鬼	u	chengyu		china-idiom+agent	insufficient-syntax-evidence	low	accept	conservative syntax review
疑神疑鬼	u	chengyu		china-idiom+agent	insufficient-syntax-evidence	low	accept	conservative syntax review
疾如旋踵	u	chengyu		china-idiom+agent	insufficient-syntax-evidence	low	accept	conservative syntax review
疾如雷電	u	chengyu		china-idiom+agent	insufficient-syntax-evidence	low	accept	conservative syntax review
疾惡如仇	u	chengyu		china-idiom+agent	insufficient-syntax-evidence	low	accept	conservative syntax review
疾言遽色	u	chengyu		china-idiom+agent	insufficient-syntax-evidence	low	accept	conservative syntax review
疾風知勁草	u	chengyu		china-idiom+agent	insufficient-syntax-evidence	low	accept	conservative syntax review
疾風迅雷	u	chengyu		china-idiom+agent	insufficient-syntax-evidence	low	accept	conservative syntax review
疾首蹙額	u	chengyu		china-idiom+agent	insufficient-syntax-evidence	low	accept	conservative syntax review
病入膏肓	u	chengyu		china-idiom+agent	insufficient-syntax-evidence	low	accept	conservative syntax review
病國殃民	u	chengyu		china-idiom+agent	insufficient-syntax-evidence	low	accept	conservative syntax review
病急亂投醫	u	chengyu		china-idiom+agent	insufficient-syntax-evidence	low	accept	conservative syntax review
病民害國	u	chengyu		china-idiom+agent	insufficient-syntax-evidence	low	accept	conservative syntax review
病民蠱國	u	chengyu		china-idiom+agent	insufficient-syntax-evidence	low	accept	conservative syntax review
痛心疾首	u	chengyu		china-idiom+agent	insufficient-syntax-evidence	low	accept	conservative syntax review
痛深惡絕	u	chengyu		china-idiom+agent	insufficient-syntax-evidence	low	accept	conservative syntax review
痴人説夢	u	chengyu		china-idiom+agent	insufficient-syntax-evidence	low	accept	conservative syntax review
痴男怨女	u	chengyu		china-idiom+agent	insufficient-syntax-evidence	low	accept	conservative syntax review
瘠人肥己	u	chengyu		china-idiom+agent	insufficient-syntax-evidence	low	accept	conservative syntax review
瘠己肥人	u	chengyu		china-idiom+agent	insufficient-syntax-evidence	low	accept	conservative syntax review
瘡痍滿目	u	chengyu		china-idiom+agent	insufficient-syntax-evidence	low	accept	conservative syntax review
瘦骨伶仃	u	chengyu		china-idiom+agent	insufficient-syntax-evidence	low	accept	conservative syntax review
瘦骨如柴	a	chengyu		china-idiom+agent	state-definition	high	accept	conservative syntax review
登山臨水	u	chengyu		china-idiom+agent	insufficient-syntax-evidence	low	accept	conservative syntax review
登峯造極	u	chengyu		china-idiom+agent	insufficient-syntax-evidence	low	accept	conservative syntax review
發人深省	u	chengyu		china-idiom+agent	insufficient-syntax-evidence	low	accept	conservative syntax review
發奮圖強	u	chengyu		china-idiom+agent	insufficient-syntax-evidence	low	accept	conservative syntax review
發憤圖強	u	chengyu		china-idiom+agent	insufficient-syntax-evidence	low	accept	conservative syntax review
發揚蹈厲	u	chengyu		china-idiom+agent	insufficient-syntax-evidence	low	accept	conservative syntax review
白圭之玷	u	chengyu		china-idiom+agent	insufficient-syntax-evidence	low	accept	conservative syntax review
白手興家	u	chengyu		china-idiom+agent	insufficient-syntax-evidence	low	accept	conservative syntax review
白手起家	u	chengyu		china-idiom+agent	insufficient-syntax-evidence	low	accept	conservative syntax review
白日做夢	u	chengyu		china-idiom+agent	insufficient-syntax-evidence	low	accept	conservative syntax review
白璧微瑕	u	chengyu		china-idiom+agent	insufficient-syntax-evidence	low	accept	conservative syntax review
白眉赤眼	u	chengyu		china-idiom+agent	insufficient-syntax-evidence	low	accept	conservative syntax review
白衣蒼狗	u	chengyu		china-idiom+agent	insufficient-syntax-evidence	low	accept	conservative syntax review
白首窮經	u	chengyu		china-idiom+agent	insufficient-syntax-evidence	low	accept	conservative syntax review
白首齊眉	u	chengyu		china-idiom+agent	insufficient-syntax-evidence	low	accept	conservative syntax review
百卉千葩	u	chengyu		china-idiom+agent	insufficient-syntax-evidence	low	accept	conservative syntax review
百堵皆作	u	chengyu		china-idiom+agent	insufficient-syntax-evidence	low	accept	conservative syntax review
百孔千瘡	u	chengyu		china-idiom+agent	insufficient-syntax-evidence	low	accept	conservative syntax review
百川歸海	u	chengyu		china-idiom+agent	insufficient-syntax-evidence	low	accept	conservative syntax review
百年不遇	u	chengyu		china-idiom+agent	insufficient-syntax-evidence	low	accept	conservative syntax review
百廢俱興	u	chengyu		china-idiom+agent	insufficient-syntax-evidence	low	accept	conservative syntax review
百廢具興	u	chengyu		china-idiom+agent	insufficient-syntax-evidence	low	accept	conservative syntax review
百廢待興	u	chengyu		china-idiom+agent	insufficient-syntax-evidence	low	accept	conservative syntax review
百廢待舉	u	chengyu		china-idiom+agent	insufficient-syntax-evidence	low	accept	conservative syntax review
百弊叢生	u	chengyu		china-idiom+agent	insufficient-syntax-evidence	low	accept	conservative syntax review
百思不得其解	u	chengyu		china-idiom+agent	insufficient-syntax-evidence	low	accept	conservative syntax review
百思莫解	u	chengyu		china-idiom+agent	insufficient-syntax-evidence	low	accept	conservative syntax review
百感交集	u	chengyu		china-idiom+agent	insufficient-syntax-evidence	low	accept	conservative syntax review
百折不撓	u	chengyu		china-idiom+agent	insufficient-syntax-evidence	low	accept	conservative syntax review
百步穿楊	u	chengyu		china-idiom+agent	insufficient-syntax-evidence	low	accept	conservative syntax review
百無一是	u	chengyu		china-idiom+agent	insufficient-syntax-evidence	low	accept	conservative syntax review
百無聊賴	u	chengyu		china-idiom+agent	insufficient-syntax-evidence	low	accept	conservative syntax review
百發百中	u	chengyu		china-idiom+agent	insufficient-syntax-evidence	low	accept	conservative syntax review
百端待舉	u	chengyu		china-idiom+agent	insufficient-syntax-evidence	low	accept	conservative syntax review
百聞不如一見	u	chengyu		china-idiom+agent	insufficient-syntax-evidence	low	accept	conservative syntax review
百般奉承	u	chengyu		china-idiom+agent	insufficient-syntax-evidence	low	accept	conservative syntax review
百裏挑一	u	chengyu		china-idiom+agent	insufficient-syntax-evidence	low	accept	conservative syntax review
百計千方	u	chengyu		china-idiom+agent	insufficient-syntax-evidence	low	accept	conservative syntax review
百讀不厭	u	chengyu		china-idiom+agent	insufficient-syntax-evidence	low	accept	conservative syntax review
百身莫贖	u	chengyu		china-idiom+agent	insufficient-syntax-evidence	low	accept	conservative syntax review
百辭莫辯	u	chengyu		china-idiom+agent	insufficient-syntax-evidence	low	accept	conservative syntax review
皆大歡喜	u	chengyu		china-idiom+agent	insufficient-syntax-evidence	low	accept	conservative syntax review
皇天不負有心人	u	chengyu		china-idiom+agent	insufficient-syntax-evidence	low	accept	conservative syntax review
皇天不負苦心人	u	chengyu		china-idiom+agent	insufficient-syntax-evidence	low	accept	conservative syntax review
皓首蒼顏	u	chengyu		china-idiom+agent	insufficient-syntax-evidence	low	accept	conservative syntax review
皓齒明眸	u	chengyu		china-idiom+agent	insufficient-syntax-evidence	low	accept	conservative syntax review
皮笑肉不笑	a	chengyu		china-idiom+agent	state-definition	high	accept	conservative syntax review
盈則必虧	u	chengyu		china-idiom+agent	insufficient-syntax-evidence	low	accept	conservative syntax review
盈滿之咎	u	chengyu		china-idiom+agent	insufficient-syntax-evidence	low	accept	conservative syntax review
盛氣凌人	u	chengyu		china-idiom+agent	insufficient-syntax-evidence	low	accept	conservative syntax review
盜名欺世	u	chengyu		china-idiom+agent	insufficient-syntax-evidence	low	accept	conservative syntax review
盡人皆知	u	chengyu		china-idiom+agent	insufficient-syntax-evidence	low	accept	conservative syntax review
盡善盡美	a	chengyu		china-idiom+agent	state-definition	high	accept	conservative syntax review
盡如人意	u	chengyu		china-idiom+agent	insufficient-syntax-evidence	low	accept	conservative syntax review
盡心竭力	u	chengyu		china-idiom+agent	insufficient-syntax-evidence	low	accept	conservative syntax review
盡忠報國	u	chengyu		china-idiom+agent	insufficient-syntax-evidence	low	accept	conservative syntax review
盡歡而散	u	chengyu		china-idiom+agent	insufficient-syntax-evidence	low	accept	conservative syntax review
盤根問底	u	chengyu		china-idiom+agent	insufficient-syntax-evidence	low	accept	conservative syntax review
盤根錯節	u	chengyu		china-idiom+agent	insufficient-syntax-evidence	low	accept	conservative syntax review
盤馬彎弓	u	chengyu		china-idiom+agent	insufficient-syntax-evidence	low	accept	conservative syntax review
盤龍卧虎	u	chengyu		china-idiom+agent	insufficient-syntax-evidence	low	accept	conservative syntax review
目不交睫	u	chengyu		china-idiom+agent	insufficient-syntax-evidence	low	accept	conservative syntax review
目不忍睹	u	chengyu		china-idiom+agent	insufficient-syntax-evidence	low	accept	conservative syntax review
目不忍見	u	chengyu		china-idiom+agent	insufficient-syntax-evidence	low	accept	conservative syntax review
目不忍視	u	chengyu		china-idiom+agent	insufficient-syntax-evidence	low	accept	conservative syntax review
目不暇接	u	chengyu		china-idiom+agent	insufficient-syntax-evidence	low	accept	conservative syntax review
目不暇給	u	chengyu		china-idiom+agent	insufficient-syntax-evidence	low	accept	conservative syntax review
目不轉睛	u	chengyu		china-idiom+agent	insufficient-syntax-evidence	low	accept	conservative syntax review
目中無人	u	chengyu		china-idiom+agent	insufficient-syntax-evidence	low	accept	conservative syntax review
目光如炬	u	chengyu		china-idiom+agent	insufficient-syntax-evidence	low	accept	conservative syntax review
目光如豆	u	chengyu		china-idiom+agent	insufficient-syntax-evidence	low	accept	conservative syntax review
目定口呆	u	chengyu		china-idiom+agent	insufficient-syntax-evidence	low	accept	conservative syntax review
目怔口呆	u	chengyu		china-idiom+agent	insufficient-syntax-evidence	low	accept	conservative syntax review
目挑心招	u	chengyu		china-idiom+agent	insufficient-syntax-evidence	low	accept	conservative syntax review
目眩頭昏	u	chengyu		china-idiom+agent	insufficient-syntax-evidence	low	accept	conservative syntax review
目睜口呆	u	chengyu		china-idiom+agent	insufficient-syntax-evidence	low	accept	conservative syntax review
目瞪口呆	u	chengyu		china-idiom+agent	insufficient-syntax-evidence	low	accept	conservative syntax review
目迷五色	u	chengyu		china-idiom+agent	insufficient-syntax-evidence	low	accept	conservative syntax review
直捷了當	u	chengyu		china-idiom+agent	insufficient-syntax-evidence	low	accept	conservative syntax review
直言無諱	u	chengyu		china-idiom+agent	insufficient-syntax-evidence	low	accept	conservative syntax review
直認不諱	u	chengyu		china-idiom+agent	insufficient-syntax-evidence	low	accept	conservative syntax review
相依為命	u	chengyu		china-idiom+agent	insufficient-syntax-evidence	low	accept	conservative syntax review
相去無幾	u	chengyu		china-idiom+agent	insufficient-syntax-evidence	low	accept	conservative syntax review
相差無幾	u	chengyu		china-idiom+agent	insufficient-syntax-evidence	low	accept	conservative syntax review
相得益彰	u	chengyu		china-idiom+agent	insufficient-syntax-evidence	low	accept	conservative syntax review
相提並論	u	chengyu		china-idiom+agent	insufficient-syntax-evidence	low	accept	conservative syntax review
相敬如賓	u	chengyu		china-idiom+agent	insufficient-syntax-evidence	low	accept	conservative syntax review
相機而動	u	chengyu		china-idiom+agent	insufficient-syntax-evidence	low	accept	conservative syntax review
相機行事	u	chengyu		china-idiom+agent	insufficient-syntax-evidence	low	accept	conservative syntax review
相見恨晚	u	chengyu		china-idiom+agent	insufficient-syntax-evidence	low	accept	conservative syntax review
相親相愛	u	chengyu		china-idiom+agent	insufficient-syntax-evidence	low	accept	conservative syntax review
相逢恨晚	u	chengyu		china-idiom+agent	insufficient-syntax-evidence	low	accept	conservative syntax review
省吃儉用	u	chengyu		china-idiom+agent	insufficient-syntax-evidence	low	accept	conservative syntax review
眉毛鬍子一把抓	u	chengyu		china-idiom+agent	clause-without-syntax-slot	low	accept	conservative syntax review
眉飛色舞	u	chengyu		china-idiom+agent	insufficient-syntax-evidence	low	accept	conservative syntax review
看人眉眼	u	chengyu		china-idiom+agent	insufficient-syntax-evidence	low	accept	conservative syntax review
看人行事	u	chengyu		china-idiom+agent	insufficient-syntax-evidence	low	accept	conservative syntax review
看破紅塵	u	chengyu		china-idiom+agent	insufficient-syntax-evidence	low	accept	conservative syntax review
看菜吃飯	u	chengyu		china-idiom+agent	insufficient-syntax-evidence	low	accept	conservative syntax review
真人不露相	u	chengyu		china-idiom+agent	insufficient-syntax-evidence	low	accept	conservative syntax review
真才實學	u	chengyu		china-idiom+agent	insufficient-syntax-evidence	low	accept	conservative syntax review
真相大白	u	chengyu		china-idiom+agent	insufficient-syntax-evidence	low	accept	conservative syntax review
真相畢露	u	chengyu		china-idiom+agent	insufficient-syntax-evidence	low	accept	conservative syntax review
真金不怕火煉	u	chengyu		china-idiom+agent	insufficient-syntax-evidence	low	accept	conservative syntax review
眷眷之心	n	chengyu		china-idiom+agent	nominal-slot-or-referent	high	accept	conservative syntax review
眼不見心不煩	u	chengyu		china-idiom+agent	insufficient-syntax-evidence	low	accept	conservative syntax review
眼不見為淨	u	chengyu		china-idiom+agent	insufficient-syntax-evidence	low	accept	conservative syntax review
眼明手快	u	chengyu		china-idiom+agent	insufficient-syntax-evidence	low	accept	conservative syntax review
眼穿腸斷	u	chengyu		china-idiom+agent	insufficient-syntax-evidence	low	accept	conservative syntax review
眼高手低	u	chengyu		china-idiom+agent	insufficient-syntax-evidence	low	accept	conservative syntax review
眾口同聲	r	chengyu		china-idiom+agent	example-adverbial-de	high	accept	conservative syntax review
眾口鑠金	u	chengyu		china-idiom+agent	insufficient-syntax-evidence	low	accept	conservative syntax review
眾寡懸殊	u	chengyu		china-idiom+agent	insufficient-syntax-evidence	low	accept	conservative syntax review
眾志成城	u	chengyu		china-idiom+agent	insufficient-syntax-evidence	low	accept	conservative syntax review
眾怒難犯	u	chengyu		china-idiom+agent	insufficient-syntax-evidence	low	accept	conservative syntax review
眾擎易舉	u	chengyu		china-idiom+agent	insufficient-syntax-evidence	low	accept	conservative syntax review
眾星拱月	u	chengyu		china-idiom+agent	insufficient-syntax-evidence	low	accept	conservative syntax review
眾星捧月	v	chengyu		china-idiom+agent	agent-reviewed-override	high	accept	conservative syntax review
眾星攢月	u	chengyu		china-idiom+agent	insufficient-syntax-evidence	low	accept	conservative syntax review
眾目睽睽	u	chengyu		china-idiom+agent	insufficient-syntax-evidence	low	accept	conservative syntax review
眾盲摸象	u	chengyu		china-idiom+agent	insufficient-syntax-evidence	low	accept	conservative syntax review
眾矢之的	u	chengyu		china-idiom+agent	insufficient-syntax-evidence	low	accept	conservative syntax review
眾説紛揉	u	chengyu		china-idiom+agent	insufficient-syntax-evidence	low	accept	conservative syntax review
眾説紛紜	u	chengyu		china-idiom+agent	insufficient-syntax-evidence	low	accept	conservative syntax review
着三不着兩	u	chengyu		china-idiom+agent	insufficient-syntax-evidence	low	accept	conservative syntax review
着手成春	u	chengyu		china-idiom+agent	insufficient-syntax-evidence	low	accept	conservative syntax review
睚眥必報	u	chengyu		china-idiom+agent	insufficient-syntax-evidence	low	accept	conservative syntax review
睹景傷情	u	chengyu		china-idiom+agent	insufficient-syntax-evidence	low	accept	conservative syntax review
睹物思人	u	chengyu		china-idiom+agent	insufficient-syntax-evidence	low	accept	conservative syntax review
瞞天大謊	n	chengyu		china-idiom+agent	nominal-slot-or-referent	high	accept	conservative syntax review
瞠目結舌	u	chengyu		china-idiom+agent	insufficient-syntax-evidence	low	accept	conservative syntax review
瞠目而視	u	chengyu		china-idiom+agent	insufficient-syntax-evidence	low	accept	conservative syntax review
瞬息萬變	u	chengyu		china-idiom+agent	insufficient-syntax-evidence	low	accept	conservative syntax review
矇昧無知	u	chengyu		china-idiom+agent	insufficient-syntax-evidence	low	accept	conservative syntax review
矜功不立	u	chengyu		china-idiom+agent	insufficient-syntax-evidence	low	accept	conservative syntax review
矢志不渝	u	chengyu		china-idiom+agent	insufficient-syntax-evidence	low	accept	conservative syntax review
知人善任	u	chengyu		china-idiom+agent	insufficient-syntax-evidence	low	accept	conservative syntax review
知人知面不知心	u	chengyu		china-idiom+agent	clause-without-syntax-slot	low	accept	conservative syntax review
知其一不知其二	u	chengyu		china-idiom+agent	clause-without-syntax-slot	low	accept	conservative syntax review
知命之年	n	chengyu		china-idiom+agent	agent-reviewed-override	high	accept	conservative syntax review
知子莫若父	u	chengyu		china-idiom+agent	insufficient-syntax-evidence	low	accept	conservative syntax review
知情達理	u	chengyu		china-idiom+agent	insufficient-syntax-evidence	low	accept	conservative syntax review
知難而進	u	chengyu		china-idiom+agent	insufficient-syntax-evidence	low	accept	conservative syntax review
短中取長	u	chengyu		china-idiom+agent	insufficient-syntax-evidence	low	accept	conservative syntax review
短小精悍	u	chengyu		china-idiom+agent	insufficient-syntax-evidence	low	accept	conservative syntax review
短綆汲深	u	chengyu		china-idiom+agent	insufficient-syntax-evidence	low	accept	conservative syntax review
短褐不完	u	chengyu		china-idiom+agent	insufficient-syntax-evidence	low	accept	conservative syntax review
矯枉過正	u	chengyu		china-idiom+agent	insufficient-syntax-evidence	low	accept	conservative syntax review
矯枉過直	u	chengyu		china-idiom+agent	insufficient-syntax-evidence	low	accept	conservative syntax review
石沉大海	u	chengyu		china-idiom+agent	insufficient-syntax-evidence	low	accept	conservative syntax review
石破天驚	u	chengyu		china-idiom+agent	insufficient-syntax-evidence	low	accept	conservative syntax review
砌詞捏控	u	chengyu		china-idiom+agent	insufficient-syntax-evidence	low	accept	conservative syntax review
破天荒	u	chengyu		china-idiom+agent	insufficient-syntax-evidence	low	accept	conservative syntax review
破竹建瓴	u	chengyu		china-idiom+agent	insufficient-syntax-evidence	low	accept	conservative syntax review
破綻百出	u	chengyu		china-idiom+agent	insufficient-syntax-evidence	low	accept	conservative syntax review
破膽寒心	u	chengyu		china-idiom+agent	insufficient-syntax-evidence	low	accept	conservative syntax review
破釜沉舟	u	chengyu		china-idiom+agent	insufficient-syntax-evidence	low	accept	conservative syntax review
破鏡重圓	u	chengyu		china-idiom+agent	insufficient-syntax-evidence	low	accept	conservative syntax review
破門而入	u	chengyu		china-idiom+agent	insufficient-syntax-evidence	low	accept	conservative syntax review
硬語盤空	u	chengyu		china-idiom+agent	insufficient-syntax-evidence	low	accept	conservative syntax review
碎瓊亂玉	u	chengyu		china-idiom+agent	insufficient-syntax-evidence	low	accept	conservative syntax review
碩果僅存	u	chengyu		china-idiom+agent	insufficient-syntax-evidence	low	accept	conservative syntax review
碰釘子	u	chengyu		china-idiom+agent	insufficient-syntax-evidence	low	accept	conservative syntax review
確鑿不移	a	chengyu		china-idiom+agent	state-definition	high	accept	conservative syntax review
磨穿鐵硯	u	chengyu		china-idiom+agent	insufficient-syntax-evidence	low	accept	conservative syntax review
礙口識羞	u	chengyu		china-idiom+agent	insufficient-syntax-evidence	low	accept	conservative syntax review
社會賢達	u	chengyu		china-idiom+agent	insufficient-syntax-evidence	low	accept	conservative syntax review
社鼠城狐	u	chengyu		china-idiom+agent	insufficient-syntax-evidence	low	accept	conservative syntax review
神不守舍	u	chengyu		china-idiom+agent	insufficient-syntax-evidence	low	accept	conservative syntax review
神不知鬼不覺	r	chengyu		china-idiom+agent	example-adverbial-de	high	accept	conservative syntax review
神機妙算	u	chengyu		china-idiom+agent	insufficient-syntax-evidence	low	accept	conservative syntax review
神色不動	u	chengyu		china-idiom+agent	insufficient-syntax-evidence	low	accept	conservative syntax review
神采奕奕	u	chengyu		china-idiom+agent	insufficient-syntax-evidence	low	accept	conservative syntax review
神采飛揚	r	chengyu		china-idiom+agent	example-adverbial-de	high	accept	conservative syntax review
神魂顛倒	u	chengyu		china-idiom+agent	insufficient-syntax-evidence	low	accept	conservative syntax review
神龍見首不見尾	u	chengyu		china-idiom+agent	clause-without-syntax-slot	low	accept	conservative syntax review
禍從天降	u	chengyu		china-idiom+agent	insufficient-syntax-evidence	low	accept	conservative syntax review
禍棗災梨	u	chengyu		china-idiom+agent	insufficient-syntax-evidence	low	accept	conservative syntax review
禍福同門	u	chengyu		china-idiom+agent	insufficient-syntax-evidence	low	accept	conservative syntax review
禍福無常	u	chengyu		china-idiom+agent	insufficient-syntax-evidence	low	accept	conservative syntax review
禍福無門	u	chengyu		china-idiom+agent	insufficient-syntax-evidence	low	accept	conservative syntax review
禍首罪魁	u	chengyu		china-idiom+agent	insufficient-syntax-evidence	low	accept	conservative syntax review
福壽年高	u	chengyu		china-idiom+agent	insufficient-syntax-evidence	low	accept	conservative syntax review
福壽無疆	u	chengyu		china-idiom+agent	insufficient-syntax-evidence	low	accept	conservative syntax review
福如東海	u	chengyu		china-idiom+agent	insufficient-syntax-evidence	low	accept	conservative syntax review
福祿雙全	u	chengyu		china-idiom+agent	insufficient-syntax-evidence	low	accept	conservative syntax review
禮壞樂崩	u	chengyu		china-idiom+agent	insufficient-syntax-evidence	low	accept	conservative syntax review
禮尚往來	u	chengyu		china-idiom+agent	insufficient-syntax-evidence	low	accept	conservative syntax review
禮崩樂壞	u	chengyu		china-idiom+agent	insufficient-syntax-evidence	low	accept	conservative syntax review
禮賢下士	u	chengyu		china-idiom+agent	insufficient-syntax-evidence	low	accept	conservative syntax review
禮輕人意重	u	chengyu		china-idiom+agent	insufficient-syntax-evidence	low	accept	conservative syntax review
禮輕情意重	u	chengyu		china-idiom+agent	insufficient-syntax-evidence	low	accept	conservative syntax review
秀外慧中	u	chengyu		china-idiom+agent	insufficient-syntax-evidence	low	accept	conservative syntax review
秀而不實	u	chengyu		china-idiom+agent	insufficient-syntax-evidence	low	accept	conservative syntax review
私相授受	u	chengyu		china-idiom+agent	insufficient-syntax-evidence	low	accept	conservative syntax review
秉燭夜遊	u	chengyu		china-idiom+agent	insufficient-syntax-evidence	low	accept	conservative syntax review
秋毫不犯	u	chengyu		china-idiom+agent	insufficient-syntax-evidence	low	accept	conservative syntax review
秋毫無犯	u	chengyu		china-idiom+agent	insufficient-syntax-evidence	low	accept	conservative syntax review
秋風掃落葉	u	chengyu		china-idiom+agent	insufficient-syntax-evidence	low	accept	conservative syntax review
秦歡晉愛	u	chengyu		china-idiom+agent	insufficient-syntax-evidence	low	accept	conservative syntax review
移山倒海	u	chengyu		china-idiom+agent	insufficient-syntax-evidence	low	accept	conservative syntax review
移樽就教	u	chengyu		china-idiom+agent	insufficient-syntax-evidence	low	accept	conservative syntax review
移風易俗	u	chengyu		china-idiom+agent	insufficient-syntax-evidence	low	accept	conservative syntax review
程門立雪	u	chengyu		china-idiom+agent	insufficient-syntax-evidence	low	accept	conservative syntax review
稗官野史	u	chengyu		china-idiom+agent	insufficient-syntax-evidence	low	accept	conservative syntax review
稠人廣眾	u	chengyu		china-idiom+agent	insufficient-syntax-evidence	low	accept	conservative syntax review
稱心如意	u	chengyu		china-idiom+agent	insufficient-syntax-evidence	low	accept	conservative syntax review
稱心滿意	u	chengyu		china-idiom+agent	insufficient-syntax-evidence	low	accept	conservative syntax review
稱王稱霸	u	chengyu		china-idiom+agent	insufficient-syntax-evidence	low	accept	conservative syntax review
稱賢薦能	u	chengyu		china-idiom+agent	insufficient-syntax-evidence	low	accept	conservative syntax review
積勞成疾	u	chengyu		china-idiom+agent	insufficient-syntax-evidence	low	accept	conservative syntax review
積勞成病	u	chengyu		china-idiom+agent	insufficient-syntax-evidence	low	accept	conservative syntax review
積年累月	u	chengyu		china-idiom+agent	insufficient-syntax-evidence	low	accept	conservative syntax review
積德累功	u	chengyu		china-idiom+agent	insufficient-syntax-evidence	low	accept	conservative syntax review
積惡餘殃	u	chengyu		china-idiom+agent	insufficient-syntax-evidence	low	accept	conservative syntax review
積憂成疾	u	chengyu		china-idiom+agent	insufficient-syntax-evidence	low	accept	conservative syntax review
積習成俗	u	chengyu		china-idiom+agent	insufficient-syntax-evidence	low	accept	conservative syntax review
積習難改	u	chengyu		china-idiom+agent	insufficient-syntax-evidence	low	accept	conservative syntax review
積草屯糧	u	chengyu		china-idiom+agent	insufficient-syntax-evidence	low	accept	conservative syntax review
積金累玉	u	chengyu		china-idiom+agent	insufficient-syntax-evidence	low	accept	conservative syntax review
積非成是	u	chengyu		china-idiom+agent	insufficient-syntax-evidence	low	accept	conservative syntax review
空前絕後	u	chengyu		china-idiom+agent	insufficient-syntax-evidence	low	accept	conservative syntax review
空口説白話	u	chengyu		china-idiom+agent	insufficient-syntax-evidence	low	accept	conservative syntax review
空城計	u	chengyu		china-idiom+agent	insufficient-syntax-evidence	low	accept	conservative syntax review
空室清野	u	chengyu		china-idiom+agent	insufficient-syntax-evidence	low	accept	conservative syntax review
空腹高心	u	chengyu		china-idiom+agent	insufficient-syntax-evidence	low	accept	conservative syntax review
空話連篇	u	chengyu		china-idiom+agent	insufficient-syntax-evidence	low	accept	conservative syntax review
空谷足音	u	chengyu		china-idiom+agent	insufficient-syntax-evidence	low	accept	conservative syntax review
空頭支票	u	chengyu		china-idiom+agent	insufficient-syntax-evidence	low	accept	conservative syntax review
穿房入户	u	chengyu		china-idiom+agent	insufficient-syntax-evidence	low	accept	conservative syntax review
穿鑿附會	u	chengyu		china-idiom+agent	insufficient-syntax-evidence	low	accept	conservative syntax review
突飛猛進	u	chengyu		china-idiom+agent	insufficient-syntax-evidence	low	accept	conservative syntax review
窩火憋氣	u	chengyu		china-idiom+agent	insufficient-syntax-evidence	low	accept	conservative syntax review
窮不失義	u	chengyu		china-idiom+agent	insufficient-syntax-evidence	low	accept	conservative syntax review
窮兇極惡	u	chengyu		china-idiom+agent	insufficient-syntax-evidence	low	accept	conservative syntax review
窮寇勿追	u	chengyu		china-idiom+agent	insufficient-syntax-evidence	low	accept	conservative syntax review
窮愁潦倒	u	chengyu		china-idiom+agent	insufficient-syntax-evidence	low	accept	conservative syntax review
窮極無聊	u	chengyu		china-idiom+agent	insufficient-syntax-evidence	low	accept	conservative syntax review
窺豹一斑	u	chengyu		china-idiom+agent	insufficient-syntax-evidence	low	accept	conservative syntax review
竊竊私議	u	chengyu		china-idiom+agent	insufficient-syntax-evidence	low	accept	conservative syntax review
立於不敗之地	u	chengyu		china-idiom+agent	insufficient-syntax-evidence	low	accept	conservative syntax review
章甫薦履	u	chengyu		china-idiom+agent	insufficient-syntax-evidence	low	accept	conservative syntax review
童叟無欺	u	chengyu		china-idiom+agent	insufficient-syntax-evidence	low	accept	conservative syntax review
竭澤而漁	u	chengyu		china-idiom+agent	insufficient-syntax-evidence	low	accept	conservative syntax review
竭盡全力	u	chengyu		china-idiom+agent	insufficient-syntax-evidence	low	accept	conservative syntax review
笑不可仰	u	chengyu		china-idiom+agent	insufficient-syntax-evidence	low	accept	conservative syntax review
笑容可掬	u	chengyu		china-idiom+agent	insufficient-syntax-evidence	low	accept	conservative syntax review
笑逐顏開	u	chengyu		china-idiom+agent	insufficient-syntax-evidence	low	accept	conservative syntax review
笑面虎	n	chengyu		china-idiom+agent	nominal-slot-or-referent	high	accept	conservative syntax review
笨嘴笨舌	u	chengyu		china-idiom+agent	insufficient-syntax-evidence	low	accept	conservative syntax review
笨鳥先飛	u	chengyu		china-idiom+agent	insufficient-syntax-evidence	low	accept	conservative syntax review
筆下生花	u	chengyu		china-idiom+agent	insufficient-syntax-evidence	low	accept	conservative syntax review
筆墨官司	n	chengyu		china-idiom+agent	nominal-slot-or-referent	high	accept	conservative syntax review
等米下鍋	u	chengyu		china-idiom+agent	insufficient-syntax-evidence	low	accept	conservative syntax review
等而下之	u	chengyu		china-idiom+agent	insufficient-syntax-evidence	low	accept	conservative syntax review
等閒視之	u	chengyu		china-idiom+agent	insufficient-syntax-evidence	low	accept	conservative syntax review
筐篋中物	n	chengyu		china-idiom+agent	nominal-slot-or-referent	high	accept	conservative syntax review
答非所問	u	chengyu		china-idiom+agent	insufficient-syntax-evidence	low	accept	conservative syntax review
管見所及	u	chengyu		china-idiom+agent	insufficient-syntax-evidence	low	accept	conservative syntax review
節外生枝	u	chengyu		china-idiom+agent	insufficient-syntax-evidence	low	accept	conservative syntax review
築室反耕	u	chengyu		china-idiom+agent	insufficient-syntax-evidence	low	accept	conservative syntax review
築室道謀	u	chengyu		china-idiom+agent	insufficient-syntax-evidence	low	accept	conservative syntax review
篝火狐鳴	u	chengyu		china-idiom+agent	insufficient-syntax-evidence	low	accept	conservative syntax review
籠中之鳥	u	chengyu		china-idiom+agent	insufficient-syntax-evidence	low	accept	conservative syntax review
米已成炊	u	chengyu		china-idiom+agent	insufficient-syntax-evidence	low	accept	conservative syntax review
米珠薪桂	u	chengyu		china-idiom+agent	insufficient-syntax-evidence	low	accept	conservative syntax review
粉墨登場	u	chengyu		china-idiom+agent	insufficient-syntax-evidence	low	accept	conservative syntax review
粉妝玉琢	u	chengyu		china-idiom+agent	insufficient-syntax-evidence	low	accept	conservative syntax review
粗枝大葉	u	chengyu		china-idiom+agent	insufficient-syntax-evidence	low	accept	conservative syntax review
粗通文墨	u	chengyu		china-idiom+agent	insufficient-syntax-evidence	low	accept	conservative syntax review
粘皮帶骨	u	chengyu		china-idiom+agent	insufficient-syntax-evidence	low	accept	conservative syntax review
精打細算	u	chengyu		china-idiom+agent	insufficient-syntax-evidence	low	accept	conservative syntax review
精明強幹	u	chengyu		china-idiom+agent	insufficient-syntax-evidence	low	accept	conservative syntax review
精疲力盡	u	chengyu		china-idiom+agent	insufficient-syntax-evidence	low	accept	conservative syntax review
精益求精	u	chengyu		china-idiom+agent	insufficient-syntax-evidence	low	accept	conservative syntax review
精神滿腹	u	chengyu		china-idiom+agent	insufficient-syntax-evidence	low	accept	conservative syntax review
精神煥發	u	chengyu		china-idiom+agent	insufficient-syntax-evidence	low	accept	conservative syntax review
糊里糊塗	u	chengyu		china-idiom+agent	insufficient-syntax-evidence	low	accept	conservative syntax review
糖衣炮彈	u	chengyu		china-idiom+agent	insufficient-syntax-evidence	low	accept	conservative syntax review
紅豆相思	u	chengyu		china-idiom+agent	insufficient-syntax-evidence	low	accept	conservative syntax review
紆尊降貴	u	chengyu		china-idiom+agent	insufficient-syntax-evidence	low	accept	conservative syntax review
紙貴洛陽	u	chengyu		china-idiom+agent	insufficient-syntax-evidence	low	accept	conservative syntax review
紙醉金迷	u	chengyu		china-idiom+agent	insufficient-syntax-evidence	low	accept	conservative syntax review
紛至沓來	u	chengyu		china-idiom+agent	insufficient-syntax-evidence	low	accept	conservative syntax review
素不相能	u	chengyu		china-idiom+agent	insufficient-syntax-evidence	low	accept	conservative syntax review
素不相識	u	chengyu		china-idiom+agent	insufficient-syntax-evidence	low	accept	conservative syntax review
素未謀面	u	chengyu		china-idiom+agent	insufficient-syntax-evidence	low	accept	conservative syntax review
索然寡味	u	chengyu		china-idiom+agent	insufficient-syntax-evidence	low	accept	conservative syntax review
細針密縷	u	chengyu		china-idiom+agent	insufficient-syntax-evidence	low	accept	conservative syntax review
終成泡影	u	chengyu		china-idiom+agent	insufficient-syntax-evidence	low	accept	conservative syntax review
終而復始	u	chengyu		china-idiom+agent	insufficient-syntax-evidence	low	accept	conservative syntax review
結草銜環	u	chengyu		china-idiom+agent	insufficient-syntax-evidence	low	accept	conservative syntax review
結黨營私	u	chengyu		china-idiom+agent	insufficient-syntax-evidence	low	accept	conservative syntax review
絕子絕孫	v	chengyu		china-idiom+agent	action-definition	high	accept	conservative syntax review
絕無僅有	u	chengyu		china-idiom+agent	insufficient-syntax-evidence	low	accept	conservative syntax review
絲絲入扣	u	chengyu		china-idiom+agent	insufficient-syntax-evidence	low	accept	conservative syntax review
綆短汲深	u	chengyu		china-idiom+agent	insufficient-syntax-evidence	low	accept	conservative syntax review
經一事長一智	u	chengyu		china-idiom+agent	insufficient-syntax-evidence	low	accept	conservative syntax review
綠女紅男	u	chengyu		china-idiom+agent	insufficient-syntax-evidence	low	accept	conservative syntax review
綠慘紅愁	u	chengyu		china-idiom+agent	insufficient-syntax-evidence	low	accept	conservative syntax review
網開一面	u	chengyu		china-idiom+agent	insufficient-syntax-evidence	low	accept	conservative syntax review
綿綿瓜瓞	u	chengyu		china-idiom+agent	insufficient-syntax-evidence	low	accept	conservative syntax review
緊箍咒	u	chengyu		china-idiom+agent	insufficient-syntax-evidence	low	accept	conservative syntax review
緘口不言	u	chengyu		china-idiom+agent	insufficient-syntax-evidence	low	accept	conservative syntax review
緣木求魚	u	chengyu		china-idiom+agent	insufficient-syntax-evidence	low	accept	conservative syntax review
緩兵之計	n	chengyu		china-idiom+agent	nominal-slot-or-referent	high	accept	conservative syntax review
緩急相濟	u	chengyu		china-idiom+agent	insufficient-syntax-evidence	low	accept	conservative syntax review
緩急輕重	u	chengyu		china-idiom+agent	insufficient-syntax-evidence	low	accept	conservative syntax review
緩步代車	u	chengyu		china-idiom+agent	insufficient-syntax-evidence	low	accept	conservative syntax review
練達老成	u	chengyu		china-idiom+agent	insufficient-syntax-evidence	low	accept	conservative syntax review
縮手縮腳	u	chengyu		china-idiom+agent	insufficient-syntax-evidence	low	accept	conservative syntax review
縮衣節食	u	chengyu		china-idiom+agent	insufficient-syntax-evidence	low	accept	conservative syntax review
縮頭縮腦	u	chengyu		china-idiom+agent	insufficient-syntax-evidence	low	accept	conservative syntax review
縱橫交錯	u	chengyu		china-idiom+agent	insufficient-syntax-evidence	low	accept	conservative syntax review
總角之交	n	chengyu		china-idiom+agent	nominal-slot-or-referent	high	accept	conservative syntax review
總角之好	u	chengyu		china-idiom+agent	insufficient-syntax-evidence	low	accept	conservative syntax review
繁榮富強	u	chengyu		china-idiom+agent	insufficient-syntax-evidence	low	accept	conservative syntax review
繁花似錦	u	chengyu		china-idiom+agent	insufficient-syntax-evidence	low	accept	conservative syntax review
織當訪婢	u	chengyu		china-idiom+agent	insufficient-syntax-evidence	low	accept	conservative syntax review
繩其祖武	u	chengyu		china-idiom+agent	insufficient-syntax-evidence	low	accept	conservative syntax review
繪影繪聲	u	chengyu		china-idiom+agent	insufficient-syntax-evidence	low	accept	conservative syntax review
繪聲繪色	u	chengyu		china-idiom+agent	insufficient-syntax-evidence	low	accept	conservative syntax review
繼往開來	u	chengyu		china-idiom+agent	insufficient-syntax-evidence	low	accept	conservative syntax review
纖悉無遺	u	chengyu		china-idiom+agent	insufficient-syntax-evidence	low	accept	conservative syntax review
罪不容誅	u	chengyu		china-idiom+agent	insufficient-syntax-evidence	low	accept	conservative syntax review
罪加一等	u	chengyu		china-idiom+agent	insufficient-syntax-evidence	low	accept	conservative syntax review
罪大惡極	u	chengyu		china-idiom+agent	insufficient-syntax-evidence	low	accept	conservative syntax review
罪孽深重	u	chengyu		china-idiom+agent	insufficient-syntax-evidence	low	accept	conservative syntax review
罪有應得	u	chengyu		china-idiom+agent	insufficient-syntax-evidence	low	accept	conservative syntax review
罪該萬死	u	chengyu		china-idiom+agent	insufficient-syntax-evidence	low	accept	conservative syntax review
置之死地而後生	u	chengyu		china-idiom+agent	clause-without-syntax-slot	low	accept	conservative syntax review
置之腦後	u	chengyu		china-idiom+agent	insufficient-syntax-evidence	low	accept	conservative syntax review
置若罔聞	u	chengyu		china-idiom+agent	insufficient-syntax-evidence	low	accept	conservative syntax review
罵不絕口	u	chengyu		china-idiom+agent	insufficient-syntax-evidence	low	accept	conservative syntax review
羅織罪名	v	chengyu		china-idiom+agent	agent-reviewed-override	high	accept	conservative syntax review
羅雀掘鼠	u	chengyu		china-idiom+agent	insufficient-syntax-evidence	low	accept	conservative syntax review
羊毛出在羊身上	u	chengyu		china-idiom+agent	clause-without-syntax-slot	low	accept	conservative syntax review
羊狠狼貪	u	chengyu		china-idiom+agent	insufficient-syntax-evidence	low	accept	conservative syntax review
羌無故實	u	chengyu		china-idiom+agent	insufficient-syntax-evidence	low	accept	conservative syntax review
美景良辰	u	chengyu		china-idiom+agent	insufficient-syntax-evidence	low	accept	conservative syntax review
美芹之獻	u	chengyu		china-idiom+agent	insufficient-syntax-evidence	low	accept	conservative syntax review
羞與為伍	u	chengyu		china-idiom+agent	insufficient-syntax-evidence	low	accept	conservative syntax review
群威群膽	u	chengyu		china-idiom+agent	insufficient-syntax-evidence	low	accept	conservative syntax review
群策群力	u	chengyu		china-idiom+agent	insufficient-syntax-evidence	low	accept	conservative syntax review
群起而攻之	u	chengyu		china-idiom+agent	insufficient-syntax-evidence	low	accept	conservative syntax review
群魔亂舞	u	chengyu		china-idiom+agent	insufficient-syntax-evidence	low	accept	conservative syntax review
義不容辭	r	chengyu		china-idiom+agent	example-adverbial-de	high	accept	conservative syntax review
義憤填胸	u	chengyu		china-idiom+agent	insufficient-syntax-evidence	low	accept	conservative syntax review
義正辭嚴	u	chengyu		china-idiom+agent	insufficient-syntax-evidence	low	accept	conservative syntax review
義無反顧	u	chengyu		china-idiom+agent	insufficient-syntax-evidence	low	accept	conservative syntax review
羹藜含糗	u	chengyu		china-idiom+agent	insufficient-syntax-evidence	low	accept	conservative syntax review
羹藜唅糗	u	chengyu		china-idiom+agent	insufficient-syntax-evidence	low	accept	conservative syntax review
羽毛未豐	u	chengyu		china-idiom+agent	insufficient-syntax-evidence	low	accept	conservative syntax review
習以成俗	u	chengyu		china-idiom+agent	insufficient-syntax-evidence	low	accept	conservative syntax review
習以為常	u	chengyu		china-idiom+agent	insufficient-syntax-evidence	low	accept	conservative syntax review
習俗移性	u	chengyu		china-idiom+agent	insufficient-syntax-evidence	low	accept	conservative syntax review
習慣成自然	u	chengyu		china-idiom+agent	insufficient-syntax-evidence	low	accept	conservative syntax review
習與性成	u	chengyu		china-idiom+agent	insufficient-syntax-evidence	low	accept	conservative syntax review
翹足引領	u	chengyu		china-idiom+agent	insufficient-syntax-evidence	low	accept	conservative syntax review
翻來覆去	u	chengyu		china-idiom+agent	insufficient-syntax-evidence	low	accept	conservative syntax review
翻天覆地	u	chengyu		china-idiom+agent	insufficient-syntax-evidence	low	accept	conservative syntax review
翻空出奇	u	chengyu		china-idiom+agent	insufficient-syntax-evidence	low	accept	conservative syntax review
翻雲覆雨	u	chengyu		china-idiom+agent	insufficient-syntax-evidence	low	accept	conservative syntax review
耀武揚威	u	chengyu		china-idiom+agent	insufficient-syntax-evidence	low	accept	conservative syntax review
老奸巨滑	u	chengyu		china-idiom+agent	insufficient-syntax-evidence	low	accept	conservative syntax review
老弱殘兵	u	chengyu		china-idiom+agent	insufficient-syntax-evidence	low	accept	conservative syntax review
老態龍鍾	u	chengyu		china-idiom+agent	insufficient-syntax-evidence	low	accept	conservative syntax review
老江湖	n	chengyu		china-idiom+agent	nominal-slot-or-referent	high	accept	conservative syntax review
老牛破車	u	chengyu		china-idiom+agent	insufficient-syntax-evidence	low	accept	conservative syntax review
老牛舐犢	u	chengyu		china-idiom+agent	insufficient-syntax-evidence	low	accept	conservative syntax review
老蚌生珠	u	chengyu		china-idiom+agent	insufficient-syntax-evidence	low	accept	conservative syntax review
老調重彈	u	chengyu		china-idiom+agent	insufficient-syntax-evidence	low	accept	conservative syntax review
老馬戀棧	u	chengyu		china-idiom+agent	insufficient-syntax-evidence	low	accept	conservative syntax review
老馬識途	u	chengyu		china-idiom+agent	insufficient-syntax-evidence	low	accept	conservative syntax review
老驥伏櫪	u	chengyu		china-idiom+agent	insufficient-syntax-evidence	low	accept	conservative syntax review
耍花腔	u	chengyu		china-idiom+agent	insufficient-syntax-evidence	low	accept	conservative syntax review
耐人尋味	u	chengyu		china-idiom+agent	insufficient-syntax-evidence	low	accept	conservative syntax review
耳報神	n	chengyu		china-idiom+agent	nominal-slot-or-referent	high	accept	conservative syntax review
耳提面命	u	chengyu		china-idiom+agent	insufficient-syntax-evidence	low	accept	conservative syntax review
耳旁風	u	chengyu		china-idiom+agent	insufficient-syntax-evidence	low	accept	conservative syntax review
耳根清淨	u	chengyu		china-idiom+agent	insufficient-syntax-evidence	low	accept	conservative syntax review
耳熟能詳	u	chengyu		china-idiom+agent	insufficient-syntax-evidence	low	accept	conservative syntax review
耳聞不如目見	u	chengyu		china-idiom+agent	insufficient-syntax-evidence	low	accept	conservative syntax review
耳聞目睹	u	chengyu		china-idiom+agent	insufficient-syntax-evidence	low	accept	conservative syntax review
耳聰目明	u	chengyu		china-idiom+agent	insufficient-syntax-evidence	low	accept	conservative syntax review
耳軟心活	u	chengyu		china-idiom+agent	insufficient-syntax-evidence	low	accept	conservative syntax review
聊以卒歲	u	chengyu		china-idiom+agent	insufficient-syntax-evidence	low	accept	conservative syntax review
聊以自慰	u	chengyu		china-idiom+agent	insufficient-syntax-evidence	low	accept	conservative syntax review
聊備一格	u	chengyu		china-idiom+agent	insufficient-syntax-evidence	low	accept	conservative syntax review
聊勝於無	u	chengyu		china-idiom+agent	insufficient-syntax-evidence	low	accept	conservative syntax review
聊表寸心	u	chengyu		china-idiom+agent	insufficient-syntax-evidence	low	accept	conservative syntax review
聖經賢傳	u	chengyu		china-idiom+agent	insufficient-syntax-evidence	low	accept	conservative syntax review
聚沙成塔	u	chengyu		china-idiom+agent	insufficient-syntax-evidence	low	accept	conservative syntax review
聚精會神	u	chengyu		china-idiom+agent	insufficient-syntax-evidence	low	accept	conservative syntax review
聞一知十	u	chengyu		china-idiom+agent	insufficient-syntax-evidence	low	accept	conservative syntax review
聞名不如見面	u	chengyu		china-idiom+agent	insufficient-syntax-evidence	low	accept	conservative syntax review
聞過則喜	u	chengyu		china-idiom+agent	insufficient-syntax-evidence	low	accept	conservative syntax review
聞雞起舞	u	chengyu		china-idiom+agent	insufficient-syntax-evidence	low	accept	conservative syntax review
聞風喪膽	u	chengyu		china-idiom+agent	insufficient-syntax-evidence	low	accept	conservative syntax review
聰明伶俐	u	chengyu		china-idiom+agent	insufficient-syntax-evidence	low	accept	conservative syntax review
聰明反被聰明誤	u	chengyu		china-idiom+agent	insufficient-syntax-evidence	low	accept	conservative syntax review
聰明才智	u	chengyu		china-idiom+agent	insufficient-syntax-evidence	low	accept	conservative syntax review
聲勢浩大	u	chengyu		china-idiom+agent	insufficient-syntax-evidence	low	accept	conservative syntax review
聲嘶力竭	u	chengyu		china-idiom+agent	insufficient-syntax-evidence	low	accept	conservative syntax review
聲東擊西	u	chengyu		china-idiom+agent	insufficient-syntax-evidence	low	accept	conservative syntax review
聲淚俱下	u	chengyu		china-idiom+agent	insufficient-syntax-evidence	low	accept	conservative syntax review
聲色犬馬	u	chengyu		china-idiom+agent	insufficient-syntax-evidence	low	accept	conservative syntax review
聲音笑貌	u	chengyu		china-idiom+agent	insufficient-syntax-evidence	low	accept	conservative syntax review
聳人聽聞	u	chengyu		china-idiom+agent	insufficient-syntax-evidence	low	accept	conservative syntax review
聳入雲霄	u	chengyu		china-idiom+agent	insufficient-syntax-evidence	low	accept	conservative syntax review
聽之任之	u	chengyu		china-idiom+agent	insufficient-syntax-evidence	low	accept	conservative syntax review
聽其自然	u	chengyu		china-idiom+agent	insufficient-syntax-evidence	low	accept	conservative syntax review
聽天由命	r	chengyu		china-idiom+agent	example-adverbial-de	high	accept	conservative syntax review
聽而不聞	u	chengyu		china-idiom+agent	insufficient-syntax-evidence	low	accept	conservative syntax review
聽見風就是雨	u	chengyu		china-idiom+agent	insufficient-syntax-evidence	low	accept	conservative syntax review
肆無忌憚	u	chengyu		china-idiom+agent	insufficient-syntax-evidence	low	accept	conservative syntax review
肉眼凡胎	u	chengyu		china-idiom+agent	insufficient-syntax-evidence	low	accept	conservative syntax review
肘腋之患	n	chengyu		china-idiom+agent	nominal-slot-or-referent	high	accept	conservative syntax review
肝膽相照	u	chengyu		china-idiom+agent	insufficient-syntax-evidence	low	accept	conservative syntax review
背水一戰	u	chengyu		china-idiom+agent	insufficient-syntax-evidence	low	accept	conservative syntax review
背道而馳	u	chengyu		china-idiom+agent	insufficient-syntax-evidence	low	accept	conservative syntax review
胡天胡帝	u	chengyu		china-idiom+agent	insufficient-syntax-evidence	low	accept	conservative syntax review
胡思亂想	u	chengyu		china-idiom+agent	insufficient-syntax-evidence	low	accept	conservative syntax review
胡攪蠻纏	u	chengyu		china-idiom+agent	insufficient-syntax-evidence	low	accept	conservative syntax review
胡謅亂扯	u	chengyu		china-idiom+agent	insufficient-syntax-evidence	low	accept	conservative syntax review
胡謅亂説	u	chengyu		china-idiom+agent	insufficient-syntax-evidence	low	accept	conservative syntax review
胡里胡塗	u	chengyu		china-idiom+agent	insufficient-syntax-evidence	low	accept	conservative syntax review
胸有丘壑	u	chengyu		china-idiom+agent	insufficient-syntax-evidence	low	accept	conservative syntax review
胸有城府	r	chengyu		china-idiom+agent	example-adverbial-de	high	accept	conservative syntax review
胸有成略	u	chengyu		china-idiom+agent	insufficient-syntax-evidence	low	accept	conservative syntax review
胸有成竹	u	chengyu		china-idiom+agent	insufficient-syntax-evidence	low	accept	conservative syntax review
胸有成算	u	chengyu		china-idiom+agent	insufficient-syntax-evidence	low	accept	conservative syntax review
胸無宿物	u	chengyu		china-idiom+agent	insufficient-syntax-evidence	low	accept	conservative syntax review
胸無點墨	u	chengyu		china-idiom+agent	insufficient-syntax-evidence	low	accept	conservative syntax review
能伸能屈	u	chengyu		china-idiom+agent	insufficient-syntax-evidence	low	accept	conservative syntax review
能工巧匠	n	chengyu		china-idiom+agent	nominal-slot-or-referent	high	accept	conservative syntax review
能言快語	u	chengyu		china-idiom+agent	insufficient-syntax-evidence	low	accept	conservative syntax review
能説會道	u	chengyu		china-idiom+agent	insufficient-syntax-evidence	low	accept	conservative syntax review
脅肩諂笑	u	chengyu		china-idiom+agent	insufficient-syntax-evidence	low	accept	conservative syntax review
脱穎而出	u	chengyu		china-idiom+agent	insufficient-syntax-evidence	low	accept	conservative syntax review
脱胎換骨	u	chengyu		china-idiom+agent	insufficient-syntax-evidence	low	accept	conservative syntax review
腰金衣紫	u	chengyu		china-idiom+agent	insufficient-syntax-evidence	low	accept	conservative syntax review
腳不沾地	u	chengyu		china-idiom+agent	insufficient-syntax-evidence	low	accept	conservative syntax review
腸肥腦滿	u	chengyu		china-idiom+agent	insufficient-syntax-evidence	low	accept	conservative syntax review
膚皮潦草	u	chengyu		china-idiom+agent	insufficient-syntax-evidence	low	accept	conservative syntax review
膠柱鼓瑟	u	chengyu		china-idiom+agent	insufficient-syntax-evidence	low	accept	conservative syntax review
膽大包天	u	chengyu		china-idiom+agent	insufficient-syntax-evidence	low	accept	conservative syntax review
膽大妄為	u	chengyu		china-idiom+agent	insufficient-syntax-evidence	low	accept	conservative syntax review
膽戰心寒	u	chengyu		china-idiom+agent	insufficient-syntax-evidence	low	accept	conservative syntax review
膽戰心驚	u	chengyu		china-idiom+agent	insufficient-syntax-evidence	low	accept	conservative syntax review
膾炙人口	u	chengyu		china-idiom+agent	insufficient-syntax-evidence	low	accept	conservative syntax review
臉紅筋漲	u	chengyu		china-idiom+agent	insufficient-syntax-evidence	low	accept	conservative syntax review
臉紅耳赤	u	chengyu		china-idiom+agent	insufficient-syntax-evidence	low	accept	conservative syntax review
臨崖勒馬	u	chengyu		china-idiom+agent	insufficient-syntax-evidence	low	accept	conservative syntax review
臨川羨魚	u	chengyu		china-idiom+agent	insufficient-syntax-evidence	low	accept	conservative syntax review
臨時抱佛腳	u	chengyu		china-idiom+agent	insufficient-syntax-evidence	low	accept	conservative syntax review
臨河羨魚	u	chengyu		china-idiom+agent	insufficient-syntax-evidence	low	accept	conservative syntax review
臨深履薄	u	chengyu		china-idiom+agent	insufficient-syntax-evidence	low	accept	conservative syntax review
臨渴掘井	u	chengyu		china-idiom+agent	insufficient-syntax-evidence	low	accept	conservative syntax review
臨渴穿井	u	chengyu		china-idiom+agent	insufficient-syntax-evidence	low	accept	conservative syntax review
臨陣磨槍	u	chengyu		china-idiom+agent	insufficient-syntax-evidence	low	accept	conservative syntax review
自作自受	u	chengyu		china-idiom+agent	insufficient-syntax-evidence	low	accept	conservative syntax review
自取其咎	u	chengyu		china-idiom+agent	insufficient-syntax-evidence	low	accept	conservative syntax review
自吹自擂	u	chengyu		china-idiom+agent	insufficient-syntax-evidence	low	accept	conservative syntax review
自告奮勇	u	chengyu		china-idiom+agent	insufficient-syntax-evidence	low	accept	conservative syntax review
自圓其説	u	chengyu		china-idiom+agent	insufficient-syntax-evidence	low	accept	conservative syntax review
自強不息	u	chengyu		china-idiom+agent	insufficient-syntax-evidence	low	accept	conservative syntax review
自怨自艾	u	chengyu		china-idiom+agent	insufficient-syntax-evidence	low	accept	conservative syntax review
自我吹噓	u	chengyu		china-idiom+agent	insufficient-syntax-evidence	low	accept	conservative syntax review
自投羅網	u	chengyu		china-idiom+agent	insufficient-syntax-evidence	low	accept	conservative syntax review
自相魚肉	u	chengyu		china-idiom+agent	insufficient-syntax-evidence	low	accept	conservative syntax review
自立門户	u	chengyu		china-idiom+agent	insufficient-syntax-evidence	low	accept	conservative syntax review
自給自足	u	chengyu		china-idiom+agent	insufficient-syntax-evidence	low	accept	conservative syntax review
自貽伊戚	u	chengyu		china-idiom+agent	insufficient-syntax-evidence	low	accept	conservative syntax review
自身難保	u	chengyu		china-idiom+agent	insufficient-syntax-evidence	low	accept	conservative syntax review
自鄶以下	u	chengyu		china-idiom+agent	insufficient-syntax-evidence	low	accept	conservative syntax review
自顧不暇	u	chengyu		china-idiom+agent	insufficient-syntax-evidence	low	accept	conservative syntax review
自食其力	u	chengyu		china-idiom+agent	insufficient-syntax-evidence	low	accept	conservative syntax review
自高自大	u	chengyu		china-idiom+agent	insufficient-syntax-evidence	low	accept	conservative syntax review
自鳴得意	u	chengyu		china-idiom+agent	insufficient-syntax-evidence	low	accept	conservative syntax review
臭名遠揚	u	chengyu		china-idiom+agent	insufficient-syntax-evidence	low	accept	conservative syntax review
臭味相投	u	chengyu		china-idiom+agent	insufficient-syntax-evidence	low	accept	conservative syntax review
至死不悟	u	chengyu		china-idiom+agent	insufficient-syntax-evidence	low	accept	conservative syntax review
至高無上	u	chengyu		china-idiom+agent	insufficient-syntax-evidence	low	accept	conservative syntax review
與世俯仰	u	chengyu		china-idiom+agent	insufficient-syntax-evidence	low	accept	conservative syntax review
與人為善	u	chengyu		china-idiom+agent	insufficient-syntax-evidence	low	accept	conservative syntax review
與日俱增	u	chengyu		china-idiom+agent	insufficient-syntax-evidence	low	accept	conservative syntax review
與時消息	u	chengyu		china-idiom+agent	insufficient-syntax-evidence	low	accept	conservative syntax review
與虎謀皮	u	chengyu		china-idiom+agent	insufficient-syntax-evidence	low	accept	conservative syntax review
興利除弊	u	chengyu		china-idiom+agent	insufficient-syntax-evidence	low	accept	conservative syntax review
興妖作怪	u	chengyu		china-idiom+agent	insufficient-syntax-evidence	low	accept	conservative syntax review
興師動眾	u	chengyu		china-idiom+agent	insufficient-syntax-evidence	low	accept	conservative syntax review
興師問罪	u	chengyu		china-idiom+agent	insufficient-syntax-evidence	low	accept	conservative syntax review
興滅繼絕	u	chengyu		china-idiom+agent	insufficient-syntax-evidence	low	accept	conservative syntax review
興風作浪	u	chengyu		china-idiom+agent	insufficient-syntax-evidence	low	accept	conservative syntax review
舉不勝舉	u	chengyu		china-idiom+agent	insufficient-syntax-evidence	low	accept	conservative syntax review
舉世無雙	u	chengyu		china-idiom+agent	insufficient-syntax-evidence	low	accept	conservative syntax review
舉世矚目	u	chengyu		china-idiom+agent	insufficient-syntax-evidence	low	accept	conservative syntax review
舉世聞名	u	chengyu		china-idiom+agent	insufficient-syntax-evidence	low	accept	conservative syntax review
舉手之勞	u	chengyu		china-idiom+agent	insufficient-syntax-evidence	low	accept	conservative syntax review
舉手投足	u	chengyu		china-idiom+agent	insufficient-syntax-evidence	low	accept	conservative syntax review
舊愁新恨	u	chengyu		china-idiom+agent	insufficient-syntax-evidence	low	accept	conservative syntax review
舊瓶裝新酒	u	chengyu		china-idiom+agent	insufficient-syntax-evidence	low	accept	conservative syntax review
舊調重彈	u	chengyu		china-idiom+agent	insufficient-syntax-evidence	low	accept	conservative syntax review
舐犢之愛	u	chengyu		china-idiom+agent	insufficient-syntax-evidence	low	accept	conservative syntax review
舒眉展眼	u	chengyu		china-idiom+agent	insufficient-syntax-evidence	low	accept	conservative syntax review
舜日堯天	u	chengyu		china-idiom+agent	insufficient-syntax-evidence	low	accept	conservative syntax review
舜日堯年	u	chengyu		china-idiom+agent	insufficient-syntax-evidence	low	accept	conservative syntax review
良宵美景	u	chengyu		china-idiom+agent	insufficient-syntax-evidence	low	accept	conservative syntax review
良工心苦	u	chengyu		china-idiom+agent	insufficient-syntax-evidence	low	accept	conservative syntax review
良知良能	u	chengyu		china-idiom+agent	insufficient-syntax-evidence	low	accept	conservative syntax review
良賈深藏	u	chengyu		china-idiom+agent	insufficient-syntax-evidence	low	accept	conservative syntax review
艱深晦澀	u	chengyu		china-idiom+agent	insufficient-syntax-evidence	low	accept	conservative syntax review
艱苦卓絕	u	chengyu		china-idiom+agent	insufficient-syntax-evidence	low	accept	conservative syntax review
艱苦樸素	u	chengyu		china-idiom+agent	insufficient-syntax-evidence	low	accept	conservative syntax review
色膽如天	u	chengyu		china-idiom+agent	insufficient-syntax-evidence	low	accept	conservative syntax review
色色俱全	u	chengyu		china-idiom+agent	insufficient-syntax-evidence	low	accept	conservative syntax review
芒刺在背	u	chengyu		china-idiom+agent	insufficient-syntax-evidence	low	accept	conservative syntax review
芝蘭之室	u	chengyu		china-idiom+agent	insufficient-syntax-evidence	low	accept	conservative syntax review
芝蘭玉樹	u	chengyu		china-idiom+agent	insufficient-syntax-evidence	low	accept	conservative syntax review
花前月下	n	chengyu		china-idiom+agent	nominal-slot-or-referent	high	accept	conservative syntax review
花天酒地	u	chengyu		china-idiom+agent	insufficient-syntax-evidence	low	accept	conservative syntax review
花枝招展	u	chengyu		china-idiom+agent	insufficient-syntax-evidence	low	accept	conservative syntax review
花花公子	u	chengyu		china-idiom+agent	insufficient-syntax-evidence	low	accept	conservative syntax review
花花太歲	u	chengyu		china-idiom+agent	insufficient-syntax-evidence	low	accept	conservative syntax review
花言巧語	u	chengyu		china-idiom+agent	insufficient-syntax-evidence	low	accept	conservative syntax review
花説柳説	u	chengyu		china-idiom+agent	insufficient-syntax-evidence	low	accept	conservative syntax review
花遮柳掩	u	chengyu		china-idiom+agent	insufficient-syntax-evidence	low	accept	conservative syntax review
芸芸眾生	u	chengyu		china-idiom+agent	insufficient-syntax-evidence	low	accept	conservative syntax review
苗而不秀	u	chengyu		china-idiom+agent	insufficient-syntax-evidence	low	accept	conservative syntax review
苛政猛於虎	u	chengyu		china-idiom+agent	insufficient-syntax-evidence	low	accept	conservative syntax review
苟且偷安	u	chengyu		china-idiom+agent	insufficient-syntax-evidence	low	accept	conservative syntax review
苟且偷生	u	chengyu		china-idiom+agent	insufficient-syntax-evidence	low	accept	conservative syntax review
苟合取容	u	chengyu		china-idiom+agent	insufficient-syntax-evidence	low	accept	conservative syntax review
苟安一隅	u	chengyu		china-idiom+agent	insufficient-syntax-evidence	low	accept	conservative syntax review
苟延殘喘	u	chengyu		china-idiom+agent	insufficient-syntax-evidence	low	accept	conservative syntax review
若有所亡	u	chengyu		china-idiom+agent	insufficient-syntax-evidence	low	accept	conservative syntax review
若有所喪	u	chengyu		china-idiom+agent	insufficient-syntax-evidence	low	accept	conservative syntax review
苦口婆心	u	chengyu		china-idiom+agent	insufficient-syntax-evidence	low	accept	conservative syntax review
苦大仇深	u	chengyu		china-idiom+agent	insufficient-syntax-evidence	low	accept	conservative syntax review
苦海茫茫	u	chengyu		china-idiom+agent	insufficient-syntax-evidence	low	accept	conservative syntax review
苦盡甘來	u	chengyu		china-idiom+agent	insufficient-syntax-evidence	low	accept	conservative syntax review
英姿颯爽	u	chengyu		china-idiom+agent	insufficient-syntax-evidence	low	accept	conservative syntax review
英雄所見略同	u	chengyu		china-idiom+agent	insufficient-syntax-evidence	low	accept	conservative syntax review
英雄無用武之地	u	chengyu		china-idiom+agent	insufficient-syntax-evidence	low	accept	conservative syntax review
英雄輩出	u	chengyu		china-idiom+agent	insufficient-syntax-evidence	low	accept	conservative syntax review
茅塞頓開	u	chengyu		china-idiom+agent	insufficient-syntax-evidence	low	accept	conservative syntax review
茫無頭緒	u	chengyu		china-idiom+agent	insufficient-syntax-evidence	low	accept	conservative syntax review
茲事體大	u	chengyu		china-idiom+agent	insufficient-syntax-evidence	low	accept	conservative syntax review
茶餘飯飽	u	chengyu		china-idiom+agent	insufficient-syntax-evidence	low	accept	conservative syntax review
茹古涵今	u	chengyu		china-idiom+agent	insufficient-syntax-evidence	low	accept	conservative syntax review
茹苦含辛	u	chengyu		china-idiom+agent	insufficient-syntax-evidence	low	accept	conservative syntax review
草率收兵	u	chengyu		china-idiom+agent	insufficient-syntax-evidence	low	accept	conservative syntax review
荊棘滿途	u	chengyu		china-idiom+agent	insufficient-syntax-evidence	low	accept	conservative syntax review
荊榛滿目	u	chengyu		china-idiom+agent	insufficient-syntax-evidence	low	accept	conservative syntax review
荒唐無稽	u	chengyu		china-idiom+agent	insufficient-syntax-evidence	low	accept	conservative syntax review
荒無人煙	u	chengyu		china-idiom+agent	insufficient-syntax-evidence	low	accept	conservative syntax review
荒誕不經	u	chengyu		china-idiom+agent	insufficient-syntax-evidence	low	accept	conservative syntax review
荒誕無稽	u	chengyu		china-idiom+agent	insufficient-syntax-evidence	low	accept	conservative syntax review
荼毒生靈	u	chengyu		china-idiom+agent	insufficient-syntax-evidence	low	accept	conservative syntax review
莊周夢蝶	u	chengyu		china-idiom+agent	insufficient-syntax-evidence	low	accept	conservative syntax review
莫明其妙	u	chengyu		china-idiom+agent	insufficient-syntax-evidence	low	accept	conservative syntax review
莫須有	u	chengyu		china-idiom+agent	insufficient-syntax-evidence	low	accept	conservative syntax review
萍水相逢	u	chengyu		china-idiom+agent	insufficient-syntax-evidence	low	accept	conservative syntax review
萬丈高樓平地起	u	chengyu		china-idiom+agent	insufficient-syntax-evidence	low	accept	conservative syntax review
萬不得已	u	chengyu		china-idiom+agent	insufficient-syntax-evidence	low	accept	conservative syntax review
萬事亨通	u	chengyu		china-idiom+agent	insufficient-syntax-evidence	low	accept	conservative syntax review
萬事大吉	u	chengyu		china-idiom+agent	insufficient-syntax-evidence	low	accept	conservative syntax review
萬人之敵	u	chengyu		china-idiom+agent	insufficient-syntax-evidence	low	accept	conservative syntax review
萬人空巷	u	chengyu		china-idiom+agent	insufficient-syntax-evidence	low	accept	conservative syntax review
萬代千秋	u	chengyu		china-idiom+agent	insufficient-syntax-evidence	low	accept	conservative syntax review
萬劫不復	a	chengyu		china-idiom+agent	agent-reviewed-override	high	accept	conservative syntax review
萬古千秋	u	chengyu		china-idiom+agent	insufficient-syntax-evidence	low	accept	conservative syntax review
萬古長青	u	chengyu		china-idiom+agent	insufficient-syntax-evidence	low	accept	conservative syntax review
萬壽無疆	u	chengyu		china-idiom+agent	insufficient-syntax-evidence	low	accept	conservative syntax review
萬家生佛	u	chengyu		china-idiom+agent	insufficient-syntax-evidence	low	accept	conservative syntax review
萬念俱灰	u	chengyu		china-idiom+agent	insufficient-syntax-evidence	low	accept	conservative syntax review
萬應靈丹	u	chengyu		china-idiom+agent	insufficient-syntax-evidence	low	accept	conservative syntax review
萬死不辭	u	chengyu		china-idiom+agent	insufficient-syntax-evidence	low	accept	conservative syntax review
萬無一失	u	chengyu		china-idiom+agent	insufficient-syntax-evidence	low	accept	conservative syntax review
萬目睽睽	u	chengyu		china-idiom+agent	insufficient-syntax-evidence	low	accept	conservative syntax review
萬眾一心	u	chengyu		china-idiom+agent	insufficient-syntax-evidence	low	accept	conservative syntax review
萬籟俱寂	u	chengyu		china-idiom+agent	insufficient-syntax-evidence	low	accept	conservative syntax review
萬籟無聲	u	chengyu		china-idiom+agent	insufficient-syntax-evidence	low	accept	conservative syntax review
萬紫千紅	u	chengyu		china-idiom+agent	insufficient-syntax-evidence	low	accept	conservative syntax review
萬變不離其宗	u	chengyu		china-idiom+agent	insufficient-syntax-evidence	low	accept	conservative syntax review
萬象更新	u	chengyu		china-idiom+agent	insufficient-syntax-evidence	low	accept	conservative syntax review
萬里長城	u	chengyu		china-idiom+agent	insufficient-syntax-evidence	low	accept	conservative syntax review
萬頭攢動	u	chengyu		china-idiom+agent	insufficient-syntax-evidence	low	accept	conservative syntax review
萬馬奔騰	u	chengyu		china-idiom+agent	insufficient-syntax-evidence	low	accept	conservative syntax review
落草為寇	u	chengyu		china-idiom+agent	insufficient-syntax-evidence	low	accept	conservative syntax review
落落難合	u	chengyu		china-idiom+agent	insufficient-syntax-evidence	low	accept	conservative syntax review
葉公好龍	u	chengyu		china-idiom+agent	insufficient-syntax-evidence	low	accept	conservative syntax review
蒸蒸日上	u	chengyu		china-idiom+agent	insufficient-syntax-evidence	low	accept	conservative syntax review
蒼生塗炭	u	chengyu		china-idiom+agent	insufficient-syntax-evidence	low	accept	conservative syntax review
蓋世無雙	u	chengyu		china-idiom+agent	insufficient-syntax-evidence	low	accept	conservative syntax review
蓬門篳户	u	chengyu		china-idiom+agent	insufficient-syntax-evidence	low	accept	conservative syntax review
蓬門蓽户	u	chengyu		china-idiom+agent	insufficient-syntax-evidence	low	accept	conservative syntax review
蓬頭垢面	u	chengyu		china-idiom+agent	insufficient-syntax-evidence	low	accept	conservative syntax review
蓬首垢面	u	chengyu		china-idiom+agent	insufficient-syntax-evidence	low	accept	conservative syntax review
蓽門圭竇	u	chengyu		china-idiom+agent	insufficient-syntax-evidence	low	accept	conservative syntax review
蕭規曹隨	u	chengyu		china-idiom+agent	insufficient-syntax-evidence	low	accept	conservative syntax review
薄物細故	u	chengyu		china-idiom+agent	insufficient-syntax-evidence	low	accept	conservative syntax review
藍田生玉	u	chengyu		china-idiom+agent	insufficient-syntax-evidence	low	accept	conservative syntax review
藏龍卧虎	n	chengyu		china-idiom+agent	nominal-slot-or-referent	high	accept	conservative syntax review
藕斷絲連	u	chengyu		china-idiom+agent	insufficient-syntax-evidence	low	accept	conservative syntax review
藹然可親	u	chengyu		china-idiom+agent	insufficient-syntax-evidence	low	accept	conservative syntax review
虎尾春冰	u	chengyu		china-idiom+agent	insufficient-syntax-evidence	low	accept	conservative syntax review
虎穴龍潭	u	chengyu		china-idiom+agent	insufficient-syntax-evidence	low	accept	conservative syntax review
虎背熊腰	u	chengyu		china-idiom+agent	insufficient-syntax-evidence	low	accept	conservative syntax review
虎頭虎腦	u	chengyu		china-idiom+agent	insufficient-syntax-evidence	low	accept	conservative syntax review
處堂燕雀	u	chengyu		china-idiom+agent	insufficient-syntax-evidence	low	accept	conservative syntax review
處心積慮	u	chengyu		china-idiom+agent	insufficient-syntax-evidence	low	accept	conservative syntax review
虛己以聽	u	chengyu		china-idiom+agent	insufficient-syntax-evidence	low	accept	conservative syntax review
虛無縹緲	u	chengyu		china-idiom+agent	insufficient-syntax-evidence	low	accept	conservative syntax review
虛與委蛇	u	chengyu		china-idiom+agent	insufficient-syntax-evidence	low	accept	conservative syntax review
號令如山	u	chengyu		china-idiom+agent	insufficient-syntax-evidence	low	accept	conservative syntax review
蚍蜉撼樹	u	chengyu		china-idiom+agent	insufficient-syntax-evidence	low	accept	conservative syntax review
蛇頭鼠眼	u	chengyu		china-idiom+agent	insufficient-syntax-evidence	low	accept	conservative syntax review
蛛絲馬跡	u	chengyu		china-idiom+agent	insufficient-syntax-evidence	low	accept	conservative syntax review
蛟龍得水	u	chengyu		china-idiom+agent	insufficient-syntax-evidence	low	accept	conservative syntax review
蛾眉皓齒	u	chengyu		china-idiom+agent	insufficient-syntax-evidence	low	accept	conservative syntax review
蜂擁而至	u	chengyu		china-idiom+agent	insufficient-syntax-evidence	low	accept	conservative syntax review
蜻蜓點水	u	chengyu		china-idiom+agent	insufficient-syntax-evidence	low	accept	conservative syntax review
蝦兵蟹將	u	chengyu		china-idiom+agent	insufficient-syntax-evidence	low	accept	conservative syntax review
蝨多不癢	u	chengyu		china-idiom+agent	insufficient-syntax-evidence	low	accept	conservative syntax review
融會貫通	u	chengyu		china-idiom+agent	insufficient-syntax-evidence	low	accept	conservative syntax review
螢窗雪案	u	chengyu		china-idiom+agent	insufficient-syntax-evidence	low	accept	conservative syntax review
蠅營狗苟	u	chengyu		china-idiom+agent	insufficient-syntax-evidence	low	accept	conservative syntax review
蠢蠢欲動	u	chengyu		china-idiom+agent	insufficient-syntax-evidence	low	accept	conservative syntax review
蠹國害民	u	chengyu		china-idiom+agent	insufficient-syntax-evidence	low	accept	conservative syntax review
蠻橫無理	u	chengyu		china-idiom+agent	insufficient-syntax-evidence	low	accept	conservative syntax review
血債累累	u	chengyu		china-idiom+agent	insufficient-syntax-evidence	low	accept	conservative syntax review
血口噴人	u	chengyu		china-idiom+agent	insufficient-syntax-evidence	low	accept	conservative syntax review
血染沙場	u	chengyu		china-idiom+agent	insufficient-syntax-evidence	low	accept	conservative syntax review
血氣之勇	n	chengyu		china-idiom+agent	nominal-slot-or-referent	high	accept	conservative syntax review
血氣方剛	u	chengyu		china-idiom+agent	insufficient-syntax-evidence	low	accept	conservative syntax review
血流成河	u	chengyu		china-idiom+agent	insufficient-syntax-evidence	low	accept	conservative syntax review
血流漂杵	u	chengyu		china-idiom+agent	insufficient-syntax-evidence	low	accept	conservative syntax review
血海深仇	u	chengyu		china-idiom+agent	insufficient-syntax-evidence	low	accept	conservative syntax review
血盆大口	u	chengyu		china-idiom+agent	insufficient-syntax-evidence	low	accept	conservative syntax review
血肉相連	u	chengyu		china-idiom+agent	insufficient-syntax-evidence	low	accept	conservative syntax review
行不從徑	u	chengyu		china-idiom+agent	insufficient-syntax-evidence	low	accept	conservative syntax review
行不由徑	u	chengyu		china-idiom+agent	insufficient-syntax-evidence	low	accept	conservative syntax review
行將就木	u	chengyu		china-idiom+agent	insufficient-syntax-evidence	low	accept	conservative syntax review
行有餘力	u	chengyu		china-idiom+agent	insufficient-syntax-evidence	low	accept	conservative syntax review
行行出狀元	u	chengyu		china-idiom+agent	insufficient-syntax-evidence	low	accept	conservative syntax review
街坊四鄰	u	chengyu		china-idiom+agent	insufficient-syntax-evidence	low	accept	conservative syntax review
衝鋒陷陣	u	chengyu		china-idiom+agent	insufficient-syntax-evidence	low	accept	conservative syntax review
衡情酌理	u	chengyu		china-idiom+agent	insufficient-syntax-evidence	low	accept	conservative syntax review
衣單食薄	u	chengyu		china-idiom+agent	insufficient-syntax-evidence	low	accept	conservative syntax review
衣錦夜行	u	chengyu		china-idiom+agent	insufficient-syntax-evidence	low	accept	conservative syntax review
衣錦榮歸	v	chengyu		china-idiom+agent	agent-reviewed-override	high	accept	conservative syntax review
衣錦還鄉	v	chengyu		china-idiom+agent	agent-reviewed-override	high	accept	conservative syntax review
袒裼裸裎	u	chengyu		china-idiom+agent	insufficient-syntax-evidence	low	accept	conservative syntax review
袞袞諸公	u	chengyu		china-idiom+agent	insufficient-syntax-evidence	low	accept	conservative syntax review
裏出外進	u	chengyu		china-idiom+agent	insufficient-syntax-evidence	low	accept	conservative syntax review
裏勾外連	u	chengyu		china-idiom+agent	insufficient-syntax-evidence	low	accept	conservative syntax review
裏應外合	u	chengyu		china-idiom+agent	insufficient-syntax-evidence	low	accept	conservative syntax review
裒多益寡	u	chengyu		china-idiom+agent	insufficient-syntax-evidence	low	accept	conservative syntax review
補闕拾遺	u	chengyu		china-idiom+agent	insufficient-syntax-evidence	low	accept	conservative syntax review
裝模作樣	u	chengyu		china-idiom+agent	insufficient-syntax-evidence	low	accept	conservative syntax review
裝腔作勢	u	chengyu		china-idiom+agent	insufficient-syntax-evidence	low	accept	conservative syntax review
襟懷坦白	u	chengyu		china-idiom+agent	insufficient-syntax-evidence	low	accept	conservative syntax review
西子捧心	u	chengyu		china-idiom+agent	insufficient-syntax-evidence	low	accept	conservative syntax review
覆水難收	u	chengyu		china-idiom+agent	insufficient-syntax-evidence	low	accept	conservative syntax review
見事生風	u	chengyu		china-idiom+agent	insufficient-syntax-evidence	low	accept	conservative syntax review
見利忘義	u	chengyu		china-idiom+agent	insufficient-syntax-evidence	low	accept	conservative syntax review
見利思義	u	chengyu		china-idiom+agent	insufficient-syntax-evidence	low	accept	conservative syntax review
見多識廣	u	chengyu		china-idiom+agent	insufficient-syntax-evidence	low	accept	conservative syntax review
見微知萌	u	chengyu		china-idiom+agent	insufficient-syntax-evidence	low	accept	conservative syntax review
見微知著	u	chengyu		china-idiom+agent	insufficient-syntax-evidence	low	accept	conservative syntax review
見所未見	u	chengyu		china-idiom+agent	insufficient-syntax-evidence	low	accept	conservative syntax review
見景生情	u	chengyu		china-idiom+agent	insufficient-syntax-evidence	low	accept	conservative syntax review
見機行事	u	chengyu		china-idiom+agent	insufficient-syntax-evidence	low	accept	conservative syntax review
見笑大方	u	chengyu		china-idiom+agent	insufficient-syntax-evidence	low	accept	conservative syntax review
見貌辨色	u	chengyu		china-idiom+agent	insufficient-syntax-evidence	low	accept	conservative syntax review
見風使帆	u	chengyu		china-idiom+agent	insufficient-syntax-evidence	low	accept	conservative syntax review
見風使舵	u	chengyu		china-idiom+agent	insufficient-syntax-evidence	low	accept	conservative syntax review
規矩準繩	u	chengyu		china-idiom+agent	insufficient-syntax-evidence	low	accept	conservative syntax review
規矩繩墨	u	chengyu		china-idiom+agent	insufficient-syntax-evidence	low	accept	conservative syntax review
規行矩步	u	chengyu		china-idiom+agent	insufficient-syntax-evidence	low	accept	conservative syntax review
視同兒戲	u	chengyu		china-idiom+agent	insufficient-syntax-evidence	low	accept	conservative syntax review
視如土芥	u	chengyu		china-idiom+agent	insufficient-syntax-evidence	low	accept	conservative syntax review
視如糞土	u	chengyu		china-idiom+agent	insufficient-syntax-evidence	low	accept	conservative syntax review
視微知著	u	chengyu		china-idiom+agent	insufficient-syntax-evidence	low	accept	conservative syntax review
視死如歸	u	chengyu		china-idiom+agent	insufficient-syntax-evidence	low	accept	conservative syntax review
視死如飴	u	chengyu		china-idiom+agent	insufficient-syntax-evidence	low	accept	conservative syntax review
視為畏途	u	chengyu		china-idiom+agent	insufficient-syntax-evidence	low	accept	conservative syntax review
視為知己	u	chengyu		china-idiom+agent	insufficient-syntax-evidence	low	accept	conservative syntax review
視若路人	u	chengyu		china-idiom+agent	insufficient-syntax-evidence	low	accept	conservative syntax review
親如手足	u	chengyu		china-idiom+agent	insufficient-syntax-evidence	low	accept	conservative syntax review
親密無間	u	chengyu		china-idiom+agent	insufficient-syntax-evidence	low	accept	conservative syntax review
親疏貴賤	u	chengyu		china-idiom+agent	insufficient-syntax-evidence	low	accept	conservative syntax review
觀釁伺隙	u	chengyu		china-idiom+agent	insufficient-syntax-evidence	low	accept	conservative syntax review
解民倒懸	u	chengyu		china-idiom+agent	insufficient-syntax-evidence	low	accept	conservative syntax review
解甲歸田	u	chengyu		china-idiom+agent	insufficient-syntax-evidence	low	accept	conservative syntax review
解鈴還需繫鈴人	u	chengyu		china-idiom+agent	insufficient-syntax-evidence	low	accept	conservative syntax review
解鈴還須繫鈴人	u	chengyu		china-idiom+agent	insufficient-syntax-evidence	low	accept	conservative syntax review
觸景生情	u	chengyu		china-idiom+agent	insufficient-syntax-evidence	low	accept	conservative syntax review
觸目傷心	u	chengyu		china-idiom+agent	insufficient-syntax-evidence	low	accept	conservative syntax review
觸目皆是	u	chengyu		china-idiom+agent	insufficient-syntax-evidence	low	accept	conservative syntax review
觸類旁通	u	chengyu		china-idiom+agent	insufficient-syntax-evidence	low	accept	conservative syntax review
觸鬥蠻爭	u	chengyu		china-idiom+agent	insufficient-syntax-evidence	low	accept	conservative syntax review
言不及義	u	chengyu		china-idiom+agent	insufficient-syntax-evidence	low	accept	conservative syntax review
言不由衷	u	chengyu		china-idiom+agent	insufficient-syntax-evidence	low	accept	conservative syntax review
言不盡意	u	chengyu		china-idiom+agent	insufficient-syntax-evidence	low	accept	conservative syntax review
言傳身教	u	chengyu		china-idiom+agent	insufficient-syntax-evidence	low	accept	conservative syntax review
言歸正傳	u	chengyu		china-idiom+agent	insufficient-syntax-evidence	low	accept	conservative syntax review
言為心聲	u	chengyu		china-idiom+agent	insufficient-syntax-evidence	low	accept	conservative syntax review
言猶在耳	u	chengyu		china-idiom+agent	insufficient-syntax-evidence	low	accept	conservative syntax review
言行一致	u	chengyu		china-idiom+agent	insufficient-syntax-evidence	low	accept	conservative syntax review
言行不一	u	chengyu		china-idiom+agent	insufficient-syntax-evidence	low	accept	conservative syntax review
言行不符	u	chengyu		china-idiom+agent	insufficient-syntax-evidence	low	accept	conservative syntax review
言行若一	u	chengyu		china-idiom+agent	insufficient-syntax-evidence	low	accept	conservative syntax review
言談林藪	u	chengyu		china-idiom+agent	insufficient-syntax-evidence	low	accept	conservative syntax review
計功受賞	u	chengyu		china-idiom+agent	insufficient-syntax-evidence	low	accept	conservative syntax review
計日程功	u	chengyu		china-idiom+agent	insufficient-syntax-evidence	low	accept	conservative syntax review
計日而待	u	chengyu		china-idiom+agent	insufficient-syntax-evidence	low	accept	conservative syntax review
計窮力屈	u	chengyu		china-idiom+agent	insufficient-syntax-evidence	low	accept	conservative syntax review
計窮勢蹙	u	chengyu		china-idiom+agent	insufficient-syntax-evidence	low	accept	conservative syntax review
訓練有素	u	chengyu		china-idiom+agent	insufficient-syntax-evidence	low	accept	conservative syntax review
記憶猶新	u	chengyu		china-idiom+agent	insufficient-syntax-evidence	low	accept	conservative syntax review
訪親問友	u	chengyu		china-idiom+agent	insufficient-syntax-evidence	low	accept	conservative syntax review
設身處地	u	chengyu		china-idiom+agent	insufficient-syntax-evidence	low	accept	conservative syntax review
評頭品足	u	chengyu		china-idiom+agent	insufficient-syntax-evidence	low	accept	conservative syntax review
詢根問底	u	chengyu		china-idiom+agent	insufficient-syntax-evidence	low	accept	conservative syntax review
試金石	u	chengyu		china-idiom+agent	insufficient-syntax-evidence	low	accept	conservative syntax review
詭計多端	u	chengyu		china-idiom+agent	insufficient-syntax-evidence	low	accept	conservative syntax review
誅心之論	n	chengyu		china-idiom+agent	nominal-slot-or-referent	high	accept	conservative syntax review
誅求無厭	u	chengyu		china-idiom+agent	insufficient-syntax-evidence	low	accept	conservative syntax review
誅求無已	u	chengyu		china-idiom+agent	insufficient-syntax-evidence	low	accept	conservative syntax review
誅盡殺絕	u	chengyu		china-idiom+agent	insufficient-syntax-evidence	low	accept	conservative syntax review
誅鋤異己	u	chengyu		china-idiom+agent	insufficient-syntax-evidence	low	accept	conservative syntax review
認賊作父	u	chengyu		china-idiom+agent	insufficient-syntax-evidence	low	accept	conservative syntax review
誓不兩立	u	chengyu		china-idiom+agent	insufficient-syntax-evidence	low	accept	conservative syntax review
誓死不屈	u	chengyu		china-idiom+agent	insufficient-syntax-evidence	low	accept	conservative syntax review
語焉不詳	u	chengyu		china-idiom+agent	insufficient-syntax-evidence	low	accept	conservative syntax review
語重心長	u	chengyu		china-idiom+agent	insufficient-syntax-evidence	low	accept	conservative syntax review
誠心實意	a	chengyu		china-idiom+agent	state-definition	high	accept	conservative syntax review
誠心誠意	a	chengyu		china-idiom+agent	state-definition	high	accept	conservative syntax review
誠惶誠恐	r	chengyu		china-idiom+agent	example-adverbial-de	high	accept	conservative syntax review
誨淫誨盜	u	chengyu		china-idiom+agent	insufficient-syntax-evidence	low	accept	conservative syntax review
説一不二	u	chengyu		china-idiom+agent	insufficient-syntax-evidence	low	accept	conservative syntax review
説三道四	u	chengyu		china-idiom+agent	insufficient-syntax-evidence	low	accept	conservative syntax review
説東道西	u	chengyu		china-idiom+agent	insufficient-syntax-evidence	low	accept	conservative syntax review
説長道短	u	chengyu		china-idiom+agent	insufficient-syntax-evidence	low	accept	conservative syntax review
調三窩四	u	chengyu		china-idiom+agent	insufficient-syntax-evidence	low	accept	conservative syntax review
調兵遣將	u	chengyu		china-idiom+agent	insufficient-syntax-evidence	low	accept	conservative syntax review
諄諄善誘	u	chengyu		china-idiom+agent	insufficient-syntax-evidence	low	accept	conservative syntax review
談何容易	u	chengyu		china-idiom+agent	insufficient-syntax-evidence	low	accept	conservative syntax review
談吐風生	u	chengyu		china-idiom+agent	insufficient-syntax-evidence	low	accept	conservative syntax review
談天説地	u	chengyu		china-idiom+agent	insufficient-syntax-evidence	low	accept	conservative syntax review
談笑自若	u	chengyu		china-idiom+agent	insufficient-syntax-evidence	low	accept	conservative syntax review
談笑風生	u	chengyu		china-idiom+agent	insufficient-syntax-evidence	low	accept	conservative syntax review
談論風生	u	chengyu		china-idiom+agent	insufficient-syntax-evidence	low	accept	conservative syntax review
論今説古	u	chengyu		china-idiom+agent	insufficient-syntax-evidence	low	accept	conservative syntax review
論功行賞	u	chengyu		china-idiom+agent	insufficient-syntax-evidence	low	accept	conservative syntax review
論長道短	u	chengyu		china-idiom+agent	insufficient-syntax-evidence	low	accept	conservative syntax review
諱疾忌醫	u	chengyu		china-idiom+agent	insufficient-syntax-evidence	low	accept	conservative syntax review
諱莫如深	u	chengyu		china-idiom+agent	insufficient-syntax-evidence	low	accept	conservative syntax review
謀臣武將	u	chengyu		china-idiom+agent	insufficient-syntax-evidence	low	accept	conservative syntax review
謀臣猛將	u	chengyu		china-idiom+agent	insufficient-syntax-evidence	low	accept	conservative syntax review
謔而不虐	u	chengyu		china-idiom+agent	insufficient-syntax-evidence	low	accept	conservative syntax review
謙謙君子	n	chengyu		china-idiom+agent	nominal-slot-or-referent	high	accept	conservative syntax review
謝天謝地	u	chengyu		china-idiom+agent	insufficient-syntax-evidence	low	accept	conservative syntax review
謹身節用	u	chengyu		china-idiom+agent	insufficient-syntax-evidence	low	accept	conservative syntax review
譁眾取寵	u	chengyu		china-idiom+agent	insufficient-syntax-evidence	low	accept	conservative syntax review
識微見幾	u	chengyu		china-idiom+agent	insufficient-syntax-evidence	low	accept	conservative syntax review
識才尊賢	u	chengyu		china-idiom+agent	insufficient-syntax-evidence	low	accept	conservative syntax review
識時務者為俊傑	u	chengyu		china-idiom+agent	insufficient-syntax-evidence	low	accept	conservative syntax review
識時通變	u	chengyu		china-idiom+agent	insufficient-syntax-evidence	low	accept	conservative syntax review
識時達務	u	chengyu		china-idiom+agent	insufficient-syntax-evidence	low	accept	conservative syntax review
識途老馬	u	chengyu		china-idiom+agent	insufficient-syntax-evidence	low	accept	conservative syntax review
譭譽參半	u	chengyu		china-idiom+agent	insufficient-syntax-evidence	low	accept	conservative syntax review
變化多端	u	chengyu		china-idiom+agent	insufficient-syntax-evidence	low	accept	conservative syntax review
變色易容	u	chengyu		china-idiom+agent	insufficient-syntax-evidence	low	accept	conservative syntax review
豁然開朗	u	chengyu		china-idiom+agent	insufficient-syntax-evidence	low	accept	conservative syntax review
豈有此理	u	chengyu		china-idiom+agent	insufficient-syntax-evidence	low	accept	conservative syntax review
豪情壯志	u	chengyu		china-idiom+agent	insufficient-syntax-evidence	low	accept	conservative syntax review
豹頭環眼	u	chengyu		china-idiom+agent	insufficient-syntax-evidence	low	accept	conservative syntax review
豺狼當道	u	chengyu		china-idiom+agent	insufficient-syntax-evidence	low	accept	conservative syntax review
貌合心離	u	chengyu		china-idiom+agent	insufficient-syntax-evidence	low	accept	conservative syntax review
貌合神離	u	chengyu		china-idiom+agent	insufficient-syntax-evidence	low	accept	conservative syntax review
負薪救火	u	chengyu		china-idiom+agent	insufficient-syntax-evidence	low	accept	conservative syntax review
負隅頑抗	u	chengyu		china-idiom+agent	insufficient-syntax-evidence	low	accept	conservative syntax review
財迷心竅	u	chengyu		china-idiom+agent	insufficient-syntax-evidence	low	accept	conservative syntax review
貧嘴滑舌	u	chengyu		china-idiom+agent	insufficient-syntax-evidence	low	accept	conservative syntax review
貧嘴薄舌	u	chengyu		china-idiom+agent	insufficient-syntax-evidence	low	accept	conservative syntax review
貧無立錐之地	a	chengyu		china-idiom+agent	state-definition	high	accept	conservative syntax review
貧病交攻	u	chengyu		china-idiom+agent	insufficient-syntax-evidence	low	accept	conservative syntax review
販夫俗子	u	chengyu		china-idiom+agent	insufficient-syntax-evidence	low	accept	conservative syntax review
貪多務得	u	chengyu		china-idiom+agent	insufficient-syntax-evidence	low	accept	conservative syntax review
貪多嚼不爛	u	chengyu		china-idiom+agent	insufficient-syntax-evidence	low	accept	conservative syntax review
貪官污吏	u	chengyu		china-idiom+agent	insufficient-syntax-evidence	low	accept	conservative syntax review
貪求無厭	u	chengyu		china-idiom+agent	insufficient-syntax-evidence	low	accept	conservative syntax review
貪猥無厭	a	chengyu		china-idiom+agent	state-definition	high	accept	conservative syntax review
責備求全	u	chengyu		china-idiom+agent	insufficient-syntax-evidence	low	accept	conservative syntax review
責有攸歸	u	chengyu		china-idiom+agent	insufficient-syntax-evidence	low	accept	conservative syntax review
責無旁貸	u	chengyu		china-idiom+agent	insufficient-syntax-evidence	low	accept	conservative syntax review
貴人善忘	u	chengyu		china-idiom+agent	insufficient-syntax-evidence	low	accept	conservative syntax review
貴人多忘	u	chengyu		china-idiom+agent	insufficient-syntax-evidence	low	accept	conservative syntax review
貴人多忘事	u	chengyu		china-idiom+agent	insufficient-syntax-evidence	low	accept	conservative syntax review
貴古賤今	u	chengyu		china-idiom+agent	insufficient-syntax-evidence	low	accept	conservative syntax review
貴賤無二	u	chengyu		china-idiom+agent	insufficient-syntax-evidence	low	accept	conservative syntax review
貴遠賤近	u	chengyu		china-idiom+agent	insufficient-syntax-evidence	low	accept	conservative syntax review
買空賣空	u	chengyu		china-idiom+agent	insufficient-syntax-evidence	low	accept	conservative syntax review
買笑追歡	u	chengyu		china-idiom+agent	insufficient-syntax-evidence	low	accept	conservative syntax review
貽人口實	u	chengyu		china-idiom+agent	insufficient-syntax-evidence	low	accept	conservative syntax review
賊心不死	u	chengyu		china-idiom+agent	insufficient-syntax-evidence	low	accept	conservative syntax review
賊眉賊眼	u	chengyu		china-idiom+agent	insufficient-syntax-evidence	low	accept	conservative syntax review
賓客盈門	u	chengyu		china-idiom+agent	insufficient-syntax-evidence	low	accept	conservative syntax review
賓朋滿座	u	chengyu		china-idiom+agent	insufficient-syntax-evidence	low	accept	conservative syntax review
賠了夫人又折兵	u	chengyu		china-idiom+agent	clause-without-syntax-slot	low	accept	conservative syntax review
賢妻良母	u	chengyu		china-idiom+agent	insufficient-syntax-evidence	low	accept	conservative syntax review
賣兒鬻女	u	chengyu		china-idiom+agent	insufficient-syntax-evidence	low	accept	conservative syntax review
賣友求榮	u	chengyu		china-idiom+agent	insufficient-syntax-evidence	low	accept	conservative syntax review
賭咒發誓	u	chengyu		china-idiom+agent	insufficient-syntax-evidence	low	accept	conservative syntax review
贓官污吏	u	chengyu		china-idiom+agent	insufficient-syntax-evidence	low	accept	conservative syntax review
赤子之心	n	chengyu		china-idiom+agent	nominal-slot-or-referent	high	accept	conservative syntax review
赤手空拳	u	chengyu		china-idiom+agent	insufficient-syntax-evidence	low	accept	conservative syntax review
赤誠相待	u	chengyu		china-idiom+agent	insufficient-syntax-evidence	low	accept	conservative syntax review
赤貧如洗	u	chengyu		china-idiom+agent	insufficient-syntax-evidence	low	accept	conservative syntax review
赫赫有名	u	chengyu		china-idiom+agent	insufficient-syntax-evidence	low	accept	conservative syntax review
走南闖北	v	chengyu		china-idiom+agent	agent-reviewed-override	high	accept	conservative syntax review
走為上着	u	chengyu		china-idiom+agent	insufficient-syntax-evidence	low	accept	conservative syntax review
走為上策	u	chengyu		china-idiom+agent	insufficient-syntax-evidence	low	accept	conservative syntax review
走為上計	u	chengyu		china-idiom+agent	insufficient-syntax-evidence	low	accept	conservative syntax review
走過場	u	chengyu		china-idiom+agent	insufficient-syntax-evidence	low	accept	conservative syntax review
走馬看花	u	chengyu		china-idiom+agent	insufficient-syntax-evidence	low	accept	conservative syntax review
走馬章台	u	chengyu		china-idiom+agent	insufficient-syntax-evidence	low	accept	conservative syntax review
起早貪黑	u	chengyu		china-idiom+agent	insufficient-syntax-evidence	low	accept	conservative syntax review
起死回生	u	chengyu		china-idiom+agent	insufficient-syntax-evidence	low	accept	conservative syntax review
趁熱打鐵	u	chengyu		china-idiom+agent	insufficient-syntax-evidence	low	accept	conservative syntax review
超世之才	n	chengyu		china-idiom+agent	nominal-slot-or-referent	high	accept	conservative syntax review
超世絕倫	u	chengyu		china-idiom+agent	insufficient-syntax-evidence	low	accept	conservative syntax review
超凡入聖	u	chengyu		china-idiom+agent	insufficient-syntax-evidence	low	accept	conservative syntax review
超塵拔俗	u	chengyu		china-idiom+agent	insufficient-syntax-evidence	low	accept	conservative syntax review
超然不群	u	chengyu		china-idiom+agent	insufficient-syntax-evidence	low	accept	conservative syntax review
超然物外	u	chengyu		china-idiom+agent	insufficient-syntax-evidence	low	accept	conservative syntax review
超然自逸	u	chengyu		china-idiom+agent	insufficient-syntax-evidence	low	accept	conservative syntax review
超群拔類	u	chengyu		china-idiom+agent	insufficient-syntax-evidence	low	accept	conservative syntax review
超超玄箸	u	chengyu		china-idiom+agent	insufficient-syntax-evidence	low	accept	conservative syntax review
趑趄囁嚅	u	chengyu		china-idiom+agent	insufficient-syntax-evidence	low	accept	conservative syntax review
趕浪頭	u	chengyu		china-idiom+agent	insufficient-syntax-evidence	low	accept	conservative syntax review
趕鴨子上架	v	chengyu		china-idiom+agent	agent-reviewed-override	high	accept	conservative syntax review
趨吉避凶	u	chengyu		china-idiom+agent	insufficient-syntax-evidence	low	accept	conservative syntax review
趨炎附勢	u	chengyu		china-idiom+agent	insufficient-syntax-evidence	low	accept	conservative syntax review
足高氣強	u	chengyu		china-idiom+agent	insufficient-syntax-evidence	low	accept	conservative syntax review
趾高氣揚	u	chengyu		china-idiom+agent	insufficient-syntax-evidence	low	accept	conservative syntax review
跋前躓後	u	chengyu		china-idiom+agent	insufficient-syntax-evidence	low	accept	conservative syntax review
跌宕昭彰	u	chengyu		china-idiom+agent	insufficient-syntax-evidence	low	accept	conservative syntax review
跌腳捶胸	u	chengyu		china-idiom+agent	insufficient-syntax-evidence	low	accept	conservative syntax review
跑馬觀花	r	chengyu		china-idiom+agent	example-adverbial-de	high	accept	conservative syntax review
跑龍套	u	chengyu		china-idiom+agent	insufficient-syntax-evidence	low	accept	conservative syntax review
路不拾遺	u	chengyu		china-idiom+agent	insufficient-syntax-evidence	low	accept	conservative syntax review
路柳牆花	u	chengyu		china-idiom+agent	insufficient-syntax-evidence	low	accept	conservative syntax review
跳進黃河洗不清	u	chengyu		china-idiom+agent	clause-without-syntax-slot	low	accept	conservative syntax review
踵決肘見	u	chengyu		china-idiom+agent	insufficient-syntax-evidence	low	accept	conservative syntax review
蹈常襲故	u	chengyu		china-idiom+agent	insufficient-syntax-evidence	low	accept	conservative syntax review
躊躇不決	u	chengyu		china-idiom+agent	insufficient-syntax-evidence	low	accept	conservative syntax review
躊躇滿志	u	chengyu		china-idiom+agent	insufficient-syntax-evidence	low	accept	conservative syntax review
躍然紙上	u	chengyu		china-idiom+agent	insufficient-syntax-evidence	low	accept	conservative syntax review
躡足潛蹤	u	chengyu		china-idiom+agent	insufficient-syntax-evidence	low	accept	conservative syntax review
躥房越脊	u	chengyu		china-idiom+agent	insufficient-syntax-evidence	low	accept	conservative syntax review
身價百倍	u	chengyu		china-idiom+agent	insufficient-syntax-evidence	low	accept	conservative syntax review
身先朝露	u	chengyu		china-idiom+agent	insufficient-syntax-evidence	low	accept	conservative syntax review
身名俱滅	u	chengyu		china-idiom+agent	insufficient-syntax-evidence	low	accept	conservative syntax review
身在曹營心在漢	u	chengyu		china-idiom+agent	clause-without-syntax-slot	low	accept	conservative syntax review
身心交病	u	chengyu		china-idiom+agent	insufficient-syntax-evidence	low	accept	conservative syntax review
身敗名裂	u	chengyu		china-idiom+agent	insufficient-syntax-evidence	low	accept	conservative syntax review
身無分文	a	chengyu		china-idiom+agent	state-definition	high	accept	conservative syntax review
身無長物	u	chengyu		china-idiom+agent	insufficient-syntax-evidence	low	accept	conservative syntax review
身輕言微	u	chengyu		china-idiom+agent	insufficient-syntax-evidence	low	accept	conservative syntax review
車在馬前	u	chengyu		china-idiom+agent	insufficient-syntax-evidence	low	accept	conservative syntax review
車怠馬煩	u	chengyu		china-idiom+agent	insufficient-syntax-evidence	low	accept	conservative syntax review
車殆馬煩	u	chengyu		china-idiom+agent	insufficient-syntax-evidence	low	accept	conservative syntax review
車水馬龍	u	chengyu		china-idiom+agent	insufficient-syntax-evidence	low	accept	conservative syntax review
車笠之盟	u	chengyu		china-idiom+agent	insufficient-syntax-evidence	low	accept	conservative syntax review
車載斗量	u	chengyu		china-idiom+agent	insufficient-syntax-evidence	low	accept	conservative syntax review
軒然大波	u	chengyu		china-idiom+agent	insufficient-syntax-evidence	low	accept	conservative syntax review
軼事遺聞	u	chengyu		china-idiom+agent	insufficient-syntax-evidence	low	accept	conservative syntax review
載歌且舞	u	chengyu		china-idiom+agent	insufficient-syntax-evidence	low	accept	conservative syntax review
載沉載浮	u	chengyu		china-idiom+agent	insufficient-syntax-evidence	low	accept	conservative syntax review
載舟覆舟	u	chengyu		china-idiom+agent	insufficient-syntax-evidence	low	accept	conservative syntax review
載酒問字	u	chengyu		china-idiom+agent	insufficient-syntax-evidence	low	accept	conservative syntax review
輔車唇齒	u	chengyu		china-idiom+agent	insufficient-syntax-evidence	low	accept	conservative syntax review
輔車相依	u	chengyu		china-idiom+agent	insufficient-syntax-evidence	low	accept	conservative syntax review
輕於鴻毛	u	chengyu		china-idiom+agent	insufficient-syntax-evidence	low	accept	conservative syntax review
輕歌曼舞	u	chengyu		china-idiom+agent	insufficient-syntax-evidence	low	accept	conservative syntax review
輕裝簡從	u	chengyu		china-idiom+agent	insufficient-syntax-evidence	low	accept	conservative syntax review
輕諾寡信	u	chengyu		china-idiom+agent	insufficient-syntax-evidence	low	accept	conservative syntax review
輕財仗義	u	chengyu		china-idiom+agent	insufficient-syntax-evidence	low	accept	conservative syntax review
輕車簡從	u	chengyu		china-idiom+agent	insufficient-syntax-evidence	low	accept	conservative syntax review
輕重倒置	u	chengyu		china-idiom+agent	insufficient-syntax-evidence	low	accept	conservative syntax review
輕重緩急	u	chengyu		china-idiom+agent	insufficient-syntax-evidence	low	accept	conservative syntax review
轉彎抹角	u	chengyu		china-idiom+agent	insufficient-syntax-evidence	low	accept	conservative syntax review
轉戰千里	u	chengyu		china-idiom+agent	insufficient-syntax-evidence	low	accept	conservative syntax review
轉敗為勝	u	chengyu		china-idiom+agent	insufficient-syntax-evidence	low	accept	conservative syntax review
轉禍為福	u	chengyu		china-idiom+agent	insufficient-syntax-evidence	low	accept	conservative syntax review
轟雷貫耳	u	chengyu		china-idiom+agent	insufficient-syntax-evidence	low	accept	conservative syntax review
辱門敗户	u	chengyu		china-idiom+agent	insufficient-syntax-evidence	low	accept	conservative syntax review
迅雷不及掩耳	u	chengyu		china-idiom+agent	insufficient-syntax-evidence	low	accept	conservative syntax review
迎刃而解	u	chengyu		china-idiom+agent	insufficient-syntax-evidence	low	accept	conservative syntax review
迎新送舊	u	chengyu		china-idiom+agent	insufficient-syntax-evidence	low	accept	conservative syntax review
迎頭趕上	u	chengyu		china-idiom+agent	insufficient-syntax-evidence	low	accept	conservative syntax review
近水樓台	u	chengyu		china-idiom+agent	insufficient-syntax-evidence	low	accept	conservative syntax review
近水樓台先得月	u	chengyu		china-idiom+agent	clause-without-syntax-slot	low	accept	conservative syntax review
返本還源	u	chengyu		china-idiom+agent	insufficient-syntax-evidence	low	accept	conservative syntax review
迥然不同	u	chengyu		china-idiom+agent	insufficient-syntax-evidence	low	accept	conservative syntax review
迫不得已	u	chengyu		china-idiom+agent	insufficient-syntax-evidence	low	accept	conservative syntax review
迫在眉睫	u	chengyu		china-idiom+agent	insufficient-syntax-evidence	low	accept	conservative syntax review
迴天無力	u	chengyu		china-idiom+agent	insufficient-syntax-evidence	low	accept	conservative syntax review
迷魂湯	u	chengyu		china-idiom+agent	insufficient-syntax-evidence	low	accept	conservative syntax review
迷魂陣	u	chengyu		china-idiom+agent	insufficient-syntax-evidence	low	accept	conservative syntax review
追亡逐北	u	chengyu		china-idiom+agent	insufficient-syntax-evidence	low	accept	conservative syntax review
追奔逐北	u	chengyu		china-idiom+agent	insufficient-syntax-evidence	low	accept	conservative syntax review
追根求源	u	chengyu		china-idiom+agent	insufficient-syntax-evidence	low	accept	conservative syntax review
送佛送到西	u	chengyu		china-idiom+agent	insufficient-syntax-evidence	low	accept	conservative syntax review
送往迎來	u	chengyu		china-idiom+agent	insufficient-syntax-evidence	low	accept	conservative syntax review
送故迎新	u	chengyu		china-idiom+agent	insufficient-syntax-evidence	low	accept	conservative syntax review
送暖偷寒	u	chengyu		china-idiom+agent	insufficient-syntax-evidence	low	accept	conservative syntax review
送舊迎新	u	chengyu		china-idiom+agent	insufficient-syntax-evidence	low	accept	conservative syntax review
逃之夭夭	u	chengyu		china-idiom+agent	insufficient-syntax-evidence	low	accept	conservative syntax review
逆來順受	u	chengyu		china-idiom+agent	insufficient-syntax-evidence	low	accept	conservative syntax review
逆耳之言	n	chengyu		china-idiom+agent	nominal-slot-or-referent	high	accept	conservative syntax review
逆行倒施	u	chengyu		china-idiom+agent	insufficient-syntax-evidence	low	accept	conservative syntax review
逍遙法外	u	chengyu		china-idiom+agent	insufficient-syntax-evidence	low	accept	conservative syntax review
逍遙自在	u	chengyu		china-idiom+agent	insufficient-syntax-evidence	low	accept	conservative syntax review
逐客令	u	chengyu		china-idiom+agent	insufficient-syntax-evidence	low	accept	conservative syntax review
這山望着那山高	u	chengyu		china-idiom+agent	clause-without-syntax-slot	low	accept	conservative syntax review
通力合作	u	chengyu		china-idiom+agent	insufficient-syntax-evidence	low	accept	conservative syntax review
通天徹地	u	chengyu		china-idiom+agent	insufficient-syntax-evidence	low	accept	conservative syntax review
通宵達旦	u	chengyu		china-idiom+agent	insufficient-syntax-evidence	low	accept	conservative syntax review
通權達變	u	chengyu		china-idiom+agent	insufficient-syntax-evidence	low	accept	conservative syntax review
通都大邑	u	chengyu		china-idiom+agent	insufficient-syntax-evidence	low	accept	conservative syntax review
逞強稱能	u	chengyu		china-idiom+agent	insufficient-syntax-evidence	low	accept	conservative syntax review
造化小兒	u	chengyu		china-idiom+agent	insufficient-syntax-evidence	low	accept	conservative syntax review
造繭自縛	u	chengyu		china-idiom+agent	insufficient-syntax-evidence	low	accept	conservative syntax review
造謠生事	u	chengyu		china-idiom+agent	insufficient-syntax-evidence	low	accept	conservative syntax review
逢山開路	u	chengyu		china-idiom+agent	insufficient-syntax-evidence	low	accept	conservative syntax review
連三併四	u	chengyu		china-idiom+agent	insufficient-syntax-evidence	low	accept	conservative syntax review
連城之璧	u	chengyu		china-idiom+agent	insufficient-syntax-evidence	low	accept	conservative syntax review
連鑣並軫	u	chengyu		china-idiom+agent	insufficient-syntax-evidence	low	accept	conservative syntax review
進身之階	u	chengyu		china-idiom+agent	insufficient-syntax-evidence	low	accept	conservative syntax review
進退兩難	a	chengyu		china-idiom+agent	agent-reviewed-override	high	accept	conservative syntax review
進退有常	u	chengyu		china-idiom+agent	insufficient-syntax-evidence	low	accept	conservative syntax review
進退為難	u	chengyu		china-idiom+agent	insufficient-syntax-evidence	low	accept	conservative syntax review
進退維艱	u	chengyu		china-idiom+agent	insufficient-syntax-evidence	low	accept	conservative syntax review
進道若退	u	chengyu		china-idiom+agent	agent-reviewed-override	low	accept	conservative syntax review
逸塵斷鞅	u	chengyu		china-idiom+agent	insufficient-syntax-evidence	low	accept	conservative syntax review
逼良為娼	u	chengyu		china-idiom+agent	insufficient-syntax-evidence	low	accept	conservative syntax review
遇事生風	u	chengyu		china-idiom+agent	insufficient-syntax-evidence	low	accept	conservative syntax review
遇人不淑	u	chengyu		china-idiom+agent	insufficient-syntax-evidence	low	accept	conservative syntax review
遊山玩水	u	chengyu		china-idiom+agent	insufficient-syntax-evidence	low	accept	conservative syntax review
遊必有方	u	chengyu		china-idiom+agent	insufficient-syntax-evidence	low	accept	conservative syntax review
運斤成風	u	chengyu		china-idiom+agent	insufficient-syntax-evidence	low	accept	conservative syntax review
過五關斬六將	u	chengyu		china-idiom+agent	insufficient-syntax-evidence	low	accept	conservative syntax review
過橋抽板	u	chengyu		china-idiom+agent	insufficient-syntax-evidence	low	accept	conservative syntax review
過河拆橋	u	chengyu		china-idiom+agent	insufficient-syntax-evidence	low	accept	conservative syntax review
過猶不及	u	chengyu		china-idiom+agent	insufficient-syntax-evidence	low	accept	conservative syntax review
過甚其辭	u	chengyu		china-idiom+agent	insufficient-syntax-evidence	low	accept	conservative syntax review
過目不忘	u	chengyu		china-idiom+agent	insufficient-syntax-evidence	low	accept	conservative syntax review
過目成誦	u	chengyu		china-idiom+agent	insufficient-syntax-evidence	low	accept	conservative syntax review
過門不入	u	chengyu		china-idiom+agent	insufficient-syntax-evidence	low	accept	conservative syntax review
遐邇聞名	u	chengyu		china-idiom+agent	insufficient-syntax-evidence	low	accept	conservative syntax review
道不同不相為謀	u	chengyu		china-idiom+agent	insufficient-syntax-evidence	low	accept	conservative syntax review
道不拾遺	u	chengyu		china-idiom+agent	insufficient-syntax-evidence	low	accept	conservative syntax review
道學先生	u	chengyu		china-idiom+agent	insufficient-syntax-evidence	low	accept	conservative syntax review
道殣相望	u	chengyu		china-idiom+agent	insufficient-syntax-evidence	low	accept	conservative syntax review
道聽塗説	u	chengyu		china-idiom+agent	insufficient-syntax-evidence	low	accept	conservative syntax review
道聽途説	u	chengyu		china-idiom+agent	insufficient-syntax-evidence	low	accept	conservative syntax review
道貌岸然	u	chengyu		china-idiom+agent	insufficient-syntax-evidence	low	accept	conservative syntax review
道路以目	u	chengyu		china-idiom+agent	insufficient-syntax-evidence	low	accept	conservative syntax review
違天害理	u	chengyu		china-idiom+agent	insufficient-syntax-evidence	low	accept	conservative syntax review
違天逆理	u	chengyu		china-idiom+agent	insufficient-syntax-evidence	low	accept	conservative syntax review
違強陵弱	u	chengyu		china-idiom+agent	insufficient-syntax-evidence	low	accept	conservative syntax review
違時絕俗	u	chengyu		china-idiom+agent	insufficient-syntax-evidence	low	accept	conservative syntax review
違法亂紀	u	chengyu		china-idiom+agent	insufficient-syntax-evidence	low	accept	conservative syntax review
遠見卓識	u	chengyu		china-idiom+agent	insufficient-syntax-evidence	low	accept	conservative syntax review
遠親不如近鄰	u	chengyu		china-idiom+agent	insufficient-syntax-evidence	low	accept	conservative syntax review
遠走高飛	u	chengyu		china-idiom+agent	insufficient-syntax-evidence	low	accept	conservative syntax review
適得其反	u	chengyu		china-idiom+agent	insufficient-syntax-evidence	low	accept	conservative syntax review
遷善改過	u	chengyu		china-idiom+agent	insufficient-syntax-evidence	low	accept	conservative syntax review
遷怒於人	u	chengyu		china-idiom+agent	insufficient-syntax-evidence	low	accept	conservative syntax review
避世絕俗	u	chengyu		china-idiom+agent	insufficient-syntax-evidence	low	accept	conservative syntax review
避禍就福	u	chengyu		china-idiom+agent	insufficient-syntax-evidence	low	accept	conservative syntax review
邪不敵正	u	chengyu		china-idiom+agent	insufficient-syntax-evidence	low	accept	conservative syntax review
邪門歪道	n	chengyu		china-idiom+agent	nominal-slot-or-referent	high	accept	conservative syntax review
郎才女貌	u	chengyu		china-idiom+agent	insufficient-syntax-evidence	low	accept	conservative syntax review
郢書燕説	u	chengyu		china-idiom+agent	insufficient-syntax-evidence	low	accept	conservative syntax review
鄭人爭年	u	chengyu		china-idiom+agent	insufficient-syntax-evidence	low	accept	conservative syntax review
酒囊飯袋	u	chengyu		china-idiom+agent	insufficient-syntax-evidence	low	accept	conservative syntax review
酒後失言	u	chengyu		china-idiom+agent	insufficient-syntax-evidence	low	accept	conservative syntax review
酒肉朋友	u	chengyu		china-idiom+agent	insufficient-syntax-evidence	low	accept	conservative syntax review
酒色之徒	n	chengyu		china-idiom+agent	nominal-slot-or-referent	high	accept	conservative syntax review
酒逢知己千杯少	u	chengyu		china-idiom+agent	insufficient-syntax-evidence	low	accept	conservative syntax review
酸甜苦辣	u	chengyu		china-idiom+agent	insufficient-syntax-evidence	low	accept	conservative syntax review
醉生夢死	u	chengyu		china-idiom+agent	insufficient-syntax-evidence	low	accept	conservative syntax review
醉翁之意不在酒	u	chengyu		china-idiom+agent	insufficient-syntax-evidence	low	accept	conservative syntax review
醜態畢露	u	chengyu		china-idiom+agent	insufficient-syntax-evidence	low	accept	conservative syntax review
醜態百出	u	chengyu		china-idiom+agent	insufficient-syntax-evidence	low	accept	conservative syntax review
里程碑	u	chengyu		china-idiom+agent	insufficient-syntax-evidence	low	accept	conservative syntax review
重於泰山	u	chengyu		china-idiom+agent	insufficient-syntax-evidence	low	accept	conservative syntax review
重温舊夢	u	chengyu		china-idiom+agent	insufficient-syntax-evidence	low	accept	conservative syntax review
重温舊業	u	chengyu		china-idiom+agent	insufficient-syntax-evidence	low	accept	conservative syntax review
重睹天日	u	chengyu		china-idiom+agent	insufficient-syntax-evidence	low	accept	conservative syntax review
重賞之下必有勇夫	u	chengyu		china-idiom+agent	clause-without-syntax-slot	low	accept	conservative syntax review
重起爐灶	u	chengyu		china-idiom+agent	insufficient-syntax-evidence	low	accept	conservative syntax review
量入為出	u	chengyu		china-idiom+agent	insufficient-syntax-evidence	low	accept	conservative syntax review
量力而為	u	chengyu		china-idiom+agent	insufficient-syntax-evidence	low	accept	conservative syntax review
金剛怒目	u	chengyu		china-idiom+agent	insufficient-syntax-evidence	low	accept	conservative syntax review
金字招牌	u	chengyu		china-idiom+agent	insufficient-syntax-evidence	low	accept	conservative syntax review
金枝玉葉	u	chengyu		china-idiom+agent	insufficient-syntax-evidence	low	accept	conservative syntax review
金玉滿堂	u	chengyu		china-idiom+agent	insufficient-syntax-evidence	low	accept	conservative syntax review
金石良言	u	chengyu		china-idiom+agent	insufficient-syntax-evidence	low	accept	conservative syntax review
金碧熒煌	u	chengyu		china-idiom+agent	insufficient-syntax-evidence	low	accept	conservative syntax review
金蘭之交	n	chengyu		china-idiom+agent	nominal-slot-or-referent	high	accept	conservative syntax review
金蟬脱殼	u	chengyu		china-idiom+agent	insufficient-syntax-evidence	low	accept	conservative syntax review
金迷紙醉	u	chengyu		china-idiom+agent	insufficient-syntax-evidence	low	accept	conservative syntax review
針鋒相對	u	chengyu		china-idiom+agent	insufficient-syntax-evidence	low	accept	conservative syntax review
鈎心鬥角	u	chengyu		china-idiom+agent	insufficient-syntax-evidence	low	accept	conservative syntax review
鉅細無遺	u	chengyu		china-idiom+agent	insufficient-syntax-evidence	low	accept	conservative syntax review
銀樣蠟槍頭	u	chengyu		china-idiom+agent	insufficient-syntax-evidence	low	accept	conservative syntax review
銅牆鐵壁	u	chengyu		china-idiom+agent	insufficient-syntax-evidence	low	accept	conservative syntax review
銘心鏤骨	u	chengyu		china-idiom+agent	insufficient-syntax-evidence	low	accept	conservative syntax review
鋌而走險	u	chengyu		china-idiom+agent	insufficient-syntax-evidence	low	accept	conservative syntax review
鋭不可當	u	chengyu		china-idiom+agent	insufficient-syntax-evidence	low	accept	conservative syntax review
錐刀之末	u	chengyu		china-idiom+agent	insufficient-syntax-evidence	low	accept	conservative syntax review
錙銖必較	u	chengyu		china-idiom+agent	insufficient-syntax-evidence	low	accept	conservative syntax review
錢可通神	u	chengyu		china-idiom+agent	insufficient-syntax-evidence	low	accept	conservative syntax review
錦囊妙計	u	chengyu		china-idiom+agent	insufficient-syntax-evidence	low	accept	conservative syntax review
錦繡河山	u	chengyu		china-idiom+agent	insufficient-syntax-evidence	low	accept	conservative syntax review
錯落不齊	u	chengyu		china-idiom+agent	insufficient-syntax-evidence	low	accept	conservative syntax review
錯落有致	u	chengyu		china-idiom+agent	insufficient-syntax-evidence	low	accept	conservative syntax review
鍥而不捨	u	chengyu		china-idiom+agent	insufficient-syntax-evidence	low	accept	conservative syntax review
鏗鏘有力	u	chengyu		china-idiom+agent	insufficient-syntax-evidence	low	accept	conservative syntax review
鐫心銘骨	u	chengyu		china-idiom+agent	insufficient-syntax-evidence	low	accept	conservative syntax review
鐫骨銘心	u	chengyu		china-idiom+agent	insufficient-syntax-evidence	low	accept	conservative syntax review
鐵嘴鋼牙	u	chengyu		china-idiom+agent	insufficient-syntax-evidence	low	accept	conservative syntax review
鐵壁銅牆	n	chengyu		china-idiom+agent	nominal-slot-or-referent	high	accept	conservative syntax review
鐵杵成針	u	chengyu		china-idiom+agent	insufficient-syntax-evidence	low	accept	conservative syntax review
鐵案如山	u	chengyu		china-idiom+agent	insufficient-syntax-evidence	low	accept	conservative syntax review
鐵樹開花	u	chengyu		china-idiom+agent	insufficient-syntax-evidence	low	accept	conservative syntax review
鐵窗風味	u	chengyu		china-idiom+agent	insufficient-syntax-evidence	low	accept	conservative syntax review
鐵面無私	u	chengyu		china-idiom+agent	insufficient-syntax-evidence	low	accept	conservative syntax review
鑄成大錯	u	chengyu		china-idiom+agent	insufficient-syntax-evidence	low	accept	conservative syntax review
鑑往知來	u	chengyu		china-idiom+agent	insufficient-syntax-evidence	low	accept	conservative syntax review
鑼鼓喧天	u	chengyu		china-idiom+agent	insufficient-syntax-evidence	low	accept	conservative syntax review
鑽堅仰高	u	chengyu		china-idiom+agent	insufficient-syntax-evidence	low	accept	conservative syntax review
鑽故紙堆	u	chengyu		china-idiom+agent	insufficient-syntax-evidence	low	accept	conservative syntax review
長命富貴	u	chengyu		china-idiom+agent	insufficient-syntax-evidence	low	accept	conservative syntax review
長江後浪推前浪	u	chengyu		china-idiom+agent	clause-without-syntax-slot	low	accept	conservative syntax review
長生久視	u	chengyu		china-idiom+agent	insufficient-syntax-evidence	low	accept	conservative syntax review
長轡遠馭	u	chengyu		china-idiom+agent	insufficient-syntax-evidence	low	accept	conservative syntax review
門當户對	u	chengyu		china-idiom+agent	insufficient-syntax-evidence	low	accept	conservative syntax review
閉目塞聽	u	chengyu		china-idiom+agent	insufficient-syntax-evidence	low	accept	conservative syntax review
閉門卻掃	u	chengyu		china-idiom+agent	insufficient-syntax-evidence	low	accept	conservative syntax review
閉門塞竇	u	chengyu		china-idiom+agent	insufficient-syntax-evidence	low	accept	conservative syntax review
閉門羹	n	chengyu		china-idiom+agent	agent-reviewed-override	high	accept	conservative syntax review
閉門覓句	u	chengyu		china-idiom+agent	insufficient-syntax-evidence	low	accept	conservative syntax review
閉關鎖國	u	chengyu		china-idiom+agent	insufficient-syntax-evidence	low	accept	conservative syntax review
開卷有益	u	chengyu		china-idiom+agent	insufficient-syntax-evidence	low	accept	conservative syntax review
開台鑼鼓	u	chengyu		china-idiom+agent	insufficient-syntax-evidence	low	accept	conservative syntax review
開宗明義	u	chengyu		china-idiom+agent	insufficient-syntax-evidence	low	accept	conservative syntax review
開心見誠	u	chengyu		china-idiom+agent	insufficient-syntax-evidence	low	accept	conservative syntax review
開誠相見	u	chengyu		china-idiom+agent	insufficient-syntax-evidence	low	accept	conservative syntax review
開門七件事	u	chengyu		china-idiom+agent	insufficient-syntax-evidence	low	accept	conservative syntax review
開門見山	u	chengyu		china-idiom+agent	insufficient-syntax-evidence	low	accept	conservative syntax review
閒情逸致	u	chengyu		china-idiom+agent	insufficient-syntax-evidence	low	accept	conservative syntax review
闊步高談	u	chengyu		china-idiom+agent	insufficient-syntax-evidence	low	accept	conservative syntax review
關懷備至	u	chengyu		china-idiom+agent	insufficient-syntax-evidence	low	accept	conservative syntax review
防不勝防	u	chengyu		china-idiom+agent	insufficient-syntax-evidence	low	accept	conservative syntax review
防微杜漸	u	chengyu		china-idiom+agent	insufficient-syntax-evidence	low	accept	conservative syntax review
防患於未然	u	chengyu		china-idiom+agent	insufficient-syntax-evidence	low	accept	conservative syntax review
防患未萌	u	chengyu		china-idiom+agent	insufficient-syntax-evidence	low	accept	conservative syntax review
阿其所好	u	chengyu		china-idiom+agent	insufficient-syntax-evidence	low	accept	conservative syntax review
阿狗阿貓	u	chengyu		china-idiom+agent	insufficient-syntax-evidence	low	accept	conservative syntax review
阿諛奉承	u	chengyu		china-idiom+agent	insufficient-syntax-evidence	low	accept	conservative syntax review
阿諛逢迎	u	chengyu		china-idiom+agent	insufficient-syntax-evidence	low	accept	conservative syntax review
附驥尾	u	chengyu		china-idiom+agent	insufficient-syntax-evidence	low	accept	conservative syntax review
除惡務盡	u	chengyu		china-idiom+agent	insufficient-syntax-evidence	low	accept	conservative syntax review
除暴安良	u	chengyu		china-idiom+agent	insufficient-syntax-evidence	low	accept	conservative syntax review
除舊更新	u	chengyu		china-idiom+agent	insufficient-syntax-evidence	low	accept	conservative syntax review
陰差陽錯	r	chengyu		china-idiom+agent	example-adverbial-de	high	accept	conservative syntax review
陰謀詭計	u	chengyu		china-idiom+agent	insufficient-syntax-evidence	low	accept	conservative syntax review
陰錯陽差	r	chengyu		china-idiom+agent	example-adverbial-de	high	accept	conservative syntax review
陳穀子爛芝麻	n	chengyu		china-idiom+agent	nominal-slot-or-referent	high	accept	conservative syntax review
陳規陋習	u	chengyu		china-idiom+agent	insufficient-syntax-evidence	low	accept	conservative syntax review
陽奉陰違	u	chengyu		china-idiom+agent	insufficient-syntax-evidence	low	accept	conservative syntax review
隔岸觀火	u	chengyu		china-idiom+agent	insufficient-syntax-evidence	low	accept	conservative syntax review
隔年皇曆	u	chengyu		china-idiom+agent	insufficient-syntax-evidence	low	accept	conservative syntax review
隔行如隔山	u	chengyu		china-idiom+agent	insufficient-syntax-evidence	low	accept	conservative syntax review
隨時隨地	u	chengyu		china-idiom+agent	insufficient-syntax-evidence	low	accept	conservative syntax review
隨機應變	u	chengyu		china-idiom+agent	insufficient-syntax-evidence	low	accept	conservative syntax review
隨波逐流	u	chengyu		china-idiom+agent	insufficient-syntax-evidence	low	accept	conservative syntax review
隨緣樂助	u	chengyu		china-idiom+agent	insufficient-syntax-evidence	low	accept	conservative syntax review
隨聲附和	u	chengyu		china-idiom+agent	insufficient-syntax-evidence	low	accept	conservative syntax review
隨踵而至	u	chengyu		china-idiom+agent	insufficient-syntax-evidence	low	accept	conservative syntax review
隨遇而安	u	chengyu		china-idiom+agent	insufficient-syntax-evidence	low	accept	conservative syntax review
隨風倒舵	u	chengyu		china-idiom+agent	insufficient-syntax-evidence	low	accept	conservative syntax review
險象環生	u	chengyu		china-idiom+agent	insufficient-syntax-evidence	low	accept	conservative syntax review
險遭不測	u	chengyu		china-idiom+agent	insufficient-syntax-evidence	low	accept	conservative syntax review
隱名埋姓	u	chengyu		china-idiom+agent	insufficient-syntax-evidence	low	accept	conservative syntax review
隱姓埋名	u	chengyu		china-idiom+agent	insufficient-syntax-evidence	low	accept	conservative syntax review
隱忍不發	u	chengyu		china-idiom+agent	insufficient-syntax-evidence	low	accept	conservative syntax review
隱忍不言	u	chengyu		china-idiom+agent	insufficient-syntax-evidence	low	accept	conservative syntax review
隱惡揚善	u	chengyu		china-idiom+agent	insufficient-syntax-evidence	low	accept	conservative syntax review
隱約其辭	u	chengyu		china-idiom+agent	insufficient-syntax-evidence	low	accept	conservative syntax review
隱跡埋名	u	chengyu		china-idiom+agent	insufficient-syntax-evidence	low	accept	conservative syntax review
隱隱約約	u	chengyu		china-idiom+agent	insufficient-syntax-evidence	low	accept	conservative syntax review
雀屏中選	u	chengyu		china-idiom+agent	insufficient-syntax-evidence	low	accept	conservative syntax review
雄心勃勃	u	chengyu		china-idiom+agent	insufficient-syntax-evidence	low	accept	conservative syntax review
雄才大略	a	chengyu		china-idiom+agent	state-definition	high	accept	conservative syntax review
雌雄未決	u	chengyu		china-idiom+agent	insufficient-syntax-evidence	low	accept	conservative syntax review
雍容不迫	u	chengyu		china-idiom+agent	insufficient-syntax-evidence	low	accept	conservative syntax review
雍容大度	u	chengyu		china-idiom+agent	insufficient-syntax-evidence	low	accept	conservative syntax review
雍容爾雅	u	chengyu		china-idiom+agent	insufficient-syntax-evidence	low	accept	conservative syntax review
雕楹碧檻	u	chengyu		china-idiom+agent	insufficient-syntax-evidence	low	accept	conservative syntax review
雕蟲小技	u	chengyu		china-idiom+agent	insufficient-syntax-evidence	low	accept	conservative syntax review
雕蟲小藝	u	chengyu		china-idiom+agent	insufficient-syntax-evidence	low	accept	conservative syntax review
雖死猶生	u	chengyu		china-idiom+agent	insufficient-syntax-evidence	low	accept	conservative syntax review
雙喜臨門	u	chengyu		china-idiom+agent	insufficient-syntax-evidence	low	accept	conservative syntax review
雙棲雙宿	u	chengyu		china-idiom+agent	insufficient-syntax-evidence	low	accept	conservative syntax review
雜亂無章	u	chengyu		china-idiom+agent	insufficient-syntax-evidence	low	accept	conservative syntax review
雞犬不寧	u	chengyu		china-idiom+agent	insufficient-syntax-evidence	low	accept	conservative syntax review
雞零狗碎	u	chengyu		china-idiom+agent	insufficient-syntax-evidence	low	accept	conservative syntax review
雞飛蛋打	u	chengyu		china-idiom+agent	insufficient-syntax-evidence	low	accept	conservative syntax review
離經叛道	u	chengyu		china-idiom+agent	insufficient-syntax-evidence	low	accept	conservative syntax review
離鄉別井	v	chengyu		china-idiom+agent	action-definition	high	accept	conservative syntax review
離鄉背井	u	chengyu		china-idiom+agent	insufficient-syntax-evidence	low	accept	conservative syntax review
難以為繼	u	chengyu		china-idiom+agent	insufficient-syntax-evidence	low	accept	conservative syntax review
難兄難弟	n	chengyu		china-idiom+agent	nominal-slot-or-referent	high	accept	conservative syntax review
難分難解	u	chengyu		china-idiom+agent	insufficient-syntax-evidence	low	accept	conservative syntax review
難能可貴	u	chengyu		china-idiom+agent	insufficient-syntax-evidence	low	accept	conservative syntax review
難解難分	u	chengyu		china-idiom+agent	insufficient-syntax-evidence	low	accept	conservative syntax review
難言之隱	u	chengyu		china-idiom+agent	insufficient-syntax-evidence	low	accept	conservative syntax review
雨順風調	u	chengyu		china-idiom+agent	insufficient-syntax-evidence	low	accept	conservative syntax review
雲消霧散	u	chengyu		china-idiom+agent	insufficient-syntax-evidence	low	accept	conservative syntax review
雲開見日	u	chengyu		china-idiom+agent	insufficient-syntax-evidence	low	accept	conservative syntax review
零敲碎打	u	chengyu		china-idiom+agent	insufficient-syntax-evidence	low	accept	conservative syntax review
雷打不動	u	chengyu		china-idiom+agent	insufficient-syntax-evidence	low	accept	conservative syntax review
雷聲大雨點小	u	chengyu		china-idiom+agent	insufficient-syntax-evidence	low	accept	conservative syntax review
電光朝露	u	chengyu		china-idiom+agent	insufficient-syntax-evidence	low	accept	conservative syntax review
震天動地	u	chengyu		china-idiom+agent	insufficient-syntax-evidence	low	accept	conservative syntax review
震耳欲聾	u	chengyu		china-idiom+agent	insufficient-syntax-evidence	low	accept	conservative syntax review
霧裏看花	u	chengyu		china-idiom+agent	insufficient-syntax-evidence	low	accept	conservative syntax review
露馬腳	u	chengyu		china-idiom+agent	insufficient-syntax-evidence	low	accept	conservative syntax review
霽月光風	n	chengyu		china-idiom+agent	nominal-slot-or-referent	high	accept	conservative syntax review
靈牙利齒	n	chengyu		china-idiom+agent	nominal-slot-or-referent	high	accept	conservative syntax review
青出於藍	u	chengyu		china-idiom+agent	insufficient-syntax-evidence	low	accept	conservative syntax review
青出於藍而勝於藍	u	chengyu		china-idiom+agent	insufficient-syntax-evidence	low	accept	conservative syntax review
青天白日	u	chengyu		china-idiom+agent	insufficient-syntax-evidence	low	accept	conservative syntax review
青天霹靂	u	chengyu		china-idiom+agent	insufficient-syntax-evidence	low	accept	conservative syntax review
青梅竹馬	u	chengyu		china-idiom+agent	insufficient-syntax-evidence	low	accept	conservative syntax review
青紅皂白	u	chengyu		china-idiom+agent	insufficient-syntax-evidence	low	accept	conservative syntax review
青雲直上	u	chengyu		china-idiom+agent	insufficient-syntax-evidence	low	accept	conservative syntax review
青面獠牙	u	chengyu		china-idiom+agent	insufficient-syntax-evidence	low	accept	conservative syntax review
青黃不接	u	chengyu		china-idiom+agent	insufficient-syntax-evidence	low	accept	conservative syntax review
非分之念	u	chengyu		china-idiom+agent	insufficient-syntax-evidence	low	accept	conservative syntax review
非分之想	u	chengyu		china-idiom+agent	insufficient-syntax-evidence	low	accept	conservative syntax review
非同小可	u	chengyu		china-idiom+agent	insufficient-syntax-evidence	low	accept	conservative syntax review
非昔是今	u	chengyu		china-idiom+agent	insufficient-syntax-evidence	low	accept	conservative syntax review
非異人任	u	chengyu		china-idiom+agent	insufficient-syntax-evidence	low	accept	conservative syntax review
非親非故	u	chengyu		china-idiom+agent	insufficient-syntax-evidence	low	accept	conservative syntax review
非驢非馬	u	chengyu		china-idiom+agent	insufficient-syntax-evidence	low	accept	conservative syntax review
靡有孑遺	u	chengyu		china-idiom+agent	insufficient-syntax-evidence	low	accept	conservative syntax review
靡衣玉食	u	chengyu		china-idiom+agent	insufficient-syntax-evidence	low	accept	conservative syntax review
靡靡之樂	u	chengyu		china-idiom+agent	insufficient-syntax-evidence	low	accept	conservative syntax review
面不改容	u	chengyu		china-idiom+agent	insufficient-syntax-evidence	low	accept	conservative syntax review
面如土色	u	chengyu		china-idiom+agent	insufficient-syntax-evidence	low	accept	conservative syntax review
面如灰土	u	chengyu		china-idiom+agent	insufficient-syntax-evidence	low	accept	conservative syntax review
面有菜色	u	chengyu		china-idiom+agent	insufficient-syntax-evidence	low	accept	conservative syntax review
面目一新	u	chengyu		china-idiom+agent	insufficient-syntax-evidence	low	accept	conservative syntax review
面目可憎	u	chengyu		china-idiom+agent	insufficient-syntax-evidence	low	accept	conservative syntax review
面紅耳熱	u	chengyu		china-idiom+agent	insufficient-syntax-evidence	low	accept	conservative syntax review
面紅耳赤	u	chengyu		china-idiom+agent	insufficient-syntax-evidence	low	accept	conservative syntax review
面紅面綠	u	chengyu		china-idiom+agent	insufficient-syntax-evidence	low	accept	conservative syntax review
面色如土	u	chengyu		china-idiom+agent	insufficient-syntax-evidence	low	accept	conservative syntax review
面面俱到	u	chengyu		china-idiom+agent	insufficient-syntax-evidence	low	accept	conservative syntax review
面面俱圓	u	chengyu		china-idiom+agent	insufficient-syntax-evidence	low	accept	conservative syntax review
面黃肌瘦	u	chengyu		china-idiom+agent	insufficient-syntax-evidence	low	accept	conservative syntax review
革故鼎新	u	chengyu		china-idiom+agent	insufficient-syntax-evidence	low	accept	conservative syntax review
革面洗心	u	chengyu		china-idiom+agent	insufficient-syntax-evidence	low	accept	conservative syntax review
鞠躬盡力	u	chengyu		china-idiom+agent	insufficient-syntax-evidence	low	accept	conservative syntax review
鞭長莫及	u	chengyu		china-idiom+agent	insufficient-syntax-evidence	low	accept	conservative syntax review
韋編三絕	u	chengyu		china-idiom+agent	insufficient-syntax-evidence	low	accept	conservative syntax review
音容宛在	u	chengyu		china-idiom+agent	insufficient-syntax-evidence	low	accept	conservative syntax review
響徹雲霄	u	chengyu		china-idiom+agent	insufficient-syntax-evidence	low	accept	conservative syntax review
頂名冒姓	u	chengyu		china-idiom+agent	insufficient-syntax-evidence	low	accept	conservative syntax review
頂天立地	u	chengyu		china-idiom+agent	insufficient-syntax-evidence	low	accept	conservative syntax review
頂禮膜拜	u	chengyu		china-idiom+agent	insufficient-syntax-evidence	low	accept	conservative syntax review
頂門壯户	u	chengyu		china-idiom+agent	insufficient-syntax-evidence	low	accept	conservative syntax review
順手牽羊	u	chengyu		china-idiom+agent	insufficient-syntax-evidence	low	accept	conservative syntax review
順水推舟	v	chengyu		china-idiom+agent	agent-reviewed-override	high	accept	conservative syntax review
順水推船	u	chengyu		china-idiom+agent	insufficient-syntax-evidence	low	accept	conservative syntax review
順風轉舵	u	chengyu		china-idiom+agent	insufficient-syntax-evidence	low	accept	conservative syntax review
頓口無言	u	chengyu		china-idiom+agent	insufficient-syntax-evidence	low	accept	conservative syntax review
頓挫抑揚	u	chengyu		china-idiom+agent	insufficient-syntax-evidence	low	accept	conservative syntax review
頓足不前	u	chengyu		china-idiom+agent	insufficient-syntax-evidence	low	accept	conservative syntax review
頓足捶胸	u	chengyu		china-idiom+agent	insufficient-syntax-evidence	low	accept	conservative syntax review
頭昏目暈	u	chengyu		china-idiom+agent	insufficient-syntax-evidence	low	accept	conservative syntax review
頭昏眼暈	u	chengyu		china-idiom+agent	insufficient-syntax-evidence	low	accept	conservative syntax review
頭昏眼暗	u	chengyu		china-idiom+agent	insufficient-syntax-evidence	low	accept	conservative syntax review
頭昏腦悶	u	chengyu		china-idiom+agent	insufficient-syntax-evidence	low	accept	conservative syntax review
頭昏腦眩	u	chengyu		china-idiom+agent	insufficient-syntax-evidence	low	accept	conservative syntax review
頭破血流	u	chengyu		china-idiom+agent	insufficient-syntax-evidence	low	accept	conservative syntax review
額手稱慶	u	chengyu		china-idiom+agent	insufficient-syntax-evidence	low	accept	conservative syntax review
顛三倒四	u	chengyu		china-idiom+agent	insufficient-syntax-evidence	low	accept	conservative syntax review
顛倒是非	u	chengyu		china-idiom+agent	insufficient-syntax-evidence	low	accept	conservative syntax review
顛撲不破	u	chengyu		china-idiom+agent	insufficient-syntax-evidence	low	accept	conservative syntax review
顛沛流離	u	chengyu		china-idiom+agent	insufficient-syntax-evidence	low	accept	conservative syntax review
顧名思義	u	chengyu		china-idiom+agent	insufficient-syntax-evidence	low	accept	conservative syntax review
顧小失大	u	chengyu		china-idiom+agent	insufficient-syntax-evidence	low	accept	conservative syntax review
顧左右而言他	u	chengyu		china-idiom+agent	insufficient-syntax-evidence	low	accept	conservative syntax review
顧影自憐	u	chengyu		china-idiom+agent	insufficient-syntax-evidence	low	accept	conservative syntax review
顧盼自雄	u	chengyu		china-idiom+agent	insufficient-syntax-evidence	low	accept	conservative syntax review
顯而易見	u	chengyu		china-idiom+agent	insufficient-syntax-evidence	low	accept	conservative syntax review
風吹雨打	v	chengyu	passive	china-idiom+agent	fixed-patient-definition	high	accept	conservative syntax review
風和日暄	u	chengyu		china-idiom+agent	insufficient-syntax-evidence	low	accept	conservative syntax review
風木之悲	u	chengyu		china-idiom+agent	insufficient-syntax-evidence	low	accept	conservative syntax review
風流雲散	u	chengyu		china-idiom+agent	insufficient-syntax-evidence	low	accept	conservative syntax review
風燭殘年	u	chengyu		china-idiom+agent	insufficient-syntax-evidence	low	accept	conservative syntax review
風聲鶴唳	u	chengyu		china-idiom+agent	insufficient-syntax-evidence	low	accept	conservative syntax review
風華正茂	u	chengyu		china-idiom+agent	insufficient-syntax-evidence	low	accept	conservative syntax review
風調雨順	u	chengyu		china-idiom+agent	insufficient-syntax-evidence	low	accept	conservative syntax review
風起雲湧	u	chengyu		china-idiom+agent	insufficient-syntax-evidence	low	accept	conservative syntax review
風雨不改	u	chengyu		china-idiom+agent	insufficient-syntax-evidence	low	accept	conservative syntax review
風雨同舟	u	chengyu		china-idiom+agent	insufficient-syntax-evidence	low	accept	conservative syntax review
風雨晦冥	u	chengyu		china-idiom+agent	insufficient-syntax-evidence	low	accept	conservative syntax review
風雨漂搖	u	chengyu		china-idiom+agent	insufficient-syntax-evidence	low	accept	conservative syntax review
風雨飄搖	u	chengyu		china-idiom+agent	insufficient-syntax-evidence	low	accept	conservative syntax review
風雲人物	n	chengyu		china-idiom+agent	nominal-slot-or-referent	high	accept	conservative syntax review
風馬牛	u	chengyu		china-idiom+agent	insufficient-syntax-evidence	low	accept	conservative syntax review
風馬牛不相及	u	chengyu		china-idiom+agent	insufficient-syntax-evidence	low	accept	conservative syntax review
風馳電掣	u	chengyu		china-idiom+agent	insufficient-syntax-evidence	low	accept	conservative syntax review
風鬟雨鬢	u	chengyu		china-idiom+agent	insufficient-syntax-evidence	low	accept	conservative syntax review
飛揚跋扈	u	chengyu		china-idiom+agent	insufficient-syntax-evidence	low	accept	conservative syntax review
飛沙走石	u	chengyu		china-idiom+agent	insufficient-syntax-evidence	low	accept	conservative syntax review
飛短流長	u	chengyu		china-idiom+agent	insufficient-syntax-evidence	low	accept	conservative syntax review
飛觥走斝	u	chengyu		china-idiom+agent	insufficient-syntax-evidence	low	accept	conservative syntax review
飛鷹走馬	u	chengyu		china-idiom+agent	insufficient-syntax-evidence	low	accept	conservative syntax review
飛黃騰達	u	chengyu		china-idiom+agent	insufficient-syntax-evidence	low	accept	conservative syntax review
食不二味	u	chengyu		china-idiom+agent	insufficient-syntax-evidence	low	accept	conservative syntax review
食不充飢	u	chengyu		china-idiom+agent	insufficient-syntax-evidence	low	accept	conservative syntax review
食不暇飽	u	chengyu		china-idiom+agent	insufficient-syntax-evidence	low	accept	conservative syntax review
食不果腹	u	chengyu		china-idiom+agent	insufficient-syntax-evidence	low	accept	conservative syntax review
食不求甘	u	chengyu		china-idiom+agent	insufficient-syntax-evidence	low	accept	conservative syntax review
食不甘味	u	chengyu		china-idiom+agent	insufficient-syntax-evidence	low	accept	conservative syntax review
食前方丈	u	chengyu		china-idiom+agent	insufficient-syntax-evidence	low	accept	conservative syntax review
食古不化	u	chengyu		china-idiom+agent	insufficient-syntax-evidence	low	accept	conservative syntax review
食而不化	u	chengyu		china-idiom+agent	insufficient-syntax-evidence	low	accept	conservative syntax review
食肉寢皮	u	chengyu		china-idiom+agent	insufficient-syntax-evidence	low	accept	conservative syntax review
食親財黑	u	chengyu		china-idiom+agent	insufficient-syntax-evidence	low	accept	conservative syntax review
食言而肥	u	chengyu		china-idiom+agent	insufficient-syntax-evidence	low	accept	conservative syntax review
飢不擇食	u	chengyu		china-idiom+agent	insufficient-syntax-evidence	low	accept	conservative syntax review
飢寒交迫	u	chengyu		china-idiom+agent	insufficient-syntax-evidence	low	accept	conservative syntax review
飢腸轆轆	u	chengyu		china-idiom+agent	insufficient-syntax-evidence	low	accept	conservative syntax review
飢餐渴飲	v	chengyu		china-idiom+agent	agent-reviewed-override	high	accept	conservative syntax review
飯來開口	u	chengyu		china-idiom+agent	insufficient-syntax-evidence	low	accept	conservative syntax review
飯糗茹草	u	chengyu		china-idiom+agent	insufficient-syntax-evidence	low	accept	conservative syntax review
飯蔬飲水	u	chengyu		china-idiom+agent	insufficient-syntax-evidence	low	accept	conservative syntax review
飲恨吞聲	u	chengyu		china-idiom+agent	insufficient-syntax-evidence	low	accept	conservative syntax review
飲恨而終	u	chengyu		china-idiom+agent	insufficient-syntax-evidence	low	accept	conservative syntax review
飲水思源	u	chengyu		china-idiom+agent	insufficient-syntax-evidence	low	accept	conservative syntax review
飲醇自醉	u	chengyu		china-idiom+agent	insufficient-syntax-evidence	low	accept	conservative syntax review
飲馬投錢	u	chengyu		china-idiom+agent	insufficient-syntax-evidence	low	accept	conservative syntax review
飲鴆止渴	u	chengyu		china-idiom+agent	insufficient-syntax-evidence	low	accept	conservative syntax review
飽以老拳	u	chengyu		china-idiom+agent	insufficient-syntax-evidence	low	accept	conservative syntax review
飽暖思淫慾	u	chengyu		china-idiom+agent	insufficient-syntax-evidence	low	accept	conservative syntax review
飽經世故	u	chengyu		china-idiom+agent	insufficient-syntax-evidence	low	accept	conservative syntax review
飽經憂患	u	chengyu		china-idiom+agent	insufficient-syntax-evidence	low	accept	conservative syntax review
飽經風霜	u	chengyu		china-idiom+agent	insufficient-syntax-evidence	low	accept	conservative syntax review
飽食終日	u	chengyu		china-idiom+agent	insufficient-syntax-evidence	low	accept	conservative syntax review
養兵千日用在一朝	u	chengyu		china-idiom+agent	insufficient-syntax-evidence	low	accept	conservative syntax review
養生送死	u	chengyu		china-idiom+agent	insufficient-syntax-evidence	low	accept	conservative syntax review
養癰成患	u	chengyu		china-idiom+agent	insufficient-syntax-evidence	low	accept	conservative syntax review
養癰貽患	u	chengyu		china-idiom+agent	insufficient-syntax-evidence	low	accept	conservative syntax review
養精蓄鋭	u	chengyu		china-idiom+agent	insufficient-syntax-evidence	low	accept	conservative syntax review
養虎傷身	u	chengyu		china-idiom+agent	insufficient-syntax-evidence	low	accept	conservative syntax review
養虎為患	u	chengyu		china-idiom+agent	insufficient-syntax-evidence	low	accept	conservative syntax review
養虎遺患	u	chengyu		china-idiom+agent	insufficient-syntax-evidence	low	accept	conservative syntax review
餐風飲露	u	chengyu		china-idiom+agent	insufficient-syntax-evidence	low	accept	conservative syntax review
餓死事小失節事大	u	chengyu		china-idiom+agent	clause-without-syntax-slot	low	accept	conservative syntax review
餓莩遍野	u	chengyu		china-idiom+agent	insufficient-syntax-evidence	low	accept	conservative syntax review
餘響繞梁	u	chengyu		china-idiom+agent	insufficient-syntax-evidence	low	accept	conservative syntax review
饒舌調唇	u	chengyu		china-idiom+agent	insufficient-syntax-evidence	low	accept	conservative syntax review
饔飧不繼	u	chengyu		china-idiom+agent	insufficient-syntax-evidence	low	accept	conservative syntax review
饕餮之徒	n	chengyu		china-idiom+agent	nominal-slot-or-referent	high	accept	conservative syntax review
饞涎欲滴	u	chengyu		china-idiom+agent	insufficient-syntax-evidence	low	accept	conservative syntax review
首屈一指	u	chengyu		china-idiom+agent	insufficient-syntax-evidence	low	accept	conservative syntax review
首當其衝	u	chengyu		china-idiom+agent	insufficient-syntax-evidence	low	accept	conservative syntax review
首鼠兩端	a	chengyu		china-idiom+agent	agent-reviewed-override	high	accept	conservative syntax review
香火不絕	u	chengyu		china-idiom+agent	insufficient-syntax-evidence	low	accept	conservative syntax review
香車寶馬	u	chengyu		china-idiom+agent	insufficient-syntax-evidence	low	accept	conservative syntax review
馬到功成	u	chengyu		china-idiom+agent	insufficient-syntax-evidence	low	accept	conservative syntax review
馬到成功	u	chengyu		china-idiom+agent	insufficient-syntax-evidence	low	accept	conservative syntax review
馬前卒	u	chengyu		china-idiom+agent	insufficient-syntax-evidence	low	accept	conservative syntax review
馬後炮	u	chengyu		china-idiom+agent	insufficient-syntax-evidence	low	accept	conservative syntax review
馬翻人仰	u	chengyu		china-idiom+agent	insufficient-syntax-evidence	low	accept	conservative syntax review
馬革裹屍	u	chengyu		china-idiom+agent	insufficient-syntax-evidence	low	accept	conservative syntax review
馬首是瞻	u	chengyu		china-idiom+agent	insufficient-syntax-evidence	low	accept	conservative syntax review
馬齒徒增	u	chengyu		china-idiom+agent	insufficient-syntax-evidence	low	accept	conservative syntax review
馳名中外	u	chengyu		china-idiom+agent	insufficient-syntax-evidence	low	accept	conservative syntax review
馳名天下	u	chengyu		china-idiom+agent	insufficient-syntax-evidence	low	accept	conservative syntax review
駑馬戀棧	u	chengyu		china-idiom+agent	insufficient-syntax-evidence	low	accept	conservative syntax review
駑馬戀棧豆	u	chengyu		china-idiom+agent	insufficient-syntax-evidence	low	accept	conservative syntax review
駕輕就熟	u	chengyu		china-idiom+agent	insufficient-syntax-evidence	low	accept	conservative syntax review
駕鶴西遊	u	chengyu		china-idiom+agent	insufficient-syntax-evidence	low	accept	conservative syntax review
駟不及舌	u	chengyu		china-idiom+agent	insufficient-syntax-evidence	low	accept	conservative syntax review
駢拇枝指	u	chengyu		china-idiom+agent	insufficient-syntax-evidence	low	accept	conservative syntax review
駱驛不絕	u	chengyu		china-idiom+agent	insufficient-syntax-evidence	low	accept	conservative syntax review
騎虎難下	u	chengyu		china-idiom+agent	insufficient-syntax-evidence	low	accept	conservative syntax review
騎驢覓驢	u	chengyu		china-idiom+agent	insufficient-syntax-evidence	low	accept	conservative syntax review
騰蛟起鳳	u	chengyu		china-idiom+agent	insufficient-syntax-evidence	low	accept	conservative syntax review
驕奢淫佚	u	chengyu		china-idiom+agent	insufficient-syntax-evidence	low	accept	conservative syntax review
驕奢淫逸	u	chengyu		china-idiom+agent	insufficient-syntax-evidence	low	accept	conservative syntax review
驚喜若狂	u	chengyu		china-idiom+agent	insufficient-syntax-evidence	low	accept	conservative syntax review
驚天動地	u	chengyu		china-idiom+agent	insufficient-syntax-evidence	low	accept	conservative syntax review
驚天地泣鬼神	u	chengyu		china-idiom+agent	insufficient-syntax-evidence	low	accept	conservative syntax review
驚師動眾	u	chengyu		china-idiom+agent	insufficient-syntax-evidence	low	accept	conservative syntax review
驚弓之鳥	u	chengyu		china-idiom+agent	insufficient-syntax-evidence	low	accept	conservative syntax review
驚心動魄	u	chengyu		china-idiom+agent	insufficient-syntax-evidence	low	accept	conservative syntax review
驚恐失色	u	chengyu		china-idiom+agent	insufficient-syntax-evidence	low	accept	conservative syntax review
驚恐萬狀	r	chengyu		china-idiom+agent	example-adverbial-de	high	accept	conservative syntax review
驚惶失措	u	chengyu		china-idiom+agent	insufficient-syntax-evidence	low	accept	conservative syntax review
驚惶失色	u	chengyu		china-idiom+agent	insufficient-syntax-evidence	low	accept	conservative syntax review
驚慌失色	u	chengyu		china-idiom+agent	insufficient-syntax-evidence	low	accept	conservative syntax review
驚濤駭浪	u	chengyu		china-idiom+agent	insufficient-syntax-evidence	low	accept	conservative syntax review
驚群動眾	u	chengyu		china-idiom+agent	insufficient-syntax-evidence	low	accept	conservative syntax review
驚風駭浪	u	chengyu		china-idiom+agent	insufficient-syntax-evidence	low	accept	conservative syntax review
驚魂未定	u	chengyu		china-idiom+agent	insufficient-syntax-evidence	low	accept	conservative syntax review
驢唇不對馬嘴	u	chengyu		china-idiom+agent	insufficient-syntax-evidence	low	accept	conservative syntax review
驢唇馬嘴	u	chengyu		china-idiom+agent	insufficient-syntax-evidence	low	accept	conservative syntax review
驢心狗肺	u	chengyu		china-idiom+agent	insufficient-syntax-evidence	low	accept	conservative syntax review
驪黃牝牡	u	chengyu		china-idiom+agent	insufficient-syntax-evidence	low	accept	conservative syntax review
骨肉相連	u	chengyu		china-idiom+agent	insufficient-syntax-evidence	low	accept	conservative syntax review
骨肉至親	u	chengyu		china-idiom+agent	insufficient-syntax-evidence	low	accept	conservative syntax review
骨鯁之臣	u	chengyu		china-idiom+agent	insufficient-syntax-evidence	low	accept	conservative syntax review
骨鯁在喉	u	chengyu		china-idiom+agent	insufficient-syntax-evidence	low	accept	conservative syntax review
體大思精	u	chengyu		china-idiom+agent	insufficient-syntax-evidence	low	accept	conservative syntax review
體恤入微	u	chengyu		china-idiom+agent	insufficient-syntax-evidence	low	accept	conservative syntax review
體貼入微	u	chengyu		china-idiom+agent	insufficient-syntax-evidence	low	accept	conservative syntax review
高不成低不就	u	chengyu		china-idiom+agent	insufficient-syntax-evidence	low	accept	conservative syntax review
高城深池	u	chengyu		china-idiom+agent	insufficient-syntax-evidence	low	accept	conservative syntax review
高官厚祿	u	chengyu		china-idiom+agent	insufficient-syntax-evidence	low	accept	conservative syntax review
高官顯爵	u	chengyu		china-idiom+agent	insufficient-syntax-evidence	low	accept	conservative syntax review
高岸深谷	n	chengyu		china-idiom+agent	agent-reviewed-override	high	accept	conservative syntax review
高情厚誼	u	chengyu		china-idiom+agent	insufficient-syntax-evidence	low	accept	conservative syntax review
高歌猛進	u	chengyu		china-idiom+agent	insufficient-syntax-evidence	low	accept	conservative syntax review
高瞻遠矚	u	chengyu		china-idiom+agent	insufficient-syntax-evidence	low	accept	conservative syntax review
高舉遠蹈	u	chengyu		china-idiom+agent	insufficient-syntax-evidence	low	accept	conservative syntax review
高視闊步	u	chengyu		china-idiom+agent	insufficient-syntax-evidence	low	accept	conservative syntax review
高陽酒徒	u	chengyu		china-idiom+agent	insufficient-syntax-evidence	low	accept	conservative syntax review
高風亮節	u	chengyu		china-idiom+agent	insufficient-syntax-evidence	low	accept	conservative syntax review
高風峻節	u	chengyu		china-idiom+agent	insufficient-syntax-evidence	low	accept	conservative syntax review
高飛遠走	u	chengyu		china-idiom+agent	insufficient-syntax-evidence	low	accept	conservative syntax review
髮指眥裂	u	chengyu		china-idiom+agent	insufficient-syntax-evidence	low	accept	conservative syntax review
鬥志昂揚	u	chengyu		china-idiom+agent	insufficient-syntax-evidence	low	accept	conservative syntax review
鬥雞走馬	u	chengyu		china-idiom+agent	insufficient-syntax-evidence	low	accept	conservative syntax review
鬨堂大笑	u	chengyu		china-idiom+agent	insufficient-syntax-evidence	low	accept	conservative syntax review
鬱鬱不樂	u	chengyu		china-idiom+agent	insufficient-syntax-evidence	low	accept	conservative syntax review
鬱鬱寡歡	u	chengyu		china-idiom+agent	insufficient-syntax-evidence	low	accept	conservative syntax review
鬱鬱葱葱	u	chengyu		china-idiom+agent	insufficient-syntax-evidence	low	accept	conservative syntax review
鬼出電入	u	chengyu		china-idiom+agent	insufficient-syntax-evidence	low	accept	conservative syntax review
鬼哭狼嗥	u	chengyu		china-idiom+agent	insufficient-syntax-evidence	low	accept	conservative syntax review
鬼哭神號	u	chengyu		china-idiom+agent	insufficient-syntax-evidence	low	accept	conservative syntax review
鬼怕惡人	u	chengyu		china-idiom+agent	insufficient-syntax-evidence	low	accept	conservative syntax review
鬼斧神工	u	chengyu		china-idiom+agent	insufficient-syntax-evidence	low	accept	conservative syntax review
鬼計多端	u	chengyu		china-idiom+agent	insufficient-syntax-evidence	low	accept	conservative syntax review
鬼迷心竅	u	chengyu		china-idiom+agent	insufficient-syntax-evidence	low	accept	conservative syntax review
鬼頭鬼腦	u	chengyu		china-idiom+agent	insufficient-syntax-evidence	low	accept	conservative syntax review
魂不守舍	u	chengyu		china-idiom+agent	insufficient-syntax-evidence	low	accept	conservative syntax review
魂牽夢縈	u	chengyu		china-idiom+agent	insufficient-syntax-evidence	low	accept	conservative syntax review
魚沉雁杳	u	chengyu		china-idiom+agent	insufficient-syntax-evidence	low	accept	conservative syntax review
魚米之鄉	n	chengyu		china-idiom+agent	nominal-slot-or-referent	high	accept	conservative syntax review
魚貫而入	u	chengyu		china-idiom+agent	insufficient-syntax-evidence	low	accept	conservative syntax review
魚龍曼衍	u	chengyu		china-idiom+agent	insufficient-syntax-evidence	low	accept	conservative syntax review
魚龍混雜	u	chengyu		china-idiom+agent	insufficient-syntax-evidence	low	accept	conservative syntax review
魯莽滅裂	u	chengyu		china-idiom+agent	insufficient-syntax-evidence	low	accept	conservative syntax review
鮮衣美食	u	chengyu		china-idiom+agent	insufficient-syntax-evidence	low	accept	conservative syntax review
鮮車怒馬	u	chengyu		china-idiom+agent	insufficient-syntax-evidence	low	accept	conservative syntax review
鯉魚跳龍門	u	chengyu		china-idiom+agent	insufficient-syntax-evidence	low	accept	conservative syntax review
鱗次櫛比	u	chengyu		china-idiom+agent	insufficient-syntax-evidence	low	accept	conservative syntax review
鳥獸散	u	chengyu		china-idiom+agent	insufficient-syntax-evidence	low	accept	conservative syntax review
鳳舞龍飛	u	chengyu		china-idiom+agent	insufficient-syntax-evidence	low	accept	conservative syntax review
鳴冤叫屈	u	chengyu		china-idiom+agent	insufficient-syntax-evidence	low	accept	conservative syntax review
鳴金收軍	u	chengyu		china-idiom+agent	insufficient-syntax-evidence	low	accept	conservative syntax review
鳴鑼開道	u	chengyu		china-idiom+agent	insufficient-syntax-evidence	low	accept	conservative syntax review
鴻毛泰山	u	chengyu		china-idiom+agent	insufficient-syntax-evidence	low	accept	conservative syntax review
鴻雁哀鳴	u	chengyu		china-idiom+agent	insufficient-syntax-evidence	low	accept	conservative syntax review
鴻飛冥冥	u	chengyu		china-idiom+agent	insufficient-syntax-evidence	low	accept	conservative syntax review
鵝行鴨步	u	chengyu		china-idiom+agent	insufficient-syntax-evidence	low	accept	conservative syntax review
鵬程萬里	u	chengyu		china-idiom+agent	insufficient-syntax-evidence	low	accept	conservative syntax review
鶴立雞群	u	chengyu		china-idiom+agent	insufficient-syntax-evidence	low	accept	conservative syntax review
鶴髮童顏	u	chengyu		china-idiom+agent	insufficient-syntax-evidence	low	accept	conservative syntax review
鷹擊長空	u	chengyu		china-idiom+agent	insufficient-syntax-evidence	low	accept	conservative syntax review
鷹鼻鷂眼	u	chengyu		china-idiom+agent	insufficient-syntax-evidence	low	accept	conservative syntax review
鸞翔鳳翥	u	chengyu		china-idiom+agent	insufficient-syntax-evidence	low	accept	conservative syntax review
鸞翔鳳集	u	chengyu		china-idiom+agent	insufficient-syntax-evidence	low	accept	conservative syntax review
鸞飄鳳泊	u	chengyu		china-idiom+agent	insufficient-syntax-evidence	low	accept	conservative syntax review
鹿死誰手	u	chengyu		china-idiom+agent	insufficient-syntax-evidence	low	accept	conservative syntax review
麟角鳳毛	u	chengyu		china-idiom+agent	insufficient-syntax-evidence	low	accept	conservative syntax review
麻痹大意	u	chengyu		china-idiom+agent	insufficient-syntax-evidence	low	accept	conservative syntax review
黃台之瓜	u	chengyu		china-idiom+agent	insufficient-syntax-evidence	low	accept	conservative syntax review
黃梁一夢	u	chengyu		china-idiom+agent	insufficient-syntax-evidence	low	accept	conservative syntax review
黃鐘譭棄瓦釜雷鳴	u	chengyu		china-idiom+agent	clause-without-syntax-slot	low	accept	conservative syntax review
黑天半夜	u	chengyu		china-idiom+agent	insufficient-syntax-evidence	low	accept	conservative syntax review
黑天白日	r	chengyu		china-idiom+agent	example-adverbial-de	high	accept	conservative syntax review
黑燈下火	u	chengyu		china-idiom+agent	insufficient-syntax-evidence	low	accept	conservative syntax review
黑燈瞎火	u	chengyu		china-idiom+agent	insufficient-syntax-evidence	low	accept	conservative syntax review
黔驢技窮	u	chengyu		china-idiom+agent	insufficient-syntax-evidence	low	accept	conservative syntax review
點水不漏	a	chengyu		china-idiom+agent	state-definition	high	accept	conservative syntax review
點金成鐵	u	chengyu		china-idiom+agent	insufficient-syntax-evidence	low	accept	conservative syntax review
點鐵成金	u	chengyu		china-idiom+agent	insufficient-syntax-evidence	low	accept	conservative syntax review
點頭咂嘴	u	chengyu		china-idiom+agent	insufficient-syntax-evidence	low	accept	conservative syntax review
黯然銷魂	u	chengyu		china-idiom+agent	insufficient-syntax-evidence	low	accept	conservative syntax review
鼎鼎大名	u	chengyu		china-idiom+agent	insufficient-syntax-evidence	low	accept	conservative syntax review
鼓盆之戚	u	chengyu		china-idiom+agent	insufficient-syntax-evidence	low	accept	conservative syntax review
鼠竊狗盜	u	chengyu		china-idiom+agent	insufficient-syntax-evidence	low	accept	conservative syntax review
鼠肚雞腸	u	chengyu		china-idiom+agent	insufficient-syntax-evidence	low	accept	conservative syntax review
鼻青眼腫	a	chengyu	passive	china-idiom+agent	agent-reviewed-override	high	accept	conservative syntax review
齊大非偶	u	chengyu		china-idiom+agent	insufficient-syntax-evidence	low	accept	conservative syntax review
齊心協力	u	chengyu		china-idiom+agent	insufficient-syntax-evidence	low	accept	conservative syntax review
齊心戮力	u	chengyu		china-idiom+agent	insufficient-syntax-evidence	low	accept	conservative syntax review
龍吟虎嘯	u	chengyu		china-idiom+agent	insufficient-syntax-evidence	low	accept	conservative syntax review
龍爭虎鬥	u	chengyu		china-idiom+agent	insufficient-syntax-evidence	low	accept	conservative syntax review
龍精虎猛	u	chengyu		china-idiom+agent	insufficient-syntax-evidence	low	accept	conservative syntax review
龍肝鳳髓	u	chengyu		china-idiom+agent	insufficient-syntax-evidence	low	accept	conservative syntax review
龍蟠鳳逸	u	chengyu		china-idiom+agent	insufficient-syntax-evidence	low	accept	conservative syntax review
龍行虎步	u	chengyu		china-idiom+agent	insufficient-syntax-evidence	low	accept	conservative syntax review
龍躍鳳鳴	u	chengyu		china-idiom+agent	insufficient-syntax-evidence	low	accept	conservative syntax review
龍頭蛇尾	r	chengyu		china-idiom+agent	example-adverbial-de	high	accept	conservative syntax review
龍駒鳳雛	u	chengyu		china-idiom+agent	insufficient-syntax-evidence	low	accept	conservative syntax review
龍騰虎躍	u	chengyu		china-idiom+agent	insufficient-syntax-evidence	low	accept	conservative syntax review
龍驤虎視	u	chengyu		china-idiom+agent	insufficient-syntax-evidence	low	accept	conservative syntax review
龐然大物	u	chengyu		china-idiom+agent	insufficient-syntax-evidence	low	accept	conservative syntax review
