phase	literal	pos	family	voice	note	trust	stratum	verdict	fix_pos	fix_family	fix_voice	audit_note
p0	一個二個	x	idiom		audit-med;review;p2-idiom:一X?Y;p2-idiom-heuristic	high	high|gate|idiom					
p0	一夕之間	n	idiom		len4-noun-heuristic;p2-idiom:之字格;p2-idiom-heuristic;review	high	high|gate|idiom					
p0	一念之間	n	idiom		len4-noun-heuristic;p2-idiom:之字格;p2-idiom-heuristic;review	high	high|gate|idiom					
p0	一石二鳥	v	idiom		seed	high	high|gate|idiom					
p0	一臂之力	n	idiom		len4-noun-heuristic;p2-idiom:之字格;p2-idiom-heuristic;review	high	high|gate|idiom					
p0	一面之詞	n	idiom		len4-noun-heuristic;p2-idiom:之字格;p2-idiom-heuristic;review	high	high|gate|idiom					
p0	不惑之年	n	idiom		len4-noun-heuristic;p2-idiom:之字格;p2-idiom-heuristic;review	high	high|gate|idiom					
p0	不祧之祖	n	idiom		len4-noun-heuristic;p2-idiom:之字格;p2-idiom-heuristic;review	high	high|gate|idiom					
p0	中庸之道	n	idiom		len4-noun-heuristic;p2-idiom:之字格;p2-idiom-heuristic;review	high	high|gate|idiom					
p0	乍看之下	n	idiom		len4-noun-heuristic;p2-idiom:之字格;p2-idiom-heuristic;review	high	high|gate|idiom					
p0	乘人之危	n	idiom		len4-noun-heuristic;p2-idiom:之字格;p2-idiom-heuristic;review	high	high|gate|idiom					
p0	冥冥之中	n	idiom		len4-noun-heuristic;p2-idiom:AABC;p2-idiom-heuristic	high	high|gate|idiom					
p0	半途而廢	v	idiom		audit-high;review	high	high|gate|idiom					
p0	可造之材	n	idiom		len4-noun-heuristic;p2-idiom:之字格;p2-idiom-heuristic;review	high	high|gate|idiom					
p0	喪家之犬	n	idiom		len4-noun-heuristic;p2-idiom:之字格;p2-idiom-heuristic;review	high	high|gate|idiom					
p0	嗟來之食	n	idiom		len4-noun-heuristic;p2-idiom:之字格;p2-idiom-heuristic;review	high	high|gate|idiom					
p0	大將之風	n	idiom		len4-noun-heuristic;p2-idiom:之字格;p2-idiom-heuristic;review	high	high|gate|idiom					
p0	天作之合	n	idiom		len4-noun-heuristic;p2-idiom:之字格;p2-idiom-heuristic;review	high	high|gate|idiom					
p0	天淵之別	n	idiom		len4-noun-heuristic;p2-idiom:之字格;p2-idiom-heuristic;review	high	high|gate|idiom					
p0	好事之徒	n	idiom		len4-noun-heuristic;p2-idiom:之字格;p2-idiom-heuristic;review	high	high|gate|idiom					
p0	完整無缺	a	idiom		audit-high;review	high	high|gate|idiom					
p0	平庸之輩	n	idiom		len4-noun-heuristic;p2-idiom:之字格;p2-idiom-heuristic;review	high	high|gate|idiom					
p0	彈丸之地	n	idiom		len4-noun-heuristic;p2-idiom:之字格;p2-idiom-heuristic;review	high	high|gate|idiom					
p0	彈指之間	n	idiom		len4-noun-heuristic;p2-idiom:之字格;p2-idiom-heuristic;review	high	high|gate|idiom					
p0	後事之師	n	idiom		len4-noun-heuristic;p2-idiom:之字格;p2-idiom-heuristic;review	high	high|gate|idiom					
p0	心腹之患	n	idiom		len4-noun-heuristic;p2-idiom:之字格;p2-idiom-heuristic;review	high	high|gate|idiom					
p0	忽然之間	n	idiom		len4-noun-heuristic;p2-idiom:之字格;p2-idiom-heuristic;review	high	high|gate|idiom					
p0	揮之不去	n	idiom		len4-noun-heuristic;p2-idiom:之字格;p2-idiom-heuristic;review	high	high|gate|idiom					
p0	有婦之夫	n	idiom		len4-noun-heuristic;p2-idiom:之字格;p2-idiom-heuristic;review	high	high|gate|idiom					
p0	權宜之計	n	idiom		len4-noun-heuristic;p2-idiom:之字格;p2-idiom-heuristic;review	high	high|gate|idiom					
p0	殺身之禍	n	idiom		len4-noun-heuristic;p2-idiom:之字格;p2-idiom-heuristic;review	high	high|gate|idiom					
p0	浩然之氣	n	idiom		len4-noun-heuristic;p2-idiom:之字格;p2-idiom-heuristic;review	high	high|gate|idiom					
p0	無稽之談	n	idiom		len4-noun-heuristic;p2-idiom:之字格;p2-idiom-heuristic;review	high	high|gate|idiom					
p0	生死之交	n	idiom		len4-noun-heuristic;p2-idiom:之字格;p2-idiom-heuristic;review	high	high|gate|idiom					
p0	生財之道	n	idiom		len4-noun-heuristic;p2-idiom:之字格;p2-idiom-heuristic;review	high	high|gate|idiom					
p0	神來之筆	n	idiom		len4-noun-heuristic;p2-idiom:之字格;p2-idiom-heuristic;review	high	high|gate|idiom					
p0	禮儀之邦	n	idiom		len4-noun-heuristic;p2-idiom:之字格;p2-idiom-heuristic;review	high	high|gate|idiom					
p0	絲綢之路	n	idiom		len4-noun-heuristic;p2-idiom:之字格;p2-idiom-heuristic;review	high	high|gate|idiom					
p0	經驗之談	n	idiom		len4-noun-heuristic;p2-idiom:之字格;p2-idiom-heuristic;review	high	high|gate|idiom					
p0	致富之道	n	idiom		len4-noun-heuristic;p2-idiom:之字格;p2-idiom-heuristic;review	high	high|gate|idiom					
p0	莫逆之交	n	idiom		len4-noun-heuristic;p2-idiom:之字格;p2-idiom-heuristic;review	high	high|gate|idiom					
p0	處之泰然	n	idiom		len4-noun-heuristic;p2-idiom:之字格;p2-idiom-heuristic;review	high	high|gate|idiom					
p0	言之過早	n	idiom		len4-noun-heuristic;p2-idiom:之字格;p2-idiom-heuristic;review	high	high|gate|idiom					
p0	言外之意	n	idiom		len4-noun-heuristic;p2-idiom:之字格;p2-idiom-heuristic;review	high	high|gate|idiom					
p0	趁人之危	n	idiom		len4-noun-heuristic;p2-idiom:之字格;p2-idiom-heuristic;review	high	high|gate|idiom					
p0	趨之若鶩	n	idiom		len4-noun-heuristic;p2-idiom:之字格;p2-idiom-heuristic;review	high	high|gate|idiom					
p0	養育之恩	n	idiom		len4-noun-heuristic;p2-idiom:之字格;p2-idiom-heuristic;review	high	high|gate|idiom					
p0	鴻鵠之志	n	idiom		len4-noun-heuristic;p2-idiom:之字格;p2-idiom-heuristic;review	high	high|gate|idiom					
p0	黔驢之技	n	idiom		len4-noun-heuristic;p2-idiom:之字格;p2-idiom-heuristic;review	high	high|gate|idiom					
p0	鼎足之勢	n	idiom		len4-noun-heuristic;p2-idiom:之字格;p2-idiom-heuristic;review	high	high|gate|idiom					
p0	不禁	r			no-source;fallback;p1-audit;review;副詞「忍不住」	high	high|gate|plain					
p0	中國社會	n			len4-noun-heuristic	high	high|gate|plain					
p0	享樂主義	n			len4-noun-heuristic	high	high|gate|plain					
p0	但	x			heuristic	high	high|gate|plain					
p0	低落	a			audit-high;review	high	high|gate|plain					
p0	供油系統	n			audit-med;review	high	high|gate|plain					
p0	其他	x			no-source;fallback;p1-close;rank-u;canto-heuristic;review	high	high|gate|plain					
p0	分解作用	n			len4-noun-heuristic	high	high|gate|plain					
p0	功利主義	n			len4-noun-heuristic	high	high|gate|plain					
p0	區域網絡	n			len4-noun-heuristic	high	high|gate|plain					
p0	原核生物	n			len4-noun-heuristic	high	high|gate|plain					
p0	句	n,x			audit-high;review	high	high|gate|plain					
p0	同時	n,r			no-source;fallback;p1-close;rank-u;canto-heuristic;review	high	high|gate|plain					
p0	呆	a			cow-multi;p1-audit;review;stative 形；v 假陽會毒同動詞閘	high	high|gate|plain					
p0	唉	x			no-source;fallback;p1-close;rank-u;canto-heuristic;review	high	high|gate|plain					
p0	啓動技術	n			len4-noun-heuristic	high	high|gate|plain					
p0	國家機構	n			len4-noun-heuristic	high	high|gate|plain					
p0	國立大學	n			len4-noun-heuristic	high	high|gate|plain					
p0	大把	a,r			no-source;fallback;p1-audit;review;粵「好多」	high	high|gate|plain					
p0	姐姐	n			cow-single;p1-cleanup;canto-heuristic;review	high	high|gate|plain					
p0	婦科醫生	n			len4-noun-heuristic	high	high|gate|plain					
p0	完成	n,v			cow-nv-unreviewed;trust-low;p1-close;true-nv;review	high	high|gate|plain					
p0	就算	r,x			no-source;fallback;p1-close;rank-u;canto-heuristic;review	high	high|gate|plain					
p0	幫助	n,v			cow-nv-unreviewed;trust-low;p1-close;true-nv;review	high	high|gate|plain					
p0	心理醫生	n			audit-med;review	high	high|gate|plain					
p0	房	n			no-source;fallback;p1-close;rank-u;canto-heuristic;review	high	high|gate|plain					
p0	所屬單位	n			len4-noun-heuristic	high	high|gate|plain					
p0	扁	a,v			no-source;fallback;p1-audit;review;扁平；弄扁	high	high|gate|plain					
p0	投票	n,v			cow-nv-unreviewed;trust-low;p1-close;true-nv;review	high	high|gate|plain					
p0	投降主義	n			len4-noun-heuristic	high	high|gate|plain					
p0	援助機構	n			len4-noun-heuristic	high	high|gate|plain					
p0	教育大學	n			len4-noun-heuristic	high	high|gate|plain					
p0	文職人員	n			len4-noun-heuristic	high	high|gate|plain					
p0	本本主義	n			len4-noun-heuristic	high	high|gate|plain					
p0	林芝地區	n			len4-noun-heuristic	high	high|gate|plain					
p0	槓桿原理	n			len4-noun-heuristic	high	high|gate|plain					
p0	樂觀主義	n			len4-noun-heuristic	high	high|gate|plain					
p0	民生主義	n			len4-noun-heuristic	high	high|gate|plain					
p0	氧化作用	n			len4-noun-heuristic	high	high|gate|plain					
p0	消耗	n,v			cow-nv-unreviewed;trust-low;p1-close;true-nv;review	high	high|gate|plain					
p0	淡	a			no-source;fallback;p1-audit;review;清淡	high	high|gate|plain					
p0	減少	n,v			cow-nv-unreviewed;trust-low;p1-close;true-nv;review	high	high|gate|plain					
p0	特務組織	n			len4-noun-heuristic	high	high|gate|plain					
p0	玩	v			cow-nv-unreviewed;trust-low;p1-cleanup;canto-heuristic;review	high	high|gate|plain					
p0	產科醫生	n			len4-noun-heuristic	high	high|gate|plain					
p0	發展	n,v			cow-nv-unreviewed;trust-low;p1-close;true-nv;review	high	high|gate|plain					
p0	競爭模式	n			len4-noun-heuristic	high	high|gate|plain					
p0	算是	v			no-source;fallback;p1-audit;review;算作	high	high|gate|plain					
p0	結算	n,v			cow-nv-unreviewed;trust-low;p1-close;true-nv;review	high	high|gate|plain					
p0	給	v,x			heuristic	high	high|gate|plain					
p0	聯邦政府	n			len4-noun-heuristic	high	high|gate|plain					
p0	股票市場	n			len4-noun-heuristic	high	high|gate|plain					
p0	自己	x			no-source;fallback;p1-cleanup;canto-heuristic;review	high	high|gate|plain					
p0	衝突	n,v			cow-nv-unreviewed;trust-low;p1-close;true-nv;review	high	high|gate|plain					
p0	象徵主義	n			len4-noun-heuristic	high	high|gate|plain					
p0	軟件技術	n			len4-noun-heuristic	high	high|gate|plain					
p0	通訊設備	n			len4-noun-heuristic	high	high|gate|plain					
p0	道歉	n,v			cow-nv-unreviewed;trust-low;p1-close;true-nv;review	high	high|gate|plain					
p0	陣	n,x			no-source;fallback;p1-close;rank-u;canto-heuristic;review	high	high|gate|plain					
p0	面前	n,r			no-source;fallback;p1-close;rank-u;canto-heuristic;review	high	high|gate|plain					
p0	食品工業	n			len4-noun-heuristic	high	high|gate|plain					
p0	驚	a,v			no-source;fallback;p1-cleanup;canto-heuristic;review	high	high|gate|plain					
p0	一年四季	u	idiom		no-source;fallback;p2-idiom:一X?Y;p2-idiom-heuristic;review	high	high|u|idiom					
p0	一望無邊	u	idiom		no-source;fallback;p2-idiom:一X?Y;p2-idiom-heuristic;review	high	high|u|idiom					
p0	一望無際	u	idiom		no-source;fallback;p2-idiom:一X?Y;p2-idiom-heuristic;review	high	high|u|idiom					
p0	一覽無餘	u	idiom		no-source;fallback;p2-idiom:一X?Y;p2-idiom-heuristic;review	high	high|u|idiom					
p0	乜乜物物	u	idiom		no-source;fallback;p2-idiom:AABB;p2-idiom-heuristic;review	high	high|u|idiom					
p0	修修補補	u	idiom		no-source;fallback;p2-idiom:AABB;p2-idiom-heuristic;review	high	high|u|idiom					
p0	健健康康	u	idiom		no-source;fallback;p2-idiom:AABB;p2-idiom-heuristic;review	high	high|u|idiom					
p0	勉勉強強	u	idiom		no-source;fallback;p2-idiom:AABB;p2-idiom-heuristic;review	high	high|u|idiom					
p0	原原本本	u	idiom		no-source;fallback;p2-idiom:AABB;p2-idiom-heuristic;review	high	high|u|idiom					
p0	呼哧呼哧	u	idiom		no-source;fallback;p2-idiom:ABAB;p2-idiom-heuristic;review	high	high|u|idiom					
p0	嚴嚴實實	u	idiom		no-source;fallback;p2-idiom:AABB;p2-idiom-heuristic;review	high	high|u|idiom					
p0	大大話話	u	idiom		no-source;fallback;p2-idiom:AABB;p2-idiom-heuristic;review	high	high|u|idiom					
p0	安安心心	u	idiom		no-source;fallback;p2-idiom:AABB;p2-idiom-heuristic;review	high	high|u|idiom					
p0	安安穩穩	u	idiom		no-source;fallback;p2-idiom:AABB;p2-idiom-heuristic;review	high	high|u|idiom					
p0	從從容容	u	idiom		no-source;fallback;p2-idiom:AABB;p2-idiom-heuristic;review	high	high|u|idiom					
p0	打打鬧鬧	u	idiom		no-source;fallback;p2-idiom:AABB;p2-idiom-heuristic;review	high	high|u|idiom					
p0	指指點點	u	idiom		no-source;fallback;p2-idiom:AABB;p2-idiom-heuristic;review	high	high|u|idiom					
p0	搖搖晃晃	u	idiom		no-source;fallback;p2-idiom:AABB;p2-idiom-heuristic;review	high	high|u|idiom					
p0	敲敲打打	u	idiom		no-source;fallback;p2-idiom:AABB;p2-idiom-heuristic;review	high	high|u|idiom					
p0	方方面面	u	idiom		no-source;fallback;p2-idiom:AABB;p2-idiom-heuristic;review	high	high|u|idiom					
p0	昏昏沉沉	u	idiom		no-source;fallback;p2-idiom:AABB;p2-idiom-heuristic;review	high	high|u|idiom					
p0	星星點點	u	idiom		no-source;fallback;p2-idiom:AABB;p2-idiom-heuristic;review	high	high|u|idiom					
p0	有增無減	u	idiom		no-source;fallback;p2-idiom:有無對;p2-idiom-heuristic;review	high	high|u|idiom					
p0	有心無力	u	idiom		no-source;fallback;p2-idiom:有無對;p2-idiom-heuristic;review	high	high|u|idiom					
p0	有所不知	u	idiom		no-source;fallback;p2-idiom:有無對;p2-idiom-heuristic;review	high	high|u|idiom					
p0	有教無類	u	idiom		no-source;fallback;p2-idiom:有無對;p2-idiom-heuristic;review	high	high|u|idiom					
p0	有驚無險	u	idiom		no-source;fallback;p2-idiom:有無對;p2-idiom-heuristic;review	high	high|u|idiom					
p0	期期艾艾	u	idiom		no-source;fallback;p2-idiom:AABB;p2-idiom-heuristic;review	high	high|u|idiom					
p0	正正經經	u	idiom		no-source;fallback;p2-idiom:AABB;p2-idiom-heuristic;review	high	high|u|idiom					
p0	求求其其	u	idiom		no-source;fallback;p2-idiom:AABB;p2-idiom-heuristic;review	high	high|u|idiom					
p0	清清爽爽	u	idiom		no-source;fallback;p2-idiom:AABB;p2-idiom-heuristic;review	high	high|u|idiom					
p0	清清白白	u	idiom		no-source;fallback;p2-idiom:AABB;p2-idiom-heuristic;review	high	high|u|idiom					
p0	無惡不作	u	idiom		no-source;fallback;p2-idiom:有無對;p2-idiom-heuristic;review	high	high|u|idiom					
p0	甜甜蜜蜜	u	idiom		no-source;fallback;p2-idiom:AABB;p2-idiom-heuristic;review	high	high|u|idiom					
p0	生生世世	u	idiom		no-source;fallback;p2-idiom:AABB;p2-idiom-heuristic;review	high	high|u|idiom					
p0	病病歪歪	u	idiom		no-source;fallback;p2-idiom:AABB;p2-idiom-heuristic;review	high	high|u|idiom					
p0	瘋瘋癲癲	u	idiom		no-source;fallback;p2-idiom:AABB;p2-idiom-heuristic;review	high	high|u|idiom					
p0	真真假假	u	idiom		no-source;fallback;p2-idiom:AABB;p2-idiom-heuristic;review	high	high|u|idiom					
p0	磕磕撞撞	u	idiom		no-source;fallback;p2-idiom:AABB;p2-idiom-heuristic;review	high	high|u|idiom					
p0	稀稀拉拉	u	idiom		no-source;fallback;p2-idiom:AABB;p2-idiom-heuristic;review	high	high|u|idiom					
p0	空空蕩蕩	u	idiom		no-source;fallback;p2-idiom:AABB;p2-idiom-heuristic;review	high	high|u|idiom					
p0	罵罵咧咧	u	idiom		no-source;fallback;p2-idiom:AABB;p2-idiom-heuristic;review	high	high|u|idiom					
p0	老老實實	u	idiom		no-source;fallback;p2-idiom:AABB;p2-idiom-heuristic;review	high	high|u|idiom					
p0	花花搭搭	u	idiom		no-source;fallback;p2-idiom:AABB;p2-idiom-heuristic;review	high	high|u|idiom					
p0	花花綠綠	u	idiom		no-source;fallback;p2-idiom:AABB;p2-idiom-heuristic;review	high	high|u|idiom					
p0	行行企企	u	idiom		no-source;fallback;p2-idiom:AABB;p2-idiom-heuristic;review	high	high|u|idiom					
p0	輕輕鬆鬆	u	idiom		no-source;fallback;p2-idiom:AABB;p2-idiom-heuristic;review	high	high|u|idiom					
p0	隨隨便便	u	idiom		no-source;fallback;p2-idiom:AABB;p2-idiom-heuristic;review	high	high|u|idiom					
p0	風風雨雨	u	idiom		no-source;fallback;p2-idiom:AABB;p2-idiom-heuristic;review	high	high|u|idiom					
p0	鬆鬆垮垮	u	idiom		no-source;fallback;p2-idiom:AABB;p2-idiom-heuristic;review	high	high|u|idiom					
p0	中規中矩	n	idiom		cow-single;p2-idiom:ABAC;p2-idiom-heuristic	low	low|low|idiom					
p0	亞美尼亞	n	idiom		cow-single;p2-idiom:AxxA;p2-idiom-heuristic	low	low|low|idiom					
p0	匆匆離去	v	idiom		cow-single;p2-idiom:AABC;p2-idiom-heuristic	low	low|low|idiom					
p0	喃喃自語	v	idiom		cow-single;p2-idiom:AABC;p2-idiom-heuristic	low	low|low|idiom					
p0	小偷小摸	n	idiom		cow-single;p2-idiom:ABAC;p2-idiom-heuristic	low	low|low|idiom					
p0	強買強賣	v	idiom		cow-single;p2-idiom:ABAC;p2-idiom-heuristic	low	low|low|idiom					
p0	彈道導彈	n	idiom		cow-single;p2-idiom:AxxA;p2-idiom-heuristic	low	low|low|idiom					
p0	彬彬有禮	n	idiom		cow-single;p2-idiom:AABC;p2-idiom-heuristic	low	low|low|idiom					
p0	怪模怪樣	a	idiom		cow-single;p2-idiom:ABAC;p2-idiom-heuristic	low	low|low|idiom					
p0	或多或少	r	idiom		cow-single;p2-idiom:ABAC;p2-idiom-heuristic	low	low|low|idiom					
p0	搖搖欲墜	v	idiom		cow-single;p2-idiom:AABC;p2-idiom-heuristic	low	low|low|idiom					
p0	核糖核酸	n	idiom		cow-single;p2-idiom:ABAC;p2-idiom-heuristic	low	low|low|idiom					
p0	無影無蹤	n	idiom		cow-single;p2-idiom:ABAC;p2-idiom-heuristic	low	low|low|idiom					
p0	無拘無束	v	idiom		cow-single;p2-idiom:ABAC;p2-idiom-heuristic	low	low|low|idiom					
p0	無法無天	n	idiom		cow-single;p2-idiom:ABAC;p2-idiom-heuristic	low	low|low|idiom					
p0	空空導彈	n	idiom		cow-single;p2-idiom:AABC;p2-idiom-heuristic	low	low|low|idiom					
p0	閃閃發光	v	idiom		cow-single;p2-idiom:AABC;p2-idiom-heuristic	low	low|low|idiom					
p0	默默無聞	n	idiom		cow-single;p2-idiom:AABC;p2-idiom-heuristic	low	low|low|idiom					
p0	一瞬間	n			cow-single	low	low|low|plain					
p0	不在場	n			cow-single	low	low|low|plain					
p0	不辭而別	v			cow-single	low	low|low|plain					
p0	中世紀	n			cow-single	low	low|low|plain					
p0	二氧化碳	n			cow-single	low	low|low|plain					
p0	亞硝酸鈉	n			cow-single	low	low|low|plain					
p0	交通	n			cow-single	low	low|low|plain					
p0	介意	v			cow-single	low	low|low|plain					
p0	似乎	v			cow-single	low	low|low|plain					
p0	保護關税	n			cow-single	low	low|low|plain					
p0	保障	n,v			cow-nv-unreviewed;trust-low	low	low|low|plain					
p0	保齡球	n			cow-single	low	low|low|plain					
p0	信譽	n			cow-single	low	low|low|plain					
p0	做法	n			cow-single	low	low|low|plain					
p0	傳染	n,v			cow-nv-unreviewed;trust-low	low	low|low|plain					
p0	傳真	n			cow-single	low	low|low|plain					
p0	傷	v			cow-single	low	low|low|plain					
p0	傷風	n			cow-single	low	low|low|plain					
p0	內褲	n			cow-single	low	low|low|plain					
p0	共有	n,v			cow-nv-unreviewed;trust-low	low	low|low|plain					
p0	出去	v			cow-single	low	low|low|plain					
p0	前夕	n			cow-single	low	low|low|plain					
p0	剩下	v			cow-single	low	low|low|plain					
p0	加重	n			cow-single	low	low|low|plain					
p0	匯款	n			cow-single	low	low|low|plain					
p0	博覽會	n			cow-single	low	low|low|plain					
p0	占卜	v			cow-single	low	low|low|plain					
p0	原因	n			cow-single	low	low|low|plain					
p0	原諒	v			cow-single	low	low|low|plain					
p0	反詰	v			cow-single	low	low|low|plain					
p0	取代	n,v			cow-nv-unreviewed;trust-low	low	low|low|plain					
p0	只有	r			cow-single	low	low|low|plain					
p0	合成代謝	n			cow-single	low	low|low|plain					
p0	告密	v			cow-single	low	low|low|plain					
p0	哭	v			cow-single	low	low|low|plain					
p0	單詞	n			cow-single	low	low|low|plain					
p0	噪聲污染	n			cow-single	low	low|low|plain					
p0	圍繞	n,v			cow-nv-unreviewed;trust-low	low	low|low|plain					
p0	坐下	v			cow-single	low	low|low|plain					
p0	塞	n,v			cow-nv-unreviewed;trust-low	low	low|low|plain					
p0	大好	v			verb-suffix;heuristic;verb-suffix-suspect;trust-low	low	low|low|plain					
p0	天性	n			cow-single	low	low|low|plain					
p0	太空	n			cow-single	low	low|low|plain					
p0	夫婦	n			cow-single	low	low|low|plain					
p0	好處	n			cow-single	low	low|low|plain					
p0	婚禮	n			cow-single	low	low|low|plain					
p0	子虛烏有	n			cow-single	low	low|low|plain					
p0	安慰	n,v			cow-nv-unreviewed;trust-low	low	low|low|plain					
p0	完整	n			cow-single	low	low|low|plain					
p0	客人	n			cow-single	low	low|low|plain					
p0	容易	n			cow-single	low	low|low|plain					
p0	實在	n			cow-single	low	low|low|plain					
p0	寶寶	n			cow-single	low	low|low|plain					
p0	尊重	n,v			cow-nv-unreviewed;trust-low	low	low|low|plain					
p0	尼	n			cow-single	low	low|low|plain					
p0	崩潰	n,v			cow-nv-unreviewed;trust-low	low	low|low|plain					
p0	平日	n			cow-single	low	low|low|plain					
p0	幼稚	n			cow-single	low	low|low|plain					
p0	引	v			cow-single	low	low|low|plain					
p0	強調	n,v			cow-nv-unreviewed;trust-low	low	low|low|plain					
p0	彩虹	n			cow-single	low	low|low|plain					
p0	後期	n			cow-single	low	low|low|plain					
p0	微生物	n			cow-single	low	low|low|plain					
p0	心情	n			cow-single	low	low|low|plain					
p0	快餐	n			cow-single	low	low|low|plain					
p0	怒火	n			cow-single	low	low|low|plain					
p0	性情	n			cow-single	low	low|low|plain					
p0	恐懼	n			cow-single	low	low|low|plain					
p0	想起	v			cow-single	low	low|low|plain					
p0	愛人	n			cow-single	low	low|low|plain					
p0	愛好者	n			cow-single	low	low|low|plain					
p0	憎恨	n,v			cow-nv-unreviewed;trust-low	low	low|low|plain					
p0	所有權	n			cow-single	low	low|low|plain					
p0	手套	n			cow-single	low	low|low|plain					
p0	手工藝品	n			cow-single	low	low|low|plain					
p0	打電話	v			cow-single	low	low|low|plain					
p0	扣除	n,v			cow-nv-unreviewed;trust-low	low	low|low|plain					
p0	把持	v			cow-single	low	low|low|plain					
p0	抗議	n,v			cow-nv-unreviewed;trust-low	low	low|low|plain					
p0	折扣	n			cow-single	low	low|low|plain					
p0	拋	v			cow-single	low	low|low|plain					
p0	推動	v			cow-single	low	low|low|plain					
p0	揮霍無度	v			cow-single	low	low|low|plain					
p0	撤退	v			cow-single	low	low|low|plain					
p0	攝影師	n			cow-single	low	low|low|plain					
p0	收盤	v			cow-single	low	low|low|plain					
p0	放寬	n			cow-single	low	low|low|plain					
p0	放肆	n,v			cow-nv-unreviewed;trust-low	low	low|low|plain					
p0	教授	n,v			cow-nv-unreviewed;trust-low	low	low|low|plain					
p0	整理	n,v			cow-nv-unreviewed;trust-low	low	low|low|plain					
p0	敵人	n			cow-single	low	low|low|plain					
p0	斧頭	n			cow-single	low	low|low|plain					
p0	新娘	n			cow-single	low	low|low|plain					
p0	方法	n			cow-single	low	low|low|plain					
p0	日出	n			cow-single	low	low|low|plain					
p0	星期六	n			cow-single	low	low|low|plain					
p0	會話	n			cow-single	low	low|low|plain					
p0	有用	n,v			cow-nv-unreviewed;trust-low	low	low|low|plain					
p0	有關	n,v			cow-nv-unreviewed;trust-low	low	low|low|plain					
p0	本能	n			cow-single	low	low|low|plain					
p0	材料	n			cow-single	low	low|low|plain					
p0	核心	n			cow-single	low	low|low|plain					
p0	核聚變	n			cow-single	low	low|low|plain					
p0	條件反射	n			cow-single	low	low|low|plain					
p0	槍彈	n			cow-single	low	low|low|plain					
p0	機會	n			cow-single	low	low|low|plain					
p0	櫻花	n			cow-single	low	low|low|plain					
p0	款式	n			cow-single	low	low|low|plain					
p0	殺	v			cow-single	low	low|low|plain					
p0	每年	a			cow-single	low	low|low|plain					
p0	毒癮	n			cow-single	low	low|low|plain					
p0	毗鄰	v			cow-single	low	low|low|plain					
p0	水桶	n			cow-single	low	low|low|plain					
p0	水池	n			cow-single	low	low|low|plain					
p0	氾濫	n,v			cow-nv-unreviewed;trust-low	low	low|low|plain					
p0	波	n			cow-single	low	low|low|plain					
p0	流出	n,v			cow-nv-unreviewed;trust-low	low	low|low|plain					
p0	海灘	n			cow-single	low	low|low|plain					
p0	消瘦	n			cow-single	low	low|low|plain					
p0	涼鞋	n			cow-single	low	low|low|plain					
p0	淚水	n			cow-single	low	low|low|plain					
p0	渡過	v			cow-single	low	low|low|plain					
p0	游水	v			cow-single	low	low|low|plain					
p0	溜	v			cow-single	low	low|low|plain					
p0	滋味	n			cow-single	low	low|low|plain					
p0	滑	v			cow-single	low	low|low|plain					
p0	濕	n			cow-single	low	low|low|plain					
p0	煙霧	n			cow-single	low	low|low|plain					
p0	熊	n			cow-single	low	low|low|plain					
p0	牀上用品	n			cow-single	low	low|low|plain					
p0	牛仔褲	n			cow-single	low	low|low|plain					
p0	特寫鏡頭	n			cow-single	low	low|low|plain					
p0	環	n			cow-single	low	low|low|plain					
p0	當時	n			cow-single	low	low|low|plain					
p0	疤痕	n			cow-single	low	low|low|plain					
p0	病人	n			cow-single	low	low|low|plain					
p0	皮膚	n			cow-single	low	low|low|plain					
p0	真的	a			cow-single	low	low|low|plain					
p0	眼皮	n			cow-single	low	low|low|plain					
p0	硝化甘油	n			cow-single	low	low|low|plain					
p0	碗	n			cow-single	low	low|low|plain					
p0	礦物燃料	n			cow-single	low	low|low|plain					
p0	程度	n			cow-single	low	low|low|plain					
p0	空	n			cow-single	low	low|low|plain					
p0	空間	n			cow-single	low	low|low|plain					
p0	穿梭	v			cow-single	low	low|low|plain					
p0	突擊	n			cow-single	low	low|low|plain					
p0	窮	a			cow-single	low	low|low|plain					
p0	等於	v			cow-single	low	low|low|plain					
p0	筷子	n			cow-single	low	low|low|plain					
p0	節	n			cow-single	low	low|low|plain					
p0	精神	n			cow-single	low	low|low|plain					
p0	純淨	n			cow-single	low	low|low|plain					
p0	結局	n			cow-single	low	low|low|plain					
p0	經紀人	n,v			cow-nv-unreviewed;trust-low	low	low|low|plain					
p0	練習	n			cow-single	low	low|low|plain					
p0	缸	n			cow-single	low	low|low|plain					
p0	翅膀	n			cow-single	low	low|low|plain					
p0	考試	n			cow-single	low	low|low|plain					
p0	聯	v			cow-single	low	low|low|plain					
p0	聽話	v			cow-single	low	low|low|plain					
p0	胡言亂語	n			cow-single	low	low|low|plain					
p0	腦袋	n			cow-single	low	low|low|plain					
p0	舅父	n			cow-single	low	low|low|plain					
p0	英寸	n			cow-single	low	low|low|plain					
p0	處女	n			cow-single	low	low|low|plain					
p0	血紅蛋白	n			cow-single	low	low|low|plain					
p0	衣櫥	n			cow-single	low	low|low|plain					
p0	襪子	n			cow-single	low	low|low|plain					
p0	西紅柿	n			cow-single	low	low|low|plain					
p0	親密關係	n			cow-single	low	low|low|plain					
p0	親自	r			cow-single	low	low|low|plain					
p0	許可證	n			cow-single	low	low|low|plain					
p0	調整	n,v			cow-nv-unreviewed;trust-low	low	low|low|plain					
p0	謊言	n			cow-single	low	low|low|plain					
p0	貴族	n			cow-single	low	low|low|plain					
p0	費用	n			cow-single	low	low|low|plain					
p0	走路	v			cow-single	low	low|low|plain					
p0	越過	v			cow-single	low	low|low|plain					
p0	身體	n			cow-single	low	low|low|plain					
p0	車輪	n			cow-single	low	low|low|plain					
p0	軍事行動	n			cow-single	low	low|low|plain					
p0	轉身	n,v			cow-nv-unreviewed;trust-low	low	low|low|plain					
p0	追溯	v			cow-single	low	low|low|plain					
p0	逃走	v			cow-single	low	low|low|plain					
p0	逃避現實	n			cow-single	low	low|low|plain					
p0	逆行	v			cow-single	low	low|low|plain					
p0	進去	v			verb-suffix;heuristic;verb-suffix-suspect;trust-low	low	low|low|plain					
p0	遊客	n			cow-single	low	low|low|plain					
p0	遲疑	n,v			cow-nv-unreviewed;trust-low	low	low|low|plain					
p0	遺憾	n			cow-single	low	low|low|plain					
p0	邀請	n,v			cow-nv-unreviewed;trust-low	low	low|low|plain					
p0	還原	n			cow-single	low	low|low|plain					
p0	邊緣	n			cow-single	low	low|low|plain					
p0	野生植物	n			cow-single	low	low|low|plain					
p0	錄音機	n			cow-single	low	low|low|plain					
p0	鍾	n			cow-single	low	low|low|plain					
p0	鏈接	v			cow-single	low	low|low|plain					
p0	鐵路	n			cow-single	low	low|low|plain					
p0	長大	v			cow-single	low	low|low|plain					
p0	長期	n			cow-single	low	low|low|plain					
p0	長頸鹿	n			cow-single	low	low|low|plain					
p0	閃光燈	n			cow-single	low	low|low|plain					
p0	開槍	n,v			cow-nv-unreviewed;trust-low	low	low|low|plain					
p0	防止	v			cow-single	low	low|low|plain					
p0	防護	v			cow-single	low	low|low|plain					
p0	難以	a			cow-single	low	low|low|plain					
p0	靜脈曲張	n			cow-single	low	low|low|plain					
p0	響亮	v			cow-single	low	low|low|plain					
p0	頰	n			cow-single	low	low|low|plain					
p0	顯示	n,v			cow-nv-unreviewed;trust-low	low	low|low|plain					
p0	風氣	n			cow-single	low	low|low|plain					
p0	飛機	n			cow-single	low	low|low|plain					
p0	體育館	n			cow-single	low	low|low|plain					
p0	高峯	n			cow-single	low	low|low|plain					
p0	鬆手	v			cow-single	low	low|low|plain					
p0	魔力	n			cow-single	low	low|low|plain					
p0	麪粉	n			cow-single	low	low|low|plain					
p0	點鐘	n			cow-single	low	low|low|plain					
p0	一心一德	u	idiom		no-source;fallback;p2-idiom:ABAC;p2-idiom-heuristic	low	low|u|idiom					
p0	一手一腳	u	idiom		no-source;fallback;p2-idiom:ABAC;p2-idiom-heuristic	low	low|u|idiom					
p0	一死一傷	u	idiom		no-source;fallback;p2-idiom:ABAC;p2-idiom-heuristic	low	low|u|idiom					
p0	一瘸一拐	u	idiom		no-source;fallback;p2-idiom:ABAC;p2-idiom-heuristic	low	low|u|idiom					
p0	一言一行	u	idiom		no-source;fallback;p2-idiom:ABAC;p2-idiom-heuristic	low	low|u|idiom					
p0	一長一短	u	idiom		no-source;fallback;p2-idiom:ABAC;p2-idiom-heuristic	low	low|u|idiom					
p0	一顰一笑	u	idiom		no-source;fallback;p2-idiom:ABAC;p2-idiom-heuristic	low	low|u|idiom					
p0	不大不小	u	idiom		no-source;fallback;p2-idiom:ABAC;p2-idiom-heuristic	low	low|u|idiom					
p0	予取予攜	u	idiom		no-source;fallback;p2-idiom:ABAC;p2-idiom-heuristic	low	low|u|idiom					
p0	予取予求	u	idiom		no-source;fallback;p2-idiom:ABAC;p2-idiom-heuristic	low	low|u|idiom					
p0	人五人六	u	idiom		no-source;fallback;p2-idiom:ABAC;p2-idiom-heuristic	low	low|u|idiom					
p0	倔頭倔腦	u	idiom		no-source;fallback;p2-idiom:ABAC;p2-idiom-heuristic	low	low|u|idiom					
p0	化學變化	u	idiom		no-source;fallback;p2-idiom:AxxA;p2-idiom-heuristic	low	low|u|idiom					
p0	半明半暗	u	idiom		no-source;fallback;p2-idiom:ABAC;p2-idiom-heuristic	low	low|u|idiom					
p0	可喜可賀	u	idiom		no-source;fallback;p2-idiom:ABAC;p2-idiom-heuristic	low	low|u|idiom					
p0	同名同姓	u	idiom		no-source;fallback;p2-idiom:ABAC;p2-idiom-heuristic	low	low|u|idiom					
p0	呵呵大笑	u	idiom		no-source;fallback;p2-idiom:AABC;p2-idiom-heuristic	low	low|u|idiom					
p0	大喊大叫	u	idiom		no-source;fallback;p2-idiom:ABAC;p2-idiom-heuristic	low	low|u|idiom					
p0	大模大樣	u	idiom		no-source;fallback;p2-idiom:ABAC;p2-idiom-heuristic	low	low|u|idiom					
p0	大鳴大放	u	idiom		no-source;fallback;p2-idiom:ABAC;p2-idiom-heuristic	low	low|u|idiom					
p0	如火如荼	u	idiom		no-source;fallback;p2-idiom:ABAC;p2-idiom-heuristic	low	low|u|idiom					
p0	實報實銷	u	idiom		no-source;fallback;p2-idiom:ABAC;p2-idiom-heuristic	low	low|u|idiom					
p0	小恩小惠	u	idiom		no-source;fallback;p2-idiom:ABAC;p2-idiom-heuristic	low	low|u|idiom					
p0	快人快語	u	idiom		no-source;fallback;p2-idiom:ABAC;p2-idiom-heuristic	low	low|u|idiom					
p0	惶惶不安	u	idiom		no-source;fallback;p2-idiom:AABC;p2-idiom-heuristic	low	low|u|idiom					
p0	惺惺相惜	u	idiom		no-source;fallback;p2-idiom:AABC;p2-idiom-heuristic	low	low|u|idiom					
p0	政黨政治	u	idiom		no-source;fallback;p2-idiom:ABAC;p2-idiom-heuristic	low	low|u|idiom					
p0	救國救民	u	idiom		no-source;fallback;p2-idiom:ABAC;p2-idiom-heuristic	low	low|u|idiom					
p0	救苦救難	u	idiom		no-source;fallback;p2-idiom:ABAC;p2-idiom-heuristic	low	low|u|idiom					
p0	有條有理	u	idiom		no-source;fallback;p2-idiom:ABAC;p2-idiom-heuristic	low	low|u|idiom					
p0	有權有勢	u	idiom		no-source;fallback;p2-idiom:ABAC;p2-idiom-heuristic	low	low|u|idiom					
p0	束手束腳	u	idiom		no-source;fallback;p2-idiom:ABAC;p2-idiom-heuristic	low	low|u|idiom					
p0	沒大沒小	u	idiom		no-source;fallback;p2-idiom:ABAC;p2-idiom-heuristic	low	low|u|idiom					
p0	沒完沒了	u	idiom		no-source;fallback;p2-idiom:ABAC;p2-idiom-heuristic	low	low|u|idiom					
p0	流裏流氣	u	idiom		no-source;fallback;p2-idiom:ABAC;p2-idiom-heuristic	low	low|u|idiom					
p0	無私無畏	u	idiom		no-source;fallback;p2-idiom:ABAC;p2-idiom-heuristic	low	low|u|idiom					
p0	無聲無息	u	idiom		no-source;fallback;p2-idiom:ABAC;p2-idiom-heuristic	low	low|u|idiom					
p0	直來直去	u	idiom		no-source;fallback;p2-idiom:ABAC;p2-idiom-heuristic	low	low|u|idiom					
p0	直來直往	u	idiom		no-source;fallback;p2-idiom:ABAC;p2-idiom-heuristic	low	low|u|idiom					
p0	相輔相成	u	idiom		no-source;fallback;p2-idiom:ABAC;p2-idiom-heuristic	low	low|u|idiom					
p0	知己知彼	u	idiom		no-source;fallback;p2-idiom:ABAC;p2-idiom-heuristic	low	low|u|idiom					
p0	笨手笨腳	u	idiom		no-source;fallback;p2-idiom:ABAC;p2-idiom-heuristic	low	low|u|idiom					
p0	美侖美奐	u	idiom		no-source;fallback;p2-idiom:ABAC;p2-idiom-heuristic	low	low|u|idiom					
p0	耗時耗力	u	idiom		no-source;fallback;p2-idiom:ABAC;p2-idiom-heuristic	low	low|u|idiom					
p0	胡裏胡塗	u	idiom		no-source;fallback;p2-idiom:ABAC;p2-idiom-heuristic	low	low|u|idiom					
p0	自私自利	u	idiom		no-source;fallback;p2-idiom:ABAC;p2-idiom-heuristic	low	low|u|idiom					
p0	自賣自誇	u	idiom		no-source;fallback;p2-idiom:ABAC;p2-idiom-heuristic	low	low|u|idiom					
p0	若即若離	u	idiom		no-source;fallback;p2-idiom:ABAC;p2-idiom-heuristic	low	low|u|idiom					
p0	越幫越忙	u	idiom		no-source;fallback;p2-idiom:ABAC;p2-idiom-heuristic	low	low|u|idiom					
p0	默罕默德	u	idiom		no-source;fallback;p2-idiom:ABAC;p2-idiom-heuristic	low	low|u|idiom					
p0	一元復始	u			no-source;fallback	low	low|u|plain					
p0	一共	u			no-source;fallback	low	low|u|plain					
p0	一向	u			no-source;fallback	low	low|u|plain					
p0	一廂情願	u			no-source;fallback	low	low|u|plain					
p0	一心	u			no-source;fallback	low	low|u|plain					
p0	一忍再忍	u			no-source;fallback	low	low|u|plain					
p0	一敗塗地	u			no-source;fallback	low	low|u|plain					
p0	一文不名	u			no-source;fallback	low	low|u|plain					
p0	一眼	u			no-source;fallback	low	low|u|plain					
p0	一瞬	u			no-source;fallback	low	low|u|plain					
p0	一統天下	u			no-source;fallback	low	low|u|plain					
p0	一舉成功	u			no-source;fallback	low	low|u|plain					
p0	一般見識	u			no-source;fallback	low	low|u|plain					
p0	一語成讖	u			no-source;fallback	low	low|u|plain					
p0	一貧如洗	u			no-source;fallback	low	low|u|plain					
p0	三代同堂	u			no-source;fallback	low	low|u|plain					
p0	三天兩頭	u			no-source;fallback	low	low|u|plain					
p0	三明治	u			no-source;fallback	low	low|u|plain					
p0	上車	u			no-source;fallback	low	low|u|plain					
p0	下週	u			no-source;fallback	low	low|u|plain					
p0	下體	u			no-source;fallback	low	low|u|plain					
p0	不久	u			no-source;fallback	low	low|u|plain					
p0	不孝有三	u			no-source;fallback	low	low|u|plain					
p0	不守信用	u			no-source;fallback	low	low|u|plain					
p0	不屈	u			no-source;fallback	low	low|u|plain					
p0	不懂裝懂	u			no-source;fallback	low	low|u|plain					
p0	不明	u			no-source;fallback	low	low|u|plain					
p0	不錯	u			no-source;fallback	low	low|u|plain					
p0	世界盃	u			no-source;fallback	low	low|u|plain					
p0	中小企業	u			no-source;fallback	low	low|u|plain					
p0	中篇小説	u			no-source;fallback	low	low|u|plain					
p0	事務	u			no-source;fallback	low	low|u|plain					
p0	二人世界	u			no-source;fallback	low	low|u|plain					
p0	互相	u			no-source;fallback	low	low|u|plain					
p0	互相推諉	u			no-source;fallback	low	low|u|plain					
p0	五馬分屍	u			no-source;fallback	low	low|u|plain					
p0	亞	u			no-source;fallback	low	low|u|plain					
p0	交換價值	u			no-source;fallback	low	low|u|plain					
p0	人中龍鳳	u			no-source;fallback	low	low|u|plain					
p0	人口構成	u			no-source;fallback	low	low|u|plain					
p0	人手	u			no-source;fallback	low	low|u|plain					
p0	人才外流	u			no-source;fallback	low	low|u|plain					
p0	人數	u			no-source;fallback	low	low|u|plain					
p0	人盡皆知	u			no-source;fallback	low	low|u|plain					
p0	人窮志短	u			no-source;fallback	low	low|u|plain					
p0	人間仙境	u			no-source;fallback	low	low|u|plain					
p0	人魚小姐	u			no-source;fallback	low	low|u|plain					
p0	以少勝多	u			no-source;fallback	low	low|u|plain					
p0	以弗所書	u			no-source;fallback	low	low|u|plain					
p0	以暴制暴	u			no-source;fallback	low	low|u|plain					
p0	以防不測	u			no-source;fallback	low	low|u|plain					
p0	仰卧起坐	u			no-source;fallback	low	low|u|plain					
p0	伏爾加河	u			no-source;fallback	low	low|u|plain					
p0	佈	u			no-source;fallback	low	low|u|plain					
p0	低層	u			no-source;fallback	low	low|u|plain					
p0	何以見得	u			no-source;fallback	low	low|u|plain					
p0	作品	u			no-source;fallback	low	low|u|plain					
p0	來電	u			no-source;fallback	low	low|u|plain					
p0	供電	u			no-source;fallback	low	low|u|plain					
p0	依次	u			no-source;fallback	low	low|u|plain					
p0	依然故我	u			no-source;fallback	low	low|u|plain					
p0	信用危機	u			no-source;fallback	low	low|u|plain					
p0	俯拾皆是	u			no-source;fallback	low	low|u|plain					
p0	們	u			no-source;fallback	low	low|u|plain					
p0	倒不如	u			no-source;fallback	low	low|u|plain					
p0	借腹生子	u			no-source;fallback	low	low|u|plain					
p0	假戲真做	u			no-source;fallback	low	low|u|plain					
p0	偏偏	u			no-source;fallback	low	low|u|plain					
p0	偷走	u			no-source;fallback	low	low|u|plain					
p0	傳人	u			no-source;fallback	low	low|u|plain					
p0	傳播媒體	u			no-source;fallback	low	low|u|plain					
p0	傳真電報	u			no-source;fallback	low	low|u|plain					
p0	傳輸率	u			no-source;fallback	low	low|u|plain					
p0	價值判斷	u			no-source;fallback	low	low|u|plain					
p0	儘量	u			no-source;fallback	low	low|u|plain					
p0	優化	u			no-source;fallback	low	low|u|plain					
p0	優哉遊哉	u			no-source;fallback	low	low|u|plain					
p0	儲蓄存款	u			no-source;fallback	low	low|u|plain					
p0	光學	u			no-source;fallback	low	low|u|plain					
p0	光明正大	u			no-source;fallback	low	low|u|plain					
p0	光纖接口	u			no-source;fallback	low	low|u|plain					
p0	光芒	u			no-source;fallback	low	low|u|plain					
p0	光電效應	u			no-source;fallback	low	low|u|plain					
p0	內臟	u			no-source;fallback	low	low|u|plain					
p0	八婆	u			no-source;fallback	low	low|u|plain					
p0	公用事業	u			no-source;fallback	low	low|u|plain					
p0	六道輪迴	u			no-source;fallback	low	low|u|plain					
p0	其他人	u			no-source;fallback	low	low|u|plain					
p0	冇得	u			no-source;fallback	low	low|u|plain					
p0	再不	u			no-source;fallback	low	low|u|plain					
p0	再者	u			no-source;fallback	low	low|u|plain					
p0	凳仔	u			no-source;fallback	low	low|u|plain					
p0	出人意表	u			no-source;fallback	low	low|u|plain					
p0	刀山劍林	u			no-source;fallback	low	low|u|plain					
p0	分分鐘	u			no-source;fallback	low	low|u|plain					
p0	分工合作	u			no-source;fallback	low	low|u|plain					
p0	分明	u			no-source;fallback	low	low|u|plain					
p0	分辨真假	u			no-source;fallback	low	low|u|plain					
p0	切合實際	u			no-source;fallback	low	low|u|plain					
p0	切實有效	u			no-source;fallback	low	low|u|plain					
p0	切片檢查	u			no-source;fallback	low	low|u|plain					
p0	別	u			no-source;fallback	low	low|u|plain					
p0	別的	u			no-source;fallback	low	low|u|plain					
p0	利益輸送	u			no-source;fallback	low	low|u|plain					
p0	刮目相待	u			no-source;fallback	low	low|u|plain					
p0	削鐵如泥	u			no-source;fallback	low	low|u|plain					
p0	前便	u			no-source;fallback	low	low|u|plain					
p0	前因後果	u			no-source;fallback	low	low|u|plain					
p0	剩返	u			no-source;fallback	low	low|u|plain					
p0	劃一不二	u			no-source;fallback	low	low|u|plain					
p0	加深理解	u			no-source;fallback	low	low|u|plain					
p0	勇往直前	u			no-source;fallback	low	low|u|plain					
p0	勞務	u			no-source;fallback	low	low|u|plain					
p0	勤儉節約	u			no-source;fallback	low	low|u|plain					
p0	勤力	u			no-source;fallback	low	low|u|plain					
p0	勾股定理	u			no-source;fallback	low	low|u|plain					
p0	化妝	u			no-source;fallback	low	low|u|plain					
p0	化妝舞會	u			no-source;fallback	low	low|u|plain					
p0	化學分析	u			no-source;fallback	low	low|u|plain					
p0	匱乏	u			no-source;fallback	low	low|u|plain					
p0	匿埋	u			no-source;fallback	low	low|u|plain					
p0	十六進位	u			no-source;fallback	low	low|u|plain					
p0	南海	u			no-source;fallback	low	low|u|plain					
p0	博士學位	u			no-source;fallback	low	low|u|plain					
p0	博覽群書	u			no-source;fallback	low	low|u|plain					
p0	卸妝	u			no-source;fallback	low	low|u|plain					
p0	參照	u			no-source;fallback	low	low|u|plain					
p0	參謀總長	u			no-source;fallback	low	low|u|plain					
p0	取得一致	u			no-source;fallback	low	low|u|plain					
p0	叢林	u			no-source;fallback	low	low|u|plain					
p0	另外	u			no-source;fallback	low	low|u|plain					
p0	叫醒	u			no-source;fallback	low	low|u|plain					
p0	可是	u			no-source;fallback	low	low|u|plain					
p0	各有千秋	u			no-source;fallback	low	low|u|plain					
p0	合作無間	u			no-source;fallback	low	low|u|plain					
p0	合肥	u			no-source;fallback	low	low|u|plain					
p0	吉普賽人	u			no-source;fallback	low	low|u|plain					
p0	名人	u			no-source;fallback	low	low|u|plain					
p0	名單	u			no-source;fallback	low	low|u|plain					
p0	名門貴族	u			no-source;fallback	low	low|u|plain					
p0	含苞待放	u			no-source;fallback	low	low|u|plain					
p0	含量	u			no-source;fallback	low	low|u|plain					
p0	吸吮	u			no-source;fallback	low	low|u|plain					
p0	命中註定	u			no-source;fallback	low	low|u|plain					
p0	咧開嘴笑	u			no-source;fallback	low	low|u|plain					
p0	哄抬物價	u			no-source;fallback	low	low|u|plain					
p0	哈	u			no-source;fallback	low	low|u|plain					
p0	哭天抹淚	u			no-source;fallback	low	low|u|plain					
p0	唔錯	u			no-source;fallback	low	low|u|plain					
p0	唾棄	u			no-source;fallback	low	low|u|plain					
p0	善罷甘休	u			no-source;fallback	low	low|u|plain					
p0	單槍匹馬	u			no-source;fallback	low	low|u|plain					
p0	嗚乎哀哉	u			no-source;fallback	low	low|u|plain					
p0	嗰晚	u			no-source;fallback	low	low|u|plain					
p0	嘔心瀝血	u			no-source;fallback	low	low|u|plain					
p0	嘰哩咕嚕	u			no-source;fallback	low	low|u|plain					
p0	噤聲	u			no-source;fallback	low	low|u|plain					
p0	噬	u			no-source;fallback	low	low|u|plain					
p0	四處	u			no-source;fallback	low	low|u|plain					
p0	囫圇吞棗	u			no-source;fallback	low	low|u|plain					
p0	困	u			no-source;fallback	low	low|u|plain					
p0	固定資金	u			no-source;fallback	low	low|u|plain					
p0	國家制度	u			no-source;fallback	low	low|u|plain					
p0	國營企業	u			no-source;fallback	low	low|u|plain					
p0	國際跳棋	u			no-source;fallback	low	low|u|plain					
p0	地利人和	u			no-source;fallback	low	low|u|plain					
p0	城市區域	u			no-source;fallback	low	low|u|plain					
p0	基礎結構	u			no-source;fallback	low	low|u|plain					
p0	場面	u			no-source;fallback	low	low|u|plain					
p0	塑料袋	u			no-source;fallback	low	low|u|plain					
p0	塵土飛揚	u			no-source;fallback	low	low|u|plain					
p0	壞話	u			no-source;fallback	low	low|u|plain					
p0	夏目漱石	u			no-source;fallback	low	low|u|plain					
p0	夕陽產業	u			no-source;fallback	low	low|u|plain					
p0	外國資本	u			no-source;fallback	low	low|u|plain					
p0	多嘴	u			no-source;fallback	low	low|u|plain					
p0	多得	u			no-source;fallback	low	low|u|plain					
p0	大丈夫	u			no-source;fallback	low	low|u|plain					
p0	大舉進攻	u			no-source;fallback	low	low|u|plain					
p0	大謬不然	u			no-source;fallback	low	low|u|plain					
p0	天台	u			no-source;fallback	low	low|u|plain					
p0	太空行走	u			no-source;fallback	low	low|u|plain					
p0	太陽輻射	u			no-source;fallback	low	low|u|plain					
p0	失傳	u			no-source;fallback	low	low|u|plain					
p0	奇怪	u			no-source;fallback	low	low|u|plain					
p0	奇花異卉	u			no-source;fallback	low	low|u|plain					
p0	奔走呼號	u			no-source;fallback	low	low|u|plain					
p0	套	u			no-source;fallback	low	low|u|plain					
p0	奪	u			no-source;fallback	low	low|u|plain					
p0	好學	u			no-source;fallback	low	low|u|plain					
p0	好景不常	u			no-source;fallback	low	low|u|plain					
p0	好靜	u			no-source;fallback	low	low|u|plain					
p0	好食	u			no-source;fallback	low	low|u|plain					
p0	如是	u			no-source;fallback	low	low|u|plain					
p0	如花似玉	u			no-source;fallback	low	low|u|plain					
p0	如花似錦	u			no-source;fallback	low	low|u|plain					
p0	妙想天開	u			no-source;fallback	low	low|u|plain					
p0	姑妄言之	u			no-source;fallback	low	low|u|plain					
p0	委以重任	u			no-source;fallback	low	low|u|plain					
p0	娘親	u			no-source;fallback	low	low|u|plain					
p0	孔武有力	u			no-source;fallback	low	low|u|plain					
p0	字裏行間	u			no-source;fallback	low	low|u|plain					
p0	孤兒	u			no-source;fallback	low	low|u|plain					
p0	學生運動	u			no-source;fallback	low	low|u|plain					
p0	它	u			no-source;fallback	low	low|u|plain					
p0	安徽	u			no-source;fallback	low	low|u|plain					
p0	安步當車	u			no-source;fallback	low	low|u|plain					
p0	安第斯山	u			no-source;fallback	low	low|u|plain					
p0	完好如初	u			no-source;fallback	low	low|u|plain					
p0	完美無缺	u			no-source;fallback	low	low|u|plain					
p0	定期儲蓄	u			no-source;fallback	low	low|u|plain					
p0	客觀	u			no-source;fallback	low	low|u|plain					
p0	家徒四壁	u			no-source;fallback	low	low|u|plain					
p0	富可敵國	u			no-source;fallback	low	low|u|plain					
p0	寒光閃閃	u			no-source;fallback	low	low|u|plain					
p0	寬敞	u			no-source;fallback	low	low|u|plain					
p0	專業知識	u			no-source;fallback	low	low|u|plain					
p0	專項	u			no-source;fallback	low	low|u|plain					
p0	專題研究	u			no-source;fallback	low	low|u|plain					
p0	尊師重道	u			no-source;fallback	low	low|u|plain					
p0	對外	u			no-source;fallback	low	low|u|plain					
p0	小國寡民	u			no-source;fallback	low	low|u|plain					
p0	屬	u			no-source;fallback	low	low|u|plain					
p0	山珍海味	u			no-source;fallback	low	low|u|plain					
p0	山腳	u			no-source;fallback	low	low|u|plain					
p0	山高水長	u			no-source;fallback	low	low|u|plain					
p0	崔	u			no-source;fallback	low	low|u|plain					
p0	嶄露頭角	u			no-source;fallback	low	low|u|plain					
p0	工業革命	u			no-source;fallback	low	low|u|plain					
p0	工程項目	u			no-source;fallback	low	low|u|plain					
p0	帝	u			no-source;fallback	low	low|u|plain					
p0	師兄	u			no-source;fallback	low	low|u|plain					
p0	帶罪立功	u			no-source;fallback	low	low|u|plain					
p0	常務委員	u			no-source;fallback	low	low|u|plain					
p0	常見	u			no-source;fallback	low	low|u|plain					
p0	幣	u			no-source;fallback	low	low|u|plain					
p0	平	u			no-source;fallback	low	low|u|plain					
p0	平原	u			no-source;fallback	low	low|u|plain					
p0	平地風波	u			no-source;fallback	low	low|u|plain					
p0	平等待遇	u			no-source;fallback	low	low|u|plain					
p0	年年	u			no-source;fallback	low	low|u|plain					
p0	年老色衰	u			no-source;fallback	low	low|u|plain					
p0	年老體衰	u			no-source;fallback	low	low|u|plain					
p0	幾日	u			no-source;fallback	low	low|u|plain					
p0	幾次三番	u			no-source;fallback	low	low|u|plain					
p0	廣泛影響	u			no-source;fallback	low	low|u|plain					
p0	強烈	u			no-source;fallback	low	low|u|plain					
p0	影星	u			no-source;fallback	low	low|u|plain					
p0	影迷	u			no-source;fallback	low	low|u|plain					
p0	往程	u			no-source;fallback	low	low|u|plain					
p0	待人接物	u			no-source;fallback	low	low|u|plain					
p0	徒有虛名	u			no-source;fallback	low	low|u|plain					
p0	得意	u			no-source;fallback	low	low|u|plain					
p0	從一而終	u			no-source;fallback	low	low|u|plain					
p0	復興時代	u			no-source;fallback	low	low|u|plain					
p0	循序漸進	u			no-source;fallback	low	low|u|plain					
p0	心地	u			no-source;fallback	low	low|u|plain					
p0	心安	u			no-source;fallback	low	low|u|plain					
p0	心理治療	u			no-source;fallback	low	low|u|plain					
p0	心理準備	u			no-source;fallback	low	low|u|plain					
p0	心臟衰竭	u			no-source;fallback	low	low|u|plain					
p0	心軟	u			no-source;fallback	low	low|u|plain					
p0	忍	u			no-source;fallback	low	low|u|plain					
p0	念頭	u			no-source;fallback	low	low|u|plain					
p0	性別角色	u			no-source;fallback	low	low|u|plain					
p0	怨氣	u			no-source;fallback	low	low|u|plain					
p0	恍然大悟	u			no-source;fallback	low	low|u|plain					
p0	惟我獨尊	u			no-source;fallback	low	low|u|plain					
p0	想問	u			no-source;fallback	low	low|u|plain					
p0	意在言外	u			no-source;fallback	low	low|u|plain					
p0	愚笨	u			no-source;fallback	low	low|u|plain					
p0	慘遭毒手	u			no-source;fallback	low	low|u|plain					
p0	慣用語	u			no-source;fallback	low	low|u|plain					
p0	慾	u			no-source;fallback	low	low|u|plain					
p0	應召女郎	u			no-source;fallback	low	low|u|plain					
p0	應有盡有	u			no-source;fallback	low	low|u|plain					
p0	戒心	u			no-source;fallback	low	low|u|plain					
p0	或許	u			no-source;fallback	low	low|u|plain					
p0	戰死沙場	u			no-source;fallback	low	low|u|plain					
p0	房屋中介	u			no-source;fallback	low	low|u|plain					
p0	扎魯特旗	u			no-source;fallback	low	low|u|plain					
p0	打嚟	u			no-source;fallback	low	low|u|plain					
p0	打情罵俏	u			no-source;fallback	low	low|u|plain					
p0	打消	u			no-source;fallback	low	low|u|plain					
p0	打直	u			no-source;fallback	low	low|u|plain					
p0	打草驚蛇	u			no-source;fallback	low	low|u|plain					
p0	技術規範	u			no-source;fallback	low	low|u|plain					
p0	抽離	u			no-source;fallback	low	low|u|plain					
p0	拔刀相助	u			no-source;fallback	low	low|u|plain					
p0	拘謹	u			no-source;fallback	low	low|u|plain					
p0	拼花地板	u			no-source;fallback	low	low|u|plain					
p0	拾遺補缺	u			no-source;fallback	low	low|u|plain					
p0	指教	u			no-source;fallback	low	low|u|plain					
p0	挑撥離間	u			no-source;fallback	low	low|u|plain					
p0	排骨	u			no-source;fallback	low	low|u|plain					
p0	搖搖板	u			no-source;fallback	low	low|u|plain					
p0	摩爾多瓦	u			no-source;fallback	low	low|u|plain					
p0	摸爬滾打	u			no-source;fallback	low	low|u|plain					
p0	撩	u			no-source;fallback	low	low|u|plain					
p0	撫今追昔	u			no-source;fallback	low	low|u|plain					
p0	播放列表	u			no-source;fallback	low	low|u|plain					
p0	擺脫	u			no-source;fallback	low	low|u|plain					
p0	支吾以對	u			no-source;fallback	low	low|u|plain					
p0	放榜	u			no-source;fallback	low	low|u|plain					
p0	放聲大哭	u			no-source;fallback	low	low|u|plain					
p0	故意	u			no-source;fallback	low	low|u|plain					
p0	故意殺人	u			no-source;fallback	low	low|u|plain					
p0	敗筆	u			no-source;fallback	low	low|u|plain					
p0	教徒	u			no-source;fallback	low	low|u|plain					
p0	教職員工	u			no-source;fallback	low	low|u|plain					
p0	教育廳長	u			no-source;fallback	low	low|u|plain					
p0	敬謝不敏	u			no-source;fallback	low	low|u|plain					
p0	數位信號	u			no-source;fallback	low	low|u|plain					
p0	文件大小	u			no-source;fallback	low	low|u|plain					
p0	旁證	u			no-source;fallback	low	low|u|plain					
p0	旅遊景點	u			no-source;fallback	low	low|u|plain					
p0	旋風	u			no-source;fallback	low	low|u|plain					
p0	既是	u			no-source;fallback	low	low|u|plain					
p0	日報	u			no-source;fallback	low	low|u|plain					
p0	日後	u			no-source;fallback	low	low|u|plain					
p0	昂山素季	u			no-source;fallback	low	low|u|plain					
p0	明日	u			no-source;fallback	low	low|u|plain					
p0	昏頭轉向	u			no-source;fallback	low	low|u|plain					
p0	星際	u			no-source;fallback	low	low|u|plain					
p0	時空	u			no-source;fallback	low	low|u|plain					
p0	智慧	u			no-source;fallback	low	low|u|plain					
p0	暗淡	u			no-source;fallback	low	low|u|plain					
p0	暢所欲言	u			no-source;fallback	low	low|u|plain					
p0	暮鼓晨鐘	u			no-source;fallback	low	low|u|plain					
p0	暴虎馮河	u			no-source;fallback	low	low|u|plain					
p0	暴風驟雨	u			no-source;fallback	low	low|u|plain					
p0	替身	u			no-source;fallback	low	low|u|plain					
p0	最多	u			no-source;fallback	low	low|u|plain					
p0	有備而來	u			no-source;fallback	low	low|u|plain					
p0	有機合成	u			no-source;fallback	low	low|u|plain					
p0	有關方面	u			no-source;fallback	low	low|u|plain					
p0	朗	u			no-source;fallback	low	low|u|plain					
p0	朝陽產業	u			no-source;fallback	low	low|u|plain					
p0	未刪節版	u			no-source;fallback	low	low|u|plain					
p0	未嘗不可	u			no-source;fallback	low	low|u|plain					
p0	未夠	u			no-source;fallback	low	low|u|plain					
p0	未有	u			no-source;fallback	low	low|u|plain					
p0	未竟	u			no-source;fallback	low	low|u|plain					
p0	本科	u			no-source;fallback	low	low|u|plain					
p0	東奔西走	u			no-source;fallback	low	low|u|plain					
p0	杳無音訊	u			no-source;fallback	low	low|u|plain					
p0	格里高利	u			no-source;fallback	low	low|u|plain					
p0	業精於勤	u			no-source;fallback	low	low|u|plain					
p0	極爲	u			no-source;fallback	low	low|u|plain					
p0	樣貌	u			no-source;fallback	low	low|u|plain					
p0	機靈	u			no-source;fallback	low	low|u|plain					
p0	欣喜若狂	u			no-source;fallback	low	low|u|plain					
p0	欣慰	u			no-source;fallback	low	low|u|plain					
p0	歡欣鼓舞	u			no-source;fallback	low	low|u|plain					
p0	正人君子	u			no-source;fallback	low	low|u|plain					
p0	正合我意	u			no-source;fallback	low	low|u|plain					
p0	母乳餵養	u			no-source;fallback	low	low|u|plain					
p0	每日	u			no-source;fallback	low	low|u|plain					
p0	每況愈下	u			no-source;fallback	low	low|u|plain					
p0	毛	u			no-source;fallback	low	low|u|plain					
p0	氣喘如牛	u			no-source;fallback	low	low|u|plain					
p0	水上人家	u			no-source;fallback	low	low|u|plain					
p0	水火不容	u			no-source;fallback	low	low|u|plain					
p0	永久磁鐵	u			no-source;fallback	low	low|u|plain					
p0	求饒	u			no-source;fallback	low	low|u|plain					
p0	沉悶	u			no-source;fallback	low	low|u|plain					
p0	沒法	u			no-source;fallback	low	low|u|plain					
p0	沒用	u			no-source;fallback	low	low|u|plain					
p0	油盡燈枯	u			no-source;fallback	low	low|u|plain					
p0	油耗	u			no-source;fallback	low	low|u|plain					
p0	沿	u			no-source;fallback	low	low|u|plain					
p0	洗衣機	u			no-source;fallback	low	low|u|plain					
p0	洞若觀火	u			no-source;fallback	low	low|u|plain					
p0	洩露天機	u			no-source;fallback	low	low|u|plain					
p0	流動資金	u			no-source;fallback	low	low|u|plain					
p0	流年不利	u			no-source;fallback	low	low|u|plain					
p0	浪得虛名	u			no-source;fallback	low	low|u|plain					
p0	浪跡天涯	u			no-source;fallback	low	low|u|plain					
p0	海上運動	u			no-source;fallback	low	low|u|plain					
p0	海軍基地	u			no-source;fallback	low	low|u|plain					
p0	消毒藥水	u			no-source;fallback	low	low|u|plain					
p0	淮海戰役	u			no-source;fallback	low	low|u|plain					
p0	深刻印象	u			no-source;fallback	low	low|u|plain					
p0	渙然冰釋	u			no-source;fallback	low	low|u|plain					
p0	減息	u			no-source;fallback	low	low|u|plain					
p0	減肥	u			no-source;fallback	low	low|u|plain					
p0	温得和克	u			no-source;fallback	low	low|u|plain					
p0	澄	u			no-source;fallback	low	low|u|plain					
p0	為人師表	u			no-source;fallback	low	low|u|plain					
p0	為國捐軀	u			no-source;fallback	low	low|u|plain					
p0	烏煙瘴氣	u			no-source;fallback	low	low|u|plain					
p0	無出其右	u			no-source;fallback	low	low|u|plain					
p0	無可否認	u			no-source;fallback	low	low|u|plain					
p0	無名小卒	u			no-source;fallback	low	low|u|plain					
p0	無性繁殖	u			no-source;fallback	low	low|u|plain					
p0	無意識	u			no-source;fallback	low	low|u|plain					
p0	無效	u			no-source;fallback	low	low|u|plain					
p0	無論如何	u			no-source;fallback	low	low|u|plain					
p0	然	u			no-source;fallback	low	low|u|plain					
p0	熒幕	u			no-source;fallback	low	low|u|plain					
p0	熱門話題	u			no-source;fallback	low	low|u|plain					
p0	營養	u			no-source;fallback	low	low|u|plain					
p0	物理療法	u			no-source;fallback	low	low|u|plain					
p0	物理結構	u			no-source;fallback	low	low|u|plain					
p0	物理變化	u			no-source;fallback	low	low|u|plain					
p0	物種起源	u			no-source;fallback	low	low|u|plain					
p0	特此通知	u			no-source;fallback	low	low|u|plain					
p0	狐朋狗友	u			no-source;fallback	low	low|u|plain					
p0	狗皮膏藥	u			no-source;fallback	low	low|u|plain					
p0	狠狠	u			no-source;fallback	low	low|u|plain					
p0	狼奔豕突	u			no-source;fallback	low	low|u|plain					
p0	獨居	u			no-source;fallback	low	low|u|plain					
p0	珠穆朗瑪	u			no-source;fallback	low	low|u|plain					
p0	瑞士軍刀	u			no-source;fallback	low	low|u|plain					
p0	瑣碎	u			no-source;fallback	low	low|u|plain					
p0	環氧樹脂	u			no-source;fallback	low	low|u|plain					
p0	瓊漿玉液	u			no-source;fallback	low	low|u|plain					
p0	瓦釜雷鳴	u			no-source;fallback	low	low|u|plain					
p0	生物製品	u			no-source;fallback	low	low|u|plain					
p0	生物降解	u			no-source;fallback	low	low|u|plain					
p0	產業集群	u			no-source;fallback	low	low|u|plain					
p0	田間管理	u			no-source;fallback	low	low|u|plain					
p0	由始至終	u			no-source;fallback	low	low|u|plain					
p0	甲硫氨酸	u			no-source;fallback	low	low|u|plain					
p0	男歡女愛	u			no-source;fallback	low	low|u|plain					
p0	男生	u			no-source;fallback	low	low|u|plain					
p0	留低	u			no-source;fallback	low	low|u|plain					
p0	異曲同工	u			no-source;fallback	low	low|u|plain					
p0	當代中國	u			no-source;fallback	low	low|u|plain					
p0	當地	u			no-source;fallback	low	low|u|plain					
p0	疾言厲色	u			no-source;fallback	low	low|u|plain					
p0	痕	u			no-source;fallback	low	low|u|plain					
p0	癒合	u			no-source;fallback	low	low|u|plain					
p0	登高望遠	u			no-source;fallback	low	low|u|plain					
p0	皮開肉綻	u			no-source;fallback	low	low|u|plain					
p0	盈利	u			no-source;fallback	low	low|u|plain					
p0	直屬機關	u			no-source;fallback	low	low|u|plain					
p0	直頭	u			no-source;fallback	low	low|u|plain					
p0	看人眉睫	u			no-source;fallback	low	low|u|plain					
p0	真名	u			no-source;fallback	low	low|u|plain					
p0	真是	u			no-source;fallback	low	low|u|plain					
p0	真身	u			no-source;fallback	low	low|u|plain					
p0	眾望所歸	u			no-source;fallback	low	low|u|plain					
p0	眾說紛紜	u			no-source;fallback	low	low|u|plain					
p0	瞎指揮	u			no-source;fallback	low	low|u|plain					
p0	研發	u			no-source;fallback	low	low|u|plain					
p0	礦業	u			no-source;fallback	low	low|u|plain					
p0	祕書長	u			no-source;fallback	low	low|u|plain					
p0	私立學校	u			no-source;fallback	low	low|u|plain					
p0	科學幻想	u			no-source;fallback	low	low|u|plain					
p0	稀裏糊塗	u			no-source;fallback	low	low|u|plain					
p0	程	u			no-source;fallback	low	low|u|plain					
p0	穩步	u			no-source;fallback	low	low|u|plain					
p0	第一把手	u			no-source;fallback	low	low|u|plain					
p0	等到	u			no-source;fallback	low	low|u|plain					
p0	節約用水	u			no-source;fallback	low	low|u|plain					
p0	粥少僧多	u			no-source;fallback	low	low|u|plain					
p0	精神百倍	u			no-source;fallback	low	low|u|plain					
p0	糙	u			no-source;fallback	low	low|u|plain					
p0	紅不稜登	u			no-source;fallback	low	low|u|plain					
p0	紅極一時	u			no-source;fallback	low	low|u|plain					
p0	細妹	u			no-source;fallback	low	low|u|plain					
p0	細胞週期	u			no-source;fallback	low	low|u|plain					
p0	絕對温度	u			no-source;fallback	low	low|u|plain					
p0	經年累月	u			no-source;fallback	low	low|u|plain					
p0	綠草如茵	u			no-source;fallback	low	low|u|plain					
p0	綾羅綢緞	u			no-source;fallback	low	low|u|plain					
p0	縮頭	u			no-source;fallback	low	low|u|plain					
p0	縮頭烏龜	u			no-source;fallback	low	low|u|plain					
p0	繁多	u			no-source;fallback	low	low|u|plain					
p0	罪惡滔天	u			no-source;fallback	low	low|u|plain					
p0	罷	u			no-source;fallback	low	low|u|plain					
p0	羅	u			no-source;fallback	low	low|u|plain					
p0	羊腸小道	u			no-source;fallback	low	low|u|plain					
p0	群龍無首	u			no-source;fallback	low	low|u|plain					
p0	翁牛特旗	u			no-source;fallback	low	low|u|plain					
p0	老羞成怒	u			no-source;fallback	low	low|u|plain					
p0	聰明絕頂	u			no-source;fallback	low	low|u|plain					
p0	聲情並茂	u			no-source;fallback	low	low|u|plain					
p0	聽唔入耳	u			no-source;fallback	low	low|u|plain					
p0	肝腸寸斷	u			no-source;fallback	low	low|u|plain					
p0	背心	u			no-source;fallback	low	low|u|plain					
p0	能者多勞	u			no-source;fallback	low	low|u|plain					
p0	脈	u			no-source;fallback	low	low|u|plain					
p0	腐臭	u			no-source;fallback	low	low|u|plain					
p0	膠布	u			no-source;fallback	low	low|u|plain					
p0	自下而上	u			no-source;fallback	low	low|u|plain					
p0	自命清高	u			no-source;fallback	low	low|u|plain					
p0	自己人	u			no-source;fallback	low	low|u|plain					
p0	自成一家	u			no-source;fallback	low	low|u|plain					
p0	自欺欺人	u			no-source;fallback	low	low|u|plain					
p0	自然規律	u			no-source;fallback	low	low|u|plain					
p0	自責	u			no-source;fallback	low	low|u|plain					
p0	臭不可聞	u			no-source;fallback	low	low|u|plain					
p0	與時俱進	u			no-source;fallback	low	low|u|plain					
p0	良家婦女	u			no-source;fallback	low	low|u|plain					
p0	良苦用心	u			no-source;fallback	low	low|u|plain					
p0	艱難	u			no-source;fallback	low	low|u|plain					
p0	色即是空	u			no-source;fallback	low	low|u|plain					
p0	芝麻小事	u			no-source;fallback	low	low|u|plain					
p0	苦澀	u			no-source;fallback	low	low|u|plain					
p0	菲	u			no-source;fallback	low	low|u|plain					
p0	萬古流芳	u			no-source;fallback	low	low|u|plain					
p0	落井下石	u			no-source;fallback	low	low|u|plain					
p0	蔫頭耷腦	u			no-source;fallback	low	low|u|plain					
p0	蕃	u			no-source;fallback	low	low|u|plain					
p0	薩拉曼卡	u			no-source;fallback	low	low|u|plain					
p0	處理器	u			no-source;fallback	low	low|u|plain					
p0	虛擬	u			no-source;fallback	low	low|u|plain					
p0	血濃於水	u			no-source;fallback	low	low|u|plain					
p0	血腥	u			no-source;fallback	low	low|u|plain					
p0	行動自如	u			no-source;fallback	low	low|u|plain					
p0	術	u			no-source;fallback	low	low|u|plain					
p0	衝鋒	u			no-source;fallback	low	low|u|plain					
p0	裏便	u			no-source;fallback	low	low|u|plain					
p0	複雜	u			no-source;fallback	low	low|u|plain					
p0	西撒哈拉	u			no-source;fallback	low	low|u|plain					
p0	見風轉舵	u			no-source;fallback	low	low|u|plain					
p0	解禁	u			no-source;fallback	low	low|u|plain					
p0	設計規範	u			no-source;fallback	low	low|u|plain					
p0	証	u			no-source;fallback	low	low|u|plain					
p0	認爲	u			no-source;fallback	low	low|u|plain					
p0	誠懇	u			no-source;fallback	low	low|u|plain					
p0	誨人不倦	u			no-source;fallback	low	low|u|plain					
p0	説短論長	u			no-source;fallback	low	low|u|plain					
p0	課外書	u			no-source;fallback	low	low|u|plain					
p0	諂上欺下	u			no-source;fallback	low	low|u|plain					
p0	講和	u			no-source;fallback	low	low|u|plain					
p0	講笑	u			no-source;fallback	low	low|u|plain					
p0	識講	u			no-source;fallback	low	low|u|plain					
p0	識講嘢	u			no-source;fallback	low	low|u|plain					
p0	變態反應	u			no-source;fallback	low	low|u|plain					
p0	豈料	u			no-source;fallback	low	low|u|plain					
p0	豐功偉業	u			no-source;fallback	low	low|u|plain					
p0	貓哭老鼠	u			no-source;fallback	low	low|u|plain					
p0	財務總監	u			no-source;fallback	low	low|u|plain					
p0	貨款	u			no-source;fallback	low	low|u|plain					
p0	貪婪無厭	u			no-source;fallback	low	low|u|plain					
p0	貪得無厭	u			no-source;fallback	low	low|u|plain					
p0	費事	u			no-source;fallback	low	low|u|plain					
p0	賓至如歸	u			no-source;fallback	low	low|u|plain					
p0	賣國求榮	u			no-source;fallback	low	low|u|plain					
p0	趁火打劫	u			no-source;fallback	low	low|u|plain					
p0	超前	u			no-source;fallback	low	low|u|plain					
p0	趨於	u			no-source;fallback	low	low|u|plain					
p0	身負重傷	u			no-source;fallback	low	low|u|plain					
p0	身軀	u			no-source;fallback	low	low|u|plain					
p0	轆	u			no-source;fallback	low	low|u|plain					
p0	轟	u			no-source;fallback	low	low|u|plain					
p0	辦公會議	u			no-source;fallback	low	low|u|plain					
p0	退守	u			no-source;fallback	low	low|u|plain					
p0	退還	u			no-source;fallback	low	low|u|plain					
p0	逐鹿中原	u			no-source;fallback	low	low|u|plain					
p0	通俗易懂	u			no-source;fallback	low	low|u|plain					
p0	通宵	u			no-source;fallback	low	low|u|plain					
p0	造謠中傷	u			no-source;fallback	low	low|u|plain					
p0	連本帶利	u			no-source;fallback	low	low|u|plain					
p0	進度	u			no-source;fallback	low	low|u|plain					
p0	運算法則	u			no-source;fallback	low	low|u|plain					
p0	過渡金屬	u			no-source;fallback	low	low|u|plain					
p0	過頭	u			no-source;fallback	low	low|u|plain					
p0	道德	u			no-source;fallback	low	low|u|plain					
p0	遮風擋雨	u			no-source;fallback	low	low|u|plain					
p0	遲到早退	u			no-source;fallback	low	low|u|plain					
p0	部	u			no-source;fallback	low	low|u|plain					
p0	酒後失態	u			no-source;fallback	low	low|u|plain					
p0	野合	u			no-source;fallback	low	low|u|plain					
p0	釘	u			no-source;fallback	low	low|u|plain					
p0	銀行卡	u			no-source;fallback	low	low|u|plain					
p0	長相	u			no-source;fallback	low	low|u|plain					
p0	長驅直入	u			no-source;fallback	low	low|u|plain					
p0	開源節流	u			no-source;fallback	low	low|u|plain					
p0	閒情逸緻	u			no-source;fallback	low	low|u|plain					
p0	關機	u			no-source;fallback	low	low|u|plain					
p0	關門大吉	u			no-source;fallback	low	low|u|plain					
p0	關門捉賊	u			no-source;fallback	low	low|u|plain					
p0	阻	u			no-source;fallback	low	low|u|plain					
p0	除非	u			no-source;fallback	low	low|u|plain					
p0	陰極射線	u			no-source;fallback	low	low|u|plain					
p0	隔音符號	u			no-source;fallback	low	low|u|plain					
p0	雄心萬丈	u			no-source;fallback	low	low|u|plain					
p0	雖	u			no-source;fallback	low	low|u|plain					
p0	雞毛蒜皮	u			no-source;fallback	low	low|u|plain					
p0	難以相信	u			no-source;fallback	low	low|u|plain					
p0	難以解決	u			no-source;fallback	low	low|u|plain					
p0	難得一見	u			no-source;fallback	low	low|u|plain					
p0	難道	u			no-source;fallback	low	low|u|plain					
p0	雷	u			no-source;fallback	low	low|u|plain					
p0	電化教育	u			no-source;fallback	low	low|u|plain					
p0	電器	u			no-source;fallback	low	low|u|plain					
p0	電子版	u			no-source;fallback	low	low|u|plain					
p0	電視劇	u			no-source;fallback	low	low|u|plain					
p0	霍爾木茲	u			no-source;fallback	low	low|u|plain					
p0	霹靂啪啦	u			no-source;fallback	low	low|u|plain					
p0	面色	u			no-source;fallback	low	low|u|plain					
p0	頓開茅塞	u			no-source;fallback	low	low|u|plain					
p0	頭疼腦熱	u			no-source;fallback	low	low|u|plain					
p0	顏面掃地	u			no-source;fallback	low	low|u|plain					
p0	顛倒過來	u			no-source;fallback	low	low|u|plain					
p0	顧全大局	u			no-source;fallback	low	low|u|plain					
p0	風口浪尖	u			no-source;fallback	low	low|u|plain					
p0	風土人情	u			no-source;fallback	low	low|u|plain					
p0	飛車走壁	u			no-source;fallback	low	low|u|plain					
p0	養尊處優	u			no-source;fallback	low	low|u|plain					
p0	驕傲自大	u			no-source;fallback	low	low|u|plain					
p0	驗孕	u			no-source;fallback	low	low|u|plain					
p0	鬆綁	u			no-source;fallback	low	low|u|plain					
p0	魔鬼	u			no-source;fallback	low	low|u|plain					
p0	鮮血	u			no-source;fallback	low	low|u|plain					
p0	麥蓋提縣	u			no-source;fallback	low	low|u|plain					
p0	黑客帝國	u			no-source;fallback	low	low|u|plain					
p0	齊全	u			no-source;fallback	low	low|u|plain					
p0	龐大	u			no-source;fallback	low	low|u|plain					
p0	一些	a,n			cow-multi	medium	medium|gate|plain					
p0	不安	a,n			cow-multi	medium	medium|gate|plain					
p0	乾淨	a,n			cow-multi	medium	medium|gate|plain					
p0	代	a,n			cow-multi	medium	medium|gate|plain					
p0	光明	a,n			cow-multi	medium	medium|gate|plain					
p0	冷	a,n			cow-multi	medium	medium|gate|plain					
p0	勢均力敵	r,v			cow-multi	medium	medium|gate|plain					
p0	古代	n,r			cow-multi	medium	medium|gate|plain					
p0	古物	a,n			cow-multi	medium	medium|gate|plain					
p0	大概	n,r			cow-multi	medium	medium|gate|plain					
p0	失明	a,n			cow-multi	medium	medium|gate|plain					
p0	寫	a,v			cow-multi	medium	medium|gate|plain					
p0	左右	r,v			cow-multi	medium	medium|gate|plain					
p0	弄亂	a,v			cow-multi	medium	medium|gate|plain					
p0	忙	a,n			cow-multi	medium	medium|gate|plain					
p0	怕	a,v			cow-multi	medium	medium|gate|plain					
p0	昔日	n,r			cow-multi	medium	medium|gate|plain					
p0	最後	a,n			cow-multi	medium	medium|gate|plain					
p0	根據	a,n			cow-multi	medium	medium|gate|plain					
p0	概括	a,n,v			cow-multi	medium	medium|gate|plain					
p0	滿	a,n			cow-multi	medium	medium|gate|plain					
p0	獨身	a,n			cow-multi	medium	medium|gate|plain					
p0	理解	a,n,v			cow-multi	medium	medium|gate|plain					
p0	瞎	a,n			cow-multi	medium	medium|gate|plain					
p0	第十	a,n			cow-multi	medium	medium|gate|plain					
p0	經過	r,v			cow-multi	medium	medium|gate|plain					
p0	繼承	a,v			cow-multi	medium	medium|gate|plain					
p0	缺乏	a,n,v			cow-multi	medium	medium|gate|plain					
p0	老年	a,n			cow-multi	medium	medium|gate|plain					
p0	自始至終	n,r			cow-multi	medium	medium|gate|plain					
p0	超過	r,v			cow-multi	medium	medium|gate|plain					
p0	轉移	a,n,v			cow-multi	medium	medium|gate|plain					
p0	遠離	a,n,v			cow-multi	medium	medium|gate|plain					
p0	顫抖	a,n,v			cow-multi	medium	medium|gate|plain					
p0	驕傲	a,n			cow-multi	medium	medium|gate|plain					
p0	黑	a,n			cow-multi	medium	medium|gate|plain					
p1	一句話	n,r			no-source;fallback;p1-audit;review;NP「一句話」；亦作「總之」副用	high	high|gate|plain					
p1	世上	n			verb-suffix;heuristic;p1-cleanup;verb-suffix-fix;review	high	high|gate|plain					
p1	中	n,v			cow-multi;p1-audit;review;自由形「中」弱；名／方位名＋動「中獎／中計」	high	high|gate|plain					
p1	也好	x			verb-suffix;heuristic;p1-audit;review;verb-suffix假陽；讓步／語氣，非動	high	high|gate|plain					
p1	件	x			no-source;fallback;p1-close;rank-u;canto-heuristic;review	high	high|gate|plain					
p1	但係	x			no-source;fallback;p1-cleanup;canto-heuristic;review	high	high|gate|plain					
p1	作爲	v,x			no-source;fallback;p1-close;rank-u;canto-heuristic;review	high	high|gate|plain					
p1	佢	x			no-source;fallback;p1-cleanup;canto-heuristic;review	high	high|gate|plain					
p1	依個	x			no-source;fallback;p1-close;rank-u;canto-heuristic;review	high	high|gate|plain					
p1	值	n,v			cow-nv-unreviewed;trust-low;p1-close;true-nv;review	high	high|gate|plain					
p1	做過	v			verb-suffix;p1;heuristic;p1-cleanup;verb-suffix-fix;review	high	high|gate|plain					
p1	停留	n,v			cow-nv-unreviewed;trust-low;p1-close;true-nv;review	high	high|gate|plain					
p1	傳來	v			verb-suffix;heuristic;p1-cleanup;verb-suffix-fix;review	high	high|gate|plain					
p1	兜過	v			verb-suffix;heuristic;p1-cleanup;verb-suffix-fix;review	high	high|gate|plain					
p1	分開	n,v			cow-nv-unreviewed;trust-low;p1-close;true-nv;review	high	high|gate|plain					
p1	原來	r			verb-suffix;heuristic;p1-audit;review;verb-suffix假陽；副「原先／原來如此」	high	high|gate|plain					
p1	同人	n			no-source;fallback;p1-audit;review;同好／同人誌；同伴	high	high|gate|plain					
p1	哂	x			no-source;fallback;p1-close;rank-u;canto-heuristic;review	high	high|gate|plain					
p1	唔	r,x			heuristic	high	high|gate|plain					
p1	啊	x			no-source;fallback;p1-cleanup;canto-heuristic;review	high	high|gate|plain					
p1	嗯	x			no-source;fallback;p1-close;rank-u;canto-heuristic;review	high	high|gate|plain					
p1	嘉	a,n			no-source;fallback;p1-close;rank-u;canto-heuristic;review	high	high|gate|plain					
p1	嘢	n			no-source;fallback;p1-cleanup;canto-heuristic;review	high	high|gate|plain					
p1	四	x			numeral;heuristic	high	high|gate|plain					
p1	思考	n,v			cow-nv-unreviewed;trust-low;p1-close;true-nv;review	high	high|gate|plain					
p1	愈來愈	r			no-source;fallback;p1-audit;review;越來越	high	high|gate|plain					
p1	成日	r			no-source;fallback;p1-close;rank-u;canto-heuristic;review	high	high|gate|plain					
p1	扯	v			audit-high;review	high	high|gate|plain					
p1	提供	n,v			cow-nv-unreviewed;trust-low;p1-close;true-nv;review	high	high|gate|plain					
p1	支持	n,v			cow-nv-unreviewed;trust-low;p1-close;true-nv;review	high	high|gate|plain					
p1	有事	v			no-source;fallback;p1-audit;review;有事情	high	high|gate|plain					
p1	有時	r			no-source;fallback;p1-close;rank-u;canto-heuristic;review	high	high|gate|plain					
p1	消耗	n,v			cow-nv-unreviewed;trust-low;p1-close;true-nv;review	high	high|gate|plain					
p1	淺	a			no-source;p1;fallback;p1-audit;review;不深	high	high|gate|plain					
p1	當	v,x			no-source;fallback;p1-close;rank-u;canto-heuristic;review	high	high|gate|plain					
p1	的確	r			no-source;fallback;p1-audit;review;確實	high	high|gate|plain					
p1	相	n			no-source;fallback;p1-close;rank-u;canto-heuristic;review;p1-audit;review;自由詞主要係名「相／影相」；a/v 假陽會毒同形／動詞閘	high	high|gate|plain					
p1	看完	v			verb-suffix;p1;heuristic	high	high|gate|plain					
p1	睇住	v			verb-suffix;heuristic	high	high|gate|plain					
p1	砌	v			no-source;fallback;p1-close;rank-u;canto-heuristic;review	high	high|gate|plain					
p1	移動	n,v			cow-nv-unreviewed;trust-low;p1-close;true-nv;review	high	high|gate|plain					
p1	突然	a,r			no-source;fallback;p1-close;rank-u;canto-heuristic;review	high	high|gate|plain					
p1	紅	a,n			no-source;p1;fallback;p1-audit;review;紅色／紅	high	high|gate|plain					
p1	細	a			no-source;p1;fallback;p1-close;rank-u;canto-heuristic;review	high	high|gate|plain					
p1	耐	a,r			no-source;fallback;p1-close;rank-u;canto-heuristic;review	high	high|gate|plain					
p1	聽	v			cow-single;p1-cleanup;canto-heuristic;review	high	high|gate|plain					
p1	若	x			no-source;fallback;p1-close;rank-u;canto-heuristic;review	high	high|gate|plain					
p1	處理	n,v			cow-nv-unreviewed;trust-low;p1-close;true-nv;review	high	high|gate|plain					
p1	行	n,v			no-source;p1;fallback;p1-cleanup;canto-heuristic;review	high	high|gate|plain					
p1	這個問題	n			len4-noun-heuristic;p1	high	high|gate|plain					
p1	哈哈哈哈	u	idiom		no-source;p1;fallback;p2-idiom:AABB;p2-idiom-heuristic;review	high	high|u|idiom					
p1	咗去	u			verb-suffix;p1;heuristic;p1-cleanup;verb-suffix-fix;review	high	high|u|plain					
p1	咗好	u			verb-suffix;p1;heuristic;p1-cleanup;verb-suffix-fix;review	high	high|u|plain					
p1	我過	u			verb-suffix;p1;heuristic;p1-audit;review;verb-suffix假陽；切分殘片，詞類未定	high	high|u|plain					
p1	一半	n			cow-single	low	low|low|plain					
p1	事實	n			cow-single	low	low|low|plain					
p1	享受	v			cow-single	low	low|low|plain					
p1	人物	n			cow-single	low	low|low|plain					
p1	保持	v			cow-single	low	low|low|plain					
p1	保險	n			cow-single	low	low|low|plain					
p1	先生	n			cow-single	low	low|low|plain					
p1	刀	n			cow-single	low	low|low|plain					
p1	卡	n			cow-single	low	low|low|plain					
p1	原因	n			cow-single	low	low|low|plain					
p1	叉	n			cow-single	low	low|low|plain					
p1	口罩	n			cow-single	low	low|low|plain					
p1	叮	n,v			cow-nv-unreviewed;trust-low	low	low|low|plain					
p1	和平	n			cow-single	low	low|low|plain					
p1	問	v			cow-single;p1	low	low|low|plain					
p1	回覆	n			cow-single	low	low|low|plain					
p1	圓形	n			cow-single	low	low|low|plain					
p1	地板	n			cow-single	low	low|low|plain					
p1	地獄	n			cow-single	low	low|low|plain					
p1	失望	n			cow-single	low	low|low|plain					
p1	學校	n			cow-single	low	low|low|plain					
p1	學生	n			cow-single	low	low|low|plain					
p1	尊重	n,v			cow-nv-unreviewed;trust-low	low	low|low|plain					
p1	尷尬	n			cow-single	low	low|low|plain					
p1	巴士	n			cow-single	low	low|low|plain					
p1	廣場	n			cow-single	low	low|low|plain					
p1	廣播	n,v			cow-nv-unreviewed;trust-low	low	low|low|plain					
p1	引起	v			cow-single	low	low|low|plain					
p1	後退	v			cow-single	low	low|low|plain					
p1	性格	n			cow-single	low	low|low|plain					
p1	想起	v			cow-single	low	low|low|plain					
p1	懶	a			cow-single	low	low|low|plain					
p1	技能	n			cow-single	low	low|low|plain					
p1	接近	n,v			cow-nv-unreviewed;trust-low	low	low|low|plain					
p1	提示	v			cow-single	low	low|low|plain					
p1	斜	n			cow-single	low	low|low|plain					
p1	新聞	n			cow-single	low	low|low|plain					
p1	方便	n			cow-single	low	low|low|plain					
p1	明白	v			cow-single	low	low|low|plain					
p1	朱古力	n			cow-single	low	low|low|plain					
p1	東南	n			cow-single	low	low|low|plain					
p1	檔	n			cow-single	low	low|low|plain					
p1	毀滅	n,v			cow-nv-unreviewed;trust-low	low	low|low|plain					
p1	氣	n			cow-single	low	low|low|plain					
p1	氣味	n			cow-single	low	low|low|plain					
p1	液體	n			cow-single	low	low|low|plain					
p1	港	n			cow-single	low	low|low|plain					
p1	無能	n			cow-single	low	low|low|plain					
p1	狼	n			cow-single	low	low|low|plain					
p1	盆	n			cow-single	low	low|low|plain					
p1	盡力	n,v			cow-nv-unreviewed;trust-low	low	low|low|plain					
p1	看	v			cow-single	low	low|low|plain					
p1	矛盾	n			cow-single	low	low|low|plain					
p1	砍	n			cow-single	low	low|low|plain					
p1	硬盤	n			cow-single	low	low|low|plain					
p1	磨	n,v			cow-nv-unreviewed;trust-low	low	low|low|plain					
p1	空氣	n			cow-single	low	low|low|plain					
p1	筷子	n			cow-single	low	low|low|plain					
p1	精液	n			cow-single	low	low|low|plain					
p1	纜車	n			cow-single	low	low|low|plain					
p1	聲音	n			cow-single	low	low|low|plain					
p1	聽到	v			cow-single	low	low|low|plain					
p1	花	n,v			cow-nv-unreviewed;trust-low	low	low|low|plain					
p1	蛇	n			cow-single	low	low|low|plain					
p1	西北	n			cow-single	low	low|low|plain					
p1	觀	v			cow-single	low	low|low|plain					
p1	講好	v			verb-suffix;p1;heuristic;verb-suffix-suspect;trust-low	low	low|low|plain					
p1	貓	n			cow-single	low	low|low|plain					
p1	貓仔	n			cow-single	low	low|low|plain					
p1	資料	n			cow-single	low	low|low|plain					
p1	轉變	n,v			cow-nv-unreviewed;trust-low	low	low|low|plain					
p1	迫	v			cow-single	low	low|low|plain					
p1	追求	n,v			cow-nv-unreviewed;trust-low	low	low|low|plain					
p1	過去	n,v			cow-nv-unreviewed;trust-low	low	low|low|plain					
p1	重複	n,v			cow-nv-unreviewed;trust-low	low	low|low|plain					
p1	鏈接	v			cow-single	low	low|low|plain					
p1	門	n			cow-single	low	low|low|plain					
p1	隔離	n			cow-single	low	low|low|plain					
p1	難以	a			cow-single	low	low|low|plain					
p1	電子	n			cow-single	low	low|low|plain					
p1	靠	v			cow-single	low	low|low|plain					
p1	預告	v			cow-single	low	low|low|plain					
p1	頭髮	n			cow-single	low	low|low|plain					
p1	飽	a			cow-single	low	low|low|plain					
p1	一模一樣	u	idiom		no-source;fallback;p2-idiom:ABAC;p2-idiom-heuristic	low	low|u|idiom					
p1	不知不覺	u	idiom		no-source;fallback;p2-idiom:ABAC;p2-idiom-heuristic	low	low|u|idiom					
p1	今時今日	u	idiom		no-source;fallback;p2-idiom:ABAC;p2-idiom-heuristic	low	low|u|idiom					
p1	自言自語	u	idiom		no-source;fallback;p2-idiom:ABAC;p2-idiom-heuristic	low	low|u|idiom					
p1	越來越多	u	idiom		no-source;p1;fallback;p2-idiom:ABAC;p2-idiom-heuristic	low	low|u|idiom					
p1	一講	u			no-source;p1;fallback	low	low|u|plain					
p1	三星	u			no-source;p1;fallback	low	low|u|plain					
p1	上課	u			no-source;fallback	low	low|u|plain					
p1	上門	u			no-source;fallback	low	low|u|plain					
p1	下手	u			no-source;fallback	low	low|u|plain					
p1	不好意思	u			no-source;fallback	low	low|u|plain					
p1	不得不	u			no-source;fallback	low	low|u|plain					
p1	丫嘛	u			no-source;p1;fallback	low	low|u|plain					
p1	中年	u			no-source;fallback	low	low|u|plain					
p1	今個	u			no-source;p1;fallback	low	low|u|plain					
p1	仔細	u			no-source;fallback	low	low|u|plain					
p1	估到	u			no-source;fallback	low	low|u|plain					
p1	你是	u			no-source;p1;fallback	low	low|u|plain					
p1	個月	u			no-source;fallback	low	low|u|plain					
p1	優化	u			no-source;fallback	low	low|u|plain					
p1	先講	u			no-source;p1;fallback	low	low|u|plain					
p1	入房	u			no-source;p1;fallback	low	low|u|plain					
p1	再次	u			no-source;fallback	low	low|u|plain					
p1	初初	u			no-source;fallback	low	low|u|plain					
p1	勾	u			no-source;fallback	low	low|u|plain					
p1	千祈	u			no-source;fallback	low	low|u|plain					
p1	卒	u			no-source;fallback	low	low|u|plain					
p1	又是	u			no-source;p1;fallback	low	low|u|plain					
p1	又講	u			no-source;p1;fallback	low	low|u|plain					
p1	口供	u			no-source;fallback	low	low|u|plain					
p1	否則	u			no-source;fallback	low	low|u|plain					
p1	咁鬼	u			no-source;fallback	low	low|u|plain					
p1	喫飯	u			no-source;fallback	low	low|u|plain					
p1	嘆	u			no-source;fallback	low	low|u|plain					
p1	嚟到	u			no-source;fallback	low	low|u|plain					
p1	四圍	u			no-source;fallback	low	low|u|plain					
p1	四川	u			no-source;fallback	low	low|u|plain					
p1	地個	u			no-source;p1;fallback	low	low|u|plain					
p1	堂	u			no-source;fallback	low	low|u|plain					
p1	外賣	u			no-source;fallback	low	low|u|plain					
p1	多次	u			no-source;fallback	low	low|u|plain					
p1	大力	u			no-source;fallback	low	low|u|plain					
p1	大戰	u			no-source;fallback	low	low|u|plain					
p1	好話	u			no-source;fallback	low	low|u|plain					
p1	家裏	u			no-source;fallback	low	low|u|plain					
p1	對面	u			no-source;fallback	low	low|u|plain					
p1	小海	u			no-source;p1;fallback	low	low|u|plain					
p1	巨哥	u			no-source;p1;fallback	low	low|u|plain					
p1	平	u			no-source;fallback	low	low|u|plain					
p1	廟	u			no-source;fallback	low	low|u|plain					
p1	廢事	u			no-source;fallback	low	low|u|plain					
p1	得多	u			no-source;fallback	low	low|u|plain					
p1	心裡面	u			no-source;p1;fallback	low	low|u|plain					
p1	心諗	u			no-source;fallback	low	low|u|plain					
p1	快手	u			no-source;fallback	low	low|u|plain					
p1	我入	u			no-source;p1;fallback	low	low|u|plain					
p1	我市	u			no-source;p1;fallback	low	low|u|plain					
p1	我怕	u			no-source;p1;fallback	low	low|u|plain					
p1	手掌	u			no-source;fallback	low	low|u|plain					
p1	手腳	u			no-source;fallback	low	low|u|plain					
p1	扶	u			no-source;fallback	low	low|u|plain					
p1	抖	u			no-source;fallback	low	low|u|plain					
p1	捽	u			no-source;fallback	low	low|u|plain					
p1	改	u			no-source;fallback	low	low|u|plain					
p1	政	u			no-source;fallback	low	low|u|plain					
p1	教畜	u			no-source;fallback	low	low|u|plain					
p1	星	u			no-source;fallback	low	low|u|plain					
p1	更是	u			no-source;fallback	low	low|u|plain					
p1	最多	u			no-source;fallback	low	low|u|plain					
p1	有意	u			no-source;fallback	low	low|u|plain					
p1	有限	u			no-source;fallback	low	low|u|plain					
p1	朝頭早	u			no-source;fallback	low	low|u|plain					
p1	正常	u			no-source;fallback	low	low|u|plain					
p1	正話	u			no-source;fallback	low	low|u|plain					
p1	死者	u			no-source;fallback	low	low|u|plain					
p1	注定	u			no-source;p1;fallback	low	low|u|plain					
p1	淫	u			no-source;fallback	low	low|u|plain					
p1	溝女	u			no-source;fallback	low	low|u|plain					
p1	漢堡包	u			no-source;fallback	low	low|u|plain					
p1	無所謂	u			no-source;fallback	low	low|u|plain					
p1	熟	u			no-source;p1;fallback	low	low|u|plain					
p1	特登	u			no-source;fallback	low	low|u|plain					
p1	狗仔	u			no-source;fallback	low	low|u|plain					
p1	琴日	u			no-source;fallback	low	low|u|plain					
p1	琴晚	u			no-source;fallback	low	low|u|plain					
p1	界	u			no-source;fallback	low	low|u|plain					
p1	番鹼	u			no-source;p1;fallback	low	low|u|plain					
p1	癡線	u			no-source;p1;fallback	low	low|u|plain					
p1	發叔	u			no-source;p1;fallback	low	low|u|plain					
p1	皓	u			no-source;fallback	low	low|u|plain					
p1	盡量	u			no-source;fallback	low	low|u|plain					
p1	直至	u			no-source;fallback	low	low|u|plain					
p1	眼望	u			no-source;p1;fallback	low	low|u|plain					
p1	眼色	u			no-source;fallback	low	low|u|plain					
p1	睡	u			no-source;fallback	low	low|u|plain					
p1	神父	u			no-source;fallback	low	low|u|plain					
p1	稱爲	u			no-source;fallback	low	low|u|plain					
p1	立刻	u			no-source;fallback	low	low|u|plain					
p1	笨	u			no-source;fallback	low	low|u|plain					
p1	篤	u			no-source;fallback	low	low|u|plain					
p1	絲襪	u			no-source;fallback	low	low|u|plain					
p1	老細	u			no-source;fallback	low	low|u|plain					
p1	而不是	u			no-source;p1;fallback	low	low|u|plain					
p1	胸口	u			no-source;fallback	low	low|u|plain					
p1	臺灣	u			no-source;fallback	low	low|u|plain					
p1	舊	u			no-source;p1;fallback	low	low|u|plain					
p1	舒服	u			no-source;fallback	low	low|u|plain					
p1	船船	u			no-source;p1;fallback	low	low|u|plain					
p1	茄	u			no-source;fallback	low	low|u|plain					
p1	表情	u			no-source;fallback	low	low|u|plain					
p1	表白	u			no-source;fallback	low	low|u|plain					
p1	袋袋	u			no-source;p1;fallback	low	low|u|plain					
p1	複雜	u			no-source;fallback	low	low|u|plain					
p1	要有	u			no-source;p1;fallback	low	low|u|plain					
p1	訓	u			no-source;fallback	low	low|u|plain					
p1	說了	u			no-source;p1;fallback	low	low|u|plain					
p1	課室	u			no-source;fallback	low	low|u|plain					
p1	調用	u			no-source;p1;fallback	low	low|u|plain					
p1	講解	u			no-source;fallback	low	low|u|plain					
p1	賊	u			no-source;fallback	low	low|u|plain					
p1	走入	u			no-source;p1;fallback	low	low|u|plain					
p1	輕鬆	u			no-source;fallback	low	low|u|plain					
p1	轆	u			no-source;fallback	low	low|u|plain					
p1	途中	u			no-source;fallback	low	low|u|plain					
p1	過人	u			no-source;fallback	low	low|u|plain					
p1	過你	u			no-source;p1;fallback	low	low|u|plain					
p1	那個	u			no-source;fallback	low	low|u|plain					
p1	閃	u			no-source;fallback	low	low|u|plain					
p1	阿玲	u			no-source;p1;fallback	low	low|u|plain					
p1	面紅	u			no-source;fallback	low	low|u|plain					
p1	面色	u			no-source;fallback	low	low|u|plain					
p1	香香	u			no-source;p1;fallback	low	low|u|plain					
p1	馬尾	u			no-source;fallback	low	low|u|plain					
p1	馬戲	u			no-source;fallback	low	low|u|plain					
p1	鬚	u			no-source;fallback	low	low|u|plain					
p1	一些	a,n			cow-multi	medium	medium|gate|plain					
p1	不安	a,n			cow-multi	medium	medium|gate|plain					
p1	乾淨	a,n			cow-multi	medium	medium|gate|plain					
p1	代	a,n			cow-multi	medium	medium|gate|plain					
p1	冷	a,n			cow-multi	medium	medium|gate|plain					
p1	大概	n,r			cow-multi	medium	medium|gate|plain					
p1	寫	a,v			cow-multi	medium	medium|gate|plain					
p1	左右	r,v			cow-multi	medium	medium|gate|plain					
p1	忙	a,n			cow-multi	medium	medium|gate|plain					
p1	怕	a,v			cow-multi	medium	medium|gate|plain					
p1	最後	a,n			cow-multi	medium	medium|gate|plain					
p1	根據	a,n			cow-multi	medium	medium|gate|plain					
p1	滿	a,n			cow-multi	medium	medium|gate|plain					
p1	理解	a,n,v			cow-multi	medium	medium|gate|plain					
p1	經過	r,v			cow-multi	medium	medium|gate|plain					
p1	轉移	a,n,v			cow-multi	medium	medium|gate|plain					
p1	關	a,v			cow-multi;p1	medium	medium|gate|plain					
p1	驚訝	a,n			cow-multi;p1	medium	medium|gate|plain					
p1	黑	a,n			cow-multi	medium	medium|gate|plain					
p2_idiom	一國之主	n	idiom		len4-noun-heuristic;p2-idiom:之字格;p2-idiom-heuristic;review	high	high|gate|idiom					
p2_idiom	一夜之間	n	idiom		len4-noun-heuristic;p2-idiom:之字格;p2-idiom-heuristic;review	high	high|gate|idiom					
p2_idiom	一己之見	n	idiom		len4-noun-heuristic;p2-idiom:之字格;p2-idiom-heuristic;review	high	high|gate|idiom					
p2_idiom	一石二鳥	v	idiom		seed	high	high|gate|idiom					
p2_idiom	一箭之仇	n	idiom		len4-noun-heuristic;p2-idiom:之字格;p2-idiom-heuristic;review	high	high|gate|idiom					
p2_idiom	一面之交	n	idiom		len4-noun-heuristic;p2-idiom:之字格;p2-idiom-heuristic;review	high	high|gate|idiom					
p2_idiom	上上之策	n	idiom		len4-noun-heuristic;p2-idiom:AABC;p2-idiom-heuristic	high	high|gate|idiom					
p2_idiom	乘人之危	n	idiom		len4-noun-heuristic;p2-idiom:之字格;p2-idiom-heuristic;review	high	high|gate|idiom					
p2_idiom	付之一炬	n	idiom		len4-noun-heuristic;p2-idiom:之字格;p2-idiom-heuristic;review	high	high|gate|idiom					
p2_idiom	付之東流	n	idiom		len4-noun-heuristic;p2-idiom:之字格;p2-idiom-heuristic;review	high	high|gate|idiom					
p2_idiom	傳家之寶	n	idiom		len4-noun-heuristic;p2-idiom:之字格;p2-idiom-heuristic;review	high	high|gate|idiom					
p2_idiom	即興之作	n	idiom		len4-noun-heuristic;p2-idiom:之字格;p2-idiom-heuristic;review	high	high|gate|idiom					
p2_idiom	口舌之爭	n	idiom		len4-noun-heuristic;p2-idiom:之字格;p2-idiom-heuristic;review	high	high|gate|idiom					
p2_idiom	可造之材	n	idiom		len4-noun-heuristic;p2-idiom:之字格;p2-idiom-heuristic;review	high	high|gate|idiom					
p2_idiom	喪家之犬	n	idiom		len4-noun-heuristic;p2-idiom:之字格;p2-idiom-heuristic;review	high	high|gate|idiom					
p2_idiom	嗟來之食	n	idiom		len4-noun-heuristic;p2-idiom:之字格;p2-idiom-heuristic;review	high	high|gate|idiom					
p2_idiom	大雅之堂	n	idiom		len4-noun-heuristic;p2-idiom:之字格;p2-idiom-heuristic;review	high	high|gate|idiom					
p2_idiom	天作之合	n	idiom		len4-noun-heuristic;p2-idiom:之字格;p2-idiom-heuristic;review	high	high|gate|idiom					
p2_idiom	天淵之別	n	idiom		len4-noun-heuristic;p2-idiom:之字格;p2-idiom-heuristic;review	high	high|gate|idiom					
p2_idiom	女流之輩	n	idiom		len4-noun-heuristic;p2-idiom:之字格;p2-idiom-heuristic;review	high	high|gate|idiom					
p2_idiom	平庸之輩	n	idiom		len4-noun-heuristic;p2-idiom:之字格;p2-idiom-heuristic;review	high	high|gate|idiom					
p2_idiom	後顧之憂	n	idiom		len4-noun-heuristic;p2-idiom:之字格;p2-idiom-heuristic;review	high	high|gate|idiom					
p2_idiom	必爭之地	n	idiom		len4-noun-heuristic;p2-idiom:之字格;p2-idiom-heuristic;review	high	high|gate|idiom					
p2_idiom	忽然之間	n	idiom		len4-noun-heuristic;p2-idiom:之字格;p2-idiom-heuristic;review	high	high|gate|idiom					
p2_idiom	情急之下	n	idiom		len4-noun-heuristic;p2-idiom:之字格;p2-idiom-heuristic;review	high	high|gate|idiom					
p2_idiom	收之桑榆	n	idiom		len4-noun-heuristic;p2-idiom:之字格;p2-idiom-heuristic;review	high	high|gate|idiom					
p2_idiom	明智之舉	n	idiom		len4-noun-heuristic;p2-idiom:之字格;p2-idiom-heuristic;review	high	high|gate|idiom					
p2_idiom	有婦之夫	n	idiom		len4-noun-heuristic;p2-idiom:之字格;p2-idiom-heuristic;review	high	high|gate|idiom					
p2_idiom	有生之年	n	idiom		len4-noun-heuristic;p2-idiom:之字格;p2-idiom-heuristic;review	high	high|gate|idiom					
p2_idiom	為之動容	n	idiom		len4-noun-heuristic;p2-idiom:之字格;p2-idiom-heuristic;review	high	high|gate|idiom					
p2_idiom	無心之失	n	idiom		len4-noun-heuristic;p2-idiom:之字格;p2-idiom-heuristic;review	high	high|gate|idiom					
p2_idiom	無米之炊	n	idiom		len4-noun-heuristic;p2-idiom:之字格;p2-idiom-heuristic;review	high	high|gate|idiom					
p2_idiom	生存之道	n	idiom		len4-noun-heuristic;p2-idiom:之字格;p2-idiom-heuristic;review	high	high|gate|idiom					
p2_idiom	相比之下	n	idiom		len4-noun-heuristic;p2-idiom:之字格;p2-idiom-heuristic;review	high	high|gate|idiom					
p2_idiom	眉宇之間	n	idiom		len4-noun-heuristic;p2-idiom:之字格;p2-idiom-heuristic;review	high	high|gate|idiom					
p2_idiom	破竹之勢	n	idiom		audit-med;review	high	high|gate|idiom					
p2_idiom	神來之筆	n	idiom		len4-noun-heuristic;p2-idiom:之字格;p2-idiom-heuristic;review	high	high|gate|idiom					
p2_idiom	耄耋之年	n	idiom		len4-noun-heuristic;p2-idiom:之字格;p2-idiom-heuristic;review	high	high|gate|idiom					
p2_idiom	而立之年	n	idiom		len4-noun-heuristic;p2-idiom:之字格;p2-idiom-heuristic;review	high	high|gate|idiom					
p2_idiom	肅殺之氣	n	idiom		len4-noun-heuristic;p2-idiom:之字格;p2-idiom-heuristic;review	high	high|gate|idiom					
p2_idiom	致富之道	n	idiom		len4-noun-heuristic;p2-idiom:之字格;p2-idiom-heuristic;review	high	high|gate|idiom					
p2_idiom	莫逆之交	n	idiom		len4-noun-heuristic;p2-idiom:之字格;p2-idiom-heuristic;review	high	high|gate|idiom					
p2_idiom	葬身之地	n	idiom		len4-noun-heuristic;p2-idiom:之字格;p2-idiom-heuristic;review	high	high|gate|idiom					
p2_idiom	覆盆之冤	n	idiom		len4-noun-heuristic;p2-idiom:之字格;p2-idiom-heuristic;review	high	high|gate|idiom					
p2_idiom	言之尚早	n	idiom		len4-noun-heuristic;p2-idiom:之字格;p2-idiom-heuristic;review	high	high|gate|idiom					
p2_idiom	言之成理	n	idiom		len4-noun-heuristic;p2-idiom:之字格;p2-idiom-heuristic;review	high	high|gate|idiom					
p2_idiom	象牙之塔	n	idiom		len4-noun-heuristic;p2-idiom:之字格;p2-idiom-heuristic;review	high	high|gate|idiom					
p2_idiom	趁人之危	n	idiom		len4-noun-heuristic;p2-idiom:之字格;p2-idiom-heuristic;review	high	high|gate|idiom					
p2_idiom	養育之恩	n	idiom		len4-noun-heuristic;p2-idiom:之字格;p2-idiom-heuristic;review	high	high|gate|idiom					
p2_idiom	點睛之筆	n	idiom		len4-noun-heuristic;p2-idiom:之字格;p2-idiom-heuristic;review	high	high|gate|idiom					
p2_idiom	一年四季	u	idiom		no-source;fallback;p2-idiom:一X?Y;p2-idiom-heuristic;review	high	high|u|idiom					
p2_idiom	一望無垠	u	idiom		no-source;fallback;p2-idiom:一X?Y;p2-idiom-heuristic;review	high	high|u|idiom					
p2_idiom	一望無際	u	idiom		no-source;fallback;p2-idiom:一X?Y;p2-idiom-heuristic;review	high	high|u|idiom					
p2_idiom	一覽無餘	u	idiom		no-source;fallback;p2-idiom:一X?Y;p2-idiom-heuristic;review	high	high|u|idiom					
p2_idiom	乒乒乓乓	u	idiom		no-source;fallback;p2-idiom:AABB;p2-idiom-heuristic;review	high	high|u|idiom					
p2_idiom	修修補補	u	idiom		no-source;fallback;p2-idiom:AABB;p2-idiom-heuristic;review	high	high|u|idiom					
p2_idiom	含含糊糊	u	idiom		no-source;fallback;p2-idiom:AABB;p2-idiom-heuristic;review	high	high|u|idiom					
p2_idiom	哈哈哈哈	u	idiom		no-source;p1;fallback;p2-idiom:AABB;p2-idiom-heuristic;review	high	high|u|idiom					
p2_idiom	嘁嘁喳喳	u	idiom		no-source;fallback;p2-idiom:AABB;p2-idiom-heuristic;review	high	high|u|idiom					
p2_idiom	嘻嘻哈哈	u	idiom		no-source;fallback;p2-idiom:AABB;p2-idiom-heuristic;review	high	high|u|idiom					
p2_idiom	坑坑窪窪	u	idiom		no-source;fallback;p2-idiom:AABB;p2-idiom-heuristic;review	high	high|u|idiom					
p2_idiom	婆婆媽媽	u	idiom		no-source;fallback;p2-idiom:AABB;p2-idiom-heuristic;review	high	high|u|idiom					
p2_idiom	安安穩穩	u	idiom		no-source;fallback;p2-idiom:AABB;p2-idiom-heuristic;review	high	high|u|idiom					
p2_idiom	密密匝匝	u	idiom		no-source;fallback;p2-idiom:AABB;p2-idiom-heuristic;review	high	high|u|idiom					
p2_idiom	實實在在	u	idiom		no-source;fallback;p2-idiom:AABB;p2-idiom-heuristic;review	high	high|u|idiom					
p2_idiom	尋尋覓覓	u	idiom		no-source;fallback;p2-idiom:AABB;p2-idiom-heuristic;review	high	high|u|idiom					
p2_idiom	彼此彼此	u	idiom		no-source;fallback;p2-idiom:ABAB;p2-idiom-heuristic;review	high	high|u|idiom					
p2_idiom	從從容容	u	idiom		no-source;fallback;p2-idiom:AABB;p2-idiom-heuristic;review	high	high|u|idiom					
p2_idiom	恩恩怨怨	u	idiom		no-source;fallback;p2-idiom:AABB;p2-idiom-heuristic;review	high	high|u|idiom					
p2_idiom	悠哉悠哉	u	idiom		no-source;fallback;p2-idiom:ABAB;p2-idiom-heuristic;review	high	high|u|idiom					
p2_idiom	慢慢吞吞	u	idiom		no-source;fallback;p2-idiom:AABB;p2-idiom-heuristic;review	high	high|u|idiom					
p2_idiom	懶懶散散	u	idiom		no-source;fallback;p2-idiom:AABB;p2-idiom-heuristic;review	high	high|u|idiom					
p2_idiom	方方面面	u	idiom		no-source;fallback;p2-idiom:AABB;p2-idiom-heuristic;review	high	high|u|idiom					
p2_idiom	明明白白	u	idiom		no-source;fallback;p2-idiom:AABB;p2-idiom-heuristic;review	high	high|u|idiom					
p2_idiom	有心無力	u	idiom		no-source;fallback;p2-idiom:有無對;p2-idiom-heuristic;review	high	high|u|idiom					
p2_idiom	有教無類	u	idiom		no-source;fallback;p2-idiom:有無對;p2-idiom-heuristic;review	high	high|u|idiom					
p2_idiom	有氣無力	u	idiom		no-source;fallback;p2-idiom:有無對;p2-idiom-heuristic;review	high	high|u|idiom					
p2_idiom	期期艾艾	u	idiom		no-source;fallback;p2-idiom:AABB;p2-idiom-heuristic;review	high	high|u|idiom					
p2_idiom	正正經經	u	idiom		no-source;fallback;p2-idiom:AABB;p2-idiom-heuristic;review	high	high|u|idiom					
p2_idiom	求求其其	u	idiom		no-source;fallback;p2-idiom:AABB;p2-idiom-heuristic;review	high	high|u|idiom					
p2_idiom	渾渾噩噩	u	idiom		no-source;fallback;p2-idiom:AABB;p2-idiom-heuristic;review	high	high|u|idiom					
p2_idiom	無惡不作	u	idiom		no-source;fallback;p2-idiom:有無對;p2-idiom-heuristic;review	high	high|u|idiom					
p2_idiom	無所不能	u	idiom		no-source;fallback;p2-idiom:有無對;p2-idiom-heuristic;review	high	high|u|idiom					
p2_idiom	生生世世	u	idiom		no-source;fallback;p2-idiom:AABB;p2-idiom-heuristic;review	high	high|u|idiom					
p2_idiom	畏畏縮縮	u	idiom		no-source;fallback;p2-idiom:AABB;p2-idiom-heuristic;review	high	high|u|idiom					
p2_idiom	疙疙瘩瘩	u	idiom		no-source;fallback;p2-idiom:AABB;p2-idiom-heuristic;review	high	high|u|idiom					
p2_idiom	真真正正	u	idiom		no-source;fallback;p2-idiom:AABB;p2-idiom-heuristic;review	high	high|u|idiom					
p2_idiom	磕磕絆絆	u	idiom		no-source;fallback;p2-idiom:AABB;p2-idiom-heuristic;review	high	high|u|idiom					
p2_idiom	磨磨蹭蹭	u	idiom		no-source;fallback;p2-idiom:AABB;p2-idiom-heuristic;review	high	high|u|idiom					
p2_idiom	祖祖輩輩	u	idiom		no-source;fallback;p2-idiom:AABB;p2-idiom-heuristic;review	high	high|u|idiom					
p2_idiom	空空蕩蕩	u	idiom		no-source;fallback;p2-idiom:AABB;p2-idiom-heuristic;review	high	high|u|idiom					
p2_idiom	紛紛揚揚	u	idiom		no-source;fallback;p2-idiom:AABB;p2-idiom-heuristic;review	high	high|u|idiom					
p2_idiom	絮絮叨叨	u	idiom		no-source;fallback;p2-idiom:AABB;p2-idiom-heuristic;review	high	high|u|idiom					
p2_idiom	縫縫連連	u	idiom		no-source;fallback;p2-idiom:AABB;p2-idiom-heuristic;review	high	high|u|idiom					
p2_idiom	罵罵咧咧	u	idiom		no-source;fallback;p2-idiom:AABB;p2-idiom-heuristic;review	high	high|u|idiom					
p2_idiom	行行企企	u	idiom		no-source;fallback;p2-idiom:AABB;p2-idiom-heuristic;review	high	high|u|idiom					
p2_idiom	跑跑顛顛	u	idiom		no-source;fallback;p2-idiom:AABB;p2-idiom-heuristic;review	high	high|u|idiom					
p2_idiom	辛辛苦苦	u	idiom		no-source;fallback;p2-idiom:AABB;p2-idiom-heuristic;review	high	high|u|idiom					
p2_idiom	閃閃縮縮	u	idiom		no-source;fallback;p2-idiom:AABB;p2-idiom-heuristic;review	high	high|u|idiom					
p2_idiom	鬼鬼祟祟	u	idiom		no-source;fallback;p2-idiom:AABB;p2-idiom-heuristic;review	high	high|u|idiom					
p2_idiom	中規中矩	n	idiom		cow-single;p2-idiom:ABAC;p2-idiom-heuristic	low	low|low|idiom					
p2_idiom	亞美尼亞	n	idiom		cow-single;p2-idiom:AxxA;p2-idiom-heuristic	low	low|low|idiom					
p2_idiom	匆匆離去	v	idiom		cow-single;p2-idiom:AABC;p2-idiom-heuristic	low	low|low|idiom					
p2_idiom	喃喃自語	v	idiom		cow-single;p2-idiom:AABC;p2-idiom-heuristic	low	low|low|idiom					
p2_idiom	小偷小摸	n	idiom		cow-single;p2-idiom:ABAC;p2-idiom-heuristic	low	low|low|idiom					
p2_idiom	強買強賣	v	idiom		cow-single;p2-idiom:ABAC;p2-idiom-heuristic	low	low|low|idiom					
p2_idiom	彈道導彈	n	idiom		cow-single;p2-idiom:AxxA;p2-idiom-heuristic	low	low|low|idiom					
p2_idiom	彬彬有禮	n	idiom		cow-single;p2-idiom:AABC;p2-idiom-heuristic	low	low|low|idiom					
p2_idiom	怪模怪樣	a	idiom		cow-single;p2-idiom:ABAC;p2-idiom-heuristic	low	low|low|idiom					
p2_idiom	或多或少	r	idiom		cow-single;p2-idiom:ABAC;p2-idiom-heuristic	low	low|low|idiom					
p2_idiom	搖搖欲墜	v	idiom		cow-single;p2-idiom:AABC;p2-idiom-heuristic	low	low|low|idiom					
p2_idiom	核糖核酸	n	idiom		cow-single;p2-idiom:ABAC;p2-idiom-heuristic	low	low|low|idiom					
p2_idiom	無影無蹤	n	idiom		cow-single;p2-idiom:ABAC;p2-idiom-heuristic	low	low|low|idiom					
p2_idiom	無拘無束	v	idiom		cow-single;p2-idiom:ABAC;p2-idiom-heuristic	low	low|low|idiom					
p2_idiom	無法無天	n	idiom		cow-single;p2-idiom:ABAC;p2-idiom-heuristic	low	low|low|idiom					
p2_idiom	空空導彈	n	idiom		cow-single;p2-idiom:AABC;p2-idiom-heuristic	low	low|low|idiom					
p2_idiom	閃閃發光	v	idiom		cow-single;p2-idiom:AABC;p2-idiom-heuristic	low	low|low|idiom					
p2_idiom	默默無聞	n	idiom		cow-single;p2-idiom:AABC;p2-idiom-heuristic	low	low|low|idiom					
p2_idiom	一年一度	u	idiom		no-source;fallback;p2-idiom:ABAC;p2-idiom-heuristic	low	low|u|idiom					
p2_idiom	一言一行	u	idiom		no-source;fallback;p2-idiom:ABAC;p2-idiom-heuristic	low	low|u|idiom					
p2_idiom	不乾不淨	u	idiom		no-source;fallback;p2-idiom:ABAC;p2-idiom-heuristic	low	low|u|idiom					
p2_idiom	不依不饒	u	idiom		no-source;fallback;p2-idiom:ABAC;p2-idiom-heuristic	low	low|u|idiom					
p2_idiom	不慌不忙	u	idiom		no-source;fallback;p2-idiom:ABAC;p2-idiom-heuristic	low	low|u|idiom					
p2_idiom	予取予攜	u	idiom		no-source;fallback;p2-idiom:ABAC;p2-idiom-heuristic	low	low|u|idiom					
p2_idiom	井井有條	u	idiom		no-source;fallback;p2-idiom:AABC;p2-idiom-heuristic	low	low|u|idiom					
p2_idiom	人來人往	u	idiom		no-source;fallback;p2-idiom:ABAC;p2-idiom-heuristic	low	low|u|idiom					
p2_idiom	仁者見仁	u	idiom		no-source;fallback;p2-idiom:AxxA;p2-idiom-heuristic	low	low|u|idiom					
p2_idiom	何時何地	u	idiom		no-source;fallback;p2-idiom:ABAC;p2-idiom-heuristic	low	low|u|idiom					
p2_idiom	冇人冇物	u	idiom		no-source;fallback;p2-idiom:ABAC;p2-idiom-heuristic	low	low|u|idiom					
p2_idiom	可喜可賀	u	idiom		no-source;fallback;p2-idiom:ABAC;p2-idiom-heuristic	low	low|u|idiom					
p2_idiom	可大可小	u	idiom		no-source;fallback;p2-idiom:ABAC;p2-idiom-heuristic	low	low|u|idiom					
p2_idiom	同工同酬	u	idiom		no-source;fallback;p2-idiom:ABAC;p2-idiom-heuristic	low	low|u|idiom					
p2_idiom	唔多唔少	u	idiom		no-source;fallback;p2-idiom:ABAC;p2-idiom-heuristic	low	low|u|idiom					
p2_idiom	問長問短	u	idiom		no-source;fallback;p2-idiom:ABAC;p2-idiom-heuristic	low	low|u|idiom					
p2_idiom	大吉大利	u	idiom		no-source;fallback;p2-idiom:ABAC;p2-idiom-heuristic	low	low|u|idiom					
p2_idiom	大徹大悟	u	idiom		no-source;fallback;p2-idiom:ABAC;p2-idiom-heuristic	low	low|u|idiom					
p2_idiom	大模大樣	u	idiom		no-source;fallback;p2-idiom:ABAC;p2-idiom-heuristic	low	low|u|idiom					
p2_idiom	大魚大肉	u	idiom		no-source;fallback;p2-idiom:ABAC;p2-idiom-heuristic	low	low|u|idiom					
p2_idiom	如痴如醉	u	idiom		no-source;fallback;p2-idiom:ABAC;p2-idiom-heuristic	low	low|u|idiom					
p2_idiom	姍姍來遲	u	idiom		no-source;fallback;p2-idiom:AABC;p2-idiom-heuristic	low	low|u|idiom					
p2_idiom	字字珠玉	u	idiom		no-source;fallback;p2-idiom:AABC;p2-idiom-heuristic	low	low|u|idiom					
p2_idiom	孰真孰假	u	idiom		no-source;fallback;p2-idiom:ABAC;p2-idiom-heuristic	low	low|u|idiom					
p2_idiom	實報實銷	u	idiom		no-source;fallback;p2-idiom:ABAC;p2-idiom-heuristic	low	low|u|idiom					
p2_idiom	快人快語	u	idiom		no-source;fallback;p2-idiom:ABAC;p2-idiom-heuristic	low	low|u|idiom					
p2_idiom	怪聲怪氣	u	idiom		no-source;fallback;p2-idiom:ABAC;p2-idiom-heuristic	low	low|u|idiom					
p2_idiom	息息相關	u	idiom		no-source;fallback;p2-idiom:AABC;p2-idiom-heuristic	low	low|u|idiom					
p2_idiom	愈演愈烈	u	idiom		no-source;fallback;p2-idiom:ABAC;p2-idiom-heuristic	low	low|u|idiom					
p2_idiom	拼死拼活	u	idiom		no-source;fallback;p2-idiom:ABAC;p2-idiom-heuristic	low	low|u|idiom					
p2_idiom	新人新事	u	idiom		no-source;fallback;p2-idiom:ABAC;p2-idiom-heuristic	low	low|u|idiom					
p2_idiom	晚婚晚育	u	idiom		no-source;fallback;p2-idiom:ABAC;p2-idiom-heuristic	low	low|u|idiom					
p2_idiom	有勇有謀	u	idiom		no-source;fallback;p2-idiom:ABAC;p2-idiom-heuristic	low	low|u|idiom					
p2_idiom	有條有理	u	idiom		no-source;fallback;p2-idiom:ABAC;p2-idiom-heuristic	low	low|u|idiom					
p2_idiom	有頭有臉	u	idiom		no-source;fallback;p2-idiom:ABAC;p2-idiom-heuristic	low	low|u|idiom					
p2_idiom	源源不絕	u	idiom		no-source;fallback;p2-idiom:AABC;p2-idiom-heuristic	low	low|u|idiom					
p2_idiom	百戰百勝	u	idiom		no-source;fallback;p2-idiom:ABAC;p2-idiom-heuristic	low	low|u|idiom					
p2_idiom	真心真意	u	idiom		no-source;fallback;p2-idiom:ABAC;p2-idiom-heuristic	low	low|u|idiom					
p2_idiom	破罐破摔	u	idiom		no-source;fallback;p2-idiom:ABAC;p2-idiom-heuristic	low	low|u|idiom					
p2_idiom	礙手礙腳	u	idiom		no-source;fallback;p2-idiom:ABAC;p2-idiom-heuristic	low	low|u|idiom					
p2_idiom	老夫老妻	u	idiom		no-source;fallback;p2-idiom:ABAC;p2-idiom-heuristic	low	low|u|idiom					
p2_idiom	要死要活	u	idiom		no-source;fallback;p2-idiom:ABAC;p2-idiom-heuristic	low	low|u|idiom					
p2_idiom	親上加親	u	idiom		no-source;fallback;p2-idiom:AxxA;p2-idiom-heuristic	low	low|u|idiom					
p2_idiom	閒言閒語	u	idiom		no-source;fallback;p2-idiom:ABAC;p2-idiom-heuristic	low	low|u|idiom					
p2_idiom	雙宿雙飛	u	idiom		no-source;fallback;p2-idiom:ABAC;p2-idiom-heuristic	low	low|u|idiom					
p2_idiom	難上加難	u	idiom		no-source;fallback;p2-idiom:AxxA;p2-idiom-heuristic	low	low|u|idiom					
p2_idiom	順風順水	u	idiom		no-source;fallback;p2-idiom:ABAC;p2-idiom-heuristic	low	low|u|idiom					
p2_idiom	飄飄欲仙	u	idiom		no-source;fallback;p2-idiom:AABC;p2-idiom-heuristic	low	low|u|idiom					
p2_idiom	高高在上	u	idiom		no-source;fallback;p2-idiom:AABC;p2-idiom-heuristic	low	low|u|idiom					
p2_idiom	鬱鬱而終	u	idiom		no-source;fallback;p2-idiom:AABC;p2-idiom-heuristic	low	low|u|idiom					
p3	一個二個	x	idiom		audit-med;review;p2-idiom:一X?Y;p2-idiom-heuristic	high	high|gate|idiom					
p3	全力以赴	v	idiom		audit-high;review	high	high|gate|idiom					
p3	斷斷續續	a,r	idiom		cow-single;p2-idiom:AABB;p2-idiom-heuristic;review;p1-audit;review;AABB 狀態／情狀；非名（cow-single n 假陽）	high	high|gate|idiom					
p3	無處不在	n	idiom		cow-single;p2-idiom:有無對;p2-idiom-heuristic;review	high	high|gate|idiom					
p3	除此之外	r	idiom		len4-noun-heuristic;p2-idiom:之字格;p2-idiom-heuristic;review;p1-audit;review;連接／附帶說明短語；非名（len4-noun 假陽會毒同名詞閘）	high	high|gate|idiom					
p3	一些問題	n			len4-noun-heuristic;p3	high	high|gate|plain					
p3	下跌	n,v			cow-nv-unreviewed;trust-low;p1-close;true-nv;review	high	high|gate|plain					
p3	不掉	v			verb-suffix;p3;heuristic	high	high|gate|plain					
p3	二十	x			numeral;p3;heuristic	high	high|gate|plain					
p3	人之常情	n			len4-noun-heuristic;p3	high	high|gate|plain					
p3	保存	n,v			cow-nv-unreviewed;trust-low;p1-close;true-nv;review	high	high|gate|plain					
p3	信息技術	n			len4-noun-heuristic;p3	high	high|gate|plain					
p3	優質服務	n			len4-noun-heuristic;p3	high	high|gate|plain					
p3	六一	x			numeral;p3;heuristic	high	high|gate|plain					
p3	具體情況	n			len4-noun-heuristic;p3	high	high|gate|plain					
p3	加強	n,v			cow-nv-unreviewed;trust-low;p1-close;true-nv;review	high	high|gate|plain					
p3	受益	v		passive	prefix-passive;heuristic	high	high|gate|plain					
p3	受衆	v		passive	prefix-passive;p3;heuristic	high	high|gate|plain					
p3	各級政府	n			len4-noun-heuristic;p3	high	high|gate|plain					
p3	咬住	v			verb-suffix;p3;heuristic	high	high|gate|plain					
p3	國內市場	n			len4-noun-heuristic	high	high|gate|plain					
p3	地方政府	n			len4-noun-heuristic	high	high|gate|plain					
p3	增長	n,v			cow-nv-unreviewed;trust-low;p1-close;true-nv;review	high	high|gate|plain					
p3	專業人員	n			len4-noun-heuristic;p3	high	high|gate|plain					
p3	戴住	v			verb-suffix;p3;heuristic	high	high|gate|plain					
p3	托住	v			verb-suffix;p3;heuristic	high	high|gate|plain					
p3	批評	n,v			cow-nv-unreviewed;trust-low;p1-close;true-nv;review	high	high|gate|plain					
p3	搜索	n,v			cow-nv-unreviewed;trust-low;p1-close;true-nv;review	high	high|gate|plain					
p3	無線網絡	n			len4-noun-heuristic;p3	high	high|gate|plain					
p3	照住	v			verb-suffix;p3;heuristic	high	high|gate|plain					
p3	理工大學	n			len4-noun-heuristic	high	high|gate|plain					
p3	發達國家	n			len4-noun-heuristic;p3	high	high|gate|plain					
p3	監管部門	n			len4-noun-heuristic;p3	high	high|gate|plain					
p3	知識分子	n			len4-noun-heuristic	high	high|gate|plain					
p3	研發中心	n			len4-noun-heuristic;p3	high	high|gate|plain					
p3	研究中心	n			len4-noun-heuristic;p3	high	high|gate|plain					
p3	研究人員	n			len4-noun-heuristic;p3	high	high|gate|plain					
p3	科學技術	n			len4-noun-heuristic;p3	high	high|gate|plain					
p3	立法	n,v			cow-nv-unreviewed;trust-low;p1-close;true-nv;review	high	high|gate|plain					
p3	競爭	n,v			cow-nv-unreviewed;trust-low;p1-close;true-nv;review	high	high|gate|plain					
p3	管理系統	n			len4-noun-heuristic;p3	high	high|gate|plain					
p3	統一	n,v			cow-nv-unreviewed;trust-low;p1-close;true-nv;review	high	high|gate|plain					
p3	考完	v			verb-suffix;p3;heuristic	high	high|gate|plain					
p3	股票市場	n			len4-noun-heuristic	high	high|gate|plain					
p3	舉報電話	n			len4-noun-heuristic;p3	high	high|gate|plain					
p3	衝突	n,v			cow-nv-unreviewed;trust-low;p1-close;true-nv;review	high	high|gate|plain					
p3	被窩	v		passive	prefix-passive;p3;heuristic	high	high|gate|plain					
p3	被迫	v		passive	prefix-passive;heuristic	high	high|gate|plain					
p3	諮詢服務	n			len4-noun-heuristic;p3	high	high|gate|plain					
p3	諮詢電話	n			len4-noun-heuristic;p3	high	high|gate|plain					
p3	資本市場	n			len4-noun-heuristic;p3	high	high|gate|plain					
p3	超級市場	n			len4-noun-heuristic	high	high|gate|plain					
p3	這些問題	n			len4-noun-heuristic;p3	high	high|gate|plain					
p3	頂住	v			verb-suffix;heuristic	high	high|gate|plain					
p3	順住	v			verb-suffix;p3;heuristic	high	high|gate|plain					
p3	一清二楚	u	idiom		no-source;fallback;p2-idiom:一X?Y;p2-idiom-heuristic;review	high	high|u|idiom					
p3	嘻嘻哈哈	u	idiom		no-source;fallback;p2-idiom:AABB;p2-idiom-heuristic;review	high	high|u|idiom					
p3	大大小小	u	idiom		no-source;fallback;p2-idiom:AABB;p2-idiom-heuristic;review	high	high|u|idiom					
p3	實實在在	u	idiom		no-source;fallback;p2-idiom:AABB;p2-idiom-heuristic;review	high	high|u|idiom					
p3	方方面面	u	idiom		no-source;fallback;p2-idiom:AABB;p2-idiom-heuristic;review	high	high|u|idiom					
p3	有意無意	u	idiom		no-source;fallback;p2-idiom:有無對;p2-idiom-heuristic;review	high	high|u|idiom					
p3	有所不同	u	idiom		no-source;fallback;p2-idiom:有無對;p2-idiom-heuristic;review	high	high|u|idiom					
p3	老老實實	u	idiom		no-source;fallback;p2-idiom:AABB;p2-idiom-heuristic;review	high	high|u|idiom					
p3	不完	u			verb-suffix;p3;heuristic;p1-audit;review;否定+完；非獨立動詞（verb-suffix 假陽，多見於 V 不完）	high	high|u|plain					
p3	受山	u		passive	prefix-passive;p3;heuristic;p1-audit;review;切詞假陽（受山火等）；非獨立被動動詞	high	high|u|plain					
p3	一月	n			cow-single	low	low|low|plain					
p3	上帝	n			cow-single	low	low|low|plain					
p3	上映	v			cow-single;p3	low	low|low|plain					
p3	上演	v			cow-single;p3	low	low|low|plain					
p3	不便	n			cow-single	low	low|low|plain					
p3	人們	n			cow-single	low	low|low|plain					
p3	侷限	n			cow-single	low	low|low|plain					
p3	倡議	n			cow-single;p3	low	low|low|plain					
p3	僅僅	r			cow-single	low	low|low|plain					
p3	兔子	n			cow-single	low	low|low|plain					
p3	公務員	n			cow-single	low	low|low|plain					
p3	公路	n			cow-single	low	low|low|plain					
p3	共性	n			cow-single;p3	low	low|low|plain					
p3	典範	n			cow-single	low	low|low|plain					
p3	制度	n			cow-single	low	low|low|plain					
p3	十月	n			cow-single	low	low|low|plain					
p3	半場	n			cow-single;p3	low	low|low|plain					
p3	博物館	n			cow-single	low	low|low|plain					
p3	叢	n			cow-single;p3	low	low|low|plain					
p3	句子	n			cow-single	low	low|low|plain					
p3	名稱	n			cow-single	low	low|low|plain					
p3	和諧	n,v			cow-nv-unreviewed;trust-low	low	low|low|plain					
p3	在外	n			cow-single	low	low|low|plain					
p3	均	v			cow-single	low	low|low|plain					
p3	城堡	n			cow-single	low	low|low|plain					
p3	墨盒	n			cow-single;p3	low	low|low|plain					
p3	外形	n			cow-single;p3	low	low|low|plain					
p3	夥伴	n			cow-single	low	low|low|plain					
p3	大意	n			cow-single	low	low|low|plain					
p3	大炮	n			cow-single;p3	low	low|low|plain					
p3	失效	v			cow-single;p3	low	low|low|plain					
p3	奔騰	v			cow-single;p3	low	low|low|plain					
p3	女兒	n			cow-single	low	low|low|plain					
p3	女皇	n			cow-single	low	low|low|plain					
p3	好手	n			cow-single	low	low|low|plain					
p3	定向	n			cow-single;p3	low	low|low|plain					
p3	實習	v			cow-single	low	low|low|plain					
p3	對講機	n			cow-single;p3	low	low|low|plain					
p3	帷幕	n			cow-single;p3	low	low|low|plain					
p3	年級	n			cow-single	low	low|low|plain					
p3	後期	n			cow-single	low	low|low|plain					
p3	意圖	n			cow-single	low	low|low|plain					
p3	打印機	n			cow-single	low	low|low|plain					
p3	投保	v			cow-single;p3	low	low|low|plain					
p3	抱怨	v			cow-single	low	low|low|plain					
p3	招手	v			cow-single	low	low|low|plain					
p3	指向	v			cow-single	low	low|low|plain					
p3	捐款	n,v			cow-nv-unreviewed;trust-low	low	low|low|plain					
p3	探索	n,v			cow-nv-unreviewed;trust-low	low	low|low|plain					
p3	接收	n,v			cow-nv-unreviewed;trust-low	low	low|low|plain					
p3	掩飾	v			cow-single	low	low|low|plain					
p3	擊	v			cow-single	low	low|low|plain					
p3	收看	v			cow-single	low	low|low|plain					
p3	放寬	n			cow-single	low	low|low|plain					
p3	效率	n			cow-single	low	low|low|plain					
p3	救護車	n			cow-single	low	low|low|plain					
p3	方形	n			cow-single	low	low|low|plain					
p3	旅程	n			cow-single	low	low|low|plain					
p3	昨日	n			cow-single	low	low|low|plain					
p3	有效	v			cow-single	low	low|low|plain					
p3	松鼠	n			cow-single	low	low|low|plain					
p3	格式化	n			cow-single;p3	low	low|low|plain					
p3	棚	n			cow-single	low	low|low|plain					
p3	槽	n			cow-single;p3	low	low|low|plain					
p3	歡呼	n,v			cow-nv-unreviewed;trust-low	low	low|low|plain					
p3	正直	n			cow-single	low	low|low|plain					
p3	死刑	n			cow-single;p3	low	low|low|plain					
p3	母豬	n			cow-single;p3	low	low|low|plain					
p3	毫不	r			cow-single	low	low|low|plain					
p3	民	n			cow-single;p3	low	low|low|plain					
p3	注視	n,v			cow-nv-unreviewed;trust-low	low	low|low|plain					
p3	液	n			cow-single	low	low|low|plain					
p3	深藍色	n			cow-single;p3	low	low|low|plain					
p3	源泉	n			cow-single;p3	low	low|low|plain					
p3	澳洲	n			cow-single	low	low|low|plain					
p3	瀉	v			cow-single;p3	low	low|low|plain					
p3	灰燼	n			cow-single;p3	low	low|low|plain					
p3	無情	n			cow-single	low	low|low|plain					
p3	熱氣	n			cow-single	low	low|low|plain					
p3	父	n			cow-single;p3	low	low|low|plain					
p3	猜測	n,v			cow-nv-unreviewed;trust-low	low	low|low|plain					
p3	現代人	n			cow-single;p3	low	low|low|plain					
p3	現代化	v			cow-single	low	low|low|plain					
p3	生產力	n			cow-single	low	low|low|plain					
p3	當下	v			verb-suffix;heuristic;verb-suffix-suspect;trust-low	low	low|low|plain					
p3	痕跡	n			cow-single	low	low|low|plain					
p3	發育	n			cow-single	low	low|low|plain					
p3	發誓	v			cow-single	low	low|low|plain					
p3	矩陣	n			cow-single	low	low|low|plain					
p3	磋商	n			cow-single;p3	low	low|low|plain					
p3	箍	n			cow-single	low	low|low|plain					
p3	節	n			cow-single	low	low|low|plain					
p3	紅包	n			cow-single	low	low|low|plain					
p3	紅蘿蔔	n			cow-single	low	low|low|plain					
p3	綜述	n			cow-single	low	low|low|plain					
p3	繁忙	n			cow-single;p3	low	low|low|plain					
p3	置換	n			cow-single;p3	low	low|low|plain					
p3	自主	n			cow-single	low	low|low|plain					
p3	芷	n			cow-single;p3	low	low|low|plain					
p3	苯	n			cow-single;p3	low	low|low|plain					
p3	草叢	n			cow-single	low	low|low|plain					
p3	萬聖節	n			cow-single;p3	low	low|low|plain					
p3	薪水	n			cow-single	low	low|low|plain					
p3	血糖	n			cow-single;p3	low	low|low|plain					
p3	被殺	v			cow-single;p3	low	low|low|plain					
p3	裂開	n,v			cow-nv-unreviewed;trust-low	low	low|low|plain					
p3	親切	n			cow-single	low	low|low|plain					
p3	註釋	n			cow-single;p3	low	low|low|plain					
p3	謝謝	n,v			cow-nv-unreviewed;trust-low	low	low|low|plain					
p3	責令	v			cow-single	low	low|low|plain					
p3	賠	v			cow-single	low	low|low|plain					
p3	起飛	v			cow-single	low	low|low|plain					
p3	超越	n,v			cow-nv-unreviewed;trust-low	low	low|low|plain					
p3	趕走	v			cow-single	low	low|low|plain					
p3	跌倒	v			cow-single	low	low|low|plain					
p3	踐踏	v			cow-single;p3	low	low|low|plain					
p3	逃生	v			cow-single	low	low|low|plain					
p3	邪惡	n			cow-single	low	low|low|plain					
p3	酒精	n			cow-single	low	low|low|plain					
p3	醒覺	a			cow-single	low	low|low|plain					
p3	錦標賽	n			cow-single;p3	low	low|low|plain					
p3	鐘樓	n			cow-single	low	low|low|plain					
p3	集	n			cow-single	low	low|low|plain					
p3	集合	n,v			cow-nv-unreviewed;trust-low	low	low|low|plain					
p3	電話號碼	n			cow-single	low	low|low|plain					
p3	電路	n			cow-single	low	low|low|plain					
p3	預感	v			cow-single	low	low|low|plain					
p3	騙	v			cow-single;p3	low	low|low|plain					
p3	鼠	n			cow-single	low	low|low|plain					
p3	一生一世	u	idiom		no-source;fallback;p2-idiom:ABAC;p2-idiom-heuristic	low	low|u|idiom					
p3	一舉一動	u	idiom		no-source;fallback;p2-idiom:ABAC;p2-idiom-heuristic	low	low|u|idiom					
p3	人來人往	u	idiom		no-source;fallback;p2-idiom:ABAC;p2-idiom-heuristic	low	low|u|idiom					
p3	依依不捨	u	idiom		no-source;fallback;p2-idiom:AABC;p2-idiom-heuristic	low	low|u|idiom					
p3	可口可樂	u	idiom		no-source;fallback;p2-idiom:ABAC;p2-idiom-heuristic	low	low|u|idiom					
p3	各式各樣	u	idiom		no-source;fallback;p2-idiom:ABAC;p2-idiom-heuristic	low	low|u|idiom					
p3	各種各樣	u	idiom		no-source;fallback;p2-idiom:ABAC;p2-idiom-heuristic	low	low|u|idiom					
p3	哈哈大笑	u	idiom		no-source;fallback;p2-idiom:AABC;p2-idiom-heuristic	low	low|u|idiom					
p3	唔多唔少	u	idiom		no-source;fallback;p2-idiom:ABAC;p2-idiom-heuristic	low	low|u|idiom					
p3	唔經唔覺	u	idiom		no-source;fallback;p2-idiom:ABAC;p2-idiom-heuristic	low	low|u|idiom					
p3	奄奄一息	u	idiom		no-source;fallback;p2-idiom:AABC;p2-idiom-heuristic	low	low|u|idiom					
p3	忍無可忍	u	idiom		no-source;fallback;p2-idiom:AxxA;p2-idiom-heuristic	low	low|u|idiom					
p3	有講有笑	u	idiom		no-source;fallback;p2-idiom:ABAC;p2-idiom-heuristic	low	low|u|idiom					
p3	無時無刻	u	idiom		no-source;fallback;p2-idiom:ABAC;p2-idiom-heuristic	low	low|u|idiom					
p3	若隱若現	u	idiom		no-source;fallback;p2-idiom:ABAC;p2-idiom-heuristic	low	low|u|idiom					
p3	講開又講	u	idiom		no-source;fallback;p2-idiom:AxxA;p2-idiom-heuristic	low	low|u|idiom					
p3	一口一口	u			no-source;p3;fallback	low	low|u|plain					
p3	一男一女	u			no-source;p3;fallback	low	low|u|plain					
p3	一輩子	u			no-source;fallback	low	low|u|plain					
p3	一顆	u			no-source;p3;fallback	low	low|u|plain					
p3	一齣	u			no-source;p3;fallback	low	low|u|plain					
p3	丁俊暉	u			no-source;p3;fallback	low	low|u|plain					
p3	三分鐘	u			no-source;p3;fallback	low	low|u|plain					
p3	三維	u			no-source;fallback	low	low|u|plain					
p3	上一次	u			no-source;p3;fallback	low	low|u|plain					
p3	上也	u			no-source;p3;fallback	low	low|u|plain					
p3	上海大衆	u			no-source;p3;fallback	low	low|u|plain					
p3	上班族	u			no-source;fallback	low	low|u|plain					
p3	上部	u			no-source;p3;fallback	low	low|u|plain					
p3	下山	u			no-source;fallback	low	low|u|plain					
p3	下晝	u			no-source;p3;fallback	low	low|u|plain					
p3	下班	u			no-source;fallback	low	low|u|plain					
p3	下話	u			no-source;p3;fallback	low	low|u|plain					
p3	不久	u			no-source;fallback	low	low|u|plain					
p3	不全	u			no-source;p3;fallback	low	low|u|plain					
p3	不切實際	u			no-source;fallback	low	low|u|plain					
p3	不同程度	u			no-source;p3;fallback	low	low|u|plain					
p3	不寫	u			no-source;p3;fallback	low	low|u|plain					
p3	不愛	u			no-source;p3;fallback	low	low|u|plain					
p3	不理我	u			no-source;p3;fallback	low	low|u|plain					
p3	不用擔心	u			no-source;p3;fallback	low	low|u|plain					
p3	不要去	u			no-source;p3;fallback	low	low|u|plain					
p3	不變的	u			no-source;p3;fallback	low	low|u|plain					
p3	不買	u			no-source;p3;fallback	low	low|u|plain					
p3	世界級	u			no-source;p3;fallback	low	low|u|plain					
p3	中國人民	u			no-source;p3;fallback	low	low|u|plain					
p3	中國傳統	u			no-source;p3;fallback	low	low|u|plain					
p3	中國國際	u			no-source;p3;fallback	low	low|u|plain					
p3	中秋	u			no-source;fallback	low	low|u|plain					
p3	中轉	u			no-source;p3;fallback	low	low|u|plain					
p3	主要用於	u			no-source;p3;fallback	low	low|u|plain					
p3	之日	u			no-source;p3;fallback	low	low|u|plain					
p3	也不知道	u			no-source;p3;fallback	low	low|u|plain					
p3	也使	u			no-source;p3;fallback	low	low|u|plain					
p3	也從	u			no-source;p3;fallback	low	low|u|plain					
p3	乾隆	u			no-source;p3;fallback	low	low|u|plain					
p3	了不起	u			no-source;fallback	low	low|u|plain					
p3	事蹟	u			no-source;fallback	low	low|u|plain					
p3	二來	u			no-source;p3;fallback	low	low|u|plain					
p3	二十年	u			no-source;p3;fallback	low	low|u|plain					
p3	二線	u			no-source;p3;fallback	low	low|u|plain					
p3	亞瑟	u			no-source;p3;fallback	low	low|u|plain					
p3	交帶	u			no-source;p3;fallback	low	low|u|plain					
p3	交費	u			no-source;p3;fallback	low	low|u|plain					
p3	人之	u			no-source;p3;fallback	low	low|u|plain					
p3	人入	u			no-source;p3;fallback	low	low|u|plain					
p3	人大代表	u			no-source;p3;fallback	low	low|u|plain					
p3	人對	u			no-source;p3;fallback	low	low|u|plain					
p3	人用	u			no-source;p3;fallback	low	low|u|plain					
p3	仔見	u			no-source;p3;fallback	low	low|u|plain					
p3	他不	u			no-source;p3;fallback	low	low|u|plain					
p3	他對	u			no-source;p3;fallback	low	low|u|plain					
p3	他所	u			no-source;p3;fallback	low	low|u|plain					
p3	令我	u			no-source;p3;fallback	low	low|u|plain					
p3	估下	u			no-source;p3;fallback	low	low|u|plain					
p3	伴有	u			no-source;p3;fallback	low	low|u|plain					
p3	但仍	u			no-source;p3;fallback	low	low|u|plain					
p3	低成本	u			no-source;p3;fallback	low	low|u|plain					
p3	佐治	u			no-source;p3;fallback	low	low|u|plain					
p3	作品內容	u			no-source;p3;fallback	low	low|u|plain					
p3	你和	u			no-source;p3;fallback	low	low|u|plain					
p3	你得	u			no-source;p3;fallback	low	low|u|plain					
p3	來訪	u			no-source;fallback	low	low|u|plain					
p3	供需	u			no-source;fallback	low	low|u|plain					
p3	係路	u			no-source;p3;fallback	low	low|u|plain					
p3	俄國	u			no-source;fallback	low	low|u|plain					
p3	保單	u			no-source;p3;fallback	low	low|u|plain					
p3	信用證	u			no-source;p3;fallback	low	low|u|plain					
p3	偏低	u			no-source;p3;fallback	low	low|u|plain					
p3	做不了	u			no-source;p3;fallback	low	low|u|plain					
p3	做返	u			no-source;p3;fallback	low	low|u|plain					
p3	催促	u			no-source;p3;fallback	low	low|u|plain					
p3	傾偈	u			no-source;p3;fallback	low	low|u|plain					
p3	僅是	u			no-source;p3;fallback	low	low|u|plain					
p3	儘可能	u			no-source;fallback	low	low|u|plain					
p3	先見	u			no-source;p3;fallback	low	low|u|plain					
p3	先說	u			no-source;p3;fallback	low	low|u|plain					
p3	光電	u			no-source;fallback	low	low|u|plain					
p3	入得	u			no-source;p3;fallback	low	low|u|plain					
p3	入手	u			no-source;fallback	low	low|u|plain					
p3	內側	u			no-source;p3;fallback	low	low|u|plain					
p3	全國性	u			no-source;p3;fallback	low	low|u|plain					
p3	兩隊	u			no-source;p3;fallback	low	low|u|plain					
p3	冰耀	u			no-source;p3;fallback	low	low|u|plain					
p3	凝望	u			no-source;fallback	low	low|u|plain					
p3	出力	u			no-source;fallback	low	low|u|plain					
p3	出演	u			no-source;fallback	low	low|u|plain					
p3	刀刀	u			no-source;p3;fallback	low	low|u|plain					
p3	分管	u			no-source;p3;fallback	low	low|u|plain					
p3	切實加強	u			no-source;p3;fallback	low	low|u|plain					
p3	刻錄	u			no-source;p3;fallback	low	low|u|plain					
p3	前列	u			no-source;fallback	low	low|u|plain					
p3	剛買	u			no-source;p3;fallback	low	low|u|plain					
p3	創新	u			no-source;fallback	low	low|u|plain					
p3	力度	u			no-source;fallback	low	low|u|plain					
p3	加快發展	u			no-source;p3;fallback	low	low|u|plain					
p3	加菲	u			no-source;p3;fallback	low	low|u|plain					
p3	動脈	u			no-source;p3;fallback	low	low|u|plain					
p3	動靜	u			no-source;fallback	low	low|u|plain					
p3	勞動合同	u			no-source;p3;fallback	low	low|u|plain					
p3	勞務	u			no-source;fallback	low	low|u|plain					
p3	十幾歲	u			no-source;p3;fallback	low	low|u|plain					
p3	原意	u			no-source;fallback	low	low|u|plain					
p3	又開始	u			no-source;p3;fallback	low	low|u|plain					
p3	反動	u			no-source;p3;fallback	low	low|u|plain					
p3	句話	u			no-source;p3;fallback	low	low|u|plain					
p3	另一種	u			no-source;p3;fallback	low	low|u|plain					
p3	只知道	u			no-source;p3;fallback	low	low|u|plain					
p3	可兒	u			no-source;p3;fallback	low	low|u|plain					
p3	可好	u			no-source;p3;fallback	low	low|u|plain					
p3	可想而知	u			no-source;fallback	low	low|u|plain					
p3	史料	u			no-source;p3;fallback	low	low|u|plain					
p3	叻仔	u			no-source;p3;fallback	low	low|u|plain					
p3	同好	u			no-source;p3;fallback	low	low|u|plain					
p3	同濟	u			no-source;p3;fallback	low	low|u|plain					
p3	吐了	u			no-source;p3;fallback	low	low|u|plain					
p3	呱	u			no-source;fallback	low	low|u|plain					
p3	呵欠	u			no-source;p3;fallback	low	low|u|plain					
p3	咗事	u			no-source;p3;fallback	low	low|u|plain					
p3	咗六合彩	u			no-source;p3;fallback	low	low|u|plain					
p3	哂力	u			no-source;p3;fallback	low	low|u|plain					
p3	哩句	u			no-source;p3;fallback	low	low|u|plain					
p3	哪家	u			no-source;p3;fallback	low	low|u|plain					
p3	唐山	u			no-source;fallback	low	low|u|plain					
p3	唪	u			no-source;p3;fallback	low	low|u|plain					
p3	商機	u			no-source;fallback	low	low|u|plain					
p3	問個	u			no-source;p3;fallback	low	low|u|plain					
p3	問咗	u			no-source;p3;fallback	low	low|u|plain					
p3	啦啦啦	u			no-source;p3;fallback	low	low|u|plain					
p3	喇得	u			no-source;p3;fallback	low	low|u|plain					
p3	喊着	u			no-source;p3;fallback	low	low|u|plain					
p3	喜歡喫	u			no-source;p3;fallback	low	low|u|plain					
p3	喫喝	u			no-source;p3;fallback	low	low|u|plain					
p3	喫肉	u			no-source;p3;fallback	low	low|u|plain					
p3	嗰兩個	u			no-source;p3;fallback	low	low|u|plain					
p3	嘢做	u			no-source;p3;fallback	low	low|u|plain					
p3	嘢好	u			no-source;p3;fallback	low	low|u|plain					
p3	嚟做	u			no-source;p3;fallback	low	low|u|plain					
p3	嚟喇	u			no-source;p3;fallback	low	low|u|plain					
p3	嚴格	u			no-source;fallback	low	low|u|plain					
p3	嚴格執行	u			no-source;p3;fallback	low	low|u|plain					
p3	四是	u			no-source;p3;fallback	low	low|u|plain					
p3	回族	u			no-source;p3;fallback	low	low|u|plain					
p3	回購	u			no-source;p3;fallback	low	low|u|plain					
p3	國際米蘭	u			no-source;p3;fallback	low	low|u|plain					
p3	圓圓	u			no-source;p3;fallback	low	low|u|plain					
p3	圓碌碌	u			no-source;p3;fallback	low	low|u|plain					
p3	地同	u			no-source;p3;fallback	low	low|u|plain					
p3	地架	u			no-source;p3;fallback	low	low|u|plain					
p3	地鐵站	u			no-source;p3;fallback	low	low|u|plain					
p3	均屬	u			no-source;p3;fallback	low	low|u|plain					
p3	均有	u			no-source;p3;fallback	low	low|u|plain					
p3	均由	u			no-source;p3;fallback	low	low|u|plain					
p3	坐底	u			no-source;p3;fallback	low	low|u|plain					
p3	垂直	u			no-source;fallback	low	low|u|plain					
p3	城市裏	u			no-source;p3;fallback	low	low|u|plain					
p3	執導	u			no-source;p3;fallback	low	low|u|plain					
p3	執生	u			no-source;p3;fallback	low	low|u|plain					
p3	執返	u			no-source;p3;fallback	low	low|u|plain					
p3	埸	u			no-source;p3;fallback	low	low|u|plain					
p3	培養學生	u			no-source;p3;fallback	low	low|u|plain					
p3	堅硬	u			no-source;fallback	low	low|u|plain					
p3	堡	u			no-source;fallback	low	low|u|plain					
p3	場館	u			no-source;p3;fallback	low	low|u|plain					
p3	境內	u			no-source;fallback	low	low|u|plain					
p3	增設	u			no-source;p3;fallback	low	low|u|plain					
p3	外貿	u			no-source;fallback	low	low|u|plain					
p3	多功能	u			no-source;p3;fallback	low	low|u|plain					
p3	多家	u			no-source;p3;fallback	low	low|u|plain					
p3	多方	u			no-source;fallback	low	low|u|plain					
p3	多樣性	u			no-source;p3;fallback	low	low|u|plain					
p3	多萬	u			no-source;p3;fallback	low	low|u|plain					
p3	多遠	u			no-source;p3;fallback	low	low|u|plain					
p3	大一	u			no-source;p3;fallback	low	low|u|plain					
p3	大型企業	u			no-source;fallback	low	low|u|plain					
p3	大城市	u			no-source;fallback	low	low|u|plain					
p3	太遠	u			no-source;p3;fallback	low	low|u|plain					
p3	女校	u			no-source;fallback	low	low|u|plain					
p3	好地地	u			no-source;fallback	low	low|u|plain					
p3	好夠	u			no-source;p3;fallback	low	low|u|plain					
p3	好強	u			no-source;p3;fallback	low	low|u|plain					
p3	威嚴	u			no-source;fallback	low	low|u|plain					
p3	婷	u			no-source;fallback	low	low|u|plain					
p3	媾女	u			no-source;p3;fallback	low	low|u|plain					
p3	嫌棄	u			no-source;fallback	low	low|u|plain					
p3	孫	u			no-source;p3;fallback	low	low|u|plain					
p3	學歷	u			no-source;fallback	low	low|u|plain					
p3	學英語	u			no-source;p3;fallback	low	low|u|plain					
p3	安娜	u			no-source;p3;fallback	low	low|u|plain					
p3	定點	u			no-source;p3;fallback	low	low|u|plain					
p3	宜個	u			no-source;p3;fallback	low	low|u|plain					
p3	客車	u			no-source;fallback	low	low|u|plain					
p3	害我	u			no-source;p3;fallback	low	low|u|plain					
p3	容講	u			no-source;p3;fallback	low	low|u|plain					
p3	富士康	u			no-source;p3;fallback	low	low|u|plain					
p3	寫了	u			no-source;p3;fallback	low	low|u|plain					
p3	寶貝兒	u			no-source;p3;fallback	low	low|u|plain					
p3	將你	u			no-source;p3;fallback	low	low|u|plain					
p3	將她	u			no-source;p3;fallback	low	low|u|plain					
p3	將球	u			no-source;p3;fallback	low	low|u|plain					
p3	將身	u			no-source;p3;fallback	low	low|u|plain					
p3	專一	u			no-source;fallback	low	low|u|plain					
p3	專區	u			no-source;fallback	low	low|u|plain					
p3	小圖	u			no-source;p3;fallback	low	low|u|plain					
p3	小學生	u			no-source;fallback	low	low|u|plain					
p3	小溪	u			no-source;p3;fallback	low	low|u|plain					
p3	小貞到	u			no-source;p3;fallback	low	low|u|plain					
p3	小貞用	u			no-source;p3;fallback	low	low|u|plain					
p3	工業化	u			no-source;fallback	low	low|u|plain					
p3	工業園	u			no-source;p3;fallback	low	low|u|plain					
p3	左下角	u			no-source;fallback	low	low|u|plain					
p3	差異化	u			no-source;p3;fallback	low	low|u|plain					
p3	帶到	u			no-source;p3;fallback	low	low|u|plain					
p3	幫襯	u			no-source;fallback	low	low|u|plain					
p3	年年	u			no-source;fallback	low	low|u|plain					
p3	年產	u			no-source;p3;fallback	low	low|u|plain					
p3	幾個鐘	u			no-source;p3;fallback	low	low|u|plain					
p3	幾勁	u			no-source;p3;fallback	low	low|u|plain					
p3	幾鐘	u			no-source;p3;fallback	low	low|u|plain					
p3	床度	u			no-source;p3;fallback	low	low|u|plain					
p3	廈門市	u			no-source;p3;fallback	low	low|u|plain					
p3	廢時	u			no-source;p3;fallback	low	low|u|plain					
p3	廣泛應用	u			no-source;p3;fallback	low	low|u|plain					
p3	建立健全	u			no-source;p3;fallback	low	low|u|plain					
p3	弱勢群體	u			no-source;fallback	low	low|u|plain					
p3	張學友	u			no-source;p3;fallback	low	low|u|plain					
p3	強行	u			no-source;fallback	low	low|u|plain					
p3	彈起	u			no-source;p3;fallback	low	low|u|plain					
p3	很清楚	u			no-source;p3;fallback	low	low|u|plain					
p3	很辛苦	u			no-source;p3;fallback	low	low|u|plain					
p3	很開心	u			no-source;p3;fallback	low	low|u|plain					
p3	後才能	u			no-source;p3;fallback	low	low|u|plain					
p3	後續	u			no-source;fallback	low	low|u|plain					
p3	微不足道	u			no-source;fallback	low	low|u|plain					
p3	徵集	u			no-source;p3;fallback	low	low|u|plain					
p3	必要性	u			no-source;p3;fallback	low	low|u|plain					
p3	想給	u			no-source;p3;fallback	low	low|u|plain					
p3	想說	u			no-source;p3;fallback	low	low|u|plain					
p3	想買	u			no-source;p3;fallback	low	low|u|plain					
p3	意想不到	u			no-source;fallback	low	low|u|plain					
p3	意料	u			no-source;fallback	low	low|u|plain					
p3	應聲	u			no-source;fallback	low	low|u|plain					
p3	應該可以	u			no-source;p3;fallback	low	low|u|plain					
p3	懷裏	u			no-source;fallback	low	low|u|plain					
p3	成色	u			no-source;p3;fallback	low	low|u|plain					
p3	我只想	u			no-source;p3;fallback	low	low|u|plain					
p3	我就不	u			no-source;p3;fallback	low	low|u|plain					
p3	我想說	u			no-source;p3;fallback	low	low|u|plain					
p3	我看看	u			no-source;p3;fallback	low	low|u|plain					
p3	我記	u			no-source;p3;fallback	low	low|u|plain					
p3	我那	u			no-source;p3;fallback	low	low|u|plain					
p3	所需要	u			no-source;p3;fallback	low	low|u|plain					
p3	手信	u			no-source;p3;fallback	low	low|u|plain					
p3	才叫	u			no-source;p3;fallback	low	low|u|plain					
p3	扐	u			no-source;fallback	low	low|u|plain					
p3	打打	u			no-source;p3;fallback	low	low|u|plain					
p3	打拼	u			no-source;p3;fallback	low	low|u|plain					
p3	打轉	u			no-source;fallback	low	low|u|plain					
p3	技嘉	u			no-source;p3;fallback	low	low|u|plain					
p3	掌聲	u			no-source;fallback	low	low|u|plain					
p3	插槽	u			no-source;p3;fallback	low	low|u|plain					
p3	換來	u			no-source;p3;fallback	low	low|u|plain					
p3	搏	u			no-source;fallback	low	low|u|plain					
p3	搗	u			no-source;p3;fallback	low	low|u|plain					
p3	搜狐博客	u			no-source;p3;fallback	low	low|u|plain					
p3	搞事	u			no-source;p3;fallback	low	low|u|plain					
p3	撇	u			no-source;p3;fallback	low	low|u|plain					
p3	撒旦	u			no-source;p3;fallback	low	low|u|plain					
p3	擦拭	u			no-source;p3;fallback	low	low|u|plain					
p3	擦過	u			no-source;p3;fallback	low	low|u|plain					
p3	擺到	u			no-source;p3;fallback	low	low|u|plain					
p3	擺脫	u			no-source;fallback	low	low|u|plain					
p3	支槍	u			no-source;p3;fallback	low	low|u|plain					
p3	救了	u			no-source;p3;fallback	low	low|u|plain					
p3	整傷	u			no-source;p3;fallback	low	low|u|plain					
p3	整到	u			no-source;fallback	low	low|u|plain					
p3	整條	u			no-source;p3;fallback	low	low|u|plain					
p3	新品	u			no-source;p3;fallback	low	low|u|plain					
p3	新生兒	u			no-source;p3;fallback	low	low|u|plain					
p3	新界	u			no-source;p3;fallback	low	low|u|plain					
p3	新聞聯播	u			no-source;p3;fallback	low	low|u|plain					
p3	新華網	u			no-source;p3;fallback	low	low|u|plain					
p3	既蘭卡特	u			no-source;p3;fallback	low	low|u|plain					
p3	日本人	u			no-source;p3;fallback	low	low|u|plain					
p3	明確規定	u			no-source;p3;fallback	low	low|u|plain					
p3	明細	u			no-source;fallback	low	low|u|plain					
p3	易於	u			no-source;p3;fallback	low	low|u|plain					
p3	是一位	u			no-source;p3;fallback	low	low|u|plain					
p3	是世界上	u			no-source;p3;fallback	low	low|u|plain					
p3	是他	u			no-source;p3;fallback	low	low|u|plain					
p3	是讓	u			no-source;p3;fallback	low	low|u|plain					
p3	晏覺	u			no-source;p3;fallback	low	low|u|plain					
p3	普查	u			no-source;fallback	low	low|u|plain					
p3	暈咗	u			no-source;p3;fallback	low	low|u|plain					
p3	暴	u			no-source;p3;fallback	low	low|u|plain					
p3	書本	u			no-source;p3;fallback	low	low|u|plain					
p3	曾任	u			no-source;p3;fallback	low	low|u|plain					
p3	最後一天	u			no-source;p3;fallback	low	low|u|plain					
p3	最早的	u			no-source;p3;fallback	low	low|u|plain					
p3	最終還是	u			no-source;p3;fallback	low	low|u|plain					
p3	最高	u			no-source;fallback	low	low|u|plain					
p3	會嚟	u			no-source;p3;fallback	low	low|u|plain					
p3	會說	u			no-source;p3;fallback	low	low|u|plain					
p3	月月	u			no-source;p3;fallback	low	low|u|plain					
p3	有人認爲	u			no-source;p3;fallback	low	low|u|plain					
p3	有兩個	u			no-source;p3;fallback	low	low|u|plain					
p3	有型	u			no-source;fallback	low	low|u|plain					
p3	有序	u			no-source;fallback	low	low|u|plain					
p3	有緣	u			no-source;p3;fallback	low	low|u|plain					
p3	有車	u			no-source;p3;fallback	low	low|u|plain					
p3	有過	u			no-source;p3;fallback	low	low|u|plain					
p3	有邊	u			no-source;p3;fallback	low	low|u|plain					
p3	有點像	u			no-source;p3;fallback	low	low|u|plain					
p3	朕	u			no-source;p3;fallback	low	low|u|plain					
p3	未予	u			no-source;p3;fallback	low	low|u|plain					
p3	未有	u			no-source;fallback	low	low|u|plain					
p3	未死	u			no-source;p3;fallback	low	low|u|plain					
p3	末	u			no-source;fallback	low	low|u|plain					
p3	本機	u			no-source;p3;fallback	low	low|u|plain					
p3	本網站	u			no-source;p3;fallback	low	low|u|plain					
p3	朱	u			no-source;p3;fallback	low	low|u|plain					
p3	東航	u			no-source;p3;fallback	low	low|u|plain					
p3	林子	u			no-source;p3;fallback	low	low|u|plain					
p3	林綺雯	u			no-source;p3;fallback	low	low|u|plain					
p3	校區	u			no-source;p3;fallback	low	low|u|plain					
p3	格格	u			no-source;p3;fallback	low	low|u|plain					
p3	梓謙	u			no-source;p3;fallback	low	low|u|plain					
p3	條春	u			no-source;p3;fallback	low	low|u|plain					
p3	條碼	u			no-source;p3;fallback	low	low|u|plain					
p3	條裙	u			no-source;p3;fallback	low	low|u|plain					
p3	楞	u			no-source;p3;fallback	low	low|u|plain					
p3	業務員	u			no-source;fallback	low	low|u|plain					
p3	機型	u			no-source;p3;fallback	low	low|u|plain					
p3	次同	u			no-source;p3;fallback	low	low|u|plain					
p3	歎	u			no-source;p3;fallback	low	low|u|plain					
p3	此案	u			no-source;p3;fallback	low	low|u|plain					
p3	歷史上最	u			no-source;p3;fallback	low	low|u|plain					
p3	歹徒	u			no-source;p3;fallback	low	low|u|plain					
p3	殘魂	u			no-source;p3;fallback	low	low|u|plain					
p3	每當	u			no-source;fallback	low	low|u|plain					
p3	比到	u			no-source;p3;fallback	low	low|u|plain					
p3	比方	u			no-source;p3;fallback	low	low|u|plain					
p3	比較低	u			no-source;p3;fallback	low	low|u|plain					
p3	比較大	u			no-source;p3;fallback	low	low|u|plain					
p3	比較容易	u			no-source;p3;fallback	low	low|u|plain					
p3	氏	u			no-source;p3;fallback	low	low|u|plain					
p3	民用	u			no-source;p3;fallback	low	low|u|plain					
p3	民進黨	u			no-source;p3;fallback	low	low|u|plain					
p3	水平線	u			no-source;fallback	low	low|u|plain					
p3	水面	u			no-source;fallback	low	low|u|plain					
p3	求情	u			no-source;fallback	low	low|u|plain					
p3	油價	u			no-source;fallback	low	low|u|plain					
p3	油田	u			no-source;fallback	low	low|u|plain					
p3	法國	u			no-source;fallback	low	low|u|plain					
p3	泡妞	u			no-source;p3;fallback	low	low|u|plain					
p3	洞口	u			no-source;p3;fallback	low	low|u|plain					
p3	浩方	u			no-source;p3;fallback	low	low|u|plain					
p3	淋溼	u			no-source;p3;fallback	low	low|u|plain					
p3	深信	u			no-source;fallback	low	low|u|plain					
p3	深加工	u			no-source;p3;fallback	low	low|u|plain					
p3	深層次	u			no-source;p3;fallback	low	low|u|plain					
p3	測	u			no-source;p3;fallback	low	low|u|plain					
p3	港女	u			no-source;p3;fallback	low	low|u|plain					
p3	源代碼	u			no-source;fallback	low	low|u|plain					
p3	潮州	u			no-source;p3;fallback	low	low|u|plain					
p3	濛	u			no-source;p3;fallback	low	low|u|plain					
p3	火車站	u			no-source;fallback	low	low|u|plain					
p3	無心	u			no-source;fallback	low	low|u|plain					
p3	無憂	u			no-source;p3;fallback	low	low|u|plain					
p3	熊市	u			no-source;p3;fallback	low	low|u|plain					
p3	熱血	u			no-source;fallback	low	low|u|plain					
p3	爬上	u			no-source;p3;fallback	low	low|u|plain					
p3	爲你	u			no-source;p3;fallback	low	low|u|plain					
p3	牛牛	u			no-source;p3;fallback	low	low|u|plain					
p3	猙獰	u			no-source;p3;fallback	low	low|u|plain					
p3	猛然	u			no-source;p3;fallback	low	low|u|plain					
p3	獲獎	u			no-source;fallback	low	low|u|plain					
p3	王爺	u			no-source;p3;fallback	low	low|u|plain					
p3	玲	u			no-source;p3;fallback	low	low|u|plain					
p3	現實生活	u			no-source;p3;fallback	low	low|u|plain					
p3	現貨	u			no-source;fallback	low	low|u|plain					
p3	甚爲	u			no-source;p3;fallback	low	low|u|plain					
p3	甜品	u			no-source;fallback	low	low|u|plain					
p3	產業鏈	u			no-source;p3;fallback	low	low|u|plain					
p3	用條	u			no-source;p3;fallback	low	low|u|plain					
p3	田中	u			no-source;p3;fallback	low	low|u|plain					
p3	畢業證	u			no-source;p3;fallback	low	low|u|plain					
p3	發展空間	u			no-source;p3;fallback	low	low|u|plain					
p3	發揚	u			no-source;fallback	low	low|u|plain					
p3	發晒	u			no-source;p3;fallback	low	low|u|plain					
p3	白煙	u			no-source;p3;fallback	low	low|u|plain					
p3	百科	u			no-source;p3;fallback	low	low|u|plain					
p3	皮皮	u			no-source;p3;fallback	low	low|u|plain					
p3	相聲	u			no-source;fallback	low	low|u|plain					
p3	看不慣	u			no-source;p3;fallback	low	low|u|plain					
p3	看似	u			no-source;fallback	low	low|u|plain					
p3	看點	u			no-source;p3;fallback	low	low|u|plain					
p3	真的很	u			no-source;p3;fallback	low	low|u|plain					
p3	睡在	u			no-source;p3;fallback	low	low|u|plain					
p3	研究所	u			no-source;fallback	low	low|u|plain					
p3	砵	u			no-source;p3;fallback	low	low|u|plain					
p3	碩士學位	u			no-source;fallback	low	low|u|plain					
p3	示弱	u			no-source;p3;fallback	low	low|u|plain					
p3	神聖	u			no-source;fallback	low	low|u|plain					
p3	祿	u			no-source;p3;fallback	low	low|u|plain					
p3	福建	u			no-source;fallback	low	low|u|plain					
p3	私	u			no-source;p3;fallback	low	low|u|plain					
p3	私營化	u			no-source;p3;fallback	low	low|u|plain					
p3	稀有	u			no-source;p3;fallback	low	low|u|plain					
p3	稅率	u			no-source;p3;fallback	low	low|u|plain					
p3	程	u			no-source;fallback	low	low|u|plain					
p3	竄	u			no-source;p3;fallback	low	low|u|plain					
p3	第一眼	u			no-source;p3;fallback	low	low|u|plain					
p3	第一章	u			no-source;p3;fallback	low	low|u|plain					
p3	第三季	u			no-source;p3;fallback	low	low|u|plain					
p3	第四章	u			no-source;p3;fallback	low	low|u|plain					
p3	答得	u			no-source;p3;fallback	low	low|u|plain					
p3	節前	u			no-source;p3;fallback	low	low|u|plain					
p3	米線	u			no-source;p3;fallback	low	low|u|plain					
p3	紥	u			no-source;p3;fallback	low	low|u|plain					
p3	細榮	u			no-source;p3;fallback	low	low|u|plain					
p3	細貓	u			no-source;p3;fallback	low	low|u|plain					
p3	組委會	u			no-source;p3;fallback	low	low|u|plain					
p3	給人以	u			no-source;p3;fallback	low	low|u|plain					
p3	給您	u			no-source;p3;fallback	low	low|u|plain					
p3	統計數據	u			no-source;p3;fallback	low	low|u|plain					
p3	經濟學家	u			no-source;p3;fallback	low	low|u|plain					
p3	經貿	u			no-source;fallback	low	low|u|plain					
p3	經驗豐富	u			no-source;p3;fallback	low	low|u|plain					
p3	網名	u			no-source;p3;fallback	low	low|u|plain					
p3	緊貼	u			no-source;fallback	low	low|u|plain					
p3	編制	u			no-source;fallback	low	low|u|plain					
p3	總公司	u			no-source;fallback	low	low|u|plain					
p3	總在	u			no-source;p3;fallback	low	low|u|plain					
p3	纔不會	u			no-source;p3;fallback	low	low|u|plain					
p3	纔開始	u			no-source;p3;fallback	low	low|u|plain					
p3	置頂	u			no-source;p3;fallback	low	low|u|plain					
p3	美酒	u			no-source;p3;fallback	low	low|u|plain					
p3	美食	u			no-source;fallback	low	low|u|plain					
p3	老劉	u			no-source;p3;fallback	low	low|u|plain					
p3	老朋友	u			no-source;p3;fallback	low	low|u|plain					
p3	考前	u			no-source;p3;fallback	low	low|u|plain					
p3	耦合	u			no-source;p3;fallback	low	low|u|plain					
p3	聊天室	u			no-source;p3;fallback	low	low|u|plain					
p3	聽下	u			no-source;p3;fallback	low	low|u|plain					
p3	聽懂	u			no-source;p3;fallback	low	low|u|plain					
p3	股東大會	u			no-source;p3;fallback	low	low|u|plain					
p3	肥龍同	u			no-source;p3;fallback	low	low|u|plain					
p3	能做	u			no-source;p3;fallback	low	low|u|plain					
p3	能喫	u			no-source;p3;fallback	low	low|u|plain					
p3	脫	u			no-source;fallback	low	low|u|plain					
p3	自閉	u			no-source;p3;fallback	low	low|u|plain					
p3	舒淇	u			no-source;p3;fallback	low	low|u|plain					
p3	華麗	u			no-source;fallback	low	low|u|plain					
p3	蔣震滔	u			no-source;p3;fallback	low	low|u|plain					
p3	蕪湖	u			no-source;p3;fallback	low	low|u|plain					
p3	薩滿	u			no-source;p3;fallback	low	low|u|plain					
p3	蛋治	u			no-source;p3;fallback	low	low|u|plain					
p3	血清	u			no-source;fallback	low	low|u|plain					
p3	血腥	u			no-source;fallback	low	low|u|plain					
p3	衛浴	u			no-source;p3;fallback	low	low|u|plain					
p3	衝咗	u			no-source;p3;fallback	low	low|u|plain					
p3	衝返	u			no-source;p3;fallback	low	low|u|plain					
p3	衣物	u			no-source;fallback	low	low|u|plain					
p3	裏去	u			no-source;p3;fallback	low	low|u|plain					
p3	西斜	u			no-source;p3;fallback	low	low|u|plain					
p3	西面	u			no-source;p3;fallback	low	low|u|plain					
p3	要不是	u			no-source;fallback	low	low|u|plain					
p3	要你	u			no-source;p3;fallback	low	low|u|plain					
p3	要寫	u			no-source;p3;fallback	low	low|u|plain					
p3	要看	u			no-source;p3;fallback	low	low|u|plain					
p3	要跟	u			no-source;p3;fallback	low	low|u|plain					
p3	見不到	u			no-source;p3;fallback	low	low|u|plain					
p3	解套	u			no-source;p3;fallback	low	low|u|plain					
p3	解脫	u			no-source;p3;fallback	low	low|u|plain					
p3	計算器	u			no-source;p3;fallback	low	low|u|plain					
p3	設定	u			no-source;p3;fallback	low	low|u|plain					
p3	診治	u			no-source;p3;fallback	low	low|u|plain					
p3	詹	u			no-source;p3;fallback	low	low|u|plain					
p3	誠意	u			no-source;p3;fallback	low	low|u|plain					
p3	調料	u			no-source;p3;fallback	low	low|u|plain					
p3	調頭	u			no-source;fallback	low	low|u|plain					
p3	請來	u			no-source;p3;fallback	low	low|u|plain					
p3	請用	u			no-source;p3;fallback	low	low|u|plain					
p3	請聯繫	u			no-source;p3;fallback	low	low|u|plain					
p3	講出嚟	u			no-source;p3;fallback	low	low|u|plain					
p3	講嘅	u			no-source;p3;fallback	low	low|u|plain					
p3	證券投資	u			no-source;p3;fallback	low	low|u|plain					
p3	識路	u			no-source;p3;fallback	low	low|u|plain					
p3	警局	u			no-source;p3;fallback	low	low|u|plain					
p3	讀研	u			no-source;p3;fallback	low	low|u|plain					
p3	讓您	u			no-source;p3;fallback	low	low|u|plain					
p3	豆腐	u			no-source;fallback	low	low|u|plain					
p3	豈不	u			no-source;p3;fallback	low	low|u|plain					
p3	豬朋狗友	u			no-source;fallback	low	low|u|plain					
p3	貪錢	u			no-source;p3;fallback	low	low|u|plain					
p3	責任人	u			no-source;p3;fallback	low	low|u|plain					
p3	貴陽	u			no-source;fallback	low	low|u|plain					
p3	走低	u			no-source;p3;fallback	low	low|u|plain					
p3	走好	u			no-source;p3;fallback	low	low|u|plain					
p3	趙本山	u			no-source;p3;fallback	low	low|u|plain					
p3	跑到	u			no-source;p3;fallback	low	low|u|plain					
p3	跑過	u			no-source;p3;fallback	low	low|u|plain					
p3	路由	u			no-source;p3;fallback	low	low|u|plain					
p3	蹤影	u			no-source;fallback	low	low|u|plain					
p3	車型	u			no-source;fallback	low	low|u|plain					
p3	輔導員	u			no-source;p3;fallback	low	low|u|plain					
p3	轆轆	u			no-source;fallback	low	low|u|plain					
p3	轉載自	u			no-source;p3;fallback	low	low|u|plain					
p3	辦公廳	u			no-source;p3;fallback	low	low|u|plain					
p3	農業部	u			no-source;p3;fallback	low	low|u|plain					
p3	迄今	u			no-source;p3;fallback	low	low|u|plain					
p3	送來	u			no-source;p3;fallback	low	low|u|plain					
p3	送死	u			no-source;p3;fallback	low	low|u|plain					
p3	逐步	u			no-source;p3;fallback	low	low|u|plain					
p3	這些人	u			no-source;p3;fallback	low	low|u|plain					
p3	這些東西	u			no-source;p3;fallback	low	low|u|plain					
p3	這個傢伙	u			no-source;p3;fallback	low	low|u|plain					
p3	這傢伙	u			no-source;p3;fallback	low	low|u|plain					
p3	這纔是	u			no-source;p3;fallback	low	low|u|plain					
p3	通話	u			no-source;fallback	low	low|u|plain					
p3	逝	u			no-source;p3;fallback	low	low|u|plain					
p3	過呀	u			no-source;p3;fallback	low	low|u|plain					
p3	過嘢	u			no-source;p3;fallback	low	low|u|plain					
p3	過戶	u			no-source;p3;fallback	low	low|u|plain					
p3	過會	u			no-source;p3;fallback	low	low|u|plain					
p3	過節	u			no-source;p3;fallback	low	low|u|plain					
p3	還挺	u			no-source;p3;fallback	low	low|u|plain					
p3	還早	u			no-source;p3;fallback	low	low|u|plain					
p3	還會有	u			no-source;p3;fallback	low	low|u|plain					
p3	還真是	u			no-source;p3;fallback	low	low|u|plain					
p3	邊會	u			no-source;p3;fallback	low	low|u|plain					
p3	那本	u			no-source;p3;fallback	low	low|u|plain					
p3	那種	u			no-source;p3;fallback	low	low|u|plain					
p3	配搭	u			no-source;p3;fallback	low	low|u|plain					
p3	醫好	u			no-source;p3;fallback	low	low|u|plain					
p3	鋁合金	u			no-source;p3;fallback	low	low|u|plain					
p3	錄入	u			no-source;p3;fallback	low	low|u|plain					
p3	鎚	u			no-source;p3;fallback	low	low|u|plain					
p3	鐵礦	u			no-source;p3;fallback	low	low|u|plain					
p3	鐵礦石	u			no-source;p3;fallback	low	low|u|plain					
p3	鑫	u			no-source;fallback	low	low|u|plain					
p3	長輩	u			no-source;p3;fallback	low	low|u|plain					
p3	開個	u			no-source;p3;fallback	low	low|u|plain					
p3	關愛	u			no-source;fallback	low	low|u|plain					
p3	關機	u			no-source;fallback	low	low|u|plain					
p3	關稅	u			no-source;p3;fallback	low	low|u|plain					
p3	關系	u			no-source;p3;fallback	low	low|u|plain					
p3	防控	u			no-source;p3;fallback	low	low|u|plain					
p3	阿南道	u			no-source;p3;fallback	low	low|u|plain					
p3	阿平	u			no-source;p3;fallback	low	low|u|plain					
p3	阿黃	u			no-source;p3;fallback	low	low|u|plain					
p3	限於	u			no-source;p3;fallback	low	low|u|plain					
p3	陣時	u			no-source;p3;fallback	low	low|u|plain					
p3	難爲	u			no-source;fallback	low	low|u|plain					
p3	難講	u			no-source;p3;fallback	low	low|u|plain					
p3	零售商	u			no-source;p3;fallback	low	low|u|plain					
p3	電臺	u			no-source;fallback	low	low|u|plain					
p3	靠着	u			no-source;p3;fallback	low	low|u|plain					
p3	音箱	u			no-source;fallback	low	low|u|plain					
p3	響到	u			no-source;p3;fallback	low	low|u|plain					
p3	頭望	u			no-source;p3;fallback	low	low|u|plain					
p3	頭箍	u			no-source;p3;fallback	low	low|u|plain					
p3	飛利浦	u			no-source;p3;fallback	low	low|u|plain					
p3	飛機票	u			no-source;p3;fallback	low	low|u|plain					
p3	食下	u			no-source;p3;fallback	low	low|u|plain					
p3	飯堂	u			no-source;fallback	low	low|u|plain					
p3	飲飲	u			no-source;p3;fallback	low	low|u|plain					
p3	餘人	u			no-source;p3;fallback	low	low|u|plain					
p3	馬丁	u			no-source;p3;fallback	low	low|u|plain					
p3	駕照	u			no-source;fallback	low	low|u|plain					
p3	體型	u			no-source;p3;fallback	low	low|u|plain					
p3	高低	u			no-source;fallback	low	low|u|plain					
p3	高的	u			no-source;p3;fallback	low	low|u|plain					
p3	鬧交	u			no-source;fallback	low	low|u|plain					
p3	鬼知	u			no-source;p3;fallback	low	low|u|plain					
p3	魯尼	u			no-source;p3;fallback	low	low|u|plain					
p3	鹹溼	u			no-source;p3;fallback	low	low|u|plain					
p3	麥皓臻	u			no-source;p3;fallback	low	low|u|plain					
p3	麥迪	u			no-source;p3;fallback	low	low|u|plain					
p3	麻麻	u			no-source;p3;fallback	low	low|u|plain					
p3	麼麼	u			no-source;p3;fallback	low	low|u|plain					
p3	黃金周	u			no-source;p3;fallback	low	low|u|plain					
p3	點球	u			no-source;fallback	low	low|u|plain					
p3	點評	u			no-source;fallback	low	low|u|plain					
p3	點點頭	u			no-source;p3;fallback	low	low|u|plain					
p3	黨內	u			no-source;p3;fallback	low	low|u|plain					
p3	鼻頭	u			no-source;p3;fallback	low	low|u|plain					
p3	鼻鼻	u			no-source;p3;fallback	low	low|u|plain					
p3	互助	r,v			cow-multi;p3	medium	medium|gate|plain					
p3	侮辱	n,v			cow-multi;p3	medium	medium|gate|plain					
p3	侵犯	n,v			cow-multi;p3	medium	medium|gate|plain					
p3	保管	n,v			cow-multi;p3	medium	medium|gate|plain					
p3	偏愛	n,v			cow-multi;p3	medium	medium|gate|plain					
p3	傷痛	n,v			cow-multi;p3	medium	medium|gate|plain					
p3	免除	n,v			cow-multi;p3	medium	medium|gate|plain					
p3	分攤	n,v			cow-multi;p3	medium	medium|gate|plain					
p3	刺痛	n,v			cow-multi;p3	medium	medium|gate|plain					
p3	削	n,v			cow-multi;p3	medium	medium|gate|plain					
p3	勘探	n,v			cow-multi;p3	medium	medium|gate|plain					
p3	吹氣	n,v			cow-multi;p3	medium	medium|gate|plain					
p3	告別	n,v			cow-multi;p3	medium	medium|gate|plain					
p3	固有	n,v			cow-multi;p3	medium	medium|gate|plain					
p3	埋伏	n,v			cow-multi;p3	medium	medium|gate|plain					
p3	培養	n,v			cow-multi;p3	medium	medium|gate|plain					
p3	奮鬥	n,v			cow-multi;p3	medium	medium|gate|plain					
p3	定額	n,v			cow-multi;p3	medium	medium|gate|plain					
p3	實踐	n,v			cow-multi;p3	medium	medium|gate|plain					
p3	展覽	n,v			cow-multi;p3	medium	medium|gate|plain					
p3	干擾	n,v			cow-multi;p3	medium	medium|gate|plain					
p3	愛好	n,v			cow-multi;p3	medium	medium|gate|plain					
p3	批准	n,v			cow-multi;p3	medium	medium|gate|plain					
p3	抨擊	n,v			cow-multi;p3	medium	medium|gate|plain					
p3	搖擺	n,v			cow-multi;p3	medium	medium|gate|plain					
p3	操作	n,v			cow-multi;p3	medium	medium|gate|plain					
p3	改良	n,v			cow-multi;p3	medium	medium|gate|plain					
p3	放火	n,v			cow-multi;p3	medium	medium|gate|plain					
p3	流通	n,v			cow-multi;p3	medium	medium|gate|plain					
p3	混合	n,v			cow-multi;p3	medium	medium|gate|plain					
p3	激烈	n,v			cow-multi;p3	medium	medium|gate|plain					
p3	熟練	n,v			cow-multi;p3	medium	medium|gate|plain					
p3	爭吵	n,v			cow-multi;p3	medium	medium|gate|plain					
p3	犯罪	n,v			cow-multi;p3	medium	medium|gate|plain					
p3	略微	n,r			cow-multi;p3	medium	medium|gate|plain					
p3	發熱	n,v			cow-multi;p3	medium	medium|gate|plain					
p3	瞄準	n,v			cow-multi;p3	medium	medium|gate|plain					
p3	粉碎	n,v			cow-multi;p3	medium	medium|gate|plain					
p3	結合	n,v			cow-multi;p3	medium	medium|gate|plain					
p3	編織	a,n,v			cow-multi;p3	medium	medium|gate|plain					
p3	總結	n,v			cow-multi;p3	medium	medium|gate|plain					
p3	繼承	a,v			cow-multi	medium	medium|gate|plain					
p3	趕緊	n,v			cow-multi;p3	medium	medium|gate|plain					
p3	辯論	n,v			cow-multi;p3	medium	medium|gate|plain					
p3	追蹤	n,v			cow-multi;p3	medium	medium|gate|plain					
p3	通風	n,v			cow-multi;p3	medium	medium|gate|plain					
p3	違反	n,v			cow-multi;p3	medium	medium|gate|plain					
p3	遠離	a,n,v			cow-multi	medium	medium|gate|plain					
p3	遺傳	n,v			cow-multi;p3	medium	medium|gate|plain					
p3	顫抖	a,n,v			cow-multi	medium	medium|gate|plain					
