char	iwp	n_word	n_char
1	1.000000	4004	4004
5	1.000000	444	444
○	1.000000	3025	3025
、	1.000000	357371	357371
㐁	1.000000	1	1
㐅	1.000000	1	1
㕑	1.000000	90	90
㩵	1.000000	268	268
䲁	1.000000	342	342
丂	1.000000	450	450
丄	1.000000	679	679
丅	1.000000	671	671
丆	1.000000	610	610
丌	1.000000	531	531
与	1.000000	100	100
丏	1.000000	332	332
丒	1.000000	399	399
丗	1.000000	710	710
业	1.000000	1	1
丠	1.000000	495	495
両	1.000000	88	88
丣	1.000000	305	305
丨	1.000000	829	829
丩	1.000000	377	377
丬	1.000000	564	564
丮	1.000000	455	455
丯	1.000000	373	373
丱	1.000000	370	370
丳	1.000000	274	274
丵	1.000000	228	228
丶	1.000000	900	900
丷	1.000000	595	595
丼	1.000000	177	177
丽	1.000000	10	10
丿	1.000000	735	735
乀	1.000000	497	497
乁	1.000000	464	464
乂	1.000000	611	611
乄	1.000000	629	629
乆	1.000000	563	563
乇	1.000000	688	688
么	1.000000	177	177
义	1.000000	1	1
乊	1.000000	394	394
乑	1.000000	307	307
乕	1.000000	412	412
乗	1.000000	514	514
乚	1.000000	386	386
乛	1.000000	645	645
习	1.000000	1	1
乡	1.000000	1	1
乢	1.000000	335	335
乣	1.000000	377	377
乤	1.000000	245	245
乥	1.000000	404	404
乧	1.000000	494	494
乨	1.000000	328	328
乪	1.000000	243	243
乫	1.000000	307	307
乭	1.000000	301	301
乴	1.000000	262	262
乵	1.000000	261	261
乶	1.000000	249	249
乷	1.000000	397	397
乸	1.000000	3470	3470
乹	1.000000	266	266
乺	1.000000	252	252
乼	1.000000	217	217
乿	1.000000	460	460
亀	1.000000	519	519
亁	1.000000	393	393
亃	1.000000	311	311
亄	1.000000	368	368
亅	1.000000	177	177
亇	1.000000	630	630
亊	1.000000	609	609
亏	1.000000	465	465
亐	1.000000	465	465
亓	1.000000	719	719
亖	1.000000	479	479
亗	1.000000	412	412
亘	1.000000	150	150
亜	1.000000	597	597
亝	1.000000	268	268
亠	1.000000	493	493
亣	1.000000	469	469
亪	1.000000	320	320
亯	1.000000	322	322
亰	1.000000	454	454
亱	1.000000	518	518
亲	1.000000	70	70
亴	1.000000	382	382
亶	1.000000	504	504
亷	1.000000	318	318
亻	1.000000	656	656
亼	1.000000	758	758
亽	1.000000	654	654
亾	1.000000	641	641
仂	1.000000	725	725
仅	1.000000	10	10
仈	1.000000	477	477
仉	1.000000	479	479
仌	1.000000	537	537
仏	1.000000	448	448
仐	1.000000	409	409
仒	1.000000	491	491
仚	1.000000	369	369
仛	1.000000	416	416
仜	1.000000	252	252
仠	1.000000	402	402
仢	1.000000	261	261
仦	1.000000	515	515
仧	1.000000	470	470
仨	1.000000	88	88
仩	1.000000	631	631
仭	1.000000	394	394
仮	1.000000	528	528
仯	1.000000	508	508
仱	1.000000	390	390
仴	1.000000	545	545
仸	1.000000	406	406
仹	1.000000	330	330
仺	1.000000	453	453
仼	1.000000	472	472
仾	1.000000	295	295
伀	1.000000	421	421
伂	1.000000	246	246
伃	1.000000	386	386
伄	1.000000	344	344
伅	1.000000	475	475
伆	1.000000	403	403
伇	1.000000	252	252
伈	1.000000	634	634
伋	1.000000	452	452
伌	1.000000	280	280
伒	1.000000	384	384
伓	1.000000	387	387
伔	1.000000	345	345
伖	1.000000	512	512
众	1.000000	100	100
优	1.000000	90	90
伜	1.000000	283	283
伝	1.000000	595	595
伨	1.000000	324	324
伬	1.000000	354	354
伭	1.000000	326	326
伮	1.000000	396	396
伱	1.000000	807	807
伲	1.000000	565	565
伳	1.000000	350	350
伵	1.000000	231	231
伷	1.000000	370	370
伹	1.000000	337	337
伻	1.000000	269	269
伿	1.000000	442	442
佀	1.000000	421	421
佁	1.000000	348	348
佂	1.000000	371	371
佄	1.000000	513	513
佅	1.000000	255	255
佊	1.000000	368	368
佋	1.000000	305	305
佌	1.000000	479	479
佒	1.000000	277	277
体	1.000000	90	90
佖	1.000000	368	368
佡	1.000000	466	466
佪	1.000000	7	7
佫	1.000000	400	400
佭	1.000000	280	280
佮	1.000000	389	389
佱	1.000000	352	352
佲	1.000000	487	487
佴	1.000000	479	479
佷	1.000000	701	701
佸	1.000000	580	580
佹	1.000000	538	538
佽	1.000000	603	603
侀	1.000000	488	488
侁	1.000000	386	386
侂	1.000000	386	386
侅	1.000000	392	392
侇	1.000000	300	300
侊	1.000000	435	435
侌	1.000000	341	341
侎	1.000000	456	456
侐	1.000000	328	328
侑	1.000000	758	758
侒	1.000000	486	486
侓	1.000000	437	437
侔	1.000000	546	546
侕	1.000000	525	525
侘	1.000000	469	469
侙	1.000000	230	230
侚	1.000000	5	5
侜	1.000000	311	311
侞	1.000000	555	555
侟	1.000000	400	400
価	1.000000	546	546
侢	1.000000	563	563
侫	1.000000	345	345
侭	1.000000	381	381
侰	1.000000	224	224
侱	1.000000	265	265
侲	1.000000	328	328
侳	1.000000	453	453
侴	1.000000	355	355
侸	1.000000	412	412
侹	1.000000	385	385
侺	1.000000	270	270
侻	1.000000	314	314
侼	1.000000	278	278
侽	1.000000	601	601
侾	1.000000	294	294
俀	1.000000	293	293
俆	1.000000	418	418
俇	1.000000	320	320
俈	1.000000	313	313
俋	1.000000	319	319
俌	1.000000	306	306
俍	1.000000	416	416
俒	1.000000	252	252
俓	1.000000	516	516
俔	1.000000	316	316
俕	1.000000	237	237
俖	1.000000	400	400
俙	1.000000	456	456
俛	1.000000	397	397
俢	1.000000	434	434
俤	1.000000	382	382
俥	1.000000	425	425
俰	1.000000	317	317
俲	1.000000	220	220
俴	1.000000	361	361
俵	1.000000	33	33
俶	1.000000	566	566
俷	1.000000	552	552
俹	1.000000	417	417
俻	1.000000	402	402
俼	1.000000	234	234
俽	1.000000	504	504
俿	1.000000	360	360
倁	1.000000	616	616
倂	1.000000	423	423
倃	1.000000	291	291
倄	1.000000	286	286
倅	1.000000	374	374
倇	1.000000	217	217
倈	1.000000	423	423
倊	1.000000	256	256
倎	1.000000	305	305
倐	1.000000	352	352
倓	1.000000	459	459
倕	1.000000	366	366
倗	1.000000	531	531
倛	1.000000	370	370
倝	1.000000	359	359
倞	1.000000	440	440
倠	1.000000	317	317
倢	1.000000	383	383
倣	1.000000	88	88
値	1.000000	567	567
倧	1.000000	384	384
倬	1.000000	565	565
倯	1.000000	369	369
倰	1.000000	343	343
倱	1.000000	306	306
倲	1.000000	480	480
倳	1.000000	568	568
倵	1.000000	385	385
倶	1.000000	493	493
倷	1.000000	429	429
倸	1.000000	387	387
倹	1.000000	296	296
偀	1.000000	337	337
偂	1.000000	555	555
偄	1.000000	399	399
偅	1.000000	520	520
偆	1.000000	413	413
偊	1.000000	439	439
偋	1.000000	247	247
偍	1.000000	430	430
偐	1.000000	373	373
偑	1.000000	466	466
偒	1.000000	342	342
偓	1.000000	515	515
偔	1.000000	347	347
偖	1.000000	340	340
偗	1.000000	378	378
偘	1.000000	300	300
偙	1.000000	466	466
偛	1.000000	449	449
偝	1.000000	498	498
偞	1.000000	381	381
偠	1.000000	630	630
偡	1.000000	373	373
偣	1.000000	469	469
偤	1.000000	280	280
偦	1.000000	348	348
偧	1.000000	286	286
偨	1.000000	382	382
偩	1.000000	381	381
偪	1.000000	29	29
偫	1.000000	320	320
偬	1.000000	100	100
偭	1.000000	469	469
偮	1.000000	329	329
偯	1.000000	284	284
偰	1.000000	415	415
偱	1.000000	420	420
偳	1.000000	309	309
偸	1.000000	572	572
偹	1.000000	346	346
偺	1.000000	10	10
偼	1.000000	365	365
傁	1.000000	242	242
傂	1.000000	285	285
傃	1.000000	380	380
傄	1.000000	217	217
傆	1.000000	489	489
傇	1.000000	268	268
傉	1.000000	395	395
傊	1.000000	249	249
傋	1.000000	455	455
傌	1.000000	410	410
傎	1.000000	364	364
傏	1.000000	295	295
傐	1.000000	198	198
傓	1.000000	290	290
傔	1.000000	332	332
傕	1.000000	509	509
傗	1.000000	353	353
傚	1.000000	233	233
傛	1.000000	528	528
傜	1.000000	480	480
傝	1.000000	464	464
傞	1.000000	437	437
傟	1.000000	336	336
傠	1.000000	316	316
傡	1.000000	209	209
傪	1.000000	411	411
傫	1.000000	482	482
傮	1.000000	238	238
傰	1.000000	289	289
傱	1.000000	336	336
傶	1.000000	238	238
傸	1.000000	203	203
傹	1.000000	365	365
傺	1.000000	475	475
傼	1.000000	238	238
傽	1.000000	263	263
傿	1.000000	309	309
僀	1.000000	348	348
僁	1.000000	235	235
僃	1.000000	304	304
僄	1.000000	318	318
僆	1.000000	353	353
僈	1.000000	412	412
僊	1.000000	3	3
僋	1.000000	395	395
僌	1.000000	310	310
働	1.000000	503	503
僎	1.000000	321	321
僐	1.000000	412	412
僒	1.000000	296	296
僓	1.000000	245	245
僔	1.000000	369	369
僗	1.000000	404	404
僘	1.000000	278	278
僙	1.000000	287	287
僛	1.000000	416	416
僜	1.000000	397	397
僝	1.000000	345	345
僟	1.000000	482	482
僠	1.000000	290	290
僡	1.000000	349	349
僢	1.000000	354	354
僣	1.000000	29	29
僤	1.000000	500	500
僩	1.000000	385	385
僪	1.000000	331	331
僫	1.000000	407	407
僯	1.000000	298	298
僰	1.000000	526	526
僴	1.000000	336	336
僶	1.000000	328	328
僷	1.000000	462	462
僸	1.000000	445	445
僺	1.000000	306	306
僼	1.000000	291	291
僽	1.000000	387	387
僾	1.000000	616	616
僿	1.000000	362	362
儃	1.000000	372	372
儅	1.000000	49	49
儊	1.000000	385	385
儍	1.000000	631	631
儎	1.000000	372	372
儑	1.000000	330	330
儓	1.000000	342	342
儔	1.000000	582	582
儖	1.000000	366	366
儗	1.000000	408	408
儙	1.000000	335	335
儚	1.000000	499	499
儛	1.000000	540	540
儜	1.000000	379	379
儝	1.000000	191	191
儞	1.000000	443	443
儠	1.000000	345	345
儢	1.000000	269	269
儣	1.000000	344	344
儤	1.000000	348	348
儥	1.000000	243	243
儦	1.000000	351	351
儧	1.000000	233	233
儨	1.000000	344	344
儩	1.000000	282	282
儫	1.000000	335	335
儬	1.000000	414	414
儭	1.000000	539	539
儮	1.000000	300	300
儯	1.000000	270	270
儰	1.000000	471	471
儱	1.000000	442	442
儳	1.000000	332	332
儴	1.000000	453	453
儵	1.000000	435	435
儶	1.000000	309	309
儸	1.000000	6	6
儽	1.000000	394	394
儾	1.000000	224	224
儿	1.000000	500	500
兂	1.000000	550	550
兊	1.000000	368	368
兎	1.000000	568	568
兏	1.000000	284	284
児	1.000000	633	633
兓	1.000000	285	285
兘	1.000000	479	479
兙	1.000000	288	288
兛	1.000000	227	227
兝	1.000000	277	277
兞	1.000000	238	238
兟	1.000000	390	390
兠	1.000000	511	511
兡	1.000000	313	313
兣	1.000000	247	247
兤	1.000000	252	252
兦	1.000000	405	405
兪	1.000000	350	350
兲	1.000000	709	709
关	1.000000	2	2
兾	1.000000	220	220
冂	1.000000	648	648
冃	1.000000	409	409
冄	1.000000	563	563
円	1.000000	689	689
冈	1.000000	100	100
冋	1.000000	528	528
册	1.000000	310	310
冎	1.000000	401	401
冐	1.000000	392	392
冓	1.000000	338	338
冔	1.000000	272	272
冖	1.000000	410	410
冘	1.000000	417	417
冝	1.000000	294	294
冞	1.000000	418	418
冟	1.000000	300	300
冡	1.000000	314	314
冣	1.000000	386	386
冦	1.000000	395	395
冨	1.000000	607	607
冩	1.000000	584	584
冫	1.000000	476	476
冭	1.000000	623	623
冱	1.000000	412	412
决	1.000000	100	100
冴	1.000000	465	465
况	1.000000	600	600
冸	1.000000	274	274
冹	1.000000	322	322
冺	1.000000	298	298
冾	1.000000	376	376
冿	1.000000	395	395
凁	1.000000	187	187
凂	1.000000	334	334
凃	1.000000	470	470
凅	1.000000	2	2
凈	1.000000	1690	1690
凉	1.000000	100	100
凎	1.000000	273	273
减	1.000000	80	80
凐	1.000000	303	303
凑	1.000000	90	90
凒	1.000000	240	240
凓	1.000000	272	272
凔	1.000000	325	325
凕	1.000000	315	315
凖	1.000000	470	470
凗	1.000000	317	317
凘	1.000000	415	415
凚	1.000000	319	319
凛	1.000000	80	80
凞	1.000000	361	361
凟	1.000000	260	260
凢	1.000000	457	457
凣	1.000000	476	476
凥	1.000000	267	267
処	1.000000	612	612
凧	1.000000	401	401
凨	1.000000	445	445
凩	1.000000	283	283
凪	1.000000	517	517
凬	1.000000	352	352
凭	1.000000	500	500
凮	1.000000	422	422
凲	1.000000	269	269
凴	1.000000	479	479
凵	1.000000	534	534
凷	1.000000	323	323
凾	1.000000	313	313
刂	1.000000	724	724
刄	1.000000	441	441
刅	1.000000	417	417
刉	1.000000	218	218
刋	1.000000	379	379
刌	1.000000	268	268
刏	1.000000	228	228
刐	1.000000	270	270
刓	1.000000	345	345
刔	1.000000	284	284
刕	1.000000	343	343
刜	1.000000	253	253
刞	1.000000	229	229
刟	1.000000	188	188
删	1.000000	100	100
刡	1.000000	236	236
刢	1.000000	267	267
刣	1.000000	263	263
刦	1.000000	266	266
刧	1.000000	342	342
刯	1.000000	220	220
刱	1.000000	242	242
刲	1.000000	348	348
刳	1.000000	478	478
刴	1.000000	295	295
刵	1.000000	294	294
刹	1.000000	622	622
刼	1.000000	334	334
剅	1.000000	389	389
剆	1.000000	225	225
剈	1.000000	192	192
剉	1.000000	6	6
剏	1.000000	253	253
剒	1.000000	287	287
剓	1.000000	304	304
剕	1.000000	317	317
剘	1.000000	505	505
剙	1.000000	254	254
剚	1.000000	298	298
剞	1.000000	482	482
剟	1.000000	408	408
剠	1.000000	266	266
剡	1.000000	567	567
剢	1.000000	256	256
剣	1.000000	537	537
剤	1.000000	486	486
剨	1.000000	315	315
剫	1.000000	358	358
剬	1.000000	268	268
剭	1.000000	295	295
剰	1.000000	479	479
剱	1.000000	296	296
剳	1.000000	370	370
剶	1.000000	231	231
剸	1.000000	304	304
剹	1.000000	253	253
剻	1.000000	269	269
剼	1.000000	350	350
剾	1.000000	235	235
劀	1.000000	319	319
劁	1.000000	393	393
劂	1.000000	436	436
劄	1.000000	4	4
劅	1.000000	418	418
劆	1.000000	248	248
劋	1.000000	296	296
劌	1.000000	526	526
劎	1.000000	270	270
劐	1.000000	378	378
劒	1.000000	436	436
劓	1.000000	442	442
劔	1.000000	331	331
劕	1.000000	249	249
劖	1.000000	255	255
劗	1.000000	266	266
劘	1.000000	306	306
劙	1.000000	341	341
劜	1.000000	345	345
劤	1.000000	265	265
劥	1.000000	366	366
劦	1.000000	502	502
劧	1.000000	386	386
劮	1.000000	355	355
劯	1.000000	286	286
劰	1.000000	229	229
労	1.000000	477	477
劵	1.000000	636	636
劶	1.000000	196	196
劷	1.000000	227	227
劸	1.000000	262	262
効	1.000000	511	511
劺	1.000000	202	202
劻	1.000000	438	438
劽	1.000000	267	267
勀	1.000000	324	324
勂	1.000000	283	283
勄	1.000000	414	414
勅	1.000000	433	433
勆	1.000000	226	226
勈	1.000000	224	224
勊	1.000000	309	309
勌	1.000000	270	270
勍	1.000000	469	469
勎	1.000000	192	192
勏	1.000000	282	282
勑	1.000000	326	326
勓	1.000000	231	231
勔	1.000000	387	387
勖	1.000000	594	594
勛	1.000000	716	716
勜	1.000000	202	202
勠	1.000000	274	274
勡	1.000000	201	201
勣	1.000000	16	16
勥	1.000000	438	438
勦	1.000000	2	2
勧	1.000000	377	377
勨	1.000000	359	359
勩	1.000000	292	292
勪	1.000000	459	459
勫	1.000000	574	574
勬	1.000000	495	495
勭	1.000000	479	479
勮	1.000000	484	484
勯	1.000000	465	465
勱	1.000000	617	617
勲	1.000000	435	435
勴	1.000000	339	339
勶	1.000000	358	358
勷	1.000000	330	330
勹	1.000000	492	492
勼	1.000000	536	536
勽	1.000000	267	267
匀	1.000000	355	355
匁	1.000000	304	304
匂	1.000000	420	420
匃	1.000000	247	247
匄	1.000000	390	390
匇	1.000000	218	218
匉	1.000000	229	229
匊	1.000000	353	353
匋	1.000000	4	4
匌	1.000000	281	281
匎	1.000000	214	214
匑	1.000000	238	238
匒	1.000000	265	265
匓	1.000000	253	253
匔	1.000000	192	192
匘	1.000000	254	254
匚	1.000000	566	566
匛	1.000000	451	451
匜	1.000000	457	457
匞	1.000000	234	234
匟	1.000000	253	253
匢	1.000000	352	352
匤	1.000000	265	265
匥	1.000000	205	205
匧	1.000000	230	230
匨	1.000000	344	344
匩	1.000000	202	202
匫	1.000000	276	276
匬	1.000000	335	335
匰	1.000000	422	422
匲	1.000000	238	238
匳	1.000000	296	296
匴	1.000000	539	539
匵	1.000000	246	246
匶	1.000000	338	338
匷	1.000000	229	229
匸	1.000000	438	438
医	1.000000	100	100
匼	1.000000	436	436
匽	1.000000	352	352
卂	1.000000	351	351
卄	1.000000	72	72
卆	1.000000	457	457
卋	1.000000	559	559
卌	1.000000	177	177
卍	1.000000	644	644
卐	1.000000	630	630
単	1.000000	565	565
卙	1.000000	381	381
卛	1.000000	336	336
卝	1.000000	423	423
卣	1.000000	573	573
卨	1.000000	350	350
卩	1.000000	597	597
卪	1.000000	374	374
卬	1.000000	31	31
卭	1.000000	250	250
卲	1.000000	514	514
却	1.000000	100	100
卶	1.000000	297	297
卺	1.000000	100	100
卼	1.000000	292	292
卽	1.000000	4	4
卾	1.000000	264	264
厀	1.000000	248	248
厃	1.000000	365	365
厇	1.000000	253	253
厈	1.000000	286	286
厊	1.000000	454	454
厎	1.000000	496	496
厏	1.000000	251	251
厒	1.000000	250	250
厖	1.000000	436	436
厙	1.000000	653	653
厜	1.000000	435	435
厞	1.000000	360	360
厠	1.000000	9788	9788
厡	1.000000	517	517
厢	1.000000	50	50
厤	1.000000	374	374
厦	1.000000	70	70
厧	1.000000	286	286
厨	1.000000	80	80
厩	1.000000	90	90
厫	1.000000	298	298
厬	1.000000	271	271
厮	1.000000	70	70
厯	1.000000	274	274
厰	1.000000	426	426
厱	1.000000	276	276
厳	1.000000	445	445
厴	1.000000	598	598
厶	1.000000	652	652
厷	1.000000	637	637
厸	1.000000	477	477
厹	1.000000	2491	2491
厺	1.000000	448	448
厼	1.000000	551	551
厽	1.000000	335	335
叀	1.000000	371	371
叅	1.000000	369	369
収	1.000000	647	647
叏	1.000000	456	456
叐	1.000000	495	495
叒	1.000000	540	540
叓	1.000000	349	349
叕	1.000000	491	491
叙	1.000000	130	130
叚	1.000000	526	526
叜	1.000000	263	263
叝	1.000000	224	224
叞	1.000000	344	344
叡	1.000000	77	77
叧	1.000000	463	463
叴	1.000000	346	346
号	1.000000	252	252
叹	1.000000	100	100
叺	1.000000	557	557
叽	1.000000	1	1
叿	1.000000	433	433
吀	1.000000	370	370
吂	1.000000	471	471
吅	1.000000	444	444
吇	1.000000	581	581
吔	1.000000	12458	12458
吕	1.000000	100	100
吘	1.000000	387	387
吙	1.000000	508	508
吚	1.000000	462	462
吜	1.000000	429	429
吢	1.000000	641	641
吤	1.000000	392	392
吥	1.000000	865	865
吨	1.000000	100	100
吪	1.000000	408	408
启	1.000000	800	800
吰	1.000000	369	369
吷	1.000000	424	424
吺	1.000000	390	390
吿	1.000000	491	491
呁	1.000000	292	292
呄	1.000000	316	316
呅	1.000000	453	453
呇	1.000000	307	307
呉	1.000000	544	544
呌	1.000000	339	339
呍	1.000000	373	373
呏	1.000000	339	339
呑	1.000000	459	459
呒	1.000000	1	1
呚	1.000000	274	274
呝	1.000000	238	238
呞	1.000000	353	353
呟	1.000000	313	313
呠	1.000000	622	622
呡	1.000000	402	402
呣	1.000000	468	468
呥	1.000000	322	322
呧	1.000000	358	358
呩	1.000000	431	431
呪	1.000000	485	485
呬	1.000000	177	177
呭	1.000000	486	486
呮	1.000000	609	609
呯	1.000000	11479	11479
呰	1.000000	497	497
呴	1.000000	507	507
呹	1.000000	317	317
呺	1.000000	502	502
呾	1.000000	392	392
呿	1.000000	633	633
咃	1.000000	547	547
咅	1.000000	282	282
咇	1.000000	3203	3203
咉	1.000000	286	286
咊	1.000000	442	442
咏	1.000000	100	100
咓	1.000000	386	386
咘	1.000000	513	513
咜	1.000000	570	570
咞	1.000000	239	239
咟	1.000000	403	403
咠	1.000000	264	264
咢	1.000000	345	345
咥	1.000000	431	431
咦	1.000000	129743	129743
咮	1.000000	395	395
咰	1.000000	302	302
咲	1.000000	630	630
咵	1.000000	423	423
咶	1.000000	328	328
咷	1.000000	1	1
咹	1.000000	503	503
咺	1.000000	336	336
咼	1.000000	564	564
哃	1.000000	570	570
哅	1.000000	265	265
哊	1.000000	601	601
哖	1.000000	625	625
哘	1.000000	482	482
哠	1.000000	472	472
哢	1.000000	446	446
哣	1.000000	354	354
哤	1.000000	275	275
哫	1.000000	486	486
哬	1.000000	542	542
哯	1.000000	537	537
哰	1.000000	350	350
哱	1.000000	322	322
哴	1.000000	417	417
哵	1.000000	313	313
哶	1.000000	490	490
哷	1.000000	305	305
哸	1.000000	222	222
哹	1.000000	253	253
哻	1.000000	281	281
哾	1.000000	441	441
哿	1.000000	524	524
唀	1.000000	275	275
唂	1.000000	360	360
唃	1.000000	350	350
唊	1.000000	348	348
唋	1.000000	238	238
唌	1.000000	305	305
唍	1.000000	526	526
唎	1.000000	266	266
唒	1.000000	269	269
唓	1.000000	471	471
唖	1.000000	480	480
唗	1.000000	324	324
唘	1.000000	224	224
唙	1.000000	273	273
唞	1.000000	889	889
唦	1.000000	513	513
唩	1.000000	408	408
唫	1.000000	487	487
唭	1.000000	462	462
唰	1.000000	177	177
唲	1.000000	571	571
唴	1.000000	451	451
唶	1.000000	392	392
唹	1.000000	371	371
唺	1.000000	267	267
唻	1.000000	625	625
唽	1.000000	383	383
啀	1.000000	399	399
啂	1.000000	302	302
啅	1.000000	177	177
啇	1.000000	465	465
啈	1.000000	518	518
啋	1.000000	441	441
啌	1.000000	411	411
啍	1.000000	177	177
啎	1.000000	416	416
啐	1.000000	641	641
啑	1.000000	319	319
啒	1.000000	281	281
啔	1.000000	308	308
啗	1.000000	5	5
啘	1.000000	382	382
啙	1.000000	398	398
啚	1.000000	318	318
啛	1.000000	327	327
啝	1.000000	596	596
啠	1.000000	320	320
啢	1.000000	402	402
啣	1.000000	2	2
啨	1.000000	455	455
啺	1.000000	325	325
啽	1.000000	259	259
啿	1.000000	342	342
喅	1.000000	390	390
喈	1.000000	667	667
喌	1.000000	439	439
喍	1.000000	387	387
喎	1.000000	1169555	1169555
喐	1.000000	473	473
喓	1.000000	644	644
喕	1.000000	471	471
喖	1.000000	348	348
喗	1.000000	278	278
喛	1.000000	335	335
喞	1.000000	522	522
喠	1.000000	471	471
喡	1.000000	354	354
喢	1.000000	247	247
喣	1.000000	295	295
喤	1.000000	424	424
喥	1.000000	4271	4271
喦	1.000000	403	403
喩	1.000000	343	343
喭	1.000000	293	293
喯	1.000000	376	376
喰	1.000000	493	493
喴	1.000000	334	334
営	1.000000	497	497
喺	1.000000	1372535	1372535
喿	1.000000	331	331
嗀	1.000000	273	273
嗁	1.000000	245	245
嗂	1.000000	251	251
嗃	1.000000	306	306
嗄	1.000000	14771	14771
嗈	1.000000	335	335
嗊	1.000000	340	340
嗋	1.000000	237	237
嗍	1.000000	584	584
嗏	1.000000	504	504
嗐	1.000000	550	550
嗕	1.000000	447	447
嗗	1.000000	541	541
嗘	1.000000	465	465
嗙	1.000000	88	88
嗞	1.000000	497	497
嗠	1.000000	332	332
嗢	1.000000	391	391
嗵	1.000000	587	587
嗸	1.000000	247	247
嗹	1.000000	1	1
嗺	1.000000	278	278
嗻	1.000000	495	495
嗼	1.000000	485	485
嗿	1.000000	440	440
嘂	1.000000	490	490
嘃	1.000000	199	199
嘄	1.000000	308	308
嘇	1.000000	340	340
嘊	1.000000	297	297
嘋	1.000000	386	386
嘏	1.000000	534	534
嘐	1.000000	308	308
嘑	1.000000	344	344
嘒	1.000000	365	365
嘕	1.000000	231	231
嘙	1.000000	567	567
嘝	1.000000	224	224
嘞	1.000000	77685	77685
嘥	1.000000	5161	5161
嘦	1.000000	403	403
嘨	1.000000	336	336
嘪	1.000000	425	425
嘫	1.000000	600	600
嘬	1.000000	637	637
嘭	1.000000	7296	7296
嘳	1.000000	223	223
嘷	1.000000	284	284
嘺	1.000000	252	252
嘼	1.000000	348	348
嘾	1.000000	240	240
噂	1.000000	397	397
噃	1.000000	493	493
噄	1.000000	259	259
噅	1.000000	304	304
噆	1.000000	264	264
噇	1.000000	305	305
噈	1.000000	567	567
噊	1.000000	227	227
噋	1.000000	255	255
噏	1.000000	8186	8186
噐	1.000000	465	465
噑	1.000000	362	362
噒	1.000000	371	371
噕	1.000000	296	296
噖	1.000000	380	380
噛	1.000000	371	371
噞	1.000000	252	252
噟	1.000000	358	358
噡	1.000000	244	244
噣	1.000000	346	346
噧	1.000000	323	323
噭	1.000000	414	414
噮	1.000000	279	279
噰	1.000000	397	397
噲	1.000000	601	601
噳	1.000000	304	304
噵	1.000000	567	567
噷	1.000000	437	437
噺	1.000000	563	563
噽	1.000000	309	309
噾	1.000000	442	442
噿	1.000000	259	259
嚁	1.000000	239	239
嚂	1.000000	338	338
嚃	1.000000	266	266
嚆	1.000000	390	390
嚈	1.000000	363	363
嚉	1.000000	346	346
嚊	1.000000	244	244
嚋	1.000000	205	205
嚍	1.000000	257	257
嚔	1.000000	259	259
嚖	1.000000	372	372
嚗	1.000000	433	433
嚘	1.000000	316	316
嚙	1.000000	592	592
嚚	1.000000	351	351
嚛	1.000000	425	425
嚜	1.000000	486	486
嚝	1.000000	207	207
嚞	1.000000	361	361
嚠	1.000000	376	376
嚢	1.000000	387	387
嚦	1.000000	603	603
嚧	1.000000	511	511
嚩	1.000000	515	515
嚪	1.000000	280	280
嚫	1.000000	381	381
嚬	1.000000	364	364
嚭	1.000000	503	503
嚯	1.000000	606	606
嚱	1.000000	429	429
嚲	1.000000	391	391
嚵	1.000000	255	255
嚻	1.000000	363	363
嚽	1.000000	204	204
囀	1.000000	585	585
囃	1.000000	426	426
囅	1.000000	379	379
囆	1.000000	238	238
囇	1.000000	380	380
囋	1.000000	329	329
囍	1.000000	266	266
囎	1.000000	327	327
囏	1.000000	304	304
囐	1.000000	305	305
囒	1.000000	345	345
囓	1.000000	177	177
囗	1.000000	533	533
囘	1.000000	666	666
囙	1.000000	531	531
囜	1.000000	377	377
团	1.000000	1	1
団	1.000000	583	583
囥	1.000000	442	442
囦	1.000000	468	468
囨	1.000000	533	533
囩	1.000000	489	489
囬	1.000000	681	681
园	1.000000	30	30
囮	1.000000	482	482
囯	1.000000	509	509
囲	1.000000	499	499
図	1.000000	552	552
囶	1.000000	407	407
囷	1.000000	495	495
囸	1.000000	492	492
囻	1.000000	436	436
囼	1.000000	428	428
国	1.000000	100	100
圀	1.000000	407	407
圁	1.000000	388	388
圂	1.000000	368	368
圅	1.000000	345	345
圊	1.000000	531	531
圌	1.000000	382	382
圎	1.000000	422	422
圏	1.000000	534	534
圐	1.000000	403	403
圑	1.000000	350	350
圔	1.000000	314	314
圗	1.000000	363	363
圚	1.000000	372	372
圛	1.000000	314	314
圝	1.000000	525	525
圞	1.000000	1	1
圠	1.000000	301	301
圡	1.000000	409	409
圢	1.000000	269	269
圣	1.000000	400	400
圤	1.000000	344	344
圥	1.000000	357	357
圦	1.000000	319	319
圧	1.000000	620	620
圫	1.000000	238	238
圬	1.000000	467	467
圯	1.000000	551	551
圱	1.000000	352	352
圲	1.000000	252	252
圴	1.000000	398	398
圵	1.000000	412	412
圶	1.000000	239	239
圷	1.000000	456	456
圸	1.000000	304	304
圼	1.000000	270	270
圽	1.000000	226	226
圿	1.000000	322	322
坁	1.000000	258	258
坃	1.000000	269	269
坄	1.000000	202	202
坅	1.000000	245	245
坆	1.000000	389	389
坈	1.000000	324	324
坉	1.000000	330	330
坏	1.000000	400	400
坒	1.000000	313	313
坓	1.000000	235	235
坔	1.000000	301	301
坕	1.000000	204	204
坖	1.000000	231	231
块	1.000000	5	5
坘	1.000000	245	245
坙	1.000000	403	403
坢	1.000000	317	317
坣	1.000000	435	435
坥	1.000000	277	277
坧	1.000000	385	385
坬	1.000000	362	362
坭	1.000000	611	611
坮	1.000000	278	278
坰	1.000000	365	365
坲	1.000000	369	369
坴	1.000000	327	327
坵	1.000000	1	1
坸	1.000000	207	207
坹	1.000000	217	217
坺	1.000000	281	281
坽	1.000000	298	298
坾	1.000000	221	221
坿	1.000000	299	299
垀	1.000000	397	397
垁	1.000000	286	286
垇	1.000000	332	332
垈	1.000000	336	336
垉	1.000000	416	416
垌	1.000000	575	575
垍	1.000000	438	438
垎	1.000000	463	463
垏	1.000000	336	336
垐	1.000000	340	340
垑	1.000000	218	218
垒	1.000000	270	270
垔	1.000000	334	334
垕	1.000000	465	465
垖	1.000000	236	236
垗	1.000000	437	437
垘	1.000000	232	232
垙	1.000000	411	411
垚	1.000000	608	608
垜	1.000000	478	478
垞	1.000000	412	412
垟	1.000000	638	638
垤	1.000000	446	446
垥	1.000000	215	215
垦	1.000000	90	90
垧	1.000000	462	462
垨	1.000000	522	522
垪	1.000000	397	397
垬	1.000000	419	419
垯	1.000000	10	10
垰	1.000000	442	442
垳	1.000000	467	467
垵	1.000000	418	418
垶	1.000000	344	344
垷	1.000000	332	332
垹	1.000000	345	345
垺	1.000000	358	358
垼	1.000000	268	268
垽	1.000000	333	333
垾	1.000000	379	379
垿	1.000000	348	348
埀	1.000000	357	357
埁	1.000000	324	324
埄	1.000000	406	406
埅	1.000000	405	405
埆	1.000000	436	436
埈	1.000000	257	257
埉	1.000000	256	256
埊	1.000000	273	273
埌	1.000000	501	501
埍	1.000000	416	416
埏	1.000000	440	440
埐	1.000000	292	292
埑	1.000000	293	293
埒	1.000000	650	650
埓	1.000000	268	268
埖	1.000000	554	554
埛	1.000000	442	442
埜	1.000000	45	45
埝	1.000000	551	551
埞	1.000000	332	332
埢	1.000000	325	325
埣	1.000000	321	321
埥	1.000000	473	473
埦	1.000000	237	237
埧	1.000000	472	472
埨	1.000000	282	282
埩	1.000000	277	277
埪	1.000000	334	334
埫	1.000000	426	426
埬	1.000000	312	312
埮	1.000000	352	352
埰	1.000000	577	577
埱	1.000000	330	330
埲	1.000000	1245	1245
埳	1.000000	320	320
埶	1.000000	382	382
埻	1.000000	333	333
埼	1.000000	63	63
埽	1.000000	550	550
埾	1.000000	253	253
埿	1.000000	294	294
堀	1.000000	355	355
堁	1.000000	286	286
堄	1.000000	325	325
堈	1.000000	314	314
堉	1.000000	347	347
堋	1.000000	555	555
堌	1.000000	396	396
堎	1.000000	88	88
堐	1.000000	327	327
堔	1.000000	507	507
堖	1.000000	507	507
堗	1.000000	358	358
堘	1.000000	275	275
堚	1.000000	321	321
堛	1.000000	398	398
堜	1.000000	468	468
堟	1.000000	475	475
堠	1.000000	523	523
堢	1.000000	432	432
堣	1.000000	445	445
堥	1.000000	452	452
堦	1.000000	411	411
堧	1.000000	432	432
堨	1.000000	442	442
堩	1.000000	290	290
堫	1.000000	240	240
堬	1.000000	371	371
堭	1.000000	317	317
堮	1.000000	321	321
堲	1.000000	267	267
堳	1.000000	253	253
堶	1.000000	260	260
堷	1.000000	436	436
堸	1.000000	337	337
堹	1.000000	251	251
堺	1.000000	596	596
堻	1.000000	267	267
堼	1.000000	297	297
堽	1.000000	422	422
堾	1.000000	287	287
堿	1.000000	3	3
塀	1.000000	320	320
塁	1.000000	382	382
塃	1.000000	346	346
塄	1.000000	479	479
塅	1.000000	382	382
塈	1.000000	398	398
塉	1.000000	274	274
塍	1.000000	611	611
塎	1.000000	230	230
塏	1.000000	438	438
塐	1.000000	209	209
塒	1.000000	630	630
塓	1.000000	233	233
塕	1.000000	273	273
塖	1.000000	312	312
塙	1.000000	366	366
塚	1.000000	88	88
塛	1.000000	224	224
塜	1.000000	284	284
塝	1.000000	800	800
塟	1.000000	431	431
塠	1.000000	254	254
塡	1.000000	378	378
塣	1.000000	269	269
塤	1.000000	334	334
塥	1.000000	354	354
塦	1.000000	280	280
塧	1.000000	215	215
塨	1.000000	393	393
塩	1.000000	467	467
塪	1.000000	194	194
塯	1.000000	276	276
塰	1.000000	478	478
塱	1.000000	489	489
塲	1.000000	266	266
塳	1.000000	221	221
塴	1.000000	297	297
塶	1.000000	218	218
塷	1.000000	204	204
塸	1.000000	264	264
塺	1.000000	232	232
塻	1.000000	258	258
塼	1.000000	316	316
塿	1.000000	352	352
墀	1.000000	533	533
墁	1.000000	473	473
墂	1.000000	206	206
墄	1.000000	245	245
墆	1.000000	253	253
墇	1.000000	262	262
墈	1.000000	396	396
墋	1.000000	251	251
墌	1.000000	285	285
墍	1.000000	415	415
墎	1.000000	327	327
墏	1.000000	260	260
墐	1.000000	298	298
墑	1.000000	1	1
墔	1.000000	237	237
墕	1.000000	343	343
墖	1.000000	436	436
増	1.000000	584	584
墚	1.000000	399	399
墝	1.000000	385	385
墠	1.000000	463	463
墡	1.000000	335	335
墢	1.000000	266	266
墣	1.000000	367	367
墤	1.000000	332	332
墥	1.000000	251	251
墦	1.000000	410	410
墧	1.000000	255	255
墪	1.000000	266	266
墫	1.000000	3	3
墬	1.000000	88	88
墭	1.000000	376	376
墯	1.000000	344	344
墰	1.000000	30	30
墱	1.000000	265	265
墲	1.000000	500	500
墴	1.000000	218	218
墵	1.000000	371	371
墷	1.000000	278	278
墸	1.000000	332	332
墹	1.000000	379	379
墺	1.000000	389	389
墻	1.000000	177	177
墼	1.000000	489	489
墽	1.000000	379	379
墿	1.000000	450	450
壀	1.000000	262	262
壂	1.000000	327	327
壃	1.000000	309	309
壄	1.000000	346	346
壆	1.000000	88	88
壉	1.000000	245	245
壊	1.000000	587	587
壋	1.000000	477	477
壌	1.000000	349	349
壍	1.000000	306	306
壎	1.000000	596	596
壏	1.000000	295	295
壐	1.000000	269	269
壒	1.000000	434	434
壔	1.000000	277	277
壖	1.000000	331	331
壗	1.000000	304	304
壙	1.000000	842	842
壛	1.000000	267	267
壜	1.000000	100	100
壝	1.000000	349	349
壠	1.000000	658	658
壡	1.000000	298	298
壣	1.000000	206	206
壥	1.000000	251	251
壦	1.000000	198	198
壧	1.000000	259	259
壨	1.000000	264	264
壭	1.000000	316	316
壱	1.000000	433	433
売	1.000000	636	636
壴	1.000000	288	288
壵	1.000000	402	402
壷	1.000000	303	303
壻	1.000000	314	314
壼	1.000000	355	355
壾	1.000000	166	166
壿	1.000000	317	317
夁	1.000000	252	252
夂	1.000000	608	608
夃	1.000000	451	451
处	1.000000	1	1
夅	1.000000	330	330
夆	1.000000	360	360
备	1.000000	2	2
夈	1.000000	385	385
変	1.000000	643	643
夊	1.000000	606	606
夋	1.000000	511	511
夌	1.000000	483	483
复	1.000000	100	100
夎	1.000000	448	448
夐	1.000000	495	495
夒	1.000000	327	327
夓	1.000000	334	334
夗	1.000000	308	308
夘	1.000000	356	356
夛	1.000000	466	466
夝	1.000000	341	341
够	1.000000	400	400
夡	1.000000	269	269
夣	1.000000	468	468
夦	1.000000	420	420
夨	1.000000	608	608
夬	1.000000	542	542
夰	1.000000	327	327
夲	1.000000	703	703
夳	1.000000	363	363
夵	1.000000	403	403
夶	1.000000	568	568
夽	1.000000	272	272
夿	1.000000	468	468
奃	1.000000	294	294
奅	1.000000	306	306
奆	1.000000	204	204
奊	1.000000	294	294
奋	1.000000	90	90
奌	1.000000	547	547
奒	1.000000	254	254
奓	1.000000	487	487
奙	1.000000	190	190
奛	1.000000	218	218
奜	1.000000	418	418
奝	1.000000	274	274
奞	1.000000	250	250
奟	1.000000	245	245
奡	1.000000	402	402
奣	1.000000	287	287
奤	1.000000	344	344
奦	1.000000	203	203
奨	1.000000	435	435
奫	1.000000	299	299
奬	1.000000	711	711
奯	1.000000	261	261
奰	1.000000	255	255
奱	1.000000	360	360
奲	1.000000	295	295
奵	1.000000	356	356
奷	1.000000	407	407
奺	1.000000	354	354
奻	1.000000	451	451
奾	1.000000	308	308
奿	1.000000	308	308
妀	1.000000	440	440
妅	1.000000	242	242
妉	1.000000	282	282
妋	1.000000	352	352
妌	1.000000	281	281
妎	1.000000	374	374
妏	1.000000	456	456
妐	1.000000	276	276
妑	1.000000	536	536
妔	1.000000	277	277
妕	1.000000	445	445
妘	1.000000	413	413
妚	1.000000	441	441
妛	1.000000	298	298
妜	1.000000	316	316
妟	1.000000	367	367
妠	1.000000	386	386
妡	1.000000	418	418
妦	1.000000	325	325
妧	1.000000	451	451
妬	1.000000	387	387
妭	1.000000	386	386
妰	1.000000	201	201
妱	1.000000	379	379
妴	1.000000	341	341
妵	1.000000	265	265
妶	1.000000	384	384
妷	1.000000	497	497
妸	1.000000	568	568
妺	1.000000	711	711
妼	1.000000	335	335
妽	1.000000	335	335
妿	1.000000	278	278
姀	1.000000	371	371
姁	1.000000	425	425
姂	1.000000	250	250
姃	1.000000	415	415
姄	1.000000	377	377
姅	1.000000	462	462
姇	1.000000	371	371
姈	1.000000	364	364
姉	1.000000	487	487
姎	1.000000	354	354
姏	1.000000	448	448
姕	1.000000	324	324
姖	1.000000	563	563
姗	1.000000	100	100
姙	1.000000	486	486
姛	1.000000	365	365
姞	1.000000	465	465
姟	1.000000	521	521
姠	1.000000	521	521
姡	1.000000	377	377
姢	1.000000	405	405
姤	1.000000	483	483
姧	1.000000	362	362
姩	1.000000	587	587
姭	1.000000	283	283
姯	1.000000	331	331
姰	1.000000	303	303
姲	1.000000	334	334
姳	1.000000	473	473
姴	1.000000	298	298
姵	1.000000	445	445
姶	1.000000	338	338
姷	1.000000	480	480
姸	1.000000	425	425
姺	1.000000	441	441
姼	1.000000	309	309
姽	1.000000	437	437
姾	1.000000	292	292
娀	1.000000	380	380
娂	1.000000	268	268
娊	1.000000	303	303
娋	1.000000	265	265
娍	1.000000	427	427
娎	1.000000	238	238
娏	1.000000	285	285
娐	1.000000	237	237
娒	1.000000	340	340
娔	1.000000	310	310
娕	1.000000	419	419
娖	1.000000	419	419
娗	1.000000	320	320
娙	1.000000	291	291
娚	1.000000	566	566
娝	1.000000	414	414
娞	1.000000	254	254
娡	1.000000	389	389
娢	1.000000	293	293
娤	1.000000	502	502
娦	1.000000	303	303
娧	1.000000	245	245
娨	1.000000	235	235
娪	1.000000	465	465
娫	1.000000	355	355
娬	1.000000	363	363
娮	1.000000	397	397
娯	1.000000	436	436
娰	1.000000	353	353
娳	1.000000	279	279
娵	1.000000	345	345
娷	1.000000	401	401
娸	1.000000	484	484
娹	1.000000	322	322
娺	1.000000	236	236
娻	1.000000	331	331
娽	1.000000	279	279
娾	1.000000	303	303
婂	1.000000	522	522
婃	1.000000	511	511
婄	1.000000	528	528
婅	1.000000	409	409
婇	1.000000	496	496
婈	1.000000	371	371
婋	1.000000	272	272
婌	1.000000	367	367
婍	1.000000	360	360
婎	1.000000	243	243
婏	1.000000	362	362
婐	1.000000	330	330
婑	1.000000	371	371
婒	1.000000	281	281
婓	1.000000	426	426
婔	1.000000	391	391
婖	1.000000	389	389
婗	1.000000	459	459
婘	1.000000	282	282
婙	1.000000	334	334
婛	1.000000	358	358
婜	1.000000	379	379
婝	1.000000	226	226
婞	1.000000	544	544
婟	1.000000	236	236
婠	1.000000	470	470
婡	1.000000	408	408
婣	1.000000	282	282
婤	1.000000	314	314
婥	1.000000	421	421
婧	1.000000	972	972
婨	1.000000	292	292
婩	1.000000	328	328
婬	1.000000	3	3
婮	1.000000	300	300
婯	1.000000	453	453
婰	1.000000	352	352
婱	1.000000	251	251
婸	1.000000	403	403
婻	1.000000	412	412
婽	1.000000	332	332
婾	1.000000	324	324
媀	1.000000	322	322
媁	1.000000	294	294
媂	1.000000	347	347
媃	1.000000	384	384
媄	1.000000	567	567
媅	1.000000	306	306
媆	1.000000	256	256
媇	1.000000	422	422
媈	1.000000	375	375
媉	1.000000	388	388
媊	1.000000	427	427
媋	1.000000	303	303
媌	1.000000	360	360
媍	1.000000	302	302
媎	1.000000	243	243
媏	1.000000	272	272
媐	1.000000	276	276
媑	1.000000	305	305
媓	1.000000	361	361
媔	1.000000	503	503
媖	1.000000	359	359
媗	1.000000	432	432
媘	1.000000	240	240
媙	1.000000	355	355
媜	1.000000	444	444
媝	1.000000	255	255
媞	1.000000	684	684
媟	1.000000	345	345
媠	1.000000	300	300
媡	1.000000	251	251
媢	1.000000	325	325
媣	1.000000	388	388
媤	1.000000	396	396
媥	1.000000	383	383
媦	1.000000	402	402
媨	1.000000	258	258
媩	1.000000	327	327
媫	1.000000	376	376
媬	1.000000	354	354
媮	1.000000	85	85
媰	1.000000	247	247
媱	1.000000	374	374
媴	1.000000	364	364
媶	1.000000	246	246
媷	1.000000	317	317
媹	1.000000	380	380
媺	1.000000	451	451
媻	1.000000	278	278
媿	1.000000	10	10
嫀	1.000000	474	474
嫃	1.000000	563	563
嫅	1.000000	331	331
嫆	1.000000	474	474
嫇	1.000000	352	352
嫈	1.000000	343	343
嫊	1.000000	381	381
嫍	1.000000	334	334
嫎	1.000000	372	372
嫏	1.000000	410	410
嫐	1.000000	464	464
嫕	1.000000	340	340
嫙	1.000000	485	485
嫛	1.000000	320	320
嫝	1.000000	386	386
嫞	1.000000	247	247
嫟	1.000000	384	384
嫢	1.000000	332	332
嫤	1.000000	343	343
嫥	1.000000	275	275
嫧	1.000000	370	370
嫨	1.000000	404	404
嫫	1.000000	549	549
嫬	1.000000	306	306
嫭	1.000000	357	357
嫮	1.000000	327	327
嫯	1.000000	262	262
嫰	1.000000	454	454
嫳	1.000000	391	391
嫴	1.000000	326	326
嫶	1.000000	323	323
嫷	1.000000	263	263
嫸	1.000000	234	234
嫹	1.000000	227	227
嫼	1.000000	508	508
嫽	1.000000	393	393
嫾	1.000000	296	296
嫿	1.000000	504	504
嬀	1.000000	623	623
嬁	1.000000	344	344
嬂	1.000000	243	243
嬃	1.000000	377	377
嬄	1.000000	383	383
嬅	1.000000	689	689
嬆	1.000000	198	198
嬇	1.000000	241	241
嬊	1.000000	302	302
嬍	1.000000	285	285
嬎	1.000000	250	250
嬏	1.000000	252	252
嬐	1.000000	261	261
嬑	1.000000	500	500
嬒	1.000000	432	432
嬓	1.000000	234	234
嬔	1.000000	220	220
嬕	1.000000	322	322
嬘	1.000000	253	253
嬙	1.000000	566	566
嬚	1.000000	240	240
嬜	1.000000	363	363
嬞	1.000000	463	463
嬟	1.000000	334	334
嬠	1.000000	261	261
嬢	1.000000	485	485
嬣	1.000000	341	341
嬥	1.000000	266	266
嬦	1.000000	218	218
嬧	1.000000	336	336
嬨	1.000000	415	415
嬩	1.000000	446	446
嬫	1.000000	493	493
嬬	1.000000	501	501
嬭	1.000000	103	103
嬮	1.000000	440	440
嬯	1.000000	245	245
嬱	1.000000	314	314
嬳	1.000000	256	256
嬵	1.000000	356	356
嬶	1.000000	423	423
嬹	1.000000	314	314
嬺	1.000000	277	277
嬻	1.000000	279	279
嬼	1.000000	310	310
嬽	1.000000	267	267
嬾	1.000000	423	423
嬿	1.000000	547	547
孁	1.000000	379	379
孂	1.000000	215	215
孄	1.000000	285	285
孅	1.000000	409	409
孆	1.000000	315	315
孇	1.000000	366	366
孈	1.000000	190	190
孉	1.000000	343	343
孊	1.000000	311	311
孋	1.000000	462	462
孍	1.000000	286	286
孎	1.000000	367	367
孏	1.000000	325	325
孒	1.000000	712	712
孠	1.000000	251	251
孡	1.000000	331	331
孨	1.000000	394	394
孭	1.000000	3470	3470
孮	1.000000	318	318
孯	1.000000	247	247
孲	1.000000	384	384
孴	1.000000	289	289
孶	1.000000	302	302
孷	1.000000	210	210
孹	1.000000	270	270
孻	1.000000	177	177
孼	1.000000	330	330
孾	1.000000	250	250
宀	1.000000	643	643
宂	1.000000	246	246
宆	1.000000	320	320
宊	1.000000	379	379
宍	1.000000	423	423
宎	1.000000	268	268
宐	1.000000	371	371
宒	1.000000	339	339
宓	1.000000	708	708
宔	1.000000	534	534
宖	1.000000	305	305
実	1.000000	621	621
宧	1.000000	325	325
宨	1.000000	343	343
宪	1.000000	2	2
宫	1.000000	100	100
宬	1.000000	527	527
宭	1.000000	328	328
宯	1.000000	258	258
宱	1.000000	228	228
宲	1.000000	280	280
宷	1.000000	262	262
宺	1.000000	233	233
宻	1.000000	372	372
宼	1.000000	349	349
寁	1.000000	284	284
寃	1.000000	388	388
寈	1.000000	338	338
寉	1.000000	252	252
寊	1.000000	386	386
寋	1.000000	229	229
寍	1.000000	320	320
寎	1.000000	472	472
寏	1.000000	259	259
寑	1.000000	415	415
寔	1.000000	612	612
寕	1.000000	418	418
寖	1.000000	391	391
寗	1.000000	299	299
寙	1.000000	270	270
寚	1.000000	377	377
寛	1.000000	515	515
寜	1.000000	428	428
寠	1.000000	274	274
寣	1.000000	416	416
寪	1.000000	357	357
寭	1.000000	244	244
寯	1.000000	350	350
寱	1.000000	319	319
寲	1.000000	463	463
寳	1.000000	671	671
寴	1.000000	351	351
寷	1.000000	304	304
寻	1.000000	30	30
寽	1.000000	347	347
対	1.000000	657	657
尀	1.000000	218	218
専	1.000000	534	534
尃	1.000000	349	349
尅	1.000000	964	964
尌	1.000000	297	297
尐	1.000000	823	823
尒	1.000000	680	680
尓	1.000000	831	831
尗	1.000000	432	432
尛	1.000000	699	699
尞	1.000000	360	360
尟	1.000000	310	310
尠	1.000000	334	334
尢	1.000000	355	355
尣	1.000000	364	364
尩	1.000000	381	381
尪	1.000000	460	460
尫	1.000000	376	376
尭	1.000000	354	354
尯	1.000000	441	441
尰	1.000000	426	426
尳	1.000000	280	280
尵	1.000000	266	266
尶	1.000000	272	272
屇	1.000000	356	356
屉	1.000000	110	110
届	1.000000	70	70
屌	1.000000	200576	200576
屒	1.000000	217	217
屔	1.000000	234	234
屖	1.000000	218	218
屘	1.000000	313	313
屙	1.000000	40667	40667
屚	1.000000	318	318
屛	1.000000	411	411
屝	1.000000	4	4
屟	1.000000	287	287
屧	1.000000	345	345
屩	1.000000	1	1
屪	1.000000	245	245
屫	1.000000	182	182
屮	1.000000	512	512
屰	1.000000	378	378
屳	1.000000	277	277
屴	1.000000	409	409
屵	1.000000	322	322
屶	1.000000	497	497
屸	1.000000	330	330
屺	1.000000	474	474
屻	1.000000	381	381
屼	1.000000	521	521
屽	1.000000	530	530
屾	1.000000	578	578
岀	1.000000	571	571
岄	1.000000	483	483
岅	1.000000	300	300
岆	1.000000	456	456
岇	1.000000	378	378
岈	1.000000	540	540
岉	1.000000	300	300
岊	1.000000	383	383
岋	1.000000	373	373
岍	1.000000	393	393
岎	1.000000	247	247
岏	1.000000	277	277
岒	1.000000	314	314
岓	1.000000	230	230
岕	1.000000	418	418
岜	1.000000	595	595
岝	1.000000	321	321
岞	1.000000	389	389
岟	1.000000	208	208
岠	1.000000	463	463
岤	1.000000	231	231
岥	1.000000	408	408
岦	1.000000	311	311
岧	1.000000	350	350
岨	1.000000	332	332
岪	1.000000	294	294
岭	1.000000	100	100
岮	1.000000	222	222
岯	1.000000	225	225
岰	1.000000	246	246
岲	1.000000	319	319
岴	1.000000	261	261
岵	1.000000	540	540
岶	1.000000	263	263
岹	1.000000	260	260
岺	1.000000	406	406
岻	1.000000	317	317
岼	1.000000	451	451
峀	1.000000	265	265
峁	1.000000	648	648
峅	1.000000	216	216
峆	1.000000	285	285
峈	1.000000	357	357
峉	1.000000	234	234
峊	1.000000	296	296
峌	1.000000	253	253
峍	1.000000	216	216
峎	1.000000	389	389
峏	1.000000	331	331
峐	1.000000	231	231
峑	1.000000	350	350
峓	1.000000	286	286
峔	1.000000	256	256
峖	1.000000	223	223
峗	1.000000	273	273
峘	1.000000	347	347
峚	1.000000	274	274
峛	1.000000	370	370
峜	1.000000	403	403
峝	1.000000	398	398
峞	1.000000	280	280
峟	1.000000	559	559
峠	1.000000	414	414
峢	1.000000	347	347
峩	1.000000	802	802
峫	1.000000	392	392
峬	1.000000	267	267
峮	1.000000	310	310
峱	1.000000	268	268
峲	1.000000	347	347
峳	1.000000	284	284
峵	1.000000	246	246
峷	1.000000	223	223
峸	1.000000	437	437
峹	1.000000	207	207
峺	1.000000	278	278
峼	1.000000	238	238
峾	1.000000	209	209
峿	1.000000	332	332
崀	1.000000	351	351
崈	1.000000	367	367
崉	1.000000	254	254
崊	1.000000	322	322
崋	1.000000	462	462
崌	1.000000	363	363
崏	1.000000	335	335
崐	1.000000	505	505
崒	1.000000	371	371
崓	1.000000	233	233
崕	1.000000	467	467
崘	1.000000	412	412
崜	1.000000	275	275
崝	1.000000	351	351
崞	1.000000	555	555
崟	1.000000	460	460
崠	1.000000	4	4
崡	1.000000	445	445
崣	1.000000	305	305
崥	1.000000	401	401
崦	1.000000	505	505
崧	1.000000	612	612
崨	1.000000	246	246
崪	1.000000	285	285
崫	1.000000	235	235
崬	1.000000	535	535
崯	1.000000	317	317
崰	1.000000	296	296
崱	1.000000	407	407
崲	1.000000	356	356
崳	1.000000	93	93
崵	1.000000	278	278
崶	1.000000	435	435
崷	1.000000	287	287
崸	1.000000	247	247
崹	1.000000	311	311
崺	1.000000	253	253
崻	1.000000	229	229
崼	1.000000	429	429
崾	1.000000	640	640
崿	1.000000	345	345
嵀	1.000000	341	341
嵁	1.000000	407	407
嵂	1.000000	491	491
嵃	1.000000	357	357
嵄	1.000000	359	359
嵅	1.000000	283	283
嵆	1.000000	340	340
嵈	1.000000	291	291
嵉	1.000000	294	294
嵍	1.000000	228	228
嵎	1.000000	422	422
嵏	1.000000	254	254
嵑	1.000000	230	230
嵒	1.000000	43	43
嵓	1.000000	302	302
嵔	1.000000	385	385
嵕	1.000000	350	350
嵖	1.000000	488	488
嵗	1.000000	177	177
嵙	1.000000	315	315
嵜	1.000000	342	342
嵟	1.000000	278	278
嵠	1.000000	251	251
嵡	1.000000	271	271
嵢	1.000000	271	271
嵣	1.000000	243	243
嵤	1.000000	301	301
嵥	1.000000	323	323
嵦	1.000000	235	235
嵧	1.000000	236	236
嵨	1.000000	343	343
嵪	1.000000	221	221
嵫	1.000000	493	493
嵭	1.000000	230	230
嵮	1.000000	218	218
嵰	1.000000	221	221
嵱	1.000000	241	241
嵲	1.000000	286	286
嵳	1.000000	258	258
嵶	1.000000	284	284
嵷	1.000000	233	233
嵸	1.000000	274	274
嵹	1.000000	297	297
嵺	1.000000	289	289
嵻	1.000000	239	239
嵼	1.000000	340	340
嵽	1.000000	280	280
嵾	1.000000	289	289
嵿	1.000000	471	471
嶀	1.000000	262	262
嶃	1.000000	337	337
嶅	1.000000	520	520
嶆	1.000000	486	486
嶈	1.000000	482	482
嶉	1.000000	440	440
嶊	1.000000	314	314
嶋	1.000000	266	266
嶍	1.000000	317	317
嶏	1.000000	405	405
嶐	1.000000	268	268
嶑	1.000000	285	285
嶕	1.000000	300	300
嶖	1.000000	184	184
嶘	1.000000	215	215
嶚	1.000000	248	248
嶛	1.000000	251	251
嶜	1.000000	239	239
嶝	1.000000	543	543
嶞	1.000000	308	308
嶟	1.000000	235	235
嶠	1.000000	626	626
嶡	1.000000	233	233
嶢	1.000000	445	445
嶣	1.000000	300	300
嶤	1.000000	286	286
嶦	1.000000	321	321
嶨	1.000000	386	386
嶩	1.000000	180	180
嶪	1.000000	391	391
嶫	1.000000	247	247
嶬	1.000000	235	235
嶭	1.000000	243	243
嶮	1.000000	411	411
嶯	1.000000	260	260
嶱	1.000000	237	237
嶳	1.000000	276	276
嶵	1.000000	417	417
嶹	1.000000	215	215
嶻	1.000000	271	271
嶾	1.000000	265	265
巀	1.000000	243	243
巁	1.000000	221	221
巃	1.000000	357	357
巄	1.000000	254	254
巇	1.000000	364	364
巈	1.000000	251	251
巊	1.000000	292	292
巌	1.000000	370	370
巎	1.000000	329	329
巏	1.000000	286	286
巐	1.000000	244	244
巑	1.000000	284	284
巓	1.000000	376	376
巕	1.000000	314	314
巗	1.000000	322	322
巘	1.000000	417	417
巙	1.000000	293	293
巚	1.000000	284	284
巛	1.000000	552	552
巜	1.000000	455	455
巟	1.000000	414	414
巠	1.000000	397	397
巣	1.000000	474	474
巤	1.000000	267	267
巩	1.000000	100	100
巰	1.000000	520	520
巵	1.000000	320	320
巶	1.000000	344	344
巸	1.000000	232	232
巺	1.000000	417	417
巻	1.000000	550	550
巿	1.000000	1512	1512
帀	1.000000	412	412
币	1.000000	10	10
帄	1.000000	277	277
帇	1.000000	375	375
帉	1.000000	379	379
帊	1.000000	332	332
帋	1.000000	352	352
帍	1.000000	250	250
帎	1.000000	251	251
帒	1.000000	341	341
帓	1.000000	342	342
帗	1.000000	261	261
帞	1.000000	422	422
帟	1.000000	325	325
帠	1.000000	301	301
帡	1.000000	398	398
帢	1.000000	318	318
帣	1.000000	254	254
帤	1.000000	323	323
帨	1.000000	360	360
帩	1.000000	307	307
帪	1.000000	348	348
帬	1.000000	249	249
帯	1.000000	536	536
帰	1.000000	541	541
帲	1.000000	293	293
帴	1.000000	422	422
帵	1.000000	312	312
帹	1.000000	448	448
帺	1.000000	366	366
帾	1.000000	353	353
帿	1.000000	371	371
幁	1.000000	300	300
幂	1.000000	100	100
幆	1.000000	374	374
幇	1.000000	499	499
幈	1.000000	359	359
幊	1.000000	299	299
幋	1.000000	252	252
幍	1.000000	296	296
幎	1.000000	274	274
幏	1.000000	398	398
幐	1.000000	307	307
幑	1.000000	337	337
幒	1.000000	277	277
幓	1.000000	403	403
幖	1.000000	300	300
幙	1.000000	357	357
幚	1.000000	407	407
幜	1.000000	272	272
幝	1.000000	261	261
幠	1.000000	370	370
幤	1.000000	318	318
幦	1.000000	216	216
幧	1.000000	276	276
幨	1.000000	298	298
幩	1.000000	266	266
幪	1.000000	800	800
幭	1.000000	234	234
幮	1.000000	333	333
幯	1.000000	310	310
幰	1.000000	375	375
幵	1.000000	46	46
庀	1.000000	539	539
庁	1.000000	451	451
庂	1.000000	1	1
広	1.000000	580	580
庄	1.000000	100	100
庈	1.000000	345	345
庉	1.000000	299	299
庌	1.000000	369	369
庍	1.000000	236	236
庎	1.000000	239	239
庒	1.000000	438	438
庘	1.000000	330	330
庛	1.000000	366	366
庝	1.000000	535	535
庡	1.000000	514	514
庢	1.000000	509	509
庣	1.000000	461	461
庤	1.000000	453	453
庨	1.000000	418	418
庩	1.000000	242	242
庪	1.000000	269	269
庬	1.000000	260	260
庮	1.000000	292	292
庯	1.000000	364	364
庰	1.000000	240	240
庱	1.000000	231	231
庲	1.000000	308	308
庳	1.000000	411	411
庴	1.000000	263	263
庹	1.000000	611	611
庺	1.000000	180	180
庻	1.000000	227	227
庽	1.000000	255	255
庿	1.000000	283	283
廀	1.000000	226	226
廃	1.000000	443	443
廅	1.000000	280	280
廆	1.000000	466	466
廇	1.000000	352	352
廍	1.000000	304	304
廎	1.000000	317	317
廏	1.000000	269	269
廐	1.000000	310	310
廔	1.000000	319	319
廗	1.000000	354	354
廘	1.000000	322	322
廙	1.000000	390	390
廜	1.000000	211	211
廞	1.000000	367	367
廥	1.000000	278	278
廦	1.000000	285	285
廧	1.000000	290	290
廨	1.000000	471	471
廫	1.000000	247	247
廮	1.000000	296	296
廯	1.000000	381	381
廰	1.000000	415	415
廱	1.000000	1	1
廲	1.000000	342	342
廴	1.000000	652	652
廵	1.000000	297	297
廸	1.000000	622	622
廹	1.000000	346	346
廻	1.000000	502	502
廼	1.000000	354	354
廽	1.000000	323	323
廾	1.000000	505	505
开	1.000000	30	30
异	1.000000	100	100
弃	1.000000	350	350
弅	1.000000	335	335
弆	1.000000	448	448
弇	1.000000	467	467
弉	1.000000	315	315
弌	1.000000	679	679
弍	1.000000	534	534
弎	1.000000	517	517
弐	1.000000	435	435
弖	1.000000	503	503
弙	1.000000	255	255
弚	1.000000	495	495
弜	1.000000	391	391
弝	1.000000	406	406
弞	1.000000	226	226
弡	1.000000	258	258
弢	1.000000	558	558
弣	1.000000	252	252
弤	1.000000	210	210
弨	1.000000	322	322
弫	1.000000	254	254
弬	1.000000	340	340
弮	1.000000	314	314
弰	1.000000	374	374
弲	1.000000	212	212
弴	1.000000	229	229
弶	1.000000	415	415
弸	1.000000	432	432
弻	1.000000	366	366
弽	1.000000	351	351
弾	1.000000	530	530
弿	1.000000	307	307
彁	1.000000	464	464
彂	1.000000	481	481
彃	1.000000	313	313
彄	1.000000	306	306
彅	1.000000	500	500
彇	1.000000	358	358
彉	1.000000	375	375
彊	1.000000	622	622
彋	1.000000	247	247
彍	1.000000	349	349
彏	1.000000	229	229
彐	1.000000	552	552
彑	1.000000	466	466
录	1.000000	30	30
彚	1.000000	316	316
彛	1.000000	397	397
彜	1.000000	358	358
彡	1.000000	656	656
彣	1.000000	386	386
彫	1.000000	571	571
彮	1.000000	370	370
彯	1.000000	413	413
彲	1.000000	458	458
彴	1.000000	418	418
彵	1.000000	594	594
彶	1.000000	427	427
彺	1.000000	399	399
彽	1.000000	458	458
彾	1.000000	324	324
徃	1.000000	484	484
徆	1.000000	361	361
徍	1.000000	383	383
徎	1.000000	327	327
徏	1.000000	300	300
従	1.000000	509	509
徖	1.000000	215	215
徛	1.000000	318	318
徝	1.000000	405	405
徟	1.000000	223	223
徢	1.000000	219	219
徣	1.000000	385	385
徤	1.000000	352	352
徥	1.000000	500	500
徦	1.000000	532	532
徧	1.000000	410	410
徫	1.000000	356	356
徰	1.000000	387	387
徱	1.000000	207	207
徲	1.000000	270	270
徳	1.000000	661	661
徴	1.000000	491	491
徶	1.000000	277	277
徸	1.000000	248	248
徻	1.000000	545	545
徾	1.000000	259	259
徿	1.000000	264	264
忀	1.000000	280	280
忁	1.000000	308	308
忂	1.000000	286	286
忄	1.000000	646	646
忇	1.000000	409	409
忈	1.000000	487	487
忊	1.000000	359	359
忋	1.000000	376	376
忎	1.000000	419	419
忏	1.000000	3	3
忓	1.000000	502	502
忔	1.000000	513	513
忕	1.000000	456	456
忚	1.000000	485	485
忛	1.000000	416	416
応	1.000000	530	530
忟	1.000000	341	341
忢	1.000000	501	501
忣	1.000000	354	354
忥	1.000000	355	355
忦	1.000000	257	257
忧	1.000000	50	50
忨	1.000000	310	310
忩	1.000000	222	222
忬	1.000000	375	375
忭	1.000000	415	415
忯	1.000000	302	302
忰	1.000000	265	265
忲	1.000000	514	514
忳	1.000000	359	359
忴	1.000000	294	294
忶	1.000000	245	245
忷	1.000000	1	1
忹	1.000000	362	362
忺	1.000000	322	322
忼	1.000000	336	336
忾	1.000000	80	80
怀	1.000000	8	8
怃	1.000000	1	1
怇	1.000000	430	430
怈	1.000000	241	241
怉	1.000000	308	308
怊	1.000000	359	359
怋	1.000000	282	282
怌	1.000000	282	282
怐	1.000000	368	368
怑	1.000000	428	428
怓	1.000000	431	431
怗	1.000000	333	333
怘	1.000000	329	329
怚	1.000000	269	269
怜	1.000000	90	90
怞	1.000000	413	413
怟	1.000000	261	261
怢	1.000000	283	283
怣	1.000000	358	358
怤	1.000000	436	436
怬	1.000000	224	224
怭	1.000000	416	416
怮	1.000000	373	373
怰	1.000000	269	269
怲	1.000000	245	245
怳	1.000000	395	395
怴	1.000000	279	279
怶	1.000000	438	438
怷	1.000000	304	304
怸	1.000000	200	200
怹	1.000000	549	549
怺	1.000000	556	556
怽	1.000000	249	249
恀	1.000000	334	334
恄	1.000000	263	263
恅	1.000000	408	408
恇	1.000000	323	323
恈	1.000000	218	218
恉	1.000000	410	410
恊	1.000000	324	324
恌	1.000000	275	275
恎	1.000000	255	255
恏	1.000000	760	760
恑	1.000000	246	246
恔	1.000000	297	297
恖	1.000000	367	367
恗	1.000000	208	208
恘	1.000000	270	270
恛	1.000000	505	505
恜	1.000000	226	226
恝	1.000000	406	406
恞	1.000000	238	238
恟	1.000000	1	1
恠	1.000000	603	603
恡	1.000000	279	279
恦	1.000000	241	241
恧	1.000000	432	432
恮	1.000000	298	298
恱	1.000000	302	302
恲	1.000000	265	265
恴	1.000000	609	609
恷	1.000000	267	267
恾	1.000000	349	349
悀	1.000000	327	327
悁	1.000000	327	327
悂	1.000000	264	264
悆	1.000000	440	440
悇	1.000000	412	412
悈	1.000000	414	414
悊	1.000000	496	496
悋	1.000000	308	308
悎	1.000000	446	446
悏	1.000000	303	303
悐	1.000000	270	270
悑	1.000000	234	234
悓	1.000000	408	408
悕	1.000000	515	515
悗	1.000000	458	458
悘	1.000000	373	373
悙	1.000000	349	349
悜	1.000000	386	386
悞	1.000000	315	315
悡	1.000000	399	399
悢	1.000000	479	479
悤	1.000000	288	288
悥	1.000000	364	364
悧	1.000000	415	415
悩	1.000000	515	515
悪	1.000000	557	557
悰	1.000000	418	418
悳	1.000000	704	704
悷	1.000000	288	288
悹	1.000000	328	328
悺	1.000000	314	314
悾	1.000000	488	488
悿	1.000000	282	282
惀	1.000000	438	438
惁	1.000000	324	324
惂	1.000000	348	348
惃	1.000000	322	322
惇	1.000000	534	534
惈	1.000000	451	451
惉	1.000000	378	378
惊	1.000000	90	90
惌	1.000000	362	362
惍	1.000000	364	364
惎	1.000000	359	359
惐	1.000000	240	240
惒	1.000000	409	409
惓	1.000000	88	88
惔	1.000000	506	506
惖	1.000000	270	270
惗	1.000000	513	513
惞	1.000000	428	428
惢	1.000000	631	631
惣	1.000000	438	438
惤	1.000000	350	350
惥	1.000000	268	268
惪	1.000000	596	596
惲	1.000000	608	608
惵	1.000000	370	370
惷	1.000000	167	167
惸	1.000000	299	299
惼	1.000000	256	256
惽	1.000000	258	258
惾	1.000000	228	228
惿	1.000000	470	470
愂	1.000000	238	238
愃	1.000000	279	279
愄	1.000000	320	320
愅	1.000000	278	278
愇	1.000000	295	295
愊	1.000000	335	335
愋	1.000000	253	253
愌	1.000000	363	363
愍	1.000000	573	573
愐	1.000000	371	371
愑	1.000000	393	393
愓	1.000000	341	341
愔	1.000000	507	507
愖	1.000000	305	305
愗	1.000000	285	285
愘	1.000000	340	340
愙	1.000000	468	468
愝	1.000000	276	276
愞	1.000000	275	275
愡	1.000000	252	252
愢	1.000000	377	377
愨	1.000000	490	490
愩	1.000000	356	356
愪	1.000000	447	447
愬	1.000000	529	529
愭	1.000000	443	443
愮	1.000000	466	466
愯	1.000000	417	417
愰	1.000000	463	463
愱	1.000000	325	325
愲	1.000000	359	359
愳	1.000000	363	363
愵	1.000000	261	261
愶	1.000000	365	365
愸	1.000000	187	187
愹	1.000000	228	228
愺	1.000000	507	507
愻	1.000000	293	293
愼	1.000000	331	331
愽	1.000000	457	457
慀	1.000000	222	222
慁	1.000000	402	402
慂	1.000000	323	323
慃	1.000000	219	219
慅	1.000000	279	279
慆	1.000000	358	358
慉	1.000000	88	88
慏	1.000000	245	245
慒	1.000000	343	343
慔	1.000000	251	251
慖	1.000000	376	376
慗	1.000000	215	215
慙	1.000000	301	301
慛	1.000000	294	294
慜	1.000000	467	467
慞	1.000000	306	306
慠	1.000000	387	387
慡	1.000000	364	364
慤	1.000000	1	1
慥	1.000000	452	452
慦	1.000000	388	388
慩	1.000000	330	330
慬	1.000000	496	496
慭	1.000000	363	363
慯	1.000000	537	537
慱	1.000000	317	317
慲	1.000000	452	452
慸	1.000000	224	224
慹	1.000000	404	404
慺	1.000000	306	306
慻	1.000000	307	307
慽	1.000000	325	325
慿	1.000000	329	329
憀	1.000000	329	329
憁	1.000000	207	207
憃	1.000000	274	274
憄	1.000000	384	384
憅	1.000000	472	472
憆	1.000000	191	191
憇	1.000000	473	473
憈	1.000000	264	264
憉	1.000000	264	264
憌	1.000000	203	203
憏	1.000000	207	207
憓	1.000000	396	396
憕	1.000000	375	375
憖	1.000000	328	328
憗	1.000000	278	278
憘	1.000000	357	357
憙	1.000000	449	449
憛	1.000000	257	257
憜	1.000000	387	387
憞	1.000000	314	314
憟	1.000000	360	360
憠	1.000000	218	218
憡	1.000000	459	459
憢	1.000000	290	290
憣	1.000000	267	267
憥	1.000000	267	267
憦	1.000000	233	233
憪	1.000000	324	324
憭	1.000000	335	335
憯	1.000000	341	341
憰	1.000000	257	257
憱	1.000000	425	425
憳	1.000000	450	450
憴	1.000000	233	233
憵	1.000000	225	225
憸	1.000000	331	331
憹	1.000000	322	322
憺	1.000000	397	397
憻	1.000000	243	243
憼	1.000000	257	257
憽	1.000000	254	254
憿	1.000000	341	341
懀	1.000000	264	264
懁	1.000000	322	322
懃	1.000000	3	3
懄	1.000000	318	318
懅	1.000000	303	303
懆	1.000000	419	419
懌	1.000000	550	550
懎	1.000000	256	256
懏	1.000000	255	255
懐	1.000000	498	498
懕	1.000000	347	347
懖	1.000000	212	212
懗	1.000000	338	338
懘	1.000000	283	283
懙	1.000000	342	342
懚	1.000000	307	307
懛	1.000000	216	216
懜	1.000000	403	403
懝	1.000000	290	290
懠	1.000000	416	416
懡	1.000000	386	386
懢	1.000000	291	291
懤	1.000000	231	231
懥	1.000000	288	288
懧	1.000000	271	271
懩	1.000000	311	311
懪	1.000000	357	357
懫	1.000000	269	269
懬	1.000000	211	211
懭	1.000000	258	258
懯	1.000000	251	251
懱	1.000000	300	300
懳	1.000000	400	400
懴	1.000000	294	294
懹	1.000000	289	289
懻	1.000000	270	270
懽	1.000000	393	393
戁	1.000000	462	462
戂	1.000000	207	207
戃	1.000000	229	229
戄	1.000000	211	211
戅	1.000000	292	292
戉	1.000000	343	343
戓	1.000000	539	539
戙	1.000000	458	458
戜	1.000000	477	477
戝	1.000000	571	571
戞	1.000000	525	525
戠	1.000000	576	576
戢	1.000000	529	529
戣	1.000000	481	481
戤	1.000000	334	334
戦	1.000000	646	646
戨	1.000000	466	466
戫	1.000000	293	293
戭	1.000000	450	450
戱	1.000000	542	542
戵	1.000000	199	199
戸	1.000000	579	579
戹	1.000000	279	279
戺	1.000000	324	324
戻	1.000000	499	499
戼	1.000000	270	270
扃	1.000000	494	494
扅	1.000000	313	313
扆	1.000000	477	477
扊	1.000000	307	307
扌	1.000000	657	657
扏	1.000000	238	238
扐	1.000000	3915	3915
払	1.000000	439	439
扗	1.000000	252	252
扙	1.000000	349	349
扚	1.000000	477	477
扜	1.000000	319	319
扝	1.000000	249	249
扟	1.000000	227	227
扠	1.000000	417	417
扡	1.000000	333	333
扢	1.000000	345	345
扤	1.000000	302	302
扥	1.000000	433	433
扨	1.000000	286	286
扰	1.000000	90	90
扱	1.000000	177	177
扲	1.000000	344	344
扴	1.000000	288	288
扵	1.000000	287	287
扷	1.000000	258	258
扸	1.000000	237	237
扺	1.000000	4	4
扻	1.000000	444	444
扽	1.000000	770	770
抁	1.000000	218	218
抂	1.000000	307	307
抅	1.000000	382	382
抇	1.000000	350	350
抈	1.000000	328	328
抋	1.000000	277	277
抌	1.000000	44493	44493
抍	1.000000	265	265
抎	1.000000	323	323
抏	1.000000	250	250
抐	1.000000	305	305
抙	1.000000	323	323
抛	1.000000	711	711
抜	1.000000	508	508
抝	1.000000	426	426
択	1.000000	433	433
抦	1.000000	432	432
抧	1.000000	408	408
抩	1.000000	234	234
抪	1.000000	284	284
抭	1.000000	290	290
抮	1.000000	391	391
抯	1.000000	474	474
抰	1.000000	442	442
抲	1.000000	320	320
抳	1.000000	397	397
抶	1.000000	88	88
抷	1.000000	353	353
抸	1.000000	226	226
抺	1.000000	467	467
抾	1.000000	351	351
拀	1.000000	287	287
拁	1.000000	257	257
拃	1.000000	1334	1334
担	1.000000	100	100
拕	1.000000	316	316
拝	1.000000	442	442
拞	1.000000	315	315
拠	1.000000	419	419
拡	1.000000	418	418
拤	1.000000	311	311
拪	1.000000	209	209
拫	1.000000	449	449
拰	1.000000	466	466
拲	1.000000	271	271
拵	1.000000	339	339
拸	1.000000	326	326
拹	1.000000	322	322
拺	1.000000	294	294
拻	1.000000	350	350
挀	1.000000	361	361
挃	1.000000	324	324
挄	1.000000	280	280
挅	1.000000	273	273
挆	1.000000	246	246
挊	1.000000	220	220
挋	1.000000	315	315
挌	1.000000	3	3
挍	1.000000	363	363
挏	1.000000	253	253
挐	1.000000	359	359
挒	1.000000	406	406
挓	1.000000	353	353
挔	1.000000	266	266
挕	1.000000	289	289
挗	1.000000	336	336
挙	1.000000	429	429
挧	1.000000	312	312
挩	1.000000	262	262
挬	1.000000	288	288
挭	1.000000	346	346
挮	1.000000	312	312
挰	1.000000	288	288
挳	1.000000	312	312
挴	1.000000	330	330
挵	1.000000	427	427
挶	1.000000	28	28
挷	1.000000	349	349
挸	1.000000	378	378
挻	1.000000	475	475
挿	1.000000	451	451
捀	1.000000	284	284
捁	1.000000	301	301
捃	1.000000	436	436
捄	1.000000	342	342
捇	1.000000	323	323
捈	1.000000	308	308
捊	1.000000	432	432
捑	1.000000	236	236
捒	1.000000	303	303
捓	1.000000	204	204
捔	1.000000	433	433
捖	1.000000	361	361
捗	1.000000	346	346
捘	1.000000	247	247
捙	1.000000	231	231
捚	1.000000	237	237
捛	1.000000	266	266
捜	1.000000	473	473
换	1.000000	177	177
捥	1.000000	353	353
捦	1.000000	226	226
捪	1.000000	253	253
捬	1.000000	256	256
捰	1.000000	370	370
捳	1.000000	329	329
捴	1.000000	339	339
捵	1.000000	273	273
捸	1.000000	266	266
捹	1.000000	230	230
捼	1.000000	261	261
捽	1.000000	8898	8898
捾	1.000000	180	180
捿	1.000000	246	246
掁	1.000000	367	367
掅	1.000000	335	335
掆	1.000000	293	293
掋	1.000000	347	347
掍	1.000000	393	393
掑	1.000000	486	486
掓	1.000000	413	413
掔	1.000000	395	395
掕	1.000000	446	446
掗	1.000000	312	312
掚	1.000000	215	215
掜	1.000000	294	294
掝	1.000000	305	305
掞	1.000000	380	380
掟	1.000000	497	497
掤	1.000000	458	458
掦	1.000000	304	304
掫	1.000000	383	383
掭	1.000000	461	461
掱	1.000000	88	88
掲	1.000000	177	177
掵	1.000000	537	537
掻	1.000000	358	358
掽	1.000000	251	251
掾	1.000000	532	532
掿	1.000000	276	276
揁	1.000000	225	225
揂	1.000000	343	343
揃	1.000000	404	404
揅	1.000000	336	336
揇	1.000000	316	316
揈	1.000000	274	274
揊	1.000000	327	327
揋	1.000000	304	304
揌	1.000000	303	303
揑	1.000000	434	434
揓	1.000000	261	261
揔	1.000000	291	291
揕	1.000000	308	308
揗	1.000000	324	324
揙	1.000000	343	343
揜	1.000000	177	177
揝	1.000000	357	357
揞	1.000000	1868	1868
揟	1.000000	301	301
揢	1.000000	286	286
揤	1.000000	331	331
揥	1.000000	306	306
揧	1.000000	216	216
揨	1.000000	239	239
揫	1.000000	235	235
揬	1.000000	258	258
揯	1.000000	215	215
揰	1.000000	294	294
揱	1.000000	220	220
揲	1.000000	418	418
揳	1.000000	326	326
揵	1.000000	428	428
揷	1.000000	431	431
揸	1.000000	38442	38442
揺	1.000000	510	510
搆	1.000000	2	2
搇	1.000000	262	262
搈	1.000000	220	220
搉	1.000000	332	332
搊	1.000000	323	323
搎	1.000000	246	246
搑	1.000000	215	215
搒	1.000000	356	356
搕	1.000000	319	319
搘	1.000000	319	319
搙	1.000000	294	294
搚	1.000000	232	232
搛	1.000000	466	466
搝	1.000000	232	232
搠	1.000000	474	474
搣	1.000000	81156	81156
搤	1.000000	293	293
搥	1.000000	978	978
搩	1.000000	355	355
搫	1.000000	321	321
搮	1.000000	291	291
搯	1.000000	88	88
搰	1.000000	334	334
搱	1.000000	315	315
搲	1.000000	1690	1690
搳	1.000000	279	279
搷	1.000000	352	352
搸	1.000000	283	283
搹	1.000000	241	241
携	1.000000	100	100
搻	1.000000	336	336
搼	1.000000	249	249
搾	1.000000	1423	1423
搿	1.000000	522	522
摀	1.000000	622	622
摂	1.000000	387	387
摃	1.000000	9	9
摌	1.000000	229	229
摍	1.000000	247	247
摎	1.000000	294	294
摏	1.000000	236	236
摐	1.000000	378	378
摓	1.000000	321	321
摕	1.000000	216	216
摖	1.000000	363	363
摗	1.000000	259	259
摙	1.000000	533	533
摚	1.000000	254	254
摛	1.000000	177	177
摝	1.000000	305	305
摠	1.000000	293	293
摡	1.000000	351	351
摢	1.000000	313	313
摣	1.000000	302	302
摤	1.000000	348	348
摥	1.000000	325	325
摦	1.000000	266	266
摨	1.000000	283	283
摪	1.000000	363	363
摫	1.000000	273	273
摬	1.000000	296	296
摮	1.000000	305	305
摰	1.000000	400	400
摱	1.000000	365	365
摲	1.000000	321	321
摴	1.000000	350	350
摵	1.000000	331	331
摷	1.000000	8275	8275
摼	1.000000	347	347
摽	1.000000	444	444
摾	1.000000	236	236
摿	1.000000	274	274
撀	1.000000	261	261
撁	1.000000	449	449
撃	1.000000	533	533
撆	1.000000	246	246
撉	1.000000	261	261
撊	1.000000	266	266
撋	1.000000	291	291
撌	1.000000	300	300
撍	1.000000	309	309
撎	1.000000	301	301
撏	1.000000	315	315
撑	1.000000	100	100
撔	1.000000	278	278
撖	1.000000	378	378
撗	1.000000	300	300
撘	1.000000	442	442
撚	1.000000	179308	179308
撛	1.000000	244	244
撜	1.000000	268	268
撝	1.000000	3	3
撠	1.000000	255	255
撡	1.000000	253	253
撢	1.000000	2	2
撦	1.000000	25	25
撧	1.000000	415	415
撨	1.000000	300	300
撪	1.000000	261	261
撯	1.000000	376	376
撱	1.000000	348	348
撴	1.000000	438	438
撹	1.000000	447	447
撽	1.000000	273	273
擃	1.000000	230	230
擆	1.000000	258	258
擈	1.000000	247	247
擉	1.000000	246	246
擌	1.000000	169	169
擏	1.000000	339	339
擐	1.000000	426	426
擑	1.000000	188	188
擕	1.000000	381	381
擖	1.000000	286	286
擗	1.000000	533	533
擙	1.000000	245	245
擛	1.000000	259	259
擟	1.000000	291	291
擣	1.000000	1	1
擥	1.000000	310	310
擧	1.000000	387	387
擨	1.000000	209	209
擩	1.000000	310	310
擪	1.000000	260	260
擫	1.000000	351	351
擭	1.000000	400	400
擮	1.000000	303	303
擳	1.000000	345	345
擵	1.000000	318	318
擶	1.000000	269	269
擸	1.000000	533	533
擹	1.000000	206	206
擽	1.000000	301	301
攁	1.000000	294	294
攂	1.000000	234	234
攃	1.000000	177	177
攄	1.000000	418	418
攅	1.000000	274	274
攇	1.000000	241	241
攈	1.000000	271	271
攊	1.000000	255	255
攋	1.000000	413	413
攌	1.000000	212	212
攍	1.000000	250	250
攎	1.000000	245	245
攐	1.000000	208	208
攑	1.000000	215	215
攓	1.000000	196	196
攕	1.000000	272	272
攖	1.000000	495	495
攗	1.000000	222	222
攞	1.000000	605	605
攟	1.000000	373	373
攠	1.000000	416	416
攡	1.000000	264	264
攥	1.000000	774	774
攦	1.000000	353	353
攧	1.000000	338	338
攨	1.000000	285	285
攩	1.000000	313	313
攭	1.000000	286	286
攰	1.000000	51256	51256
攱	1.000000	384	384
攲	1.000000	362	362
攳	1.000000	201	201
攴	1.000000	627	627
攵	1.000000	620	620
攷	1.000000	113	113
攺	1.000000	471	471
攼	1.000000	308	308
攽	1.000000	364	364
敀	1.000000	281	281
敁	1.000000	334	334
敂	1.000000	329	329
敃	1.000000	298	298
敄	1.000000	261	261
敆	1.000000	245	245
敇	1.000000	316	316
敊	1.000000	400	400
敋	1.000000	310	310
敌	1.000000	5	5
敎	1.000000	800	800
敐	1.000000	292	292
敒	1.000000	225	225
敓	1.000000	842	842
敔	1.000000	400	400
敜	1.000000	310	310
敟	1.000000	342	342
敠	1.000000	365	365
敡	1.000000	294	294
敤	1.000000	502	502
敥	1.000000	286	286
敧	1.000000	352	352
敨	1.000000	300	300
敪	1.000000	259	259
敫	1.000000	544	544
敭	1.000000	409	409
敮	1.000000	395	395
敯	1.000000	350	350
敱	1.000000	402	402
敳	1.000000	386	386
敶	1.000000	298	298
敹	1.000000	401	401
敺	1.000000	404	404
敻	1.000000	388	388
敼	1.000000	384	384
敾	1.000000	410	410
敿	1.000000	269	269
斀	1.000000	247	247
斁	1.000000	413	413
斄	1.000000	301	301
斅	1.000000	352	352
斈	1.000000	329	329
斉	1.000000	496	496
斊	1.000000	297	297
斍	1.000000	272	272
斎	1.000000	503	503
斒	1.000000	276	276
斔	1.000000	224	224
斖	1.000000	288	288
斘	1.000000	254	254
斚	1.000000	252	252
斞	1.000000	221	221
斠	1.000000	375	375
斢	1.000000	241	241
斣	1.000000	273	273
斦	1.000000	261	261
斨	1.000000	306	306
斪	1.000000	258	258
斮	1.000000	335	335
斱	1.000000	230	230
斳	1.000000	331	331
斴	1.000000	229	229
斵	1.000000	303	303
斶	1.000000	342	342
斸	1.000000	295	295
斺	1.000000	395	395
斻	1.000000	320	320
斾	1.000000	397	397
斿	1.000000	493	493
旀	1.000000	444	444
旂	1.000000	492	492
旇	1.000000	432	432
旈	1.000000	379	379
旉	1.000000	336	336
旊	1.000000	381	381
旐	1.000000	341	341
旑	1.000000	284	284
旓	1.000000	330	330
旔	1.000000	355	355
旘	1.000000	263	263
旙	1.000000	262	262
旚	1.000000	188	188
旛	1.000000	3	3
旜	1.000000	233	233
旝	1.000000	212	212
旞	1.000000	224	224
旟	1.000000	335	335
无	1.000000	100	100
旡	1.000000	551	551
旣	1.000000	2	2
旤	1.000000	272	272
旪	1.000000	446	446
旫	1.000000	237	237
旲	1.000000	290	290
旳	1.000000	893	893
旴	1.000000	337	337
旵	1.000000	310	310
旹	1.000000	291	291
旻	1.000000	735	735
旼	1.000000	409	409
旽	1.000000	326	326
旾	1.000000	294	294
旿	1.000000	353	353
昁	1.000000	258	258
昃	1.000000	537	537
昄	1.000000	366	366
昅	1.000000	285	285
昈	1.000000	273	273
昋	1.000000	299	299
昍	1.000000	357	357
昐	1.000000	428	428
昑	1.000000	330	330
昒	1.000000	275	275
昖	1.000000	320	320
昗	1.000000	273	273
昘	1.000000	436	436
昙	1.000000	5	5
昚	1.000000	400	400
昛	1.000000	410	410
昜	1.000000	468	468
昞	1.000000	349	349
昢	1.000000	319	319
昣	1.000000	390	390
昤	1.000000	271	271
昦	1.000000	306	306
昩	1.000000	352	352
昪	1.000000	472	472
昬	1.000000	362	362
昮	1.000000	311	311
昰	1.000000	753	753
昲	1.000000	220	220
昳	1.000000	452	452
昶	1.000000	701	701
昷	1.000000	300	300
昸	1.000000	371	371
昹	1.000000	330	330
昺	1.000000	456	456
昻	1.000000	413	413
昿	1.000000	272	272
晀	1.000000	261	261
晁	1.000000	695	695
晄	1.000000	417	417
晅	1.000000	387	387
晆	1.000000	224	224
晇	1.000000	256	256
晈	1.000000	305	305
晊	1.000000	379	379
晋	1.000000	170	170
晍	1.000000	343	343
晎	1.000000	323	323
晐	1.000000	317	317
晑	1.000000	337	337
晘	1.000000	208	208
晙	1.000000	397	397
晛	1.000000	398	398
晜	1.000000	291	291
晠	1.000000	357	357
晡	1.000000	514	514
晢	1.000000	889	889
晣	1.000000	374	374
晥	1.000000	405	405
晧	1.000000	436	436
晩	1.000000	492	492
晪	1.000000	259	259
晫	1.000000	438	438
晭	1.000000	276	276
晱	1.000000	305	305
晲	1.000000	370	370
晳	1.000000	497	497
晵	1.000000	342	342
晸	1.000000	371	371
晹	1.000000	434	434
晻	1.000000	393	393
晼	1.000000	329	329
晽	1.000000	404	404
晿	1.000000	450	450
暀	1.000000	499	499
暁	1.000000	520	520
暃	1.000000	314	314
暅	1.000000	403	403
暆	1.000000	210	210
暊	1.000000	267	267
暋	1.000000	385	385
暍	1.000000	428	428
暎	1.000000	399	399
暏	1.000000	359	359
暐	1.000000	470	470
暒	1.000000	493	493
暓	1.000000	186	186
暔	1.000000	362	362
暕	1.000000	376	376
暙	1.000000	322	322
暚	1.000000	278	278
暛	1.000000	239	239
暜	1.000000	357	357
暞	1.000000	213	213
暟	1.000000	432	432
暠	1.000000	441	441
暡	1.000000	278	278
暣	1.000000	449	449
暤	1.000000	324	324
暥	1.000000	299	299
暦	1.000000	417	417
暩	1.000000	364	364
暪	1.000000	3025	3025
暬	1.000000	197	197
暭	1.000000	320	320
暯	1.000000	297	297
暰	1.000000	318	318
暲	1.000000	299	299
暳	1.000000	289	289
暵	1.000000	295	295
暶	1.000000	320	320
暷	1.000000	256	256
暺	1.000000	194	194
暻	1.000000	392	392
暼	1.000000	362	362
暽	1.000000	196	196
暾	1.000000	539	539
暿	1.000000	340	340
曀	1.000000	411	411
曁	1.000000	401	401
曂	1.000000	393	393
曃	1.000000	262	262
曅	1.000000	268	268
曈	1.000000	559	559
曊	1.000000	370	370
曋	1.000000	262	262
曍	1.000000	199	199
曎	1.000000	191	191
曐	1.000000	422	422
曑	1.000000	275	275
曒	1.000000	298	298
曓	1.000000	353	353
曔	1.000000	260	260
曕	1.000000	349	349
曗	1.000000	321	321
曘	1.000000	345	345
曛	1.000000	560	560
曞	1.000000	489	489
曟	1.000000	482	482
曡	1.000000	457	457
曣	1.000000	302	302
曤	1.000000	300	300
曥	1.000000	252	252
曧	1.000000	275	275
曪	1.000000	396	396
曫	1.000000	209	209
曭	1.000000	214	214
曮	1.000000	277	277
曯	1.000000	260	260
曱	1.000000	12992	12992
曵	1.000000	396	396
曶	1.000000	307	307
曺	1.000000	413	413
曻	1.000000	308	308
曽	1.000000	480	480
朁	1.000000	292	292
朄	1.000000	291	291
朅	1.000000	374	374
朆	1.000000	288	288
朇	1.000000	339	339
朌	1.000000	321	321
朎	1.000000	221	221
朏	1.000000	370	370
朒	1.000000	321	321
朓	1.000000	475	475
朖	1.000000	208	208
朘	1.000000	354	354
朚	1.000000	282	282
朜	1.000000	204	204
朞	1.000000	317	317
朠	1.000000	327	327
朡	1.000000	234	234
朢	1.000000	422	422
朣	1.000000	342	342
朤	1.000000	452	452
朩	1.000000	537	537
朰	1.000000	221	221
朲	1.000000	653	653
朳	1.000000	326	326
朶	1.000000	585	585
朷	1.000000	296	296
朸	1.000000	394	394
朹	1.000000	364	364
机	1.000000	300	300
朻	1.000000	245	245
朼	1.000000	285	285
朾	1.000000	225	225
朿	1.000000	408	408
杀	1.000000	30	30
杁	1.000000	286	286
杂	1.000000	10	10
权	1.000000	10	10
杄	1.000000	340	340
杅	1.000000	360	360
杇	1.000000	1	1
杊	1.000000	301	301
杋	1.000000	300	300
杍	1.000000	414	414
杒	1.000000	233	233
杔	1.000000	240	240
杕	1.000000	367	367
杗	1.000000	257	257
杘	1.000000	336	336
杙	1.000000	348	348
杚	1.000000	236	236
杛	1.000000	258	258
杝	1.000000	279	279
条	1.000000	1	1
杢	1.000000	241	241
杣	1.000000	329	329
杤	1.000000	341	341
来	1.000000	177	177
杦	1.000000	305	305
杫	1.000000	367	367
杬	1.000000	359	359
杮	1.000000	434	434
杶	1.000000	273	273
杸	1.000000	263	263
杹	1.000000	309	309
杺	1.000000	619	619
杻	1.000000	414	414
杽	1.000000	348	348
枀	1.000000	254	254
极	1.000000	347	347
枂	1.000000	448	448
枃	1.000000	485	485
构	1.000000	100	100
枅	1.000000	314	314
枆	1.000000	274	274
枈	1.000000	307	307
枊	1.000000	429	429
枌	1.000000	362	362
枍	1.000000	311	311
枎	1.000000	260	260
枏	1.000000	364	364
枑	1.000000	327	327
枓	1.000000	370	370
枔	1.000000	278	278
枖	1.000000	295	295
枙	1.000000	399	399
枛	1.000000	266	266
枞	1.000000	1	1
枟	1.000000	416	416
枠	1.000000	408	408
枡	1.000000	550	550
枦	1.000000	228	228
枩	1.000000	351	351
枮	1.000000	294	294
枲	1.000000	364	364
枹	1.000000	429	429
枺	1.000000	278	278
枻	1.000000	386	386
枼	1.000000	464	464
枽	1.000000	345	345
枾	1.000000	267	267
枿	1.000000	317	317
柀	1.000000	341	341
柂	1.000000	364	364
柃	1.000000	465	465
柅	1.000000	357	357
柆	1.000000	383	383
柇	1.000000	348	348
柈	1.000000	457	457
柉	1.000000	404	404
柊	1.000000	535	535
柋	1.000000	363	363
柌	1.000000	275	275
柍	1.000000	321	321
柎	1.000000	405	405
柕	1.000000	325	325
柖	1.000000	239	239
柗	1.000000	293	293
柛	1.000000	353	353
柟	1.000000	519	519
柠	1.000000	200	200
柡	1.000000	370	370
柣	1.000000	305	305
柤	1.000000	347	347
柦	1.000000	455	455
柧	1.000000	319	319
柨	1.000000	320	320
柪	1.000000	283	283
柫	1.000000	223	223
柭	1.000000	328	328
柮	1.000000	313	313
柰	1.000000	566	566
柲	1.000000	327	327
柶	1.000000	335	335
柷	1.000000	455	455
柸	1.000000	435	435
柹	1.000000	270	270
査	1.000000	88	88
柼	1.000000	197	197
柽	1.000000	5	5
柾	1.000000	335	335
栀	1.000000	100	100
栁	1.000000	400	400
栂	1.000000	287	287
栃	1.000000	434	434
栄	1.000000	496	496
栅	1.000000	100	100
栔	1.000000	328	328
栕	1.000000	232	232
栖	1.000000	500	500
栘	1.000000	388	388
栙	1.000000	259	259
栚	1.000000	252	252
栛	1.000000	300	300
栜	1.000000	238	238
栞	1.000000	419	419
栟	1.000000	375	375
栠	1.000000	324	324
栢	1.000000	444	444
栣	1.000000	282	282
栤	1.000000	525	525
栥	1.000000	351	351
栦	1.000000	428	428
栧	1.000000	483	483
栨	1.000000	460	460
栫	1.000000	479	479
栬	1.000000	422	422
栭	1.000000	462	462
栮	1.000000	342	342
栯	1.000000	426	426
栰	1.000000	288	288
栵	1.000000	349	349
栶	1.000000	375	375
样	1.000000	100	100
栺	1.000000	445	445
栻	1.000000	439	439
栿	1.000000	365	365
桇	1.000000	268	268
桊	1.000000	368	368
桋	1.000000	254	254
桍	1.000000	251	251
桏	1.000000	194	194
桒	1.000000	309	309
桖	1.000000	505	505
桘	1.000000	235	235
桙	1.000000	183	183
桜	1.000000	606	606
桝	1.000000	295	295
桟	1.000000	329	329
桬	1.000000	296	296
桭	1.000000	336	336
桮	1.000000	1	1
桯	1.000000	383	383
桰	1.000000	273	273
桱	1.000000	289	289
桲	1.000000	387	387
桳	1.000000	371	371
桵	1.000000	300	300
桸	1.000000	362	362
桹	1.000000	287	287
桺	1.000000	373	373
桻	1.000000	298	298
桼	1.000000	320	320
桽	1.000000	266	266
桾	1.000000	304	304
梀	1.000000	318	318
梂	1.000000	275	275
梄	1.000000	259	259
梇	1.000000	232	232
梈	1.000000	267	267
梉	1.000000	268	268
梊	1.000000	227	227
梋	1.000000	255	255
梌	1.000000	270	270
梍	1.000000	269	269
梎	1.000000	188	188
梐	1.000000	275	275
梑	1.000000	267	267
梒	1.000000	305	305
梕	1.000000	331	331
梖	1.000000	340	340
梙	1.000000	198	198
梚	1.000000	358	358
梛	1.000000	361	361
梜	1.000000	281	281
梞	1.000000	290	290
梠	1.000000	356	356
梡	1.000000	324	324
梣	1.000000	371	371
梤	1.000000	279	279
梥	1.000000	271	271
梩	1.000000	322	322
梪	1.000000	294	294
梫	1.000000	327	327
梬	1.000000	247	247
梮	1.000000	303	303
梱	1.000000	1	1
梲	1.000000	362	362
梴	1.000000	285	285
梶	1.000000	565	565
梷	1.000000	210	210
梸	1.000000	221	221
梹	1.000000	307	307
梺	1.000000	443	443
棅	1.000000	290	290
棆	1.000000	331	331
棇	1.000000	283	283
棈	1.000000	430	430
棊	1.000000	2	2
棌	1.000000	451	451
棎	1.000000	383	383
棏	1.000000	535	535
棐	1.000000	401	401
棑	1.000000	88	88
棔	1.000000	317	317
棖	1.000000	579	579
棙	1.000000	290	290
棛	1.000000	208	208
棜	1.000000	264	264
棝	1.000000	356	356
棞	1.000000	229	229
棡	1.000000	3	3
棢	1.000000	250	250
棤	1.000000	429	429
棥	1.000000	266	266
棦	1.000000	335	335
棨	1.000000	427	427
棩	1.000000	482	482
棪	1.000000	373	373
棬	1.000000	458	458
棭	1.000000	308	308
棯	1.000000	352	352
棳	1.000000	305	305
棴	1.000000	421	421
棶	1.000000	409	409
棷	1.000000	303	303
棸	1.000000	348	348
棹	1.000000	624	624
棽	1.000000	368	368
棾	1.000000	248	248
棿	1.000000	436	436
椀	1.000000	459	459
椁	1.000000	200	200
椂	1.000000	464	464
椃	1.000000	308	308
椄	1.000000	437	437
椇	1.000000	415	415
椈	1.000000	467	467
椉	1.000000	245	245
椊	1.000000	297	297
椌	1.000000	384	384
椐	1.000000	554	554
椓	1.000000	335	335
椔	1.000000	257	257
椕	1.000000	262	262
椗	1.000000	177	177
椘	1.000000	391	391
椙	1.000000	300	300
椚	1.000000	455	455
椛	1.000000	524	524
検	1.000000	503	503
椞	1.000000	201	201
椡	1.000000	520	520
椢	1.000000	227	227
椣	1.000000	284	284
椥	1.000000	503	503
椦	1.000000	258	258
椨	1.000000	331	331
椮	1.000000	289	289
椯	1.000000	241	241
椱	1.000000	278	278
椲	1.000000	227	227
椳	1.000000	274	274
椴	1.000000	600	600
椵	1.000000	332	332
椶	1.000000	262	262
椷	1.000000	291	291
椸	1.000000	343	343
椺	1.000000	244	244
椻	1.000000	289	289
椼	1.000000	380	380
椾	1.000000	454	454
楀	1.000000	488	488
楁	1.000000	507	507
楃	1.000000	445	445
楄	1.000000	61	61
楅	1.000000	408	408
楆	1.000000	443	443
楇	1.000000	336	336
楈	1.000000	210	210
楉	1.000000	355	355
楋	1.000000	419	419
楌	1.000000	241	241
楍	1.000000	339	339
楎	1.000000	251	251
楏	1.000000	229	229
楐	1.000000	404	404
楑	1.000000	229	229
楒	1.000000	344	344
楕	1.000000	285	285
楖	1.000000	306	306
楗	1.000000	458	458
楘	1.000000	292	292
楙	1.000000	3	3
楛	1.000000	515	515
楜	1.000000	294	294
楟	1.000000	348	348
楡	1.000000	349	349
楢	1.000000	440	440
楤	1.000000	408	408
楥	1.000000	319	319
楧	1.000000	285	285
楩	1.000000	430	430
楪	1.000000	360	360
楯	1.000000	466	466
楰	1.000000	273	273
楱	1.000000	402	402
楲	1.000000	297	297
楳	1.000000	408	408
楴	1.000000	341	341
楶	1.000000	330	330
楺	1.000000	268	268
楻	1.000000	280	280
楽	1.000000	710	710
楾	1.000000	230	230
榀	1.000000	504	504
榁	1.000000	284	284
榃	1.000000	348	348
榊	1.000000	551	551
榍	1.000000	504	504
榎	1.000000	477	477
榏	1.000000	274	274
榑	1.000000	309	309
榒	1.000000	212	212
榓	1.000000	295	295
榖	1.000000	485	485
榗	1.000000	212	212
榙	1.000000	261	261
榚	1.000000	338	338
榝	1.000000	293	293
榞	1.000000	301	301
榟	1.000000	295	295
榠	1.000000	331	331
榡	1.000000	252	252
榢	1.000000	344	344
榣	1.000000	320	320
榤	1.000000	342	342
榥	1.000000	321	321
榩	1.000000	196	196
榪	1.000000	604	604
榬	1.000000	252	252
榯	1.000000	428	428
榰	1.000000	237	237
榲	1.000000	377	377
榳	1.000000	259	259
榵	1.000000	193	193
榶	1.000000	371	371
榸	1.000000	200	200
榹	1.000000	207	207
榺	1.000000	255	255
榼	1.000000	385	385
榽	1.000000	213	213
榾	1.000000	327	327
槀	1.000000	312	312
槂	1.000000	194	194
槄	1.000000	393	393
槅	1.000000	393	393
槆	1.000000	191	191
槇	1.000000	498	498
槈	1.000000	338	338
槉	1.000000	231	231
槎	1.000000	675	675
槏	1.000000	216	216
槑	1.000000	566	566
槒	1.000000	231	231
槕	1.000000	304	304
槖	1.000000	289	289
槗	1.000000	371	371
様	1.000000	649	649
槙	1.000000	438	438
槜	1.000000	14	14
槝	1.000000	396	396
槞	1.000000	311	311
槡	1.000000	321	321
槢	1.000000	324	324
槣	1.000000	246	246
槥	1.000000	275	275
槦	1.000000	433	433
槧	1.000000	448	448
槩	1.000000	349	349
槪	1.000000	533	533
槫	1.000000	301	301
槬	1.000000	348	348
槮	1.000000	348	348
槯	1.000000	254	254
槰	1.000000	248	248
槱	1.000000	341	341
槴	1.000000	322	322
槵	1.000000	307	307
槶	1.000000	228	228
槷	1.000000	242	242
槸	1.000000	508	508
槹	1.000000	264	264
槻	1.000000	477	477
槼	1.000000	391	391
槾	1.000000	303	303
樀	1.000000	296	296
樃	1.000000	278	278
樄	1.000000	331	331
樆	1.000000	333	333
樇	1.000000	239	239
樈	1.000000	216	216
樉	1.000000	384	384
樋	1.000000	492	492
樌	1.000000	264	264
樍	1.000000	235	235
樎	1.000000	334	334
樏	1.000000	273	273
樐	1.000000	272	272
樒	1.000000	316	316
樔	1.000000	246	246
樖	1.000000	281	281
樗	1.000000	549	549
樘	1.000000	571	571
樚	1.000000	211	211
樜	1.000000	247	247
樝	1.000000	265	265
樠	1.000000	301	301
樢	1.000000	386	386
樤	1.000000	302	302
樥	1.000000	209	209
樦	1.000000	288	288
樧	1.000000	292	292
権	1.000000	478	478
横	1.000000	177	177
樫	1.000000	431	431
樬	1.000000	190	190
樮	1.000000	247	247
樰	1.000000	421	421
樲	1.000000	302	302
樳	1.000000	255	255
樴	1.000000	271	271
樶	1.000000	483	483
樷	1.000000	313	313
樻	1.000000	488	488
樼	1.000000	464	464
樿	1.000000	422	422
橀	1.000000	430	430
橁	1.000000	346	346
橂	1.000000	425	425
橃	1.000000	418	418
橅	1.000000	281	281
橆	1.000000	454	454
橉	1.000000	238	238
橊	1.000000	355	355
橌	1.000000	312	312
橍	1.000000	266	266
橎	1.000000	209	209
橏	1.000000	200	200
橑	1.000000	314	314
橒	1.000000	329	329
橓	1.000000	410	410
橔	1.000000	261	261
橕	1.000000	177	177
橖	1.000000	312	312
橗	1.000000	302	302
橚	1.000000	356	356
橜	1.000000	203	203
橝	1.000000	301	301
橞	1.000000	331	331
橠	1.000000	225	225
橣	1.000000	222	222
橤	1.000000	304	304
橦	1.000000	5	5
橧	1.000000	325	325
橨	1.000000	212	212
橩	1.000000	192	192
橪	1.000000	420	420
橬	1.000000	204	204
橭	1.000000	254	254
橮	1.000000	183	183
橯	1.000000	278	278
橰	1.000000	230	230
橱	1.000000	81	81
橲	1.000000	252	252
橳	1.000000	214	214
橶	1.000000	208	208
橸	1.000000	412	412
橽	1.000000	264	264
橾	1.000000	324	324
橿	1.000000	331	331
檂	1.000000	200	200
檅	1.000000	222	222
檆	1.000000	288	288
檈	1.000000	332	332
檊	1.000000	308	308
檋	1.000000	282	282
檌	1.000000	432	432
檍	1.000000	291	291
檏	1.000000	252	252
檒	1.000000	406	406
檓	1.000000	353	353
檕	1.000000	280	280
檖	1.000000	263	263
檘	1.000000	188	188
檙	1.000000	268	268
檚	1.000000	434	434
檛	1.000000	354	354
檝	1.000000	322	322
檞	1.000000	479	479
檟	1.000000	402	402
檠	1.000000	595	595
檡	1.000000	268	268
檤	1.000000	613	613
檥	1.000000	276	276
檦	1.000000	302	302
檧	1.000000	287	287
檨	1.000000	261	261
檪	1.000000	258	258
檫	1.000000	640	640
檭	1.000000	330	330
檰	1.000000	445	445
檱	1.000000	266	266
檲	1.000000	308	308
檴	1.000000	219	219
檶	1.000000	252	252
檷	1.000000	3	3
檹	1.000000	229	229
檺	1.000000	449	449
檼	1.000000	299	299
檽	1.000000	358	358
檿	1.000000	312	312
櫀	1.000000	241	241
櫁	1.000000	345	345
櫂	1.000000	16	16
櫄	1.000000	343	343
櫅	1.000000	245	245
櫆	1.000000	342	342
櫇	1.000000	236	236
櫈	1.000000	440	440
櫋	1.000000	260	260
櫌	1.000000	405	405
櫍	1.000000	266	266
櫎	1.000000	367	367
櫏	1.000000	271	271
櫐	1.000000	1	1
櫑	1.000000	350	350
櫒	1.000000	401	401
櫔	1.000000	427	427
櫕	1.000000	424	424
櫖	1.000000	223	223
櫗	1.000000	199	199
櫘	1.000000	363	363
櫙	1.000000	379	379
櫜	1.000000	325	325
櫠	1.000000	344	344
櫡	1.000000	263	263
櫢	1.000000	195	195
櫣	1.000000	345	345
櫤	1.000000	313	313
櫧	1.000000	517	517
櫨	1.000000	532	532
櫩	1.000000	253	253
櫭	1.000000	305	305
櫮	1.000000	204	204
櫯	1.000000	268	268
櫰	1.000000	249	249
櫲	1.000000	215	215
櫴	1.000000	284	284
櫶	1.000000	221	221
櫹	1.000000	286	286
櫼	1.000000	252	252
櫽	1.000000	318	318
櫾	1.000000	227	227
櫿	1.000000	218	218
欀	1.000000	270	270
欁	1.000000	176	176
欂	1.000000	313	313
欃	1.000000	303	303
欆	1.000000	315	315
欇	1.000000	265	265
欈	1.000000	214	214
欉	1.000000	322	322
欋	1.000000	306	306
欌	1.000000	301	301
欐	1.000000	472	472
欓	1.000000	416	416
欔	1.000000	247	247
欗	1.000000	299	299
欘	1.000000	223	223
欙	1.000000	360	360
欚	1.000000	195	195
欛	1.000000	251	251
欜	1.000000	180	180
欝	1.000000	289	289
欟	1.000000	334	334
欥	1.000000	406	406
欦	1.000000	276	276
欨	1.000000	191	191
欩	1.000000	214	214
欪	1.000000	309	309
欫	1.000000	222	222
欬	1.000000	388	388
欭	1.000000	251	251
欮	1.000000	264	264
欯	1.000000	233	233
欰	1.000000	218	218
欱	1.000000	292	292
欳	1.000000	216	216
欴	1.000000	300	300
欵	1.000000	343	343
欶	1.000000	289	289
欸	1.000000	2313	2313
欼	1.000000	223	223
歀	1.000000	361	361
歁	1.000000	347	347
歂	1.000000	264	264
歄	1.000000	180	180
歅	1.000000	357	357
歈	1.000000	294	294
歊	1.000000	304	304
歋	1.000000	204	204
歍	1.000000	291	291
歏	1.000000	206	206
歑	1.000000	188	188
歒	1.000000	184	184
歓	1.000000	485	485
歕	1.000000	232	232
歖	1.000000	433	433
歗	1.000000	290	290
歘	1.000000	388	388
歜	1.000000	321	321
歝	1.000000	235	235
歞	1.000000	234	234
歟	1.000000	644	644
歠	1.000000	343	343
歨	1.000000	394	394
歩	1.000000	611	611
歫	1.000000	331	331
歬	1.000000	194	194
歭	1.000000	451	451
歮	1.000000	332	332
歯	1.000000	448	448
歰	1.000000	333	333
歱	1.000000	228	228
歳	1.000000	533	533
歴	1.000000	88	88
歵	1.000000	199	199
歶	1.000000	205	205
歺	1.000000	406	406
歽	1.000000	201	201
歾	1.000000	298	298
殀	1.000000	1	1
殅	1.000000	358	358
殈	1.000000	402	402
殌	1.000000	231	231
殎	1.000000	278	278
殏	1.000000	348	348
殐	1.000000	239	239
殑	1.000000	666	666
殔	1.000000	163	163
殕	1.000000	333	333
殙	1.000000	400	400
殛	1.000000	177	177
殝	1.000000	247	247
殟	1.000000	256	256
殠	1.000000	446	446
殣	1.000000	354	354
殥	1.000000	207	207
殦	1.000000	252	252
殧	1.000000	473	473
殩	1.000000	298	298
殪	1.000000	458	458
殬	1.000000	184	184
殰	1.000000	24	24
殱	1.000000	231	231
殳	1.000000	551	551
殶	1.000000	226	226
殸	1.000000	457	457
殹	1.000000	283	283
殻	1.000000	1245	1245
殽	1.000000	62	62
殾	1.000000	245	245
毁	1.000000	90	90
毃	1.000000	317	317
毄	1.000000	269	269
毇	1.000000	329	329
毈	1.000000	222	222
毉	1.000000	319	319
毊	1.000000	365	365
毌	1.000000	2	2
毎	1.000000	575	575
毑	1.000000	433	433
毚	1.000000	362	362
毞	1.000000	417	417
毟	1.000000	264	264
毠	1.000000	255	255
毢	1.000000	271	271
毣	1.000000	392	392
毤	1.000000	200	200
毥	1.000000	198	198
毦	1.000000	405	405
毧	1.000000	244	244
毨	1.000000	269	269
毩	1.000000	260	260
毪	1.000000	395	395
毭	1.000000	287	287
毰	1.000000	234	234
毱	1.000000	269	269
毲	1.000000	209	209
毴	1.000000	252	252
毷	1.000000	307	307
毸	1.000000	244	244
毺	1.000000	180	180
毻	1.000000	188	188
毼	1.000000	251	251
毾	1.000000	246	246
氀	1.000000	355	355
氁	1.000000	215	215
氃	1.000000	237	237
氄	1.000000	248	248
氉	1.000000	258	258
氊	1.000000	310	310
氋	1.000000	202	202
氐	1.000000	88	88
氒	1.000000	228	228
氕	1.000000	406	406
氖	1.000000	741	741
気	1.000000	266	266
氚	1.000000	552	552
氜	1.000000	553	553
氝	1.000000	326	326
氠	1.000000	320	320
氥	1.000000	383	383
氪	1.000000	581	581
氬	1.000000	696	696
氭	1.000000	469	469
氱	1.000000	479	479
氵	1.000000	680	680
氶	1.000000	466	466
氷	1.000000	615	615
氻	1.000000	435	435
氼	1.000000	438	438
氿	1.000000	464	464
汃	1.000000	306	306
汄	1.000000	350	350
汅	1.000000	250	250
汆	1.000000	234	234
汉	1.000000	1	1
汋	1.000000	387	387
汌	1.000000	358	358
汍	1.000000	3	3
汎	1.000000	856	856
汏	1.000000	635	635
汑	1.000000	224	224
汒	1.000000	401	401
汓	1.000000	313	313
汔	1.000000	496	496
汖	1.000000	265	265
汘	1.000000	308	308
汙	1.000000	177	177
汚	1.000000	88	88
汢	1.000000	400	400
汥	1.000000	376	376
汦	1.000000	290	290
汫	1.000000	329	329
汬	1.000000	314	314
汭	1.000000	476	476
汮	1.000000	297	297
汯	1.000000	328	328
汱	1.000000	290	290
汳	1.000000	266	266
汵	1.000000	309	309
汷	1.000000	224	224
汸	1.000000	497	497
汹	1.000000	100	100
汻	1.000000	503	503
汼	1.000000	411	411
汿	1.000000	233	233
沀	1.000000	167	167
沄	1.000000	411	411
沇	1.000000	385	385
沊	1.000000	418	418
沋	1.000000	463	463
沍	1.000000	1	1
沎	1.000000	218	218
沑	1.000000	352	352
沕	1.000000	462	462
沗	1.000000	253	253
沘	1.000000	386	386
沚	1.000000	474	474
沜	1.000000	299	299
沝	1.000000	409	409
沞	1.000000	188	188
沟	1.000000	10	10
沠	1.000000	218	218
没	1.000000	177	177
沢	1.000000	625	625
沬	1.000000	88	88
沯	1.000000	210	210
沰	1.000000	251	251
沲	1.000000	400	400
沵	1.000000	734	734
沶	1.000000	347	347
沷	1.000000	387	387
沺	1.000000	367	367
泀	1.000000	285	285
泂	1.000000	402	402
泃	1.000000	371	371
泆	1.000000	410	410
泇	1.000000	408	408
泈	1.000000	254	254
泋	1.000000	274	274
泍	1.000000	415	415
泎	1.000000	257	257
泏	1.000000	219	219
泑	1.000000	333	333
泒	1.000000	333	333
泖	1.000000	580	580
泘	1.000000	434	434
泙	1.000000	430	430
泚	1.000000	531	531
泜	1.000000	312	312
泝	1.000000	383	383
泞	1.000000	100	100
泟	1.000000	338	338
泤	1.000000	341	341
泦	1.000000	417	417
泧	1.000000	281	281
泩	1.000000	590	590
泪	1.000000	810	810
泬	1.000000	330	330
泭	1.000000	362	362
泲	1.000000	330	330
泴	1.000000	286	286
泹	1.000000	538	538
泿	1.000000	287	287
洀	1.000000	424	424
洁	1.000000	90	90
洂	1.000000	373	373
洃	1.000000	459	459
洅	1.000000	630	630
洆	1.000000	241	241
洈	1.000000	403	403
洉	1.000000	421	421
洊	1.000000	488	488
洍	1.000000	301	301
洎	1.000000	645	645
洏	1.000000	575	575
洐	1.000000	430	430
洑	1.000000	457	457
洓	1.000000	395	395
洔	1.000000	198	198
洕	1.000000	288	288
洖	1.000000	420	420
洘	1.000000	403	403
洚	1.000000	429	429
洜	1.000000	373	373
洝	1.000000	367	367
洟	1.000000	8	8
洠	1.000000	305	305
洡	1.000000	239	239
洢	1.000000	437	437
洤	1.000000	453	453
洦	1.000000	339	339
洬	1.000000	334	334
洭	1.000000	315	315
洯	1.000000	443	443
洰	1.000000	464	464
洴	1.000000	338	338
洷	1.000000	266	266
洸	1.000000	88	88
洺	1.000000	560	560
洿	1.000000	449	449
浀	1.000000	456	456
浂	1.000000	287	287
浄	1.000000	465	465
浊	1.000000	1	1
浖	1.000000	287	287
浗	1.000000	544	544
浘	1.000000	453	453
浛	1.000000	420	420
浝	1.000000	183	183
浟	1.000000	363	363
浡	1.000000	428	428
浢	1.000000	356	356
浤	1.000000	358	358
浧	1.000000	298	298
浨	1.000000	270	270
浫	1.000000	280	280
浬	1.000000	5	5
浭	1.000000	489	489
浯	1.000000	581	581
浰	1.000000	339	339
浱	1.000000	288	288
浲	1.000000	248	248
浳	1.000000	218	218
浵	1.000000	423	423
浶	1.000000	215	215
浺	1.000000	333	333
浻	1.000000	303	303
浼	1.000000	600	600
浾	1.000000	214	214
浿	1.000000	334	334
涀	1.000000	430	430
涁	1.000000	253	253
涃	1.000000	357	357
涄	1.000000	194	194
涆	1.000000	237	237
涊	1.000000	422	422
涋	1.000000	230	230
涍	1.000000	305	305
涏	1.000000	302	302
涐	1.000000	741	741
涑	1.000000	579	579
涒	1.000000	363	363
涖	1.000000	377	377
涗	1.000000	483	483
涘	1.000000	523	523
涙	1.000000	177	177
涜	1.000000	447	447
涫	1.000000	602	602
涬	1.000000	445	445
涭	1.000000	427	427
涰	1.000000	266	266
涱	1.000000	374	374
涴	1.000000	446	446
涶	1.000000	271	271
涷	1.000000	800	800
涹	1.000000	317	317
涺	1.000000	373	373
涻	1.000000	400	400
涽	1.000000	350	350
涾	1.000000	248	248
淁	1.000000	224	224
淂	1.000000	622	622
淃	1.000000	256	256
淈	1.000000	316	316
淉	1.000000	571	571
淊	1.000000	276	276
淍	1.000000	403	403
淎	1.000000	246	246
淏	1.000000	472	472
淐	1.000000	333	333
淓	1.000000	439	439
淔	1.000000	356	356
淕	1.000000	291	291
淗	1.000000	251	251
淛	1.000000	394	394
淜	1.000000	385	385
淝	1.000000	572	572
淟	1.000000	278	278
淠	1.000000	549	549
淢	1.000000	307	307
淣	1.000000	356	356
淧	1.000000	312	312
淭	1.000000	277	277
淰	1.000000	518	518
淲	1.000000	336	336
淴	1.000000	332	332
淽	1.000000	356	356
淾	1.000000	204	204
淿	1.000000	267	267
渀	1.000000	559	559
渁	1.000000	503	503
渂	1.000000	280	280
渃	1.000000	427	427
渄	1.000000	330	330
渆	1.000000	228	228
渇	1.000000	411	411
済	1.000000	518	518
渉	1.000000	450	450
渋	1.000000	484	484
渒	1.000000	298	298
渓	1.000000	394	394
渕	1.000000	427	427
渘	1.000000	403	403
渜	1.000000	285	285
渞	1.000000	394	394
渟	1.000000	485	485
渢	1.000000	499	499
渧	1.000000	466	466
渨	1.000000	278	278
渪	1.000000	282	282
渮	1.000000	364	364
渱	1.000000	420	420
渳	1.000000	234	234
渵	1.000000	298	298
渶	1.000000	474	474
渷	1.000000	399	399
渹	1.000000	261	261
渻	1.000000	351	351
渼	1.000000	486	486
渽	1.000000	332	332
渿	1.000000	320	320
湀	1.000000	435	435
湁	1.000000	519	519
湂	1.000000	210	210
湅	1.000000	478	478
湆	1.000000	296	296
湇	1.000000	424	424
湈	1.000000	447	447
湋	1.000000	360	360
湌	1.000000	256	256
湏	1.000000	364	364
湐	1.000000	330	330
湑	1.000000	367	367
湒	1.000000	239	239
湓	1.000000	538	538
湕	1.000000	353	353
湗	1.000000	366	366
湙	1.000000	280	280
湚	1.000000	255	255
湜	1.000000	703	703
湝	1.000000	531	531
湠	1.000000	271	271
湡	1.000000	482	482
湢	1.000000	553	553
湣	1.000000	36	36
湤	1.000000	351	351
湥	1.000000	440	440
湦	1.000000	358	358
湨	1.000000	283	283
湩	1.000000	369	369
湪	1.000000	485	485
湫	1.000000	616	616
湬	1.000000	360	360
湭	1.000000	356	356
湰	1.000000	476	476
湱	1.000000	268	268
湳	1.000000	456	456
湴	1.000000	518	518
湵	1.000000	281	281
湶	1.000000	412	412
湷	1.000000	346	346
湸	1.000000	436	436
湹	1.000000	284	284
湺	1.000000	400	400
湻	1.000000	281	281
湼	1.000000	348	348
湽	1.000000	239	239
満	1.000000	600	600
溂	1.000000	416	416
溌	1.000000	264	264
溍	1.000000	411	411
溎	1.000000	324	324
溑	1.000000	242	242
溒	1.000000	270	270
溓	1.000000	370	370
溔	1.000000	322	322
溕	1.000000	305	305
溗	1.000000	281	281
溙	1.000000	315	315
溚	1.000000	380	380
溛	1.000000	199	199
溞	1.000000	411	411
溠	1.000000	285	285
溡	1.000000	605	605
溣	1.000000	335	335
溤	1.000000	304	304
溨	1.000000	284	284
溩	1.000000	238	238
溬	1.000000	149	149
溭	1.000000	296	296
溰	1.000000	267	267
溱	1.000000	581	581
溳	1.000000	243	243
溵	1.000000	312	312
溸	1.000000	249	249
溹	1.000000	338	338
溻	1.000000	506	506
溾	1.000000	281	281
溿	1.000000	359	359
滀	1.000000	467	467
滆	1.000000	489	489
滈	1.000000	504	504
滉	1.000000	463	463
滊	1.000000	485	485
滍	1.000000	335	335
滏	1.000000	516	516
滐	1.000000	410	410
滒	1.000000	490	490
滖	1.000000	337	337
滘	1.000000	266	266
滙	1.000000	355	355
滚	1.000000	120	120
滛	1.000000	401	401
滜	1.000000	258	258
滝	1.000000	504	504
滣	1.000000	416	416
滫	1.000000	326	326
滭	1.000000	369	369
滮	1.000000	344	344
滰	1.000000	199	199
滱	1.000000	269	269
滳	1.000000	315	315
滵	1.000000	418	418
滶	1.000000	267	267
滺	1.000000	433	433
滼	1.000000	285	285
滽	1.000000	304	304
漀	1.000000	353	353
漃	1.000000	510	510
漄	1.000000	361	361
漅	1.000000	287	287
漇	1.000000	218	218
漈	1.000000	550	550
漊	1.000000	265	265
漋	1.000000	295	295
漌	1.000000	211	211
漍	1.000000	326	326
漎	1.000000	382	382
漐	1.000000	270	270
漑	1.000000	365	365
漒	1.000000	338	338
漖	1.000000	498	498
漗	1.000000	192	192
漘	1.000000	306	306
漙	1.000000	351	351
漛	1.000000	217	217
漜	1.000000	249	249
漝	1.000000	339	339
漞	1.000000	284	284
漟	1.000000	419	419
漡	1.000000	319	319
漥	1.000000	441	441
漦	1.000000	303	303
漧	1.000000	331	331
漨	1.000000	368	368
漮	1.000000	287	287
漰	1.000000	311	311
漴	1.000000	351	351
漷	1.000000	551	551
漹	1.000000	311	311
漺	1.000000	310	310
漻	1.000000	412	412
漽	1.000000	210	210
潂	1.000000	203	203
潃	1.000000	450	450
潅	1.000000	389	389
潊	1.000000	238	238
潎	1.000000	374	374
潐	1.000000	356	356
潒	1.000000	526	526
潓	1.000000	352	352
潕	1.000000	480	480
潖	1.000000	340	340
潗	1.000000	436	436
潙	1.000000	637	637
潚	1.000000	402	402
潜	1.000000	100	100
潝	1.000000	271	271
潠	1.000000	319	319
潡	1.000000	340	340
潣	1.000000	386	386
潥	1.000000	331	331
潧	1.000000	467	467
潨	1.000000	572	572
潩	1.000000	399	399
潪	1.000000	449	449
潫	1.000000	318	318
潬	1.000000	377	377
潱	1.000000	298	298
潳	1.000000	312	312
潵	1.000000	488	488
潶	1.000000	571	571
潷	1.000000	572	572
潹	1.000000	344	344
潻	1.000000	353	353
潾	1.000000	376	376
澃	1.000000	343	343
澅	1.000000	262	262
澊	1.000000	419	419
澋	1.000000	262	262
澍	1.000000	666	666
澏	1.000000	267	267
澐	1.000000	489	489
澑	1.000000	335	335
澓	1.000000	288	288
澔	1.000000	499	499
澕	1.000000	451	451
澖	1.000000	305	305
澘	1.000000	376	376
澙	1.000000	339	339
澞	1.000000	259	259
澟	1.000000	339	339
澢	1.000000	357	357
澣	1.000000	383	383
澦	1.000000	368	368
澨	1.000000	343	343
澩	1.000000	559	559
澪	1.000000	516	516
澫	1.000000	411	411
澬	1.000000	437	437
澭	1.000000	313	313
澮	1.000000	626	626
澯	1.000000	251	251
澰	1.000000	221	221
澲	1.000000	333	333
澴	1.000000	378	378
澵	1.000000	194	194
澷	1.000000	378	378
澸	1.000000	355	355
澺	1.000000	341	341
澻	1.000000	221	221
澼	1.000000	366	366
澽	1.000000	278	278
澾	1.000000	1	1
澿	1.000000	276	276
濄	1.000000	630	630
濅	1.000000	440	440
濆	1.000000	498	498
濇	1.000000	476	476
濈	1.000000	456	456
濋	1.000000	480	480
濌	1.000000	309	309
濍	1.000000	239	239
濎	1.000000	302	302
濏	1.000000	296	296
濐	1.000000	298	298
濓	1.000000	394	394
濔	1.000000	374	374
濖	1.000000	204	204
濗	1.000000	233	233
濙	1.000000	400	400
濚	1.000000	211	211
濜	1.000000	243	243
濝	1.000000	238	238
濢	1.000000	319	319
濣	1.000000	267	267
濥	1.000000	297	297
濦	1.000000	226	226
濧	1.000000	410	410
濨	1.000000	305	305
濪	1.000000	347	347
濭	1.000000	227	227
濲	1.000000	239	239
濳	1.000000	326	326
濴	1.000000	242	242
濵	1.000000	279	279
濶	1.000000	374	374
濷	1.000000	274	274
濻	1.000000	203	203
濼	1.000000	621	621
濽	1.000000	299	299
濿	1.000000	299	299
瀀	1.000000	343	343
瀁	1.000000	1	1
瀂	1.000000	253	253
瀃	1.000000	228	228
瀄	1.000000	288	288
瀈	1.000000	187	187
瀊	1.000000	278	278
瀌	1.000000	330	330
瀎	1.000000	304	304
瀐	1.000000	233	233
瀒	1.000000	226	226
瀓	1.000000	273	273
瀔	1.000000	233	233
瀖	1.000000	232	232
瀗	1.000000	184	184
瀙	1.000000	449	449
瀜	1.000000	368	368
瀞	1.000000	550	550
瀡	1.000000	533	533
瀢	1.000000	219	219
瀤	1.000000	289	289
瀥	1.000000	193	193
瀩	1.000000	215	215
瀪	1.000000	337	337
瀫	1.000000	270	270
瀬	1.000000	589	589
瀯	1.000000	387	387
瀱	1.000000	212	212
瀳	1.000000	262	262
瀴	1.000000	253	253
瀵	1.000000	528	528
瀶	1.000000	301	301
瀷	1.000000	458	458
瀸	1.000000	319	319
瀹	1.000000	636	636
瀺	1.000000	340	340
瀻	1.000000	362	362
瀽	1.000000	377	377
瀿	1.000000	367	367
灀	1.000000	364	364
灁	1.000000	259	259
灂	1.000000	297	297
灄	1.000000	449	449
灅	1.000000	333	333
灆	1.000000	479	479
灇	1.000000	218	218
灈	1.000000	312	312
灉	1.000000	436	436
灊	1.000000	369	369
灋	1.000000	377	377
灍	1.000000	234	234
灐	1.000000	306	306
灒	1.000000	285	285
灓	1.000000	228	228
灔	1.000000	336	336
灖	1.000000	228	228
灗	1.000000	239	239
灙	1.000000	281	281
灚	1.000000	392	392
灛	1.000000	265	265
灟	1.000000	244	244
灠	1.000000	379	379
灡	1.000000	411	411
灥	1.000000	360	360
灦	1.000000	347	347
灪	1.000000	309	309
灬	1.000000	840	840
灮	1.000000	311	311
灯	1.000000	90	90
灱	1.000000	267	267
灲	1.000000	282	282
灳	1.000000	255	255
灴	1.000000	314	314
灵	1.000000	10	10
灷	1.000000	200	200
灹	1.000000	230	230
灺	1.000000	428	428
灻	1.000000	233	233
灾	1.000000	1000	1000
炁	1.000000	535	535
炂	1.000000	171	171
炃	1.000000	296	296
炄	1.000000	215	215
炇	1.000000	198	198
炈	1.000000	194	194
炋	1.000000	192	192
炌	1.000000	239	239
炍	1.000000	228	228
炏	1.000000	330	330
炐	1.000000	285	285
炑	1.000000	343	343
炓	1.000000	309	309
炗	1.000000	215	215
炘	1.000000	479	479
炚	1.000000	251	251
炛	1.000000	319	319
炟	1.000000	385	385
炠	1.000000	221	221
炡	1.000000	320	320
炢	1.000000	199	199
炣	1.000000	340	340
炤	1.000000	564	564
炥	1.000000	210	210
炦	1.000000	192	192
炧	1.000000	267	267
炨	1.000000	236	236
炩	1.000000	307	307
炪	1.000000	518	518
炰	1.000000	429	429
炱	1.000000	539	539
炲	1.000000	467	467
炴	1.000000	461	461
炵	1.000000	441	441
炶	1.000000	425	425
炻	1.000000	533	533
炾	1.000000	288	288
烀	1.000000	521	521
烄	1.000000	298	298
烅	1.000000	271	271
烆	1.000000	372	372
烇	1.000000	360	360
烉	1.000000	215	215
烋	1.000000	353	353
烌	1.000000	215	215
烍	1.000000	294	294
烎	1.000000	505	505
烐	1.000000	187	187
烑	1.000000	255	255
烒	1.000000	258	258
烓	1.000000	244	244
烔	1.000000	460	460
烕	1.000000	296	296
烖	1.000000	302	302
烗	1.000000	245	245
烚	1.000000	349	349
烛	1.000000	90	90
烞	1.000000	199	199
烟	1.000000	990	990
烠	1.000000	401	401
烡	1.000000	188	188
烢	1.000000	228	228
烣	1.000000	366	366
烮	1.000000	404	404
烰	1.000000	269	269
烱	1.000000	357	357
烲	1.000000	291	291
烳	1.000000	231	231
烵	1.000000	227	227
烶	1.000000	221	221
烸	1.000000	519	519
烺	1.000000	462	462
烻	1.000000	246	246
烼	1.000000	188	188
烾	1.000000	297	297
烿	1.000000	212	212
焀	1.000000	329	329
焁	1.000000	259	259
焂	1.000000	256	256
焃	1.000000	237	237
焄	1.000000	389	389
焅	1.000000	320	320
焆	1.000000	255	255
焇	1.000000	256	256
焈	1.000000	190	190
焋	1.000000	322	322
焌	1.000000	402	402
焍	1.000000	280	280
焎	1.000000	197	197
焏	1.000000	250	250
焐	1.000000	608	608
焔	1.000000	405	405
焛	1.000000	259	259
焜	1.000000	512	512
焝	1.000000	229	229
焞	1.000000	340	340
焟	1.000000	337	337
焠	1.000000	385	385
焢	1.000000	315	315
焣	1.000000	211	211
焤	1.000000	263	263
焥	1.000000	185	185
焧	1.000000	174	174
焨	1.000000	193	193
焪	1.000000	299	299
焫	1.000000	319	319
焬	1.000000	317	317
焭	1.000000	214	214
焮	1.000000	266	266
焯	1.000000	177	177
焱	1.000000	875	875
焲	1.000000	236	236
焳	1.000000	194	194
焴	1.000000	274	274
焵	1.000000	238	238
焷	1.000000	220	220
焸	1.000000	298	298
焺	1.000000	258	258
焼	1.000000	505	505
煁	1.000000	267	267
煂	1.000000	184	184
煄	1.000000	471	471
煆	1.000000	345	345
煇	1.000000	440	440
煈	1.000000	396	396
煋	1.000000	555	555
煍	1.000000	279	279
煏	1.000000	273	273
煐	1.000000	339	339
煑	1.000000	315	315
煓	1.000000	386	386
煔	1.000000	231	231
煕	1.000000	419	419
煖	1.000000	63	63
煗	1.000000	287	287
煘	1.000000	279	279
煚	1.000000	389	389
煛	1.000000	320	320
煝	1.000000	260	260
煟	1.000000	325	325
煠	1.000000	318	318
煡	1.000000	473	473
煣	1.000000	293	293
煪	1.000000	210	210
煫	1.000000	208	208
煭	1.000000	429	429
煯	1.000000	221	221
煰	1.000000	234	234
煳	1.000000	569	569
煹	1.000000	315	315
煺	1.000000	531	531
煻	1.000000	366	366
煼	1.000000	249	249
煾	1.000000	350	350
煿	1.000000	373	373
熀	1.000000	404	404
熁	1.000000	331	331
熂	1.000000	301	301
熃	1.000000	243	243
熆	1.000000	295	295
熈	1.000000	389	389
熉	1.000000	239	239
熋	1.000000	401	401
熌	1.000000	340	340
熍	1.000000	215	215
熎	1.000000	221	221
熐	1.000000	224	224
熑	1.000000	264	264
熕	1.000000	251	251
熗	1.000000	641	641
熘	1.000000	618	618
熚	1.000000	252	252
熛	1.000000	339	339
熝	1.000000	273	273
熞	1.000000	284	284
熡	1.000000	241	241
熢	1.000000	259	259
熣	1.000000	317	317
熤	1.000000	311	311
熥	1.000000	386	386
熦	1.000000	336	336
熧	1.000000	183	183
熩	1.000000	175	175
熪	1.000000	228	228
熫	1.000000	219	219
熭	1.000000	244	244
熮	1.000000	186	186
熯	1.000000	322	322
熰	1.000000	281	281
熶	1.000000	438	438
熷	1.000000	493	493
熸	1.000000	513	513
熺	1.000000	475	475
熻	1.000000	462	462
熼	1.000000	424	424
熽	1.000000	292	292
熿	1.000000	265	265
燀	1.000000	328	328
燂	1.000000	394	394
燄	1.000000	711	711
燅	1.000000	213	213
燆	1.000000	241	241
燇	1.000000	322	322
燊	1.000000	266	266
燋	1.000000	400	400
燌	1.000000	279	279
燍	1.000000	241	241
燏	1.000000	392	392
燑	1.000000	345	345
燓	1.000000	278	278
燖	1.000000	256	256
燗	1.000000	295	295
燘	1.000000	255	255
燚	1.000000	555	555
燛	1.000000	305	305
燡	1.000000	297	297
燢	1.000000	251	251
燣	1.000000	209	209
燤	1.000000	251	251
燨	1.000000	275	275
燩	1.000000	258	258
燪	1.000000	260	260
燫	1.000000	267	267
燬	1.000000	88	88
燯	1.000000	281	281
燰	1.000000	329	329
燱	1.000000	362	362
燲	1.000000	198	198
燳	1.000000	432	432
燵	1.000000	275	275
燸	1.000000	252	252
燺	1.000000	184	184
燽	1.000000	210	210
爀	1.000000	406	406
爁	1.000000	338	338
爂	1.000000	223	223
爃	1.000000	270	270
爄	1.000000	251	251
爅	1.000000	277	277
爇	1.000000	419	419
爈	1.000000	201	201
爉	1.000000	309	309
爊	1.000000	310	310
爋	1.000000	221	221
爌	1.000000	320	320
爏	1.000000	256	256
爑	1.000000	166	166
爒	1.000000	231	231
爓	1.000000	301	301
爔	1.000000	307	307
爕	1.000000	252	252
爖	1.000000	337	337
爗	1.000000	228	228
爙	1.000000	226	226
爚	1.000000	315	315
爜	1.000000	402	402
爝	1.000000	442	442
爞	1.000000	375	375
爟	1.000000	289	289
爠	1.000000	338	338
爡	1.000000	209	209
爢	1.000000	295	295
爣	1.000000	399	399
爤	1.000000	353	353
爥	1.000000	232	232
爦	1.000000	208	208
爧	1.000000	359	359
爩	1.000000	251	251
爫	1.000000	380	380
爮	1.000000	333	333
爯	1.000000	282	282
爴	1.000000	248	248
爼	1.000000	331	331
爿	1.000000	565	565
牁	1.000000	498	498
牂	1.000000	465	465
牃	1.000000	376	376
牄	1.000000	281	281
牅	1.000000	344	344
牊	1.000000	331	331
牋	1.000000	643	643
牎	1.000000	488	488
牐	1.000000	550	550
牑	1.000000	342	342
牓	1.000000	388	388
牔	1.000000	224	224
牕	1.000000	280	280
牗	1.000000	365	365
牚	1.000000	177	177
牞	1.000000	463	463
牣	1.000000	343	343
牥	1.000000	387	387
牦	1.000000	370	370
牨	1.000000	283	283
牪	1.000000	319	319
牫	1.000000	371	371
牬	1.000000	368	368
牭	1.000000	368	368
牮	1.000000	405	405
牰	1.000000	315	315
牱	1.000000	399	399
牳	1.000000	406	406
牶	1.000000	363	363
牷	1.000000	361	361
牻	1.000000	385	385
牼	1.000000	321	321
牿	1.000000	367	367
犂	1.000000	358	358
犃	1.000000	302	302
犅	1.000000	339	339
犆	1.000000	331	331
犇	1.000000	594	594
犈	1.000000	263	263
犉	1.000000	303	303
犌	1.000000	319	319
犏	1.000000	340	340
犐	1.000000	287	287
犑	1.000000	302	302
犓	1.000000	375	375
犔	1.000000	263	263
犕	1.000000	299	299
犗	1.000000	301	301
犘	1.000000	360	360
犙	1.000000	285	285
犚	1.000000	338	338
犜	1.000000	332	332
犝	1.000000	405	405
犞	1.000000	315	315
犠	1.000000	266	266
犡	1.000000	255	255
犣	1.000000	208	208
犤	1.000000	443	443
犥	1.000000	196	196
犦	1.000000	440	440
犨	1.000000	368	368
犩	1.000000	310	310
犪	1.000000	355	355
犫	1.000000	337	337
犭	1.000000	593	593
犮	1.000000	390	390
犱	1.000000	436	436
犲	1.000000	511	511
犳	1.000000	473	473
犴	1.000000	481	481
犹	1.000000	90	90
犻	1.000000	400	400
犼	1.000000	462	462
犽	1.000000	450	450
犾	1.000000	383	383
犿	1.000000	293	293
狁	1.000000	425	425
狅	1.000000	412	412
狆	1.000000	533	533
狇	1.000000	285	285
狊	1.000000	278	278
狋	1.000000	264	264
狌	1.000000	426	426
狏	1.000000	207	207
狑	1.000000	258	258
狔	1.000000	371	371
狕	1.000000	208	208
狖	1.000000	391	391
狘	1.000000	243	243
狚	1.000000	428	428
狛	1.000000	382	382
狜	1.000000	266	266
狟	1.000000	366	366
狢	1.000000	326	326
狣	1.000000	351	351
狤	1.000000	332	332
狥	1.000000	313	313
狦	1.000000	338	338
狧	1.000000	264	264
狨	1.000000	433	433
狪	1.000000	348	348
狫	1.000000	294	294
狴	1.000000	381	381
狵	1.000000	296	296
狶	1.000000	343	343
狺	1.000000	347	347
狾	1.000000	281	281
狿	1.000000	307	307
猀	1.000000	345	345
猂	1.000000	301	301
猄	1.000000	395	395
猅	1.000000	271	271
猆	1.000000	260	260
猈	1.000000	294	294
猉	1.000000	227	227
猋	1.000000	400	400
猌	1.000000	236	236
猍	1.000000	335	335
猎	1.000000	200	200
猏	1.000000	237	237
猐	1.000000	371	371
猑	1.000000	201	201
猒	1.000000	314	314
猓	1.000000	575	575
猔	1.000000	269	269
猘	1.000000	314	314
猚	1.000000	232	232
猟	1.000000	391	391
猣	1.000000	236	236
猤	1.000000	250	250
猦	1.000000	385	385
猧	1.000000	361	361
猨	1.000000	322	322
猪	1.000000	310	310
猫	1.000000	320	320
猬	1.000000	200	200
猭	1.000000	368	368
献	1.000000	30	30
猯	1.000000	308	308
猰	1.000000	393	393
猲	1.000000	315	315
猵	1.000000	365	365
猹	1.000000	424	424
猺	1.000000	350	350
猼	1.000000	321	321
猽	1.000000	308	308
獀	1.000000	252	252
獂	1.000000	274	274
獃	1.000000	1818	1818
獆	1.000000	282	282
獉	1.000000	277	277
獊	1.000000	430	430
獋	1.000000	287	287
獌	1.000000	298	298
獍	1.000000	536	536
獏	1.000000	380	380
獓	1.000000	302	302
獔	1.000000	156	156
獖	1.000000	229	229
獘	1.000000	265	265
獙	1.000000	374	374
獚	1.000000	390	390
獛	1.000000	221	221
獜	1.000000	297	297
獝	1.000000	301	301
獞	1.000000	336	336
獟	1.000000	357	357
獡	1.000000	311	311
獢	1.000000	275	275
獣	1.000000	499	499
獥	1.000000	371	371
獦	1.000000	356	356
獧	1.000000	244	244
獩	1.000000	321	321
獫	1.000000	341	341
獯	1.000000	562	562
獳	1.000000	353	353
獶	1.000000	309	309
獹	1.000000	252	252
獽	1.000000	267	267
獿	1.000000	291	291
玁	1.000000	348	348
玂	1.000000	297	297
玅	1.000000	118	118
玆	1.000000	114	114
玈	1.000000	337	337
玊	1.000000	397	397
玌	1.000000	239	239
玍	1.000000	605	605
玏	1.000000	383	383
玐	1.000000	381	381
玒	1.000000	332	332
玔	1.000000	334	334
玘	1.000000	554	554
玜	1.000000	321	321
玝	1.000000	315	315
玞	1.000000	436	436
玠	1.000000	542	542
玣	1.000000	212	212
玤	1.000000	228	228
玦	1.000000	528	528
玧	1.000000	340	340
玨	1.000000	1	1
玪	1.000000	403	403
玬	1.000000	384	384
玭	1.000000	379	379
玴	1.000000	240	240
玵	1.000000	406	406
玶	1.000000	382	382
玸	1.000000	256	256
玹	1.000000	534	534
玼	1.000000	357	357
玽	1.000000	237	237
玾	1.000000	285	285
玿	1.000000	261	261
珁	1.000000	183	183
珃	1.000000	355	355
珄	1.000000	440	440
珆	1.000000	389	389
珇	1.000000	344	344
珋	1.000000	331	331
珌	1.000000	361	361
珎	1.000000	499	499
珏	1.000000	859	859
珐	1.000000	60	60
珒	1.000000	309	309
珔	1.000000	257	257
珕	1.000000	277	277
珖	1.000000	366	366
珗	1.000000	407	407
珘	1.000000	276	276
珚	1.000000	238	238
珛	1.000000	416	416
珜	1.000000	340	340
珝	1.000000	374	374
珟	1.000000	252	252
珡	1.000000	393	393
珢	1.000000	324	324
珤	1.000000	285	285
珦	1.000000	419	419
珧	1.000000	460	460
珨	1.000000	410	410
珩	1.000000	665	665
珪	1.000000	577	577
珫	1.000000	297	297
珬	1.000000	257	257
珮	1.000000	140	140
珱	1.000000	223	223
珳	1.000000	303	303
珴	1.000000	619	619
珵	1.000000	436	436
珶	1.000000	354	354
珷	1.000000	439	439
珸	1.000000	405	405
珹	1.000000	417	417
珺	1.000000	732	732
珻	1.000000	475	475
珼	1.000000	439	439
珽	1.000000	440	440
珿	1.000000	317	317
琀	1.000000	438	438
琁	1.000000	398	398
琂	1.000000	405	405
琄	1.000000	366	366
琇	1.000000	589	589
琈	1.000000	364	364
琋	1.000000	386	386
琌	1.000000	414	414
琍	1.000000	663	663
琓	1.000000	493	493
琔	1.000000	325	325
琕	1.000000	306	306
琖	1.000000	313	313
琗	1.000000	291	291
琘	1.000000	258	258
琙	1.000000	330	330
琚	1.000000	587	587
琜	1.000000	321	321
琝	1.000000	269	269
琞	1.000000	339	339
琟	1.000000	265	265
琠	1.000000	370	370
琡	1.000000	291	291
琣	1.000000	356	356
琧	1.000000	266	266
琩	1.000000	353	353
琫	1.000000	318	318
琬	1.000000	649	649
琭	1.000000	402	402
琯	1.000000	516	516
琰	1.000000	768	768
琱	1.000000	738	738
琲	1.000000	500	500
琸	1.000000	326	326
琹	1.000000	357	357
琽	1.000000	288	288
琾	1.000000	481	481
瑀	1.000000	574	574
瑂	1.000000	333	333
瑃	1.000000	330	330
瑅	1.000000	437	437
瑆	1.000000	458	458
瑇	1.000000	292	292
瑈	1.000000	360	360
瑉	1.000000	359	359
瑊	1.000000	409	409
瑌	1.000000	193	193
瑍	1.000000	336	336
瑎	1.000000	272	272
瑏	1.000000	448	448
瑐	1.000000	339	339
瑒	1.000000	407	407
瑓	1.000000	287	287
瑔	1.000000	337	337
瑖	1.000000	307	307
瑘	1.000000	273	273
瑝	1.000000	456	456
瑠	1.000000	538	538
瑡	1.000000	339	339
瑢	1.000000	483	483
瑥	1.000000	356	356
瑦	1.000000	376	376
瑧	1.000000	410	410
瑨	1.000000	474	474
瑫	1.000000	312	312
瑬	1.000000	407	407
瑭	1.000000	543	543
瑮	1.000000	346	346
瑱	1.000000	450	450
瑲	1.000000	309	309
瑳	1.000000	367	367
瑴	1.000000	335	335
瑵	1.000000	286	286
瑹	1.000000	295	295
瑺	1.000000	488	488
瑻	1.000000	187	187
瑼	1.000000	242	242
瑽	1.000000	1	1
瑿	1.000000	302	302
璁	1.000000	626	626
璂	1.000000	335	335
璄	1.000000	401	401
璅	1.000000	291	291
璆	1.000000	398	398
璈	1.000000	399	399
璊	1.000000	317	317
璌	1.000000	216	216
璏	1.000000	270	270
璑	1.000000	443	443
璒	1.000000	294	294
璓	1.000000	326	326
璔	1.000000	305	305
璕	1.000000	340	340
璖	1.000000	254	254
璗	1.000000	345	345
璘	1.000000	573	573
璙	1.000000	237	237
璚	1.000000	306	306
璛	1.000000	267	267
璝	1.000000	385	385
璟	1.000000	743	743
璠	1.000000	530	530
璡	1.000000	372	372
璢	1.000000	257	257
璥	1.000000	301	301
璩	1.000000	580	580
璪	1.000000	384	384
璬	1.000000	258	258
璭	1.000000	180	180
璮	1.000000	352	352
璯	1.000000	385	385
璱	1.000000	344	344
璲	1.000000	334	334
璳	1.000000	233	233
璵	1.000000	504	504
璶	1.000000	349	349
璷	1.000000	241	241
璸	1.000000	307	307
璹	1.000000	338	338
璻	1.000000	252	252
璼	1.000000	231	231
璾	1.000000	260	260
瓀	1.000000	283	283
瓁	1.000000	571	571
瓂	1.000000	360	360
瓃	1.000000	249	249
瓄	1.000000	176	176
瓆	1.000000	249	249
瓇	1.000000	293	293
瓈	1.000000	355	355
瓉	1.000000	254	254
瓋	1.000000	203	203
瓌	1.000000	352	352
瓍	1.000000	340	340
瓎	1.000000	261	261
瓐	1.000000	226	226
瓑	1.000000	410	410
瓓	1.000000	298	298
瓕	1.000000	369	369
瓖	1.000000	28	28
瓗	1.000000	206	206
瓘	1.000000	477	477
瓙	1.000000	474	474
瓛	1.000000	371	371
瓝	1.000000	238	238
瓟	1.000000	398	398
瓡	1.000000	294	294
瓥	1.000000	349	349
瓧	1.000000	361	361
瓨	1.000000	390	390
瓩	1.000000	333	333
瓪	1.000000	279	279
瓫	1.000000	240	240
瓬	1.000000	360	360
瓭	1.000000	228	228
瓮	1.000000	553	553
瓰	1.000000	209	209
瓱	1.000000	200	200
瓲	1.000000	177	177
瓳	1.000000	202	202
瓵	1.000000	265	265
瓸	1.000000	197	197
瓹	1.000000	267	267
瓺	1.000000	212	212
瓻	1.000000	276	276
瓼	1.000000	194	194
瓽	1.000000	288	288
瓾	1.000000	196	196
甀	1.000000	283	283
甁	1.000000	454	454
甂	1.000000	265	265
甃	1.000000	430	430
甆	1.000000	295	295
甇	1.000000	197	197
甈	1.000000	272	272
甉	1.000000	212	212
甊	1.000000	313	313
甋	1.000000	263	263
甎	1.000000	282	282
甏	1.000000	524	524
甐	1.000000	205	205
甒	1.000000	310	310
甓	1.000000	519	519
甔	1.000000	258	258
甖	1.000000	177	177
甗	1.000000	390	390
甙	1.000000	724	724
甛	1.000000	478	478
甝	1.000000	265	265
甞	1.000000	372	372
甠	1.000000	294	294
甡	1.000000	497	497
産	1.000000	1	1
甤	1.000000	290	290
甧	1.000000	254	254
甪	1.000000	149	149
甮	1.000000	340	340
甴	1.000000	12992	12992
甶	1.000000	352	352
甹	1.000000	263	263
甼	1.000000	274	274
甽	1.000000	413	413
甿	1.000000	353	353
畁	1.000000	347	347
畂	1.000000	303	303
畃	1.000000	218	218
畄	1.000000	391	391
畆	1.000000	224	224
畇	1.000000	310	310
畈	1.000000	664	664
畉	1.000000	278	278
畊	1.000000	504	504
畍	1.000000	258	258
畐	1.000000	494	494
畓	1.000000	203	203
畕	1.000000	258	258
畖	1.000000	272	272
畗	1.000000	382	382
畘	1.000000	332	332
畞	1.000000	366	366
畟	1.000000	299	299
畠	1.000000	447	447
畡	1.000000	295	295
畣	1.000000	326	326
畤	1.000000	437	437
畧	1.000000	386	386
畨	1.000000	466	466
畩	1.000000	472	472
畭	1.000000	258	258
畮	1.000000	305	305
畯	1.000000	398	398
畱	1.000000	597	597
畳	1.000000	379	379
畵	1.000000	8	8
畷	1.000000	327	327
畺	1.000000	326	326
畻	1.000000	367	367
畼	1.000000	442	442
畽	1.000000	254	254
畾	1.000000	453	453
疀	1.000000	199	199
疁	1.000000	357	357
疂	1.000000	376	376
疃	1.000000	676	676
疄	1.000000	428	428
疅	1.000000	192	192
疈	1.000000	200	200
疉	1.000000	291	291
疌	1.000000	337	337
疎	1.000000	387	387
疒	1.000000	464	464
疓	1.000000	296	296
疕	1.000000	339	339
疘	1.000000	294	294
疛	1.000000	226	226
疜	1.000000	464	464
疞	1.000000	243	243
疠	1.000000	1	1
疢	1.000000	342	342
疦	1.000000	215	215
疧	1.000000	443	443
疨	1.000000	370	370
疩	1.000000	264	264
疪	1.000000	351	351
疰	1.000000	443	443
疴	1.000000	177	177
疶	1.000000	223	223
疷	1.000000	218	218
疺	1.000000	329	329
疻	1.000000	439	439
疿	1.000000	121	121
痁	1.000000	326	326
痃	1.000000	419	419
痆	1.000000	348	348
痋	1.000000	509	509
痌	1.000000	521	521
痎	1.000000	310	310
痏	1.000000	394	394
痐	1.000000	304	304
痑	1.000000	273	273
痒	1.000000	90	90
痓	1.000000	339	339
痗	1.000000	324	324
痚	1.000000	199	199
痜	1.000000	296	296
痝	1.000000	231	231
痟	1.000000	326	326
痡	1.000000	304	304
痥	1.000000	219	219
痩	1.000000	475	475
痬	1.000000	234	234
痭	1.000000	317	317
痮	1.000000	325	325
痯	1.000000	236	236
痳	1.000000	2	2
痵	1.000000	271	271
痶	1.000000	265	265
痷	1.000000	326	326
痸	1.000000	249	249
痻	1.000000	177	177
痽	1.000000	356	356
瘃	1.000000	348	348
瘇	1.000000	320	320
瘈	1.000000	366	366
瘉	1.000000	69	69
瘎	1.000000	394	394
瘏	1.000000	313	313
瘑	1.000000	402	402
瘒	1.000000	283	283
瘔	1.000000	390	390
瘕	1.000000	490	490
瘚	1.000000	233	233
瘛	1.000000	549	549
瘜	1.000000	375	375
瘞	1.000000	508	508
瘣	1.000000	291	291
瘥	1.000000	459	459
瘨	1.000000	339	339
瘬	1.000000	363	363
瘭	1.000000	310	310
瘮	1.000000	452	452
瘯	1.000000	409	409
瘱	1.000000	192	192
瘲	1.000000	364	364
瘳	1.000000	470	470
瘵	1.000000	427	427
瘶	1.000000	186	186
瘷	1.000000	171	171
瘹	1.000000	302	302
瘺	1.000000	721	721
瘽	1.000000	423	423
癀	1.000000	446	446
癁	1.000000	309	309
癄	1.000000	191	191
癅	1.000000	249	249
癈	1.000000	449	449
癊	1.000000	326	326
癋	1.000000	327	327
癍	1.000000	511	511
癎	1.000000	481	481
癏	1.000000	295	295
癐	1.000000	88	88
癑	1.000000	281	281
癓	1.000000	345	345
癕	1.000000	322	322
癗	1.000000	307	307
癙	1.000000	395	395
癚	1.000000	272	272
癛	1.000000	277	277
癠	1.000000	293	293
癨	1.000000	262	262
癪	1.000000	260	260
癴	1.000000	250	250
癵	1.000000	289	289
癶	1.000000	468	468
癹	1.000000	354	354
発	1.000000	619	619
癿	1.000000	454	454
皀	1.000000	343	343
皃	1.000000	325	325
皅	1.000000	367	367
皉	1.000000	305	305
皊	1.000000	403	403
皌	1.000000	334	334
皍	1.000000	329	329
皏	1.000000	238	238
皐	1.000000	394	394
皔	1.000000	230	230
皕	1.000000	417	417
皗	1.000000	221	221
皘	1.000000	300	300
皛	1.000000	505	505
皜	1.000000	409	409
皞	1.000000	476	476
皟	1.000000	377	377
皠	1.000000	361	361
皡	1.000000	292	292
皢	1.000000	440	440
皣	1.000000	225	225
皥	1.000000	383	383
皦	1.000000	398	398
皧	1.000000	506	506
皨	1.000000	348	348
皩	1.000000	243	243
皪	1.000000	382	382
皫	1.000000	253	253
皬	1.000000	451	451
皭	1.000000	313	313
皯	1.000000	478	478
皳	1.000000	271	271
皵	1.000000	457	457
皶	1.000000	291	291
皷	1.000000	306	306
皹	1.000000	269	269
皻	1.000000	363	363
皽	1.000000	306	306
皾	1.000000	206	206
盀	1.000000	340	340
盁	1.000000	330	330
盄	1.000000	320	320
盇	1.000000	337	337
盉	1.000000	420	420
盋	1.000000	331	331
盌	1.000000	351	351
盍	1.000000	552	552
盓	1.000000	322	322
盕	1.000000	269	269
盙	1.000000	297	297
盚	1.000000	288	288
盝	1.000000	365	365
盠	1.000000	314	314
盢	1.000000	309	309
盦	1.000000	421	421
盨	1.000000	368	368
盫	1.000000	336	336
盬	1.000000	368	368
盭	1.000000	286	286
盰	1.000000	275	275
盳	1.000000	378	378
盵	1.000000	450	450
盶	1.000000	287	287
盷	1.000000	339	339
盺	1.000000	369	369
盻	1.000000	413	413
盽	1.000000	294	294
盿	1.000000	279	279
眀	1.000000	539	539
眂	1.000000	293	293
眃	1.000000	275	275
眅	1.000000	296	296
眆	1.000000	319	319
眊	1.000000	391	391
県	1.000000	617	617
眎	1.000000	405	405
眏	1.000000	365	365
眐	1.000000	314	314
眑	1.000000	236	236
眒	1.000000	306	306
眓	1.000000	274	274
眔	1.000000	429	429
眕	1.000000	391	391
眖	1.000000	266	266
眗	1.000000	265	265
眘	1.000000	412	412
眚	1.000000	88	88
眛	1.000000	417	417
眜	1.000000	346	346
眝	1.000000	254	254
眞	1.000000	47	47
眡	1.000000	309	309
眢	1.000000	388	388
眣	1.000000	243	243
眤	1.000000	381	381
眦	1.000000	155	155
眧	1.000000	310	310
眪	1.000000	226	226
眫	1.000000	358	358
眭	1.000000	555	555
眮	1.000000	377	377
眰	1.000000	393	393
眱	1.000000	229	229
眲	1.000000	268	268
眴	1.000000	397	397
眹	1.000000	376	376
眻	1.000000	340	340
眽	1.000000	355	355
眿	1.000000	325	325
睂	1.000000	296	296
睄	1.000000	336	336
睅	1.000000	256	256
睆	1.000000	393	393
睈	1.000000	223	223
睉	1.000000	239	239
睊	1.000000	275	275
睋	1.000000	600	600
睌	1.000000	326	326
睍	1.000000	7	7
睒	1.000000	412	412
睓	1.000000	209	209
睔	1.000000	238	238
睕	1.000000	270	270
睖	1.000000	303	303
睗	1.000000	282	282
睘	1.000000	363	363
睙	1.000000	416	416
睝	1.000000	196	196
睠	1.000000	355	355
睤	1.000000	238	238
睧	1.000000	333	333
睩	1.000000	346	346
睭	1.000000	361	361
睮	1.000000	277	277
睯	1.000000	275	275
睰	1.000000	266	266
睱	1.000000	426	426
睲	1.000000	377	377
睳	1.000000	354	354
睴	1.000000	272	272
睵	1.000000	278	278
睶	1.000000	260	260
睷	1.000000	326	326
睸	1.000000	302	302
睻	1.000000	245	245
睼	1.000000	235	235
瞁	1.000000	312	312
瞂	1.000000	237	237
瞃	1.000000	219	219
瞇	1.000000	3381	3381
瞈	1.000000	236	236
瞉	1.000000	255	255
瞊	1.000000	218	218
瞏	1.000000	298	298
瞐	1.000000	438	438
瞔	1.000000	220	220
瞕	1.000000	250	250
瞖	1.000000	267	267
瞗	1.000000	214	214
瞘	1.000000	405	405
瞙	1.000000	311	311
瞚	1.000000	266	266
瞛	1.000000	306	306
瞜	1.000000	2	2
瞝	1.000000	197	197
瞡	1.000000	284	284
瞣	1.000000	250	250
瞦	1.000000	342	342
瞨	1.000000	198	198
瞫	1.000000	291	291
瞮	1.000000	316	316
瞯	1.000000	300	300
瞱	1.000000	295	295
瞲	1.000000	268	268
瞴	1.000000	433	433
瞷	1.000000	390	390
瞸	1.000000	277	277
瞹	1.000000	402	402
瞺	1.000000	416	416
瞾	1.000000	425	425
矀	1.000000	234	234
矁	1.000000	364	364
矂	1.000000	271	271
矃	1.000000	262	262
矄	1.000000	250	250
矅	1.000000	376	376
矆	1.000000	320	320
矉	1.000000	286	286
矊	1.000000	387	387
矌	1.000000	276	276
矎	1.000000	174	174
矏	1.000000	239	239
矐	1.000000	262	262
矑	1.000000	282	282
矒	1.000000	328	328
矔	1.000000	234	234
矕	1.000000	251	251
矖	1.000000	344	344
矘	1.000000	295	295
矙	1.000000	344	344
矝	1.000000	411	411
矟	1.000000	357	357
矠	1.000000	326	326
矡	1.000000	281	281
矤	1.000000	273	273
矦	1.000000	296	296
矧	1.000000	439	439
矨	1.000000	240	240
矪	1.000000	247	247
矰	1.000000	368	368
矴	1.000000	313	313
矵	1.000000	268	268
矷	1.000000	335	335
矹	1.000000	234	234
矺	1.000000	228	228
矼	1.000000	358	358
砃	1.000000	386	386
砄	1.000000	283	283
砅	1.000000	280	280
砆	1.000000	319	319
砇	1.000000	251	251
砈	1.000000	265	265
砊	1.000000	255	255
砋	1.000000	255	255
砎	1.000000	261	261
砏	1.000000	370	370
砐	1.000000	288	288
砑	1.000000	558	558
砓	1.000000	257	257
砕	1.000000	463	463
砠	1.000000	336	336
砡	1.000000	370	370
砢	1.000000	449	449
砤	1.000000	233	233
砨	1.000000	217	217
砩	1.000000	587	587
砪	1.000000	249	249
砮	1.000000	348	348
砯	1.000000	353	353
砱	1.000000	277	277
砳	1.000000	341	341
砵	1.000000	2491	2491
砶	1.000000	272	272
砹	1.000000	552	552
砼	1.000000	879	879
砿	1.000000	270	270
硂	1.000000	338	338
硄	1.000000	321	321
硆	1.000000	191	191
硇	1.000000	527	527
硈	1.000000	263	263
硉	1.000000	281	281
硊	1.000000	328	328
硋	1.000000	265	265
硌	1.000000	638	638
硍	1.000000	315	315
硏	1.000000	405	405
硑	1.000000	295	295
硜	1.000000	382	382
硞	1.000000	319	319
硟	1.000000	177	177
硠	1.000000	329	329
硡	1.000000	234	234
硢	1.000000	238	238
硣	1.000000	274	274
硥	1.000000	304	304
硦	1.000000	259	259
硧	1.000000	301	301
硩	1.000000	264	264
硪	1.000000	984	984
硭	1.000000	527	527
硰	1.000000	320	320
硱	1.000000	266	266
硲	1.000000	312	312
硴	1.000000	333	333
硶	1.000000	423	423
硸	1.000000	280	280
硹	1.000000	243	243
硺	1.000000	253	253
硻	1.000000	207	207
硽	1.000000	182	182
硾	1.000000	307	307
硿	1.000000	346	346
碀	1.000000	206	206
碂	1.000000	292	292
碃	1.000000	393	393
碄	1.000000	289	289
碅	1.000000	267	267
碆	1.000000	292	292
碈	1.000000	315	315
碊	1.000000	258	258
碋	1.000000	254	254
碏	1.000000	400	400
碐	1.000000	270	270
碒	1.000000	247	247
碔	1.000000	314	314
碕	1.000000	3	3
碖	1.000000	253	253
碙	1.000000	392	392
碝	1.000000	274	274
碞	1.000000	366	366
碠	1.000000	303	303
碢	1.000000	295	295
碤	1.000000	283	283
碥	1.000000	429	429
碦	1.000000	351	351
碨	1.000000	295	295
碪	1.000000	339	339
碫	1.000000	270	270
碬	1.000000	244	244
碮	1.000000	254	254
碯	1.000000	258	258
碱	1.000000	90	90
碲	1.000000	88	88
碵	1.000000	271	271
碸	1.000000	626	626
碹	1.000000	420	420
碻	1.000000	306	306
碽	1.000000	303	303
碿	1.000000	248	248
磀	1.000000	244	244
磂	1.000000	260	260
磃	1.000000	257	257
磄	1.000000	243	243
磆	1.000000	353	353
磇	1.000000	233	233
磈	1.000000	285	285
磉	1.000000	405	405
磌	1.000000	321	321
磍	1.000000	292	292
磎	1.000000	312	312
磏	1.000000	339	339
磒	1.000000	250	250
磓	1.000000	270	270
磔	1.000000	504	504
磖	1.000000	255	255
磛	1.000000	252	252
磜	1.000000	322	322
磝	1.000000	300	300
磞	1.000000	343	343
磟	1.000000	250	250
磡	1.000000	1512	1512
磢	1.000000	191	191
磤	1.000000	243	243
磥	1.000000	340	340
磦	1.000000	331	331
磩	1.000000	255	255
磪	1.000000	242	242
磫	1.000000	232	232
磭	1.000000	263	263
磰	1.000000	190	190
磱	1.000000	337	337
磳	1.000000	327	327
磵	1.000000	320	320
磶	1.000000	227	227
磸	1.000000	219	219
磹	1.000000	321	321
磻	1.000000	437	437
磼	1.000000	263	263
磾	1.000000	421	421
磿	1.000000	303	303
礀	1.000000	462	462
礂	1.000000	310	310
礅	1.000000	438	438
礇	1.000000	258	258
礈	1.000000	230	230
礉	1.000000	337	337
礊	1.000000	284	284
礋	1.000000	328	328
礍	1.000000	240	240
礏	1.000000	294	294
礐	1.000000	452	452
礑	1.000000	340	340
礒	1.000000	324	324
礓	1.000000	376	376
礔	1.000000	303	303
礕	1.000000	250	250
礖	1.000000	283	283
礗	1.000000	247	247
礘	1.000000	215	215
礚	1.000000	334	334
礛	1.000000	325	325
礝	1.000000	217	217
礞	1.000000	360	360
礟	1.000000	269	269
礠	1.000000	353	353
礣	1.000000	259	259
礥	1.000000	247	247
礧	1.000000	293	293
礨	1.000000	294	294
礩	1.000000	314	314
礭	1.000000	273	273
礮	1.000000	326	326
礯	1.000000	269	269
礰	1.000000	251	251
礲	1.000000	259	259
礷	1.000000	316	316
礸	1.000000	264	264
礹	1.000000	256	256
礻	1.000000	599	599
礽	1.000000	478	478
礿	1.000000	332	332
祂	1.000000	444	444
祄	1.000000	327	327
祅	1.000000	456	456
祊	1.000000	420	420
祋	1.000000	274	274
祌	1.000000	457	457
祍	1.000000	279	279
祏	1.000000	424	424
祐	1.000000	266	266
祑	1.000000	268	268
祒	1.000000	231	231
祔	1.000000	430	430
祗	1.000000	740	740
祘	1.000000	469	469
祙	1.000000	395	395
祡	1.000000	353	353
祣	1.000000	374	374
祤	1.000000	420	420
祦	1.000000	418	418
祩	1.000000	308	308
祪	1.000000	215	215
祫	1.000000	454	454
祬	1.000000	324	324
祮	1.000000	266	266
祰	1.000000	333	333
祱	1.000000	265	265
祲	1.000000	367	367
祳	1.000000	258	258
祴	1.000000	371	371
祵	1.000000	249	249
祶	1.000000	300	300
祹	1.000000	424	424
祻	1.000000	349	349
祼	1.000000	88	88
祽	1.000000	226	226
祾	1.000000	418	418
禀	1.000000	50	50
禂	1.000000	301	301
禃	1.000000	381	381
禇	1.000000	488	488
禈	1.000000	288	288
禉	1.000000	281	281
禋	1.000000	417	417
禌	1.000000	380	380
禐	1.000000	298	298
禑	1.000000	326	326
禒	1.000000	278	278
禓	1.000000	336	336
禔	1.000000	431	431
禖	1.000000	378	378
禗	1.000000	319	319
禘	1.000000	432	432
禚	1.000000	451	451
禜	1.000000	317	317
禝	1.000000	321	321
禞	1.000000	327	327
禟	1.000000	391	391
禡	1.000000	361	361
禢	1.000000	342	342
禤	1.000000	502	502
禥	1.000000	369	369
禨	1.000000	355	355
禩	1.000000	421	421
禫	1.000000	342	342
禬	1.000000	327	327
禭	1.000000	261	261
禯	1.000000	264	264
禰	1.000000	800	800
禲	1.000000	247	247
禴	1.000000	311	311
禵	1.000000	464	464
禶	1.000000	277	277
禷	1.000000	359	359
禸	1.000000	509	509
离	1.000000	130	130
秂	1.000000	707	707
秄	1.000000	394	394
秅	1.000000	254	254
秆	1.000000	100	100
秇	1.000000	384	384
秊	1.000000	346	346
秎	1.000000	258	258
秏	1.000000	394	394
秐	1.000000	233	233
秓	1.000000	233	233
秔	1.000000	300	300
秖	1.000000	404	404
秗	1.000000	215	215
秙	1.000000	279	279
秚	1.000000	238	238
秛	1.000000	235	235
秜	1.000000	230	230
秝	1.000000	325	325
秞	1.000000	334	334
秠	1.000000	280	280
秡	1.000000	379	379
秢	1.000000	197	197
秥	1.000000	315	315
秨	1.000000	310	310
秪	1.000000	413	413
秬	1.000000	378	378
秮	1.000000	296	296
积	1.000000	5	5
秱	1.000000	322	322
秲	1.000000	255	255
秳	1.000000	282	282
秵	1.000000	286	286
秶	1.000000	322	322
秷	1.000000	397	397
秹	1.000000	321	321
秺	1.000000	362	362
秿	1.000000	306	306
稁	1.000000	217	217
稄	1.000000	246	246
稇	1.000000	212	212
稉	1.000000	289	289
稌	1.000000	298	298
稐	1.000000	226	226
稑	1.000000	284	284
稒	1.000000	250	250
稓	1.000000	267	267
稕	1.000000	259	259
稖	1.000000	240	240
稘	1.000000	258	258
稛	1.000000	210	210
稝	1.000000	266	266
稡	1.000000	278	278
稢	1.000000	263	263
稦	1.000000	241	241
稧	1.000000	275	275
稨	1.000000	171	171
稩	1.000000	236	236
稪	1.000000	248	248
稫	1.000000	239	239
稬	1.000000	254	254
稭	1.000000	308	308
稯	1.000000	255	255
稰	1.000000	314	314
稲	1.000000	515	515
稴	1.000000	259	259
稵	1.000000	363	363
稶	1.000000	206	206
稸	1.000000	277	277
稹	1.000000	561	561
稾	1.000000	325	325
穁	1.000000	186	186
穂	1.000000	535	535
穃	1.000000	258	258
穄	1.000000	350	350
穅	1.000000	273	273
穇	1.000000	310	310
穈	1.000000	332	332
穉	1.000000	344	344
穊	1.000000	393	393
穋	1.000000	295	295
穏	1.000000	501	501
穐	1.000000	271	271
穓	1.000000	335	335
穔	1.000000	222	222
穕	1.000000	187	187
穖	1.000000	298	298
穘	1.000000	341	341
穙	1.000000	208	208
穚	1.000000	262	262
穛	1.000000	255	255
穜	1.000000	450	450
穟	1.000000	326	326
穣	1.000000	335	335
穤	1.000000	312	312
穥	1.000000	246	246
穦	1.000000	333	333
穧	1.000000	261	261
穨	1.000000	281	281
穪	1.000000	295	295
穬	1.000000	319	319
穭	1.000000	385	385
穮	1.000000	300	300
穯	1.000000	257	257
穱	1.000000	305	305
穲	1.000000	230	230
穳	1.000000	210	210
穵	1.000000	285	285
穻	1.000000	366	366
穼	1.000000	435	435
穽	1.000000	325	325
穾	1.000000	274	274
窂	1.000000	340	340
窇	1.000000	351	351
窉	1.000000	377	377
窊	1.000000	388	388
窋	1.000000	385	385
窌	1.000000	309	309
窏	1.000000	174	174
窐	1.000000	341	341
窑	1.000000	210	210
窓	1.000000	470	470
窔	1.000000	315	315
窙	1.000000	250	250
窚	1.000000	337	337
窛	1.000000	375	375
窞	1.000000	493	493
窡	1.000000	314	314
窢	1.000000	266	266
窤	1.000000	223	223
窫	1.000000	360	360
窰	1.000000	360	360
窱	1.000000	262	262
窲	1.000000	190	190
窴	1.000000	327	327
窵	1.000000	319	319
窷	1.000000	483	483
窹	1.000000	438	438
窻	1.000000	363	363
窼	1.000000	263	263
窽	1.000000	241	241
竀	1.000000	201	201
竁	1.000000	248	248
竂	1.000000	334	334
竃	1.000000	299	299
竆	1.000000	284	284
竉	1.000000	329	329
竌	1.000000	151	151
竍	1.000000	299	299
竎	1.000000	229	229
竏	1.000000	236	236
竐	1.000000	210	210
竑	1.000000	486	486
竒	1.000000	416	416
竓	1.000000	215	215
竕	1.000000	230	230
竗	1.000000	301	301
竘	1.000000	244	244
竚	1.000000	280	280
竛	1.000000	228	228
竜	1.000000	553	553
竝	1.000000	438	438
竡	1.000000	320	320
竢	1.000000	328	328
竤	1.000000	311	311
竧	1.000000	243	243
竨	1.000000	325	325
竩	1.000000	192	192
竪	1.000000	355	355
竫	1.000000	306	306
竬	1.000000	198	198
竮	1.000000	289	289
竰	1.000000	211	211
竱	1.000000	202	202
竲	1.000000	282	282
竳	1.000000	295	295
竴	1.000000	503	503
竵	1.000000	345	345
竷	1.000000	424	424
竸	1.000000	342	342
竻	1.000000	397	397
竼	1.000000	303	303
竾	1.000000	568	568
笀	1.000000	464	464
笁	1.000000	462	462
笂	1.000000	491	491
笅	1.000000	467	467
笉	1.000000	504	504
笋	1.000000	100	100
笌	1.000000	434	434
笍	1.000000	279	279
笎	1.000000	321	321
笐	1.000000	288	288
笒	1.000000	396	396
笓	1.000000	525	525
笖	1.000000	472	472
笗	1.000000	412	412
笘	1.000000	438	438
笚	1.000000	377	377
笜	1.000000	253	253
笝	1.000000	330	330
笟	1.000000	497	497
笡	1.000000	305	305
笢	1.000000	505	505
笣	1.000000	444	444
笧	1.000000	295	295
笩	1.000000	490	490
笪	1.000000	8631	8631
笭	1.000000	365	365
笮	1.000000	586	586
笯	1.000000	331	331
笰	1.000000	278	278
笱	1.000000	602	602
笲	1.000000	300	300
笴	1.000000	352	352
笵	1.000000	415	415
笶	1.000000	523	523
笹	1.000000	525	525
笻	1.000000	197	197
笿	1.000000	319	319
筁	1.000000	373	373
筂	1.000000	315	315
筃	1.000000	399	399
筄	1.000000	236	236
筅	1.000000	502	502
筇	1.000000	534	534
筈	1.000000	359	359
筎	1.000000	470	470
筓	1.000000	293	293
筕	1.000000	333	333
筗	1.000000	421	421
筞	1.000000	279	279
筟	1.000000	311	311
筡	1.000000	241	241
筢	1.000000	376	376
筣	1.000000	390	390
筤	1.000000	273	273
筥	1.000000	362	362
筦	1.000000	382	382
筨	1.000000	234	234
筩	1.000000	345	345
筪	1.000000	223	223
筫	1.000000	269	269
筬	1.000000	383	383
筭	1.000000	396	396
筯	1.000000	363	363
筰	1.000000	418	418
筳	1.000000	361	361
筴	1.000000	3	3
筶	1.000000	328	328
筸	1.000000	312	312
筺	1.000000	221	221
筻	1.000000	345	345
筽	1.000000	330	330
箁	1.000000	288	288
箂	1.000000	359	359
箃	1.000000	298	298
箄	1.000000	25	25
箆	1.000000	273	273
箈	1.000000	194	194
箉	1.000000	366	366
箊	1.000000	359	359
箌	1.000000	591	591
箎	1.000000	331	331
箑	1.000000	363	363
箒	1.000000	355	355
箓	1.000000	10	10
箖	1.000000	391	391
箙	1.000000	390	390
箚	1.000000	289	289
箛	1.000000	518	518
箞	1.000000	401	401
箟	1.000000	377	377
箠	1.000000	6	6
箢	1.000000	397	397
箣	1.000000	426	426
箤	1.000000	331	331
箥	1.000000	371	371
箮	1.000000	450	450
箯	1.000000	326	326
箰	1.000000	449	449
箲	1.000000	280	280
箳	1.000000	248	248
箵	1.000000	291	291
箶	1.000000	391	391
箷	1.000000	354	354
箹	1.000000	490	490
箺	1.000000	258	258
箻	1.000000	426	426
箼	1.000000	474	474
箽	1.000000	344	344
箾	1.000000	317	317
箿	1.000000	257	257
篂	1.000000	397	397
篃	1.000000	395	395
篅	1.000000	297	297
篈	1.000000	407	407
篊	1.000000	334	334
篍	1.000000	349	349
篎	1.000000	286	286
篏	1.000000	253	253
篒	1.000000	324	324
篕	1.000000	269	269
篖	1.000000	269	269
篗	1.000000	287	287
篘	1.000000	334	334
篚	1.000000	427	427
篛	1.000000	354	354
篜	1.000000	340	340
篞	1.000000	283	283
篟	1.000000	362	362
篢	1.000000	332	332
篣	1.000000	254	254
篧	1.000000	265	265
篫	1.000000	218	218
篬	1.000000	350	350
篭	1.000000	290	290
篰	1.000000	371	371
篱	1.000000	90	90
篲	1.000000	159	159
篴	1.000000	345	345
篵	1.000000	364	364
篶	1.000000	260	260
篸	1.000000	368	368
篹	1.000000	300	300
篺	1.000000	553	553
篻	1.000000	243	243
篽	1.000000	351	351
篿	1.000000	294	294
簀	1.000000	469	469
簁	1.000000	328	328
簂	1.000000	252	252
簃	1.000000	441	441
簄	1.000000	244	244
簅	1.000000	205	205
簆	1.000000	281	281
簈	1.000000	270	270
簊	1.000000	341	341
簎	1.000000	207	207
簐	1.000000	204	204
簑	1.000000	527	527
簒	1.000000	298	298
簓	1.000000	269	269
簔	1.000000	253	253
簕	1.000000	458	458
簗	1.000000	322	322
簘	1.000000	363	363
簙	1.000000	358	358
簚	1.000000	240	240
簛	1.000000	273	273
簜	1.000000	88	88
簝	1.000000	267	267
簟	1.000000	586	586
簢	1.000000	215	215
簤	1.000000	356	356
簥	1.000000	308	308
簦	1.000000	509	509
簨	1.000000	465	465
簩	1.000000	417	417
簬	1.000000	486	486
簭	1.000000	494	494
簮	1.000000	407	407
簰	1.000000	454	454
簳	1.000000	382	382
簴	1.000000	265	265
簵	1.000000	391	391
簶	1.000000	273	273
簺	1.000000	366	366
簻	1.000000	379	379
簼	1.000000	252	252
籄	1.000000	255	255
籅	1.000000	275	275
籆	1.000000	284	284
籇	1.000000	355	355
籈	1.000000	277	277
籉	1.000000	251	251
籊	1.000000	277	277
籋	1.000000	258	258
籏	1.000000	271	271
籑	1.000000	343	343
籒	1.000000	276	276
籓	1.000000	483	483
籔	1.000000	349	349
籕	1.000000	248	248
籖	1.000000	334	334
籗	1.000000	277	277
籘	1.000000	336	336
籚	1.000000	261	261
籛	1.000000	339	339
籜	1.000000	503	503
籝	1.000000	289	289
籞	1.000000	277	277
籢	1.000000	212	212
籣	1.000000	422	422
籥	1.000000	129	129
籦	1.000000	411	411
籪	1.000000	491	491
籫	1.000000	288	288
籭	1.000000	259	259
籯	1.000000	315	315
籰	1.000000	271	271
籱	1.000000	243	243
籴	1.000000	50	50
籵	1.000000	304	304
籶	1.000000	210	210
籷	1.000000	186	186
籸	1.000000	207	207
籹	1.000000	642	642
籺	1.000000	334	334
籼	1.000000	100	100
籾	1.000000	274	274
籿	1.000000	380	380
粀	1.000000	270	270
粁	1.000000	294	294
粂	1.000000	322	322
粃	1.000000	327	327
粄	1.000000	478	478
粅	1.000000	492	492
粆	1.000000	300	300
粇	1.000000	364	364
粈	1.000000	374	374
粊	1.000000	298	298
粋	1.000000	409	409
粌	1.000000	328	328
粍	1.000000	407	407
粐	1.000000	357	357
粓	1.000000	394	394
粔	1.000000	384	384
粖	1.000000	388	388
粙	1.000000	379	379
粚	1.000000	244	244
粛	1.000000	381	381
粞	1.000000	553	553
粠	1.000000	376	376
粡	1.000000	470	470
粢	1.000000	540	540
粣	1.000000	272	272
粦	1.000000	375	375
粨	1.000000	458	458
粫	1.000000	347	347
粭	1.000000	280	280
粯	1.000000	394	394
粰	1.000000	371	371
粴	1.000000	305	305
粶	1.000000	407	407
粷	1.000000	322	322
粸	1.000000	292	292
粺	1.000000	430	430
粻	1.000000	328	328
糀	1.000000	517	517
糂	1.000000	277	277
糃	1.000000	258	258
糄	1.000000	240	240
糆	1.000000	279	279
糇	1.000000	200	200
糈	1.000000	379	379
糋	1.000000	251	251
糎	1.000000	274	274
糏	1.000000	222	222
糐	1.000000	224	224
糑	1.000000	210	210
糒	1.000000	310	310
糓	1.000000	293	293
糔	1.000000	231	231
糘	1.000000	407	407
糚	1.000000	370	370
糛	1.000000	335	335
糡	1.000000	219	219
糣	1.000000	179	179
糤	1.000000	258	258
糥	1.000000	354	354
糦	1.000000	308	308
糩	1.000000	304	304
糪	1.000000	255	255
糫	1.000000	206	206
糮	1.000000	238	238
糱	1.000000	232	232
糳	1.000000	267	267
糵	1.000000	358	358
糷	1.000000	256	256
糸	1.000000	867	867
糹	1.000000	564	564
糺	1.000000	372	372
糼	1.000000	447	447
糽	1.000000	231	231
糿	1.000000	254	254
紁	1.000000	320	320
紃	1.000000	360	360
紌	1.000000	232	232
紎	1.000000	204	204
紏	1.000000	317	317
紑	1.000000	470	470
紒	1.000000	492	492
紖	1.000000	244	244
紘	1.000000	487	487
紞	1.000000	396	396
紟	1.000000	506	506
紣	1.000000	289	289
紤	1.000000	298	298
紥	1.000000	2046	2046
紨	1.000000	396	396
紩	1.000000	375	375
紪	1.000000	363	363
紬	1.000000	5	5
紭	1.000000	397	397
紱	1.000000	535	535
紴	1.000000	366	366
紵	1.000000	413	413
紶	1.000000	543	543
紷	1.000000	420	420
紸	1.000000	604	604
紻	1.000000	274	274
紽	1.000000	307	307
紾	1.000000	520	520
紿	1.000000	503	503
絁	1.000000	334	334
絅	1.000000	1	1
絇	1.000000	312	312
絈	1.000000	266	266
絉	1.000000	287	287
絊	1.000000	294	294
絋	1.000000	285	285
経	1.000000	561	561
絍	1.000000	365	365
絎	1.000000	531	531
絑	1.000000	318	318
絒	1.000000	295	295
絓	1.000000	336	336
絔	1.000000	534	534
絖	1.000000	302	302
絗	1.000000	404	404
絙	1.000000	335	335
絚	1.000000	264	264
絟	1.000000	390	390
絠	1.000000	571	571
絣	1.000000	370	370
絤	1.000000	290	290
絥	1.000000	325	325
絧	1.000000	406	406
絩	1.000000	284	284
絪	1.000000	464	464
絫	1.000000	338	338
絬	1.000000	275	275
絭	1.000000	271	271
絯	1.000000	522	522
絰	1.000000	389	389
絴	1.000000	276	276
絵	1.000000	555	555
絶	1.000000	266	266
絸	1.000000	424	424
絺	1.000000	6	6
絻	1.000000	354	354
絼	1.000000	205	205
絽	1.000000	333	333
絾	1.000000	462	462
絿	1.000000	411	411
綀	1.000000	419	419
綂	1.000000	281	281
綃	1.000000	642	642
綄	1.000000	563	563
綅	1.000000	411	411
綇	1.000000	350	350
綈	1.000000	536	536
綉	1.000000	130	130
綊	1.000000	312	312
綋	1.000000	467	467
綌	1.000000	327	327
綍	1.000000	450	450
綎	1.000000	439	439
綑	1.000000	711	711
綒	1.000000	297	297
綔	1.000000	483	483
綕	1.000000	421	421
綖	1.000000	381	381
綗	1.000000	317	317
綘	1.000000	441	441
継	1.000000	481	481
続	1.000000	572	572
綛	1.000000	360	360
綝	1.000000	434	434
綞	1.000000	528	528
綟	1.000000	316	316
綡	1.000000	342	342
綤	1.000000	259	259
綥	1.000000	245	245
綧	1.000000	271	271
綨	1.000000	390	390
綩	1.000000	332	332
綪	1.000000	527	527
綫	1.000000	355	355
綯	1.000000	370	370
綳	1.000000	90	90
綶	1.000000	503	503
綷	1.000000	177	177
綼	1.000000	384	384
緀	1.000000	345	345
緁	1.000000	339	339
緂	1.000000	361	361
緃	1.000000	398	398
緅	1.000000	280	280
緆	1.000000	263	263
緈	1.000000	641	641
緉	1.000000	355	355
緌	1.000000	371	371
緍	1.000000	478	478
緎	1.000000	297	297
総	1.000000	539	539
緑	1.000000	3	3
緓	1.000000	257	257
緕	1.000000	296	296
緖	1.000000	365	365
緛	1.000000	347	347
緜	1.000000	338	338
緟	1.000000	461	461
緡	1.000000	543	543
緢	1.000000	449	449
緤	1.000000	365	365
緥	1.000000	427	427
緧	1.000000	205	205
緪	1.000000	281	281
緫	1.000000	368	368
緭	1.000000	365	365
緮	1.000000	335	335
緰	1.000000	259	259
緱	1.000000	553	553
緳	1.000000	417	417
緵	1.000000	387	387
緶	1.000000	514	514
緷	1.000000	314	314
緸	1.000000	277	277
緺	1.000000	371	371
緽	1.000000	243	243
緾	1.000000	430	430
緿	1.000000	319	319
縀	1.000000	296	296
縁	1.000000	455	455
縂	1.000000	586	586
縃	1.000000	263	263
縄	1.000000	440	440
縅	1.000000	298	298
縋	1.000000	575	575
縌	1.000000	509	509
縍	1.000000	283	283
縎	1.000000	351	351
縏	1.000000	289	289
縒	1.000000	307	307
縓	1.000000	285	285
縔	1.000000	233	233
縖	1.000000	451	451
縘	1.000000	361	361
縙	1.000000	210	210
縚	1.000000	207	207
縜	1.000000	224	224
縠	1.000000	421	421
縡	1.000000	420	420
縢	1.000000	385	385
縤	1.000000	360	360
縥	1.000000	200	200
縦	1.000000	399	399
縧	1.000000	100	100
縩	1.000000	390	390
縪	1.000000	266	266
縬	1.000000	203	203
縯	1.000000	174	174
縰	1.000000	287	287
縳	1.000000	1	1
縶	1.000000	477	477
縸	1.000000	416	416
縺	1.000000	343	343
縼	1.000000	443	443
縿	1.000000	334	334
繀	1.000000	358	358
繂	1.000000	322	322
繄	1.000000	88	88
繈	1.000000	46	46
繉	1.000000	256	256
繊	1.000000	379	379
繋	1.000000	528	528
繌	1.000000	525	525
繍	1.000000	434	434
繎	1.000000	523	523
繏	1.000000	410	410
繑	1.000000	368	368
繓	1.000000	335	335
繗	1.000000	289	289
繘	1.000000	432	432
繙	1.000000	124	124
繛	1.000000	357	357
繜	1.000000	345	345
繝	1.000000	374	374
繟	1.000000	298	298
繠	1.000000	349	349
繢	1.000000	505	505
繣	1.000000	352	352
繥	1.000000	448	448
繦	1.000000	420	420
繧	1.000000	440	440
繨	1.000000	318	318
繬	1.000000	264	264
繰	1.000000	472	472
繱	1.000000	333	333
繲	1.000000	499	499
繴	1.000000	522	522
繵	1.000000	356	356
繶	1.000000	400	400
繷	1.000000	335	335
繸	1.000000	1	1
繺	1.000000	400	400
繻	1.000000	549	549
繿	1.000000	14	14
纀	1.000000	468	468
纁	1.000000	3	3
纃	1.000000	369	369
纄	1.000000	284	284
纅	1.000000	298	298
纆	1.000000	398	398
纇	1.000000	415	415
纉	1.000000	298	298
纊	1.000000	491	491
纋	1.000000	473	473
纍	1.000000	177	177
纎	1.000000	318	318
纐	1.000000	248	248
纒	1.000000	324	324
纕	1.000000	354	354
纗	1.000000	265	265
纘	1.000000	463	463
纙	1.000000	370	370
纚	1.000000	395	395
纝	1.000000	252	252
纞	1.000000	550	550
绑	1.000000	266	266
缷	1.000000	419	419
缹	1.000000	292	292
缻	1.000000	308	308
缾	1.000000	1	1
缿	1.000000	224	224
罁	1.000000	296	296
罃	1.000000	332	332
罆	1.000000	283	283
罇	1.000000	319	319
罊	1.000000	272	272
罋	1.000000	222	222
罎	1.000000	100	100
网	1.000000	100	100
罒	1.000000	594	594
罖	1.000000	428	428
罙	1.000000	568	568
罛	1.000000	373	373
罜	1.000000	370	370
罝	1.000000	383	383
罞	1.000000	346	346
罠	1.000000	418	418
罤	1.000000	262	262
罥	1.000000	416	416
罦	1.000000	1	1
罧	1.000000	319	319
罫	1.000000	383	383
罬	1.000000	273	273
罭	1.000000	279	279
罯	1.000000	328	328
罱	1.000000	539	539
罳	1.000000	327	327
罶	1.000000	404	404
罸	1.000000	326	326
罺	1.000000	289	289
罻	1.000000	275	275
罼	1.000000	278	278
罽	1.000000	445	445
罿	1.000000	324	324
羀	1.000000	334	334
羂	1.000000	350	350
羃	1.000000	297	297
羄	1.000000	293	293
羉	1.000000	401	401
羋	1.000000	576	576
羍	1.000000	386	386
羏	1.000000	367	367
羐	1.000000	374	374
羒	1.000000	298	298
羓	1.000000	318	318
羕	1.000000	418	418
羖	1.000000	367	367
羗	1.000000	347	347
羘	1.000000	259	259
羙	1.000000	635	635
羛	1.000000	280	280
羜	1.000000	254	254
羠	1.000000	256	256
羢	1.000000	301	301
羦	1.000000	167	167
羫	1.000000	374	374
羬	1.000000	276	276
羭	1.000000	261	261
羮	1.000000	393	393
羱	1.000000	364	364
羳	1.000000	197	197
羴	1.000000	372	372
羵	1.000000	249	249
羷	1.000000	173	173
羺	1.000000	244	244
羻	1.000000	194	194
羾	1.000000	266	266
翀	1.000000	624	624
翂	1.000000	292	292
翃	1.000000	448	448
翄	1.000000	325	325
翆	1.000000	339	339
翇	1.000000	190	190
翈	1.000000	311	311
翉	1.000000	346	346
翋	1.000000	426	426
翍	1.000000	286	286
翏	1.000000	304	304
翐	1.000000	254	254
翑	1.000000	260	260
翓	1.000000	205	205
翖	1.000000	199	199
翗	1.000000	302	302
翛	1.000000	464	464
翜	1.000000	256	256
翝	1.000000	221	221
翞	1.000000	201	201
翢	1.000000	222	222
翣	1.000000	330	330
翤	1.000000	228	228
翧	1.000000	328	328
翨	1.000000	237	237
翪	1.000000	284	284
翬	1.000000	455	455
翭	1.000000	381	381
翯	1.000000	433	433
翲	1.000000	316	316
翴	1.000000	337	337
翵	1.000000	326	326
翶	1.000000	340	340
翷	1.000000	259	259
翸	1.000000	326	326
翺	1.000000	391	391
翽	1.000000	316	316
翾	1.000000	506	506
翿	1.000000	319	319
耇	1.000000	341	341
耉	1.000000	260	260
耊	1.000000	277	277
耎	1.000000	362	362
耏	1.000000	343	343
耑	1.000000	94	94
耓	1.000000	283	283
耔	1.000000	565	565
耖	1.000000	372	372
耚	1.000000	262	262
耛	1.000000	235	235
耝	1.000000	239	239
耟	1.000000	380	380
耠	1.000000	352	352
耡	1.000000	76	76
耣	1.000000	286	286
耤	1.000000	99	99
耥	1.000000	376	376
耩	1.000000	510	510
耪	1.000000	562	562
耫	1.000000	218	218
耬	1.000000	474	474
耭	1.000000	356	356
耮	1.000000	391	391
耯	1.000000	218	218
耰	1.000000	344	344
耱	1.000000	450	450
耲	1.000000	365	365
耴	1.000000	252	252
耹	1.000000	319	319
耺	1.000000	208	208
耻	1.000000	80	80
耼	1.000000	335	335
耾	1.000000	284	284
聀	1.000000	278	278
聃	1.000000	518	518
聄	1.000000	307	307
聅	1.000000	380	380
聇	1.000000	234	234
聈	1.000000	249	249
聉	1.000000	196	196
聎	1.000000	233	233
聏	1.000000	301	301
聐	1.000000	278	278
聑	1.000000	321	321
聕	1.000000	231	231
聗	1.000000	329	329
聙	1.000000	433	433
聛	1.000000	286	286
聜	1.000000	220	220
聝	1.000000	291	291
聟	1.000000	238	238
聠	1.000000	258	258
聡	1.000000	477	477
聢	1.000000	312	312
聤	1.000000	354	354
聥	1.000000	224	224
聦	1.000000	318	318
聧	1.000000	275	275
聨	1.000000	348	348
聫	1.000000	267	267
聬	1.000000	238	238
聭	1.000000	211	211
聮	1.000000	312	312
聴	1.000000	538	538
聸	1.000000	238	238
聺	1.000000	218	218
聻	1.000000	319	319
聼	1.000000	622	622
肁	1.000000	351	351
肂	1.000000	337	337
肊	1.000000	331	331
肍	1.000000	268	268
肎	1.000000	333	333
肐	1.000000	263	263
肑	1.000000	374	374
肒	1.000000	276	276
肔	1.000000	318	318
肕	1.000000	326	326
肗	1.000000	267	267
肙	1.000000	312	312
肜	1.000000	518	518
肞	1.000000	315	315
肟	1.000000	656	656
肣	1.000000	311	311
肦	1.000000	286	286
肧	1.000000	346	346
肨	1.000000	314	314
肬	1.000000	282	282
肮	1.000000	90	90
肰	1.000000	271	271
肳	1.000000	267	267
肴	1.000000	614	614
肵	1.000000	302	302
肶	1.000000	382	382
肷	1.000000	531	531
肸	1.000000	382	382
肹	1.000000	375	375
肼	1.000000	602	602
胅	1.000000	239	239
胆	1.000000	100	100
胇	1.000000	90	90
胈	1.000000	296	296
胉	1.000000	254	254
胊	1.000000	195	195
胋	1.000000	243	243
胍	1.000000	643	643
胏	1.000000	302	302
胐	1.000000	343	343
胑	1.000000	345	345
胒	1.000000	385	385
胓	1.000000	220	220
胔	1.000000	336	336
胕	1.000000	352	352
胗	1.000000	558	558
胘	1.000000	288	288
胟	1.000000	255	255
胢	1.000000	308	308
胣	1.000000	341	341
胦	1.000000	293	293
胩	1.000000	514	514
胬	1.000000	502	502
胮	1.000000	286	286
胲	1.000000	413	413
胵	1.000000	317	317
胶	1.000000	100	100
胷	1.000000	285	285
胹	1.000000	273	273
胻	1.000000	318	318
胾	1.000000	305	305
胿	1.000000	278	278
脀	1.000000	334	334
脁	1.000000	389	389
脃	1.000000	516	516
脄	1.000000	250	250
脇	1.000000	445	445
脉	1.000000	800	800
脎	1.000000	370	370
脒	1.000000	534	534
脕	1.000000	494	494
脗	1.000000	423	423
脙	1.000000	455	455
脜	1.000000	405	405
脝	1.000000	427	427
脟	1.000000	440	440
脠	1.000000	420	420
脡	1.000000	474	474
脤	1.000000	421	421
脥	1.000000	444	444
脦	1.000000	428	428
脧	1.000000	446	446
脨	1.000000	454	454
脪	1.000000	432	432
脭	1.000000	425	425
脮	1.000000	384	384
脰	1.000000	460	460
脳	1.000000	530	530
脴	1.000000	349	349
脺	1.000000	412	412
脻	1.000000	342	342
脼	1.000000	351	351
脽	1.000000	430	430
脿	1.000000	514	514
腀	1.000000	301	301
腁	1.000000	358	358
腂	1.000000	377	377
腃	1.000000	378	378
腄	1.000000	446	446
腅	1.000000	314	314
腇	1.000000	345	345
腉	1.000000	341	341
腍	1.000000	177	177
腏	1.000000	294	294
腒	1.000000	309	309
腘	1.000000	57	57
腙	1.000000	502	502
腚	1.000000	684	684
腛	1.000000	291	291
腜	1.000000	371	371
腝	1.000000	375	375
腞	1.000000	329	329
腟	1.000000	352	352
腠	1.000000	444	444
腡	1.000000	355	355
腢	1.000000	303	303
腣	1.000000	302	302
腤	1.000000	331	331
腨	1.000000	335	335
腪	1.000000	290	290
腬	1.000000	280	280
腭	1.000000	100	100
腯	1.000000	352	352
腲	1.000000	275	275
腵	1.000000	362	362
腶	1.000000	306	306
腷	1.000000	383	383
膁	1.000000	299	299
膄	1.000000	373	373
膅	1.000000	221	221
膆	1.000000	233	233
膇	1.000000	296	296
膉	1.000000	269	269
膋	1.000000	299	299
膌	1.000000	306	306
膍	1.000000	351	351
膎	1.000000	269	269
膐	1.000000	233	233
膒	1.000000	286	286
膓	1.000000	287	287
膔	1.000000	258	258
膖	1.000000	269	269
膗	1.000000	248	248
膙	1.000000	282	282
膞	1.000000	308	308
膟	1.000000	221	221
膡	1.000000	171	171
膢	1.000000	291	291
膣	1.000000	355	355
膤	1.000000	467	467
膦	1.000000	625	625
膧	1.000000	298	298
膬	1.000000	408	408
膭	1.000000	221	221
膮	1.000000	412	412
膰	1.000000	400	400
膱	1.000000	228	228
膴	1.000000	325	325
膵	1.000000	293	293
膷	1.000000	429	429
膸	1.000000	340	340
膹	1.000000	249	249
膼	1.000000	309	309
臁	1.000000	544	544
臄	1.000000	277	277
臅	1.000000	264	264
臇	1.000000	237	237
臈	1.000000	360	360
臋	1.000000	387	387
臎	1.000000	313	313
臐	1.000000	228	228
臑	1.000000	423	423
臒	1.000000	409	409
臓	1.000000	417	417
臔	1.000000	337	337
臕	1.000000	246	246
臖	1.000000	303	303
臗	1.000000	394	394
臙	1.000000	164	164
臛	1.000000	346	346
臝	1.000000	316	316
臡	1.000000	292	292
臤	1.000000	279	279
臦	1.000000	416	416
臩	1.000000	389	389
臫	1.000000	568	568
臮	1.000000	342	342
臯	1.000000	493	493
臰	1.000000	387	387
臱	1.000000	427	427
臲	1.000000	293	293
臵	1.000000	377	377
臶	1.000000	307	307
臷	1.000000	284	284
臸	1.000000	488	488
臹	1.000000	207	207
臽	1.000000	333	333
臿	1.000000	362	362
舁	1.000000	447	447
舃	1.000000	348	348
舋	1.000000	889	889
舎	1.000000	524	524
舏	1.000000	197	197
舑	1.000000	300	300
舓	1.000000	280	280
舕	1.000000	245	245
舗	1.000000	134	134
舘	1.000000	3	3
舙	1.000000	363	363
舚	1.000000	389	389
舝	1.000000	273	273
舠	1.000000	350	350
舤	1.000000	301	301
舥	1.000000	503	503
舦	1.000000	271	271
舧	1.000000	283	283
舩	1.000000	283	283
舭	1.000000	466	466
舮	1.000000	248	248
舯	1.000000	526	526
舲	1.000000	427	427
舼	1.000000	284	284
舽	1.000000	307	307
舾	1.000000	527	527
舿	1.000000	329	329
艀	1.000000	215	215
艁	1.000000	275	275
艂	1.000000	439	439
艃	1.000000	247	247
艆	1.000000	226	226
艉	1.000000	580	580
艊	1.000000	208	208
艌	1.000000	328	328
艏	1.000000	532	532
艐	1.000000	285	285
艑	1.000000	295	295
艒	1.000000	358	358
艓	1.000000	261	261
艕	1.000000	260	260
艖	1.000000	333	333
艗	1.000000	241	241
艚	1.000000	545	545
艛	1.000000	253	253
艜	1.000000	294	294
艝	1.000000	264	264
艞	1.000000	221	221
艡	1.000000	287	287
艢	1.000000	288	288
艣	1.000000	55	55
艤	1.000000	439	439
艥	1.000000	186	186
艧	1.000000	430	430
艩	1.000000	316	316
艪	1.000000	229	229
艬	1.000000	245	245
艭	1.000000	276	276
艵	1.000000	251	251
艶	1.000000	472	472
艸	1.000000	447	447
艹	1.000000	837	837
艼	1.000000	401	401
艽	1.000000	569	569
芀	1.000000	316	316
芁	1.000000	277	277
芃	1.000000	588	588
芄	1.000000	590	590
芅	1.000000	354	354
芆	1.000000	261	261
芇	1.000000	277	277
芉	1.000000	450	450
芌	1.000000	220	220
芐	1.000000	611	611
芓	1.000000	476	476
芔	1.000000	375	375
芕	1.000000	293	293
芖	1.000000	316	316
芘	1.000000	575	575
芚	1.000000	287	287
芛	1.000000	325	325
芜	1.000000	90	90
芞	1.000000	472	472
芠	1.000000	625	625
芢	1.000000	429	429
芣	1.000000	679	679
芤	1.000000	558	558
芦	1.000000	90	90
芰	1.000000	614	614
芲	1.000000	387	387
芴	1.000000	561	561
芵	1.000000	291	291
芶	1.000000	479	479
芺	1.000000	345	345
芼	1.000000	436	436
芿	1.000000	396	396
苀	1.000000	318	318
苁	1.000000	100	100
苂	1.000000	261	261
苃	1.000000	546	546
苅	1.000000	381	381
苉	1.000000	323	323
苊	1.000000	603	603
苐	1.000000	498	498
苖	1.000000	440	440
苚	1.000000	503	503
苝	1.000000	490	490
苠	1.000000	434	434
苢	1.000000	366	366
苨	1.000000	425	425
苩	1.000000	515	515
苪	1.000000	378	378
苬	1.000000	216	216
苭	1.000000	221	221
苮	1.000000	421	421
苰	1.000000	297	297
苲	1.000000	283	283
苳	1.000000	421	421
苵	1.000000	297	297
苶	1.000000	414	414
苸	1.000000	501	501
苺	1.000000	92	92
苼	1.000000	577	577
苽	1.000000	538	538
苿	1.000000	450	450
茆	1.000000	629	629
茇	1.000000	458	458
茊	1.000000	252	252
茋	1.000000	346	346
茍	1.000000	88	88
茖	1.000000	421	421
茘	1.000000	329	329
茙	1.000000	269	269
茝	1.000000	380	380
茞	1.000000	340	340
茟	1.000000	240	240
茠	1.000000	347	347
茡	1.000000	424	424
茢	1.000000	329	329
茣	1.000000	263	263
茤	1.000000	586	586
茥	1.000000	234	234
茧	1.000000	9	9
茩	1.000000	416	416
茪	1.000000	448	448
茮	1.000000	369	369
茰	1.000000	205	205
茷	1.000000	318	318
茻	1.000000	389	389
茽	1.000000	509	509
茾	1.000000	256	256
茿	1.000000	346	346
荁	1.000000	313	313
荂	1.000000	338	338
荄	1.000000	446	446
荅	1.000000	253	253
荈	1.000000	418	418
荋	1.000000	424	424
荌	1.000000	451	451
荍	1.000000	412	412
荎	1.000000	303	303
荓	1.000000	316	316
荕	1.000000	334	334
荖	1.000000	549	549
荗	1.000000	385	385
荘	1.000000	512	512
荢	1.000000	430	430
荣	1.000000	1	1
荰	1.000000	387	387
荱	1.000000	411	411
荲	1.000000	369	369
荳	1.000000	3114	3114
荴	1.000000	309	309
荵	1.000000	366	366
荶	1.000000	379	379
荹	1.000000	473	473
荺	1.000000	296	296
荾	1.000000	261	261
荿	1.000000	524	524
莀	1.000000	328	328
莁	1.000000	412	412
莂	1.000000	587	587
莃	1.000000	489	489
莄	1.000000	466	466
莅	1.000000	410	410
莇	1.000000	376	376
莈	1.000000	599	599
莋	1.000000	576	576
莌	1.000000	251	251
莍	1.000000	347	347
莏	1.000000	317	317
莐	1.000000	365	365
莑	1.000000	288	288
莔	1.000000	578	578
莕	1.000000	426	426
莗	1.000000	359	359
莙	1.000000	443	443
莚	1.000000	311	311
莝	1.000000	320	320
莟	1.000000	342	342
莡	1.000000	228	228
莣	1.000000	640	640
莤	1.000000	337	337
莥	1.000000	289	289
莦	1.000000	333	333
莬	1.000000	345	345
莭	1.000000	372	372
莮	1.000000	588	588
莯	1.000000	422	422
莵	1.000000	384	384
莾	1.000000	313	313
菀	1.000000	665	665
菂	1.000000	707	707
菃	1.000000	336	336
菄	1.000000	364	364
菆	1.000000	300	300
菈	1.000000	632	632
菉	1.000000	430	430
菋	1.000000	585	585
菍	1.000000	433	433
菐	1.000000	279	279
菑	1.000000	537	537
菒	1.000000	241	241
菕	1.000000	276	276
菗	1.000000	443	443
菙	1.000000	276	276
菚	1.000000	241	241
菛	1.000000	574	574
菝	1.000000	509	509
菞	1.000000	212	212
菢	1.000000	506	506
菣	1.000000	224	224
菤	1.000000	443	443
菦	1.000000	431	431
菧	1.000000	390	390
菨	1.000000	312	312
菫	1.000000	29	29
菬	1.000000	280	280
菭	1.000000	319	319
菮	1.000000	264	264
菳	1.000000	393	393
菵	1.000000	313	313
菶	1.000000	359	359
菷	1.000000	220	220
菺	1.000000	374	374
菻	1.000000	451	451
菼	1.000000	350	350
菾	1.000000	358	358
菿	1.000000	689	689
萀	1.000000	274	274
萂	1.000000	481	481
萅	1.000000	235	235
萈	1.000000	251	251
萉	1.000000	402	402
萐	1.000000	349	349
萑	1.000000	522	522
萒	1.000000	239	239
萓	1.000000	307	307
萔	1.000000	200	200
萕	1.000000	278	278
萖	1.000000	284	284
萗	1.000000	230	230
萛	1.000000	295	295
萜	1.000000	621	621
萟	1.000000	202	202
萠	1.000000	500	500
萢	1.000000	515	515
萩	1.000000	532	532
萪	1.000000	391	391
萫	1.000000	451	451
萭	1.000000	427	427
萮	1.000000	370	370
萯	1.000000	382	382
萲	1.000000	236	236
萳	1.000000	376	376
萴	1.000000	278	278
萶	1.000000	330	330
萷	1.000000	335	335
萹	1.000000	26	26
萺	1.000000	357	357
萻	1.000000	328	328
萾	1.000000	272	272
萿	1.000000	566	566
葀	1.000000	310	310
葁	1.000000	336	336
葂	1.000000	306	306
葃	1.000000	474	474
葅	1.000000	311	311
葇	1.000000	381	381
葈	1.000000	224	224
葊	1.000000	244	244
葋	1.000000	239	239
葌	1.000000	256	256
葍	1.000000	395	395
葎	1.000000	455	455
葏	1.000000	224	224
葐	1.000000	286	286
葒	1.000000	600	600
葓	1.000000	340	340
葔	1.000000	498	498
葕	1.000000	278	278
葖	1.000000	408	408
葘	1.000000	269	269
葜	1.000000	522	522
葝	1.000000	355	355
葞	1.000000	246	246
葟	1.000000	282	282
葠	1.000000	300	300
葢	1.000000	367	367
葤	1.000000	332	332
葥	1.000000	426	426
葨	1.000000	291	291
葪	1.000000	193	193
葮	1.000000	454	454
葰	1.000000	537	537
葲	1.000000	330	330
葴	1.000000	286	286
葶	1.000000	568	568
葹	1.000000	344	344
葻	1.000000	374	374
葼	1.000000	269	269
葽	1.000000	635	635
葾	1.000000	374	374
葿	1.000000	326	326
蒁	1.000000	305	305
蒃	1.000000	272	272
蒄	1.000000	400	400
蒆	1.000000	224	224
蒈	1.000000	377	377
蒎	1.000000	493	493
蒏	1.000000	272	272
蒑	1.000000	273	273
蒒	1.000000	356	356
蒓	1.000000	301	301
蒕	1.000000	462	462
蒖	1.000000	474	474
蒘	1.000000	244	244
蒚	1.000000	362	362
蒛	1.000000	471	471
蒝	1.000000	521	521
蒠	1.000000	401	401
蒢	1.000000	440	440
蒣	1.000000	339	339
蒤	1.000000	399	399
蒥	1.000000	378	378
蒦	1.000000	545	545
蒧	1.000000	295	295
蒨	1.000000	467	467
蒩	1.000000	368	368
蒪	1.000000	259	259
蒫	1.000000	226	226
蒬	1.000000	232	232
蒮	1.000000	251	251
蒯	1.000000	626	626
蒰	1.000000	225	225
蒱	1.000000	350	350
蒳	1.000000	411	411
蒵	1.000000	246	246
蒶	1.000000	481	481
蒽	1.000000	724	724
蒾	1.000000	525	525
蓀	1.000000	601	601
蓃	1.000000	271	271
蓅	1.000000	598	598
蓇	1.000000	422	422
蓈	1.000000	324	324
蓌	1.000000	206	206
蓎	1.000000	283	283
蓏	1.000000	336	336
蓒	1.000000	446	446
蓔	1.000000	174	174
蓕	1.000000	310	310
蓗	1.000000	390	390
蓘	1.000000	304	304
蓙	1.000000	509	509
蓚	1.000000	286	286
蓛	1.000000	193	193
蓜	1.000000	513	513
蓤	1.000000	340	340
蓧	1.000000	437	437
蓨	1.000000	326	326
蓩	1.000000	256	256
蓪	1.000000	353	353
蓫	1.000000	297	297
蓭	1.000000	308	308
蓱	1.000000	397	397
蓲	1.000000	268	268
蓳	1.000000	352	352
蓵	1.000000	292	292
蓶	1.000000	509	509
蓸	1.000000	319	319
蓹	1.000000	345	345
蓺	1.000000	317	317
蓻	1.000000	283	283
蓾	1.000000	219	219
蔀	1.000000	490	490
蔁	1.000000	273	273
蔃	1.000000	375	375
蔄	1.000000	316	316
蔅	1.000000	221	221
蔆	1.000000	150	150
蔇	1.000000	501	501
蔈	1.000000	269	269
蔉	1.000000	370	370
蔊	1.000000	369	369
蔋	1.000000	318	318
蔌	1.000000	463	463
蔍	1.000000	348	348
蔎	1.000000	366	366
蔏	1.000000	315	315
蔐	1.000000	250	250
蔒	1.000000	244	244
蔕	1.000000	404	404
蔖	1.000000	243	243
蔙	1.000000	385	385
蔛	1.000000	247	247
蔜	1.000000	278	278
蔝	1.000000	364	364
蔠	1.000000	548	548
蔢	1.000000	486	486
蔤	1.000000	384	384
蔧	1.000000	252	252
蔨	1.000000	304	304
蔩	1.000000	225	225
蔪	1.000000	294	294
蔮	1.000000	291	291
蔯	1.000000	436	436
蔰	1.000000	193	193
蔱	1.000000	405	405
蔲	1.000000	350	350
蔳	1.000000	262	262
蔴	1.000000	445	445
蔵	1.000000	533	533
蔸	1.000000	621	621
蔾	1.000000	325	325
蔿	1.000000	936	936
蕀	1.000000	308	308
蕂	1.000000	276	276
蕄	1.000000	259	259
蕅	1.000000	471	471
蕆	1.000000	457	457
蕇	1.000000	276	276
蕋	1.000000	304	304
蕌	1.000000	283	283
蕍	1.000000	290	290
蕏	1.000000	480	480
蕐	1.000000	383	383
蕑	1.000000	314	314
蕒	1.000000	457	457
蕔	1.000000	380	380
蕖	1.000000	528	528
蕗	1.000000	564	564
蕚	1.000000	269	269
蕛	1.000000	269	269
蕜	1.000000	530	530
蕝	1.000000	497	497
蕟	1.000000	493	493
蕠	1.000000	309	309
蕡	1.000000	395	395
蕢	1.000000	454	454
蕣	1.000000	394	394
蕥	1.000000	501	501
蕦	1.000000	288	288
蕧	1.000000	264	264
蕫	1.000000	377	377
蕬	1.000000	376	376
蕮	1.000000	199	199
蕯	1.000000	353	353
蕱	1.000000	211	211
蕳	1.000000	417	417
蕵	1.000000	240	240
蕶	1.000000	527	527
蕷	1.000000	394	394
蕸	1.000000	347	347
蕼	1.000000	328	328
蕽	1.000000	231	231
蕿	1.000000	250	250
薀	1.000000	446	446
薁	1.000000	337	337
薂	1.000000	215	215
薃	1.000000	305	305
薅	1.000000	550	550
薆	1.000000	645	645
薉	1.000000	303	303
薋	1.000000	356	356
薍	1.000000	527	527
薎	1.000000	290	290
薐	1.000000	323	323
薒	1.000000	263	263
薓	1.000000	286	286
薕	1.000000	325	325
薖	1.000000	369	369
薗	1.000000	367	367
薘	1.000000	410	410
薚	1.000000	303	303
薞	1.000000	280	280
薟	1.000000	534	534
薠	1.000000	476	476
薡	1.000000	388	388
薢	1.000000	435	435
薣	1.000000	328	328
薤	1.000000	525	525
薥	1.000000	269	269
薧	1.000000	260	260
薨	1.000000	600	600
薫	1.000000	496	496
薬	1.000000	509	509
薱	1.000000	538	538
薲	1.000000	266	266
薳	1.000000	4	4
薴	1.000000	78	78
薵	1.000000	297	297
薶	1.000000	321	321
薷	1.000000	516	516
薸	1.000000	438	438
薻	1.000000	237	237
薼	1.000000	320	320
薽	1.000000	261	261
薾	1.000000	399	399
薿	1.000000	392	392
藀	1.000000	249	249
藂	1.000000	361	361
藃	1.000000	219	219
藄	1.000000	284	284
藅	1.000000	309	309
藆	1.000000	195	195
藇	1.000000	316	316
藈	1.000000	285	285
藊	1.000000	267	267
藋	1.000000	320	320
藌	1.000000	437	437
藎	1.000000	553	553
藑	1.000000	244	244
藒	1.000000	437	437
藖	1.000000	262	262
藗	1.000000	220	220
藙	1.000000	353	353
藚	1.000000	158	158
藛	1.000000	384	384
藞	1.000000	374	374
藟	1.000000	388	388
藠	1.000000	428	428
藡	1.000000	274	274
藢	1.000000	251	251
藣	1.000000	223	223
藦	1.000000	427	427
藧	1.000000	310	310
藫	1.000000	248	248
藬	1.000000	248	248
藭	1.000000	264	264
藮	1.000000	222	222
藯	1.000000	390	390
藰	1.000000	334	334
藱	1.000000	167	167
藲	1.000000	285	285
藳	1.000000	293	293
藶	1.000000	530	530
藷	1.000000	1	1
藸	1.000000	471	471
藼	1.000000	229	229
藽	1.000000	452	452
藾	1.000000	414	414
蘀	1.000000	491	491
蘁	1.000000	274	274
蘂	1.000000	375	375
蘃	1.000000	173	173
蘈	1.000000	373	373
蘉	1.000000	248	248
蘌	1.000000	200	200
蘍	1.000000	201	201
蘎	1.000000	194	194
蘏	1.000000	307	307
蘐	1.000000	313	313
蘓	1.000000	323	323
蘕	1.000000	217	217
蘗	1.000000	3	3
蘘	1.000000	401	401
蘙	1.000000	271	271
蘛	1.000000	183	183
蘜	1.000000	243	243
蘝	1.000000	250	250
蘟	1.000000	326	326
蘠	1.000000	310	310
蘡	1.000000	281	281
蘣	1.000000	245	245
蘤	1.000000	322	322
蘥	1.000000	263	263
蘦	1.000000	272	272
蘧	1.000000	545	545
蘨	1.000000	234	234
蘪	1.000000	315	315
蘫	1.000000	441	441
蘬	1.000000	285	285
蘮	1.000000	189	189
蘯	1.000000	295	295
蘰	1.000000	428	428
蘱	1.000000	320	320
蘲	1.000000	199	199
蘳	1.000000	210	210
蘴	1.000000	278	278
蘶	1.000000	340	340
蘻	1.000000	271	271
蘽	1.000000	272	272
蘾	1.000000	432	432
虀	1.000000	317	317
虁	1.000000	244	244
虂	1.000000	394	394
虃	1.000000	201	201
虆	1.000000	499	499
虇	1.000000	187	187
虈	1.000000	297	297
虉	1.000000	274	274
虊	1.000000	193	193
虋	1.000000	242	242
虌	1.000000	274	274
虍	1.000000	386	386
虑	1.000000	1	1
虒	1.000000	413	413
虓	1.000000	439	439
虖	1.000000	334	334
虗	1.000000	343	343
虘	1.000000	270	270
虙	1.000000	305	305
虝	1.000000	219	219
虠	1.000000	220	220
虡	1.000000	340	340
虣	1.000000	243	243
虤	1.000000	339	339
虥	1.000000	208	208
虦	1.000000	224	224
虨	1.000000	251	251
虩	1.000000	358	358
虪	1.000000	214	214
虬	1.000000	100	100
虭	1.000000	289	289
虮	1.000000	100	100
虱	1.000000	131	131
虳	1.000000	342	342
虴	1.000000	306	306
虵	1.000000	442	442
虶	1.000000	271	271
虷	1.000000	408	408
虸	1.000000	401	401
蚄	1.000000	295	295
蚅	1.000000	299	299
蚆	1.000000	378	378
蚇	1.000000	290	290
蚈	1.000000	299	299
蚉	1.000000	326	326
蚎	1.000000	328	328
蚏	1.000000	372	372
蚐	1.000000	331	331
蚑	1.000000	334	334
蚒	1.000000	239	239
蚔	1.000000	300	300
蚕	1.000000	1	1
蚗	1.000000	336	336
蚘	1.000000	339	339
蚙	1.000000	225	225
蚛	1.000000	351	351
蚝	1.000000	569	569
蚞	1.000000	279	279
蚟	1.000000	349	349
蚠	1.000000	256	256
蚡	1.000000	435	435
蚢	1.000000	245	245
蚥	1.000000	276	276
蚦	1.000000	348	348
蚫	1.000000	241	241
蚭	1.000000	241	241
蚮	1.000000	314	314
蚲	1.000000	233	233
蚳	1.000000	336	336
蚷	1.000000	426	426
蚸	1.000000	206	206
蚹	1.000000	264	264
蚻	1.000000	250	250
蚼	1.000000	252	252
蚽	1.000000	253	253
蚾	1.000000	317	317
蚿	1.000000	394	394
蛁	1.000000	288	288
蛂	1.000000	244	244
蛃	1.000000	272	272
蛅	1.000000	277	277
蛈	1.000000	300	300
蛌	1.000000	259	259
蛍	1.000000	455	455
蛒	1.000000	242	242
蛕	1.000000	267	267
蛖	1.000000	249	249
蛗	1.000000	226	226
蛘	1.000000	603	603
蛚	1.000000	250	250
蛜	1.000000	343	343
蛝	1.000000	198	198
蛠	1.000000	207	207
蛡	1.000000	194	194
蛢	1.000000	249	249
蛣	1.000000	287	287
蛥	1.000000	305	305
蛦	1.000000	279	279
蛧	1.000000	422	422
蛨	1.000000	231	231
蛩	1.000000	608	608
蛪	1.000000	256	256
蛫	1.000000	291	291
蛬	1.000000	251	251
蛯	1.000000	470	470
蛶	1.000000	174	174
蛷	1.000000	224	224
蛼	1.000000	292	292
蛽	1.000000	247	247
蛿	1.000000	256	256
蜁	1.000000	242	242
蜄	1.000000	226	226
蜅	1.000000	250	250
蜌	1.000000	262	262
蜎	1.000000	369	369
蜏	1.000000	166	166
蜐	1.000000	233	233
蜔	1.000000	236	236
蜖	1.000000	220	220
蜙	1.000000	228	228
蜛	1.000000	290	290
蜝	1.000000	225	225
蜟	1.000000	245	245
蜠	1.000000	241	241
蜤	1.000000	256	256
蜦	1.000000	233	233
蜧	1.000000	247	247
蜨	1.000000	295	295
蜪	1.000000	279	279
蜫	1.000000	231	231
蜬	1.000000	235	235
蜭	1.000000	193	193
蜯	1.000000	406	406
蜱	1.000000	566	566
蜲	1.000000	239	239
蜳	1.000000	254	254
蜵	1.000000	203	203
蜶	1.000000	257	257
蜸	1.000000	221	221
蜹	1.000000	280	280
蜺	1.000000	103	103
蜼	1.000000	314	314
蜽	1.000000	263	263
蝁	1.000000	231	231
蝂	1.000000	494	494
蝃	1.000000	349	349
蝅	1.000000	252	252
蝆	1.000000	192	192
蝋	1.000000	329	329
蝍	1.000000	275	275
蝎	1.000000	100	100
蝏	1.000000	328	328
蝐	1.000000	256	256
蝑	1.000000	230	230
蝒	1.000000	297	297
蝔	1.000000	188	188
蝖	1.000000	215	215
蝘	1.000000	325	325
蝚	1.000000	265	265
蝛	1.000000	220	220
蝜	1.000000	367	367
蝝	1.000000	278	278
蝞	1.000000	211	211
蝡	1.000000	251	251
蝢	1.000000	186	186
蝧	1.000000	188	188
蝩	1.000000	284	284
蝫	1.000000	215	215
蝬	1.000000	230	230
蝭	1.000000	214	214
蝯	1.000000	291	291
蝱	1.000000	280	280
蝳	1.000000	419	419
蝵	1.000000	323	323
蝷	1.000000	274	274
蝹	1.000000	221	221
蝺	1.000000	268	268
蝻	1.000000	386	386
蝿	1.000000	276	276
螁	1.000000	288	288
螆	1.000000	289	289
螇	1.000000	244	244
螊	1.000000	171	171
螌	1.000000	307	307
螎	1.000000	273	273
螏	1.000000	260	260
螐	1.000000	247	247
螑	1.000000	267	267
螒	1.000000	308	308
螔	1.000000	227	227
螕	1.000000	251	251
螖	1.000000	312	312
螘	1.000000	370	370
螙	1.000000	208	208
螚	1.000000	596	596
螛	1.000000	255	255
螜	1.000000	266	266
螝	1.000000	359	359
螠	1.000000	345	345
螡	1.000000	362	362
螣	1.000000	483	483
螤	1.000000	287	287
螥	1.000000	259	259
螪	1.000000	251	251
螭	1.000000	617	617
螮	1.000000	1	1
螰	1.000000	268	268
螱	1.000000	270	270
螴	1.000000	242	242
螶	1.000000	222	222
螷	1.000000	217	217
螸	1.000000	211	211
螼	1.000000	205	205
蟁	1.000000	261	261
蟂	1.000000	259	259
蟃	1.000000	274	274
蟅	1.000000	332	332
蟇	1.000000	300	300
蟉	1.000000	278	278
蟌	1.000000	375	375
蟍	1.000000	270	270
蟐	1.000000	340	340
蟓	1.000000	391	391
蟔	1.000000	218	218
蟕	1.000000	420	420
蟖	1.000000	288	288
蟗	1.000000	239	239
蟘	1.000000	233	233
蟙	1.000000	201	201
蟚	1.000000	215	215
蟛	1.000000	566	566
蟜	1.000000	391	391
蟝	1.000000	286	286
蟞	1.000000	313	313
蟡	1.000000	185	185
蟣	1.000000	540	540
蟤	1.000000	240	240
蟦	1.000000	278	278
蟧	1.000000	299	299
蟨	1.000000	274	274
蟩	1.000000	276	276
蟫	1.000000	346	346
蟰	1.000000	354	354
蟱	1.000000	425	425
蟳	1.000000	411	411
蟴	1.000000	243	243
蟸	1.000000	311	311
蟺	1.000000	8	8
蟼	1.000000	352	352
蟽	1.000000	385	385
蟿	1.000000	417	417
蠀	1.000000	360	360
蠁	1.000000	305	305
蠂	1.000000	340	340
蠄	1.000000	360	360
蠇	1.000000	200	200
蠈	1.000000	349	349
蠉	1.000000	286	286
蠋	1.000000	383	383
蠌	1.000000	204	204
蠎	1.000000	303	303
蠒	1.000000	237	237
蠗	1.000000	189	189
蠘	1.000000	224	224
蠙	1.000000	342	342
蠚	1.000000	263	263
蠜	1.000000	216	216
蠝	1.000000	245	245
蠞	1.000000	216	216
蠠	1.000000	285	285
蠤	1.000000	193	193
蠥	1.000000	303	303
蠦	1.000000	285	285
蠧	1.000000	358	358
蠩	1.000000	255	255
蠪	1.000000	337	337
蠫	1.000000	284	284
蠬	1.000000	298	298
蠯	1.000000	265	265
蠰	1.000000	301	301
蠳	1.000000	267	267
蠷	1.000000	219	219
蠸	1.000000	293	293
蠺	1.000000	306	306
蠽	1.000000	274	274
蠾	1.000000	290	290
蠿	1.000000	232	232
衁	1.000000	253	253
衂	1.000000	281	281
衃	1.000000	329	329
衄	1.000000	534	534
衇	1.000000	223	223
衈	1.000000	218	218
衉	1.000000	256	256
衋	1.000000	322	322
衎	1.000000	437	437
衏	1.000000	270	270
衑	1.000000	253	253
衒	1.000000	204	204
衘	1.000000	291	291
衜	1.000000	369	369
衟	1.000000	310	310
衠	1.000000	276	276
衦	1.000000	238	238
衧	1.000000	464	464
衪	1.000000	444	444
衭	1.000000	88	88
衯	1.000000	486	486
衱	1.000000	321	321
衳	1.000000	209	209
衴	1.000000	194	194
衵	1.000000	289	289
衶	1.000000	428	428
衸	1.000000	369	369
衺	1.000000	333	333
衻	1.000000	290	290
衼	1.000000	297	297
袀	1.000000	278	278
袃	1.000000	222	222
袉	1.000000	276	276
袊	1.000000	321	321
袌	1.000000	282	282
袎	1.000000	209	209
袏	1.000000	562	562
袐	1.000000	333	333
袑	1.000000	306	306
袓	1.000000	433	433
袔	1.000000	420	420
袕	1.000000	246	246
袗	1.000000	400	400
袘	1.000000	424	424
袙	1.000000	482	482
袚	1.000000	363	363
袛	1.000000	450	450
袜	1.000000	100	100
袝	1.000000	344	344
袟	1.000000	326	326
袠	1.000000	370	370
袡	1.000000	273	273
袢	1.000000	599	599
袣	1.000000	382	382
袥	1.000000	313	313
袦	1.000000	402	402
袧	1.000000	372	372
袨	1.000000	392	392
袩	1.000000	396	396
袪	1.000000	68	68
袬	1.000000	207	207
袮	1.000000	735	735
袲	1.000000	270	270
袳	1.000000	324	324
袵	1.000000	326	326
袶	1.000000	297	297
袸	1.000000	314	314
袹	1.000000	327	327
袻	1.000000	341	341
袽	1.000000	404	404
袾	1.000000	326	326
袿	1.000000	316	316
裀	1.000000	408	408
裃	1.000000	424	424
裄	1.000000	352	352
裉	1.000000	581	581
裋	1.000000	264	264
裍	1.000000	205	205
裐	1.000000	246	246
裑	1.000000	590	590
裓	1.000000	359	359
裖	1.000000	267	267
裗	1.000000	351	351
裚	1.000000	216	216
裛	1.000000	346	346
裞	1.000000	372	372
裠	1.000000	215	215
裦	1.000000	303	303
裧	1.000000	252	252
裩	1.000000	269	269
裪	1.000000	307	307
裫	1.000000	192	192
裬	1.000000	317	317
裭	1.000000	221	221
裮	1.000000	274	274
裯	1.000000	350	350
裲	1.000000	372	372
裵	1.000000	330	330
裶	1.000000	279	279
裷	1.000000	235	235
裺	1.000000	294	294
裻	1.000000	227	227
裿	1.000000	279	279
褀	1.000000	428	428
褁	1.000000	429	429
褃	1.000000	399	399
褄	1.000000	275	275
褅	1.000000	238	238
褆	1.000000	538	538
褈	1.000000	415	415
褋	1.000000	621	621
褍	1.000000	513	513
褎	1.000000	7	7
褏	1.000000	438	438
褑	1.000000	461	461
褔	1.000000	355	355
褕	1.000000	451	451
褖	1.000000	394	394
褗	1.000000	443	443
褘	1.000000	458	458
褜	1.000000	445	445
褝	1.000000	369	369
褞	1.000000	367	367
褠	1.000000	284	284
褢	1.000000	340	340
褣	1.000000	341	341
褤	1.000000	310	310
褦	1.000000	88	88
褧	1.000000	353	353
褨	1.000000	366	366
褩	1.000000	399	399
褬	1.000000	445	445
褭	1.000000	350	350
褮	1.000000	352	352
褯	1.000000	315	315
褰	1.000000	601	601
褱	1.000000	333	333
褷	1.000000	317	317
褹	1.000000	269	269
褺	1.000000	251	251
褼	1.000000	274	274
褽	1.000000	262	262
褾	1.000000	317	317
褿	1.000000	244	244
襂	1.000000	298	298
襃	1.000000	341	341
襆	1.000000	441	441
襇	1.000000	157	157
襈	1.000000	315	315
襉	1.000000	571	571
襊	1.000000	264	264
襋	1.000000	327	327
襌	1.000000	403	403
襍	1.000000	506	506
襎	1.000000	294	294
襏	1.000000	296	296
襐	1.000000	373	373
襑	1.000000	266	266
襒	1.000000	281	281
襓	1.000000	217	217
襗	1.000000	328	328
襙	1.000000	291	291
襚	1.000000	316	316
襛	1.000000	294	294
襜	1.000000	408	408
襡	1.000000	359	359
襢	1.000000	288	288
襣	1.000000	291	291
襥	1.000000	258	258
襧	1.000000	182	182
襩	1.000000	270	270
襫	1.000000	260	260
襭	1.000000	267	267
襰	1.000000	296	296
襱	1.000000	266	266
襳	1.000000	223	223
襴	1.000000	399	399
襵	1.000000	234	234
襶	1.000000	359	359
襷	1.000000	226	226
襸	1.000000	180	180
襹	1.000000	258	258
襺	1.000000	185	185
襼	1.000000	334	334
襽	1.000000	194	194
襾	1.000000	369	369
覂	1.000000	309	309
覅	1.000000	400	400
覇	1.000000	469	469
覉	1.000000	237	237
覊	1.000000	336	336
覌	1.000000	431	431
覍	1.000000	362	362
覎	1.000000	278	278
覐	1.000000	230	230
覑	1.000000	449	449
覒	1.000000	216	216
覔	1.000000	272	272
覕	1.000000	234	234
覗	1.000000	374	374
覙	1.000000	252	252
覚	1.000000	588	588
覛	1.000000	290	290
覜	1.000000	368	368
覝	1.000000	245	245
覞	1.000000	330	330
覟	1.000000	228	228
覠	1.000000	338	338
覢	1.000000	191	191
覣	1.000000	304	304
覤	1.000000	304	304
覥	1.000000	340	340
覧	1.000000	472	472
覨	1.000000	241	241
覩	1.000000	384	384
覫	1.000000	286	286
覭	1.000000	290	290
覮	1.000000	261	261
覰	1.000000	251	251
覱	1.000000	256	256
観	1.000000	516	516
覴	1.000000	303	303
覵	1.000000	286	286
覶	1.000000	291	291
覹	1.000000	320	320
覻	1.000000	260	260
覾	1.000000	240	240
觓	1.000000	222	222
觕	1.000000	265	265
觖	1.000000	405	405
觗	1.000000	210	210
觘	1.000000	259	259
觙	1.000000	232	232
觛	1.000000	372	372
觝	1.000000	105	105
觟	1.000000	272	272
觠	1.000000	223	223
觡	1.000000	241	241
觢	1.000000	238	238
觤	1.000000	231	231
触	1.000000	20	20
觧	1.000000	395	395
觨	1.000000	239	239
觩	1.000000	252	252
觪	1.000000	233	233
觬	1.000000	269	269
觭	1.000000	325	325
觮	1.000000	240	240
觰	1.000000	252	252
觲	1.000000	210	210
觵	1.000000	193	193
觶	1.000000	563	563
觷	1.000000	240	240
觹	1.000000	267	267
觺	1.000000	317	317
觻	1.000000	244	244
觼	1.000000	302	302
觾	1.000000	197	197
觿	1.000000	356	356
訁	1.000000	501	501
訄	1.000000	345	345
訅	1.000000	174	174
訆	1.000000	505	505
訉	1.000000	397	397
訋	1.000000	306	306
訍	1.000000	279	279
訏	1.000000	433	433
訑	1.000000	2	2
訒	1.000000	329	329
訔	1.000000	250	250
訙	1.000000	248	248
訜	1.000000	407	407
訞	1.000000	426	426
訠	1.000000	248	248
訡	1.000000	518	518
訤	1.000000	330	330
訦	1.000000	362	362
訧	1.000000	368	368
訨	1.000000	419	419
訩	1.000000	309	309
訫	1.000000	659	659
訬	1.000000	398	398
訮	1.000000	319	319
訯	1.000000	248	248
訰	1.000000	245	245
訲	1.000000	268	268
訳	1.000000	513	513
訵	1.000000	224	224
訷	1.000000	433	433
訸	1.000000	416	416
訹	1.000000	307	307
訽	1.000000	317	317
訿	1.000000	288	288
詀	1.000000	432	432
詂	1.000000	303	303
詃	1.000000	261	261
詄	1.000000	269	269
詅	1.000000	304	304
詇	1.000000	239	239
詉	1.000000	293	293
詊	1.000000	229	229
詋	1.000000	241	241
詌	1.000000	514	514
詍	1.000000	294	294
詏	1.000000	302	302
詑	1.000000	298	298
詓	1.000000	498	498
詗	1.000000	342	342
詘	1.000000	609	609
詙	1.000000	278	278
詚	1.000000	215	215
詜	1.000000	196	196
詤	1.000000	505	505
詥	1.000000	367	367
詧	1.000000	348	348
詨	1.000000	321	321
詪	1.000000	585	585
詯	1.000000	452	452
詴	1.000000	308	308
詵	1.000000	588	588
詶	1.000000	3	3
詷	1.000000	408	408
詸	1.000000	400	400
詺	1.000000	472	472
詻	1.000000	43	43
詽	1.000000	275	275
詾	1.000000	256	256
誀	1.000000	367	367
誁	1.000000	307	307
誂	1.000000	317	317
誃	1.000000	515	515
誈	1.000000	210	210
誊	1.000000	1	1
誋	1.000000	465	465
誎	1.000000	353	353
誏	1.000000	411	411
誐	1.000000	574	574
誔	1.000000	367	367
誖	1.000000	309	309
誗	1.000000	303	303
誛	1.000000	250	250
誜	1.000000	337	337
誝	1.000000	241	241
誟	1.000000	306	306
誢	1.000000	311	311
誧	1.000000	303	303
誩	1.000000	484	484
誫	1.000000	250	250
読	1.000000	544	544
誯	1.000000	338	338
誱	1.000000	281	281
誳	1.000000	339	339
誴	1.000000	285	285
誵	1.000000	256	256
誷	1.000000	356	356
誸	1.000000	451	451
誺	1.000000	418	418
誻	1.000000	285	285
誽	1.000000	375	375
誾	1.000000	395	395
諀	1.000000	358	358
諁	1.000000	182	182
諃	1.000000	323	323
諅	1.000000	280	280
諆	1.000000	389	389
諈	1.000000	257	257
諊	1.000000	208	208
諌	1.000000	360	360
諎	1.000000	504	504
諐	1.000000	254	254
諓	1.000000	283	283
諕	1.000000	322	322
諘	1.000000	430	430
諙	1.000000	215	215
諚	1.000000	204	204
諝	1.000000	390	390
諞	1.000000	680	680
諟	1.000000	595	595
諠	1.000000	1	1
諣	1.000000	271	271
諥	1.000000	380	380
諨	1.000000	614	614
諩	1.000000	224	224
諪	1.000000	485	485
諬	1.000000	216	216
諯	1.000000	269	269
諰	1.000000	2	2
諲	1.000000	384	384
諴	1.000000	433	433
諵	1.000000	438	438
諶	1.000000	736	736
諹	1.000000	279	279
諻	1.000000	365	365
諼	1.000000	632	632
諽	1.000000	263	263
諿	1.000000	326	326
謆	1.000000	246	246
謇	1.000000	577	577
謈	1.000000	232	232
謉	1.000000	430	430
謋	1.000000	297	297
謌	1.000000	499	499
謍	1.000000	273	273
謏	1.000000	1	1
謑	1.000000	314	314
謒	1.000000	208	208
謓	1.000000	480	480
謕	1.000000	221	221
謘	1.000000	207	207
謜	1.000000	436	436
謞	1.000000	235	235
謟	1.000000	298	298
謡	1.000000	2	2
謢	1.000000	371	371
謣	1.000000	370	370
謤	1.000000	333	333
謥	1.000000	250	250
謦	1.000000	511	511
謧	1.000000	413	413
謩	1.000000	301	301
謪	1.000000	280	280
謮	1.000000	248	248
謯	1.000000	239	239
謰	1.000000	278	278
謱	1.000000	278	278
謲	1.000000	276	276
謴	1.000000	218	218
謵	1.000000	371	371
謶	1.000000	314	314
謸	1.000000	447	447
謺	1.000000	266	266
謼	1.000000	1	1
謽	1.000000	227	227
謿	1.000000	510	510
譀	1.000000	265	265
譂	1.000000	393	393
譃	1.000000	448	448
譄	1.000000	296	296
譅	1.000000	2	2
譆	1.000000	91	91
譇	1.000000	219	219
譈	1.000000	284	284
譊	1.000000	2	2
譋	1.000000	213	213
譌	1.000000	318	318
譍	1.000000	278	278
譐	1.000000	313	313
譑	1.000000	252	252
譒	1.000000	307	307
譓	1.000000	346	346
譔	1.000000	26	26
譕	1.000000	551	551
譗	1.000000	271	271
譛	1.000000	281	281
譝	1.000000	286	286
譞	1.000000	443	443
譠	1.000000	267	267
譡	1.000000	428	428
譢	1.000000	352	352
譣	1.000000	205	205
譤	1.000000	252	252
譥	1.000000	246	246
譧	1.000000	225	225
譨	1.000000	202	202
譩	1.000000	480	480
譪	1.000000	298	298
譮	1.000000	566	566
譱	1.000000	264	264
譲	1.000000	587	587
譳	1.000000	319	319
譵	1.000000	520	520
譶	1.000000	320	320
譸	1.000000	309	309
譹	1.000000	393	393
譺	1.000000	290	290
譻	1.000000	257	257
譼	1.000000	258	258
譿	1.000000	336	336
讁	1.000000	345	345
讂	1.000000	183	183
讃	1.000000	428	428
讄	1.000000	212	212
讅	1.000000	250	250
讆	1.000000	320	320
讇	1.000000	221	221
讈	1.000000	221	221
讉	1.000000	460	460
讋	1.000000	348	348
讍	1.000000	271	271
讐	1.000000	374	374
讑	1.000000	213	213
讔	1.000000	311	311
讗	1.000000	247	247
讘	1.000000	380	380
讙	1.000000	366	366
讛	1.000000	273	273
讝	1.000000	229	229
讟	1.000000	346	346
谸	1.000000	231	231
谹	1.000000	319	319
谺	1.000000	339	339
谻	1.000000	415	415
谼	1.000000	338	338
谽	1.000000	314	314
谾	1.000000	221	221
豀	1.000000	316	316
豂	1.000000	212	212
豃	1.000000	328	328
豄	1.000000	223	223
豅	1.000000	231	231
豊	1.000000	533	533
豋	1.000000	418	418
豍	1.000000	259	259
豏	1.000000	282	282
豑	1.000000	220	220
豓	1.000000	224	224
豖	1.000000	315	315
豘	1.000000	251	251
豙	1.000000	310	310
豛	1.000000	222	222
豜	1.000000	271	271
豝	1.000000	323	323
豞	1.000000	415	415
豟	1.000000	216	216
豠	1.000000	218	218
豣	1.000000	211	211
豤	1.000000	259	259
豥	1.000000	280	280
豦	1.000000	251	251
豧	1.000000	198	198
豩	1.000000	335	335
豭	1.000000	342	342
豯	1.000000	194	194
豰	1.000000	278	278
豱	1.000000	203	203
豲	1.000000	364	364
豳	1.000000	511	511
豴	1.000000	233	233
豵	1.000000	277	277
豶	1.000000	301	301
豷	1.000000	326	326
豻	1.000000	269	269
豼	1.000000	222	222
豽	1.000000	251	251
豾	1.000000	215	215
豿	1.000000	485	485
貀	1.000000	210	210
貁	1.000000	201	201
貃	1.000000	234	234
貄	1.000000	210	210
貆	1.000000	279	279
貇	1.000000	382	382
貈	1.000000	283	283
貋	1.000000	225	225
貍	1.000000	2	2
貎	1.000000	389	389
貏	1.000000	215	215
貐	1.000000	400	400
貑	1.000000	392	392
貒	1.000000	307	307
貕	1.000000	198	198
貖	1.000000	242	242
貗	1.000000	213	213
貘	1.000000	543	543
貙	1.000000	3	3
貚	1.000000	193	193
貛	1.000000	250	250
貜	1.000000	236	236
貟	1.000000	483	483
貣	1.000000	282	282
貤	1.000000	314	314
貥	1.000000	233	233
貦	1.000000	368	368
貭	1.000000	417	417
貮	1.000000	394	394
貱	1.000000	268	268
貵	1.000000	236	236
貹	1.000000	443	443
貺	1.000000	439	439
賆	1.000000	174	174
賉	1.000000	284	284
賋	1.000000	262	262
賌	1.000000	193	193
賍	1.000000	422	422
賎	1.000000	437	437
賏	1.000000	402	402
賐	1.000000	222	222
賔	1.000000	296	296
賕	1.000000	415	415
賖	1.000000	290	290
賗	1.000000	397	397
賛	1.000000	406	406
賝	1.000000	276	276
賟	1.000000	200	200
賥	1.000000	427	427
賧	1.000000	460	460
賩	1.000000	207	207
賫	1.000000	190	190
賮	1.000000	379	379
賯	1.000000	295	295
賰	1.000000	3	3
賱	1.000000	421	421
賲	1.000000	385	385
賳	1.000000	371	371
賵	1.000000	350	350
賶	1.000000	280	280
賷	1.000000	407	407
賹	1.000000	264	264
賿	1.000000	244	244
贀	1.000000	301	301
贁	1.000000	457	457
贂	1.000000	375	375
贃	1.000000	171	171
贆	1.000000	218	218
贉	1.000000	262	262
贋	1.000000	100	100
贎	1.000000	275	275
贐	1.000000	381	381
贑	1.000000	352	352
贒	1.000000	312	312
贕	1.000000	299	299
贙	1.000000	287	287
贚	1.000000	314	314
赥	1.000000	305	305
赨	1.000000	267	267
赩	1.000000	316	316
赬	1.000000	435	435
赮	1.000000	263	263
赯	1.000000	429	429
赱	1.000000	673	673
赲	1.000000	305	305
赶	1.000000	220	220
赸	1.000000	298	298
赹	1.000000	177	177
赺	1.000000	236	236
赻	1.000000	339	339
赼	1.000000	244	244
赽	1.000000	530	530
赾	1.000000	254	254
赿	1.000000	382	382
趀	1.000000	222	222
趂	1.000000	323	323
趃	1.000000	265	265
趆	1.000000	295	295
趇	1.000000	244	244
趈	1.000000	238	238
趉	1.000000	504	504
趌	1.000000	300	300
趍	1.000000	289	289
趎	1.000000	311	311
趏	1.000000	254	254
趐	1.000000	408	408
趒	1.000000	249	249
趓	1.000000	236	236
趖	1.000000	304	304
趗	1.000000	226	226
趘	1.000000	186	186
趚	1.000000	356	356
趛	1.000000	188	188
趜	1.000000	261	261
趝	1.000000	143	143
趞	1.000000	315	315
趠	1.000000	442	442
趡	1.000000	291	291
趢	1.000000	197	197
趤	1.000000	250	250
趥	1.000000	230	230
趦	1.000000	241	241
趧	1.000000	405	405
趩	1.000000	298	298
趪	1.000000	240	240
趫	1.000000	450	450
趬	1.000000	278	278
趭	1.000000	269	269
趮	1.000000	298	298
趯	1.000000	400	400
趶	1.000000	235	235
趷	1.000000	1156	1156
趹	1.000000	240	240
趻	1.000000	240	240
趽	1.000000	325	325
跀	1.000000	292	292
跁	1.000000	348	348
跅	1.000000	345	345
跇	1.000000	235	235
跈	1.000000	285	285
跉	1.000000	251	251
跊	1.000000	234	234
跍	1.000000	290	290
跐	1.000000	401	401
跒	1.000000	187	187
跓	1.000000	311	311
跔	1.000000	282	282
跕	1.000000	430	430
跖	1.000000	607	607
跘	1.000000	402	402
跙	1.000000	255	255
跜	1.000000	247	247
跠	1.000000	211	211
跢	1.000000	413	413
跦	1.000000	303	303
跧	1.000000	303	303
跩	1.000000	530	530
跭	1.000000	311	311
跮	1.000000	254	254
跰	1.000000	259	259
跲	1.000000	271	271
跴	1.000000	341	341
跽	1.000000	502	502
跾	1.000000	239	239
跿	1.000000	293	293
踀	1.000000	272	272
踁	1.000000	257	257
踂	1.000000	168	168
踃	1.000000	239	239
踄	1.000000	436	436
踆	1.000000	312	312
踇	1.000000	365	365
踈	1.000000	339	339
踋	1.000000	416	416
踍	1.000000	176	176
踑	1.000000	307	307
踒	1.000000	271	271
踓	1.000000	204	204
踕	1.000000	223	223
踖	1.000000	326	326
踗	1.000000	199	199
踘	1.000000	335	335
踙	1.000000	174	174
踚	1.000000	204	204
踛	1.000000	324	324
踜	1.000000	222	222
踤	1.000000	281	281
踦	1.000000	331	331
踧	1.000000	330	330
踨	1.000000	307	307
踫	1.000000	177	177
踰	1.000000	657	657
踲	1.000000	226	226
踳	1.000000	271	271
踷	1.000000	167	167
踸	1.000000	247	247
踻	1.000000	267	267
踼	1.000000	800	800
踾	1.000000	326	326
踿	1.000000	188	188
蹃	1.000000	259	259
蹅	1.000000	282	282
蹆	1.000000	386	386
蹍	1.000000	379	379
蹎	1.000000	278	278
蹏	1.000000	343	343
蹐	1.000000	342	342
蹓	1.000000	88	88
蹔	1.000000	299	299
蹖	1.000000	393	393
蹗	1.000000	198	198
蹘	1.000000	174	174
蹛	1.000000	345	345
蹜	1.000000	375	375
蹝	1.000000	88	88
蹞	1.000000	287	287
蹠	1.000000	58	58
蹡	1.000000	369	369
蹢	1.000000	319	319
蹥	1.000000	207	207
蹧	1.000000	1	1
蹨	1.000000	352	352
蹫	1.000000	209	209
蹮	1.000000	194	194
蹰	1.000000	80	80
蹱	1.000000	356	356
蹳	1.000000	174	174
蹵	1.000000	275	275
蹷	1.000000	277	277
蹸	1.000000	291	291
蹹	1.000000	251	251
蹻	1.000000	4	4
躃	1.000000	275	275
躆	1.000000	292	292
躈	1.000000	266	266
躌	1.000000	460	460
躎	1.000000	231	231
躒	1.000000	513	513
躖	1.000000	251	251
躗	1.000000	227	227
躘	1.000000	290	290
躙	1.000000	307	307
躛	1.000000	191	191
躝	1.000000	2313	2313
躟	1.000000	281	281
躠	1.000000	297	297
躢	1.000000	221	221
躣	1.000000	308	308
躤	1.000000	215	215
躦	1.000000	401	401
躧	1.000000	286	286
躨	1.000000	238	238
躩	1.000000	265	265
躭	1.000000	88	88
躰	1.000000	473	473
躱	1.000000	497	497
躳	1.000000	225	225
躴	1.000000	241	241
躶	1.000000	301	301
躷	1.000000	230	230
躸	1.000000	225	225
躹	1.000000	326	326
躽	1.000000	248	248
躾	1.000000	326	326
躿	1.000000	257	257
軁	1.000000	253	253
軂	1.000000	279	279
軃	1.000000	276	276
軄	1.000000	229	229
軅	1.000000	249	249
軆	1.000000	609	609
軇	1.000000	184	184
軈	1.000000	248	248
軉	1.000000	224	224
軎	1.000000	340	340
軏	1.000000	2	2
軐	1.000000	277	277
軑	1.000000	325	325
軓	1.000000	319	319
軖	1.000000	213	213
軗	1.000000	264	264
軘	1.000000	294	294
軙	1.000000	194	194
軚	1.000000	371	371
軜	1.000000	283	283
軝	1.000000	190	190
軞	1.000000	290	290
軠	1.000000	233	233
軡	1.000000	281	281
転	1.000000	533	533
軣	1.000000	237	237
軤	1.000000	322	322
軥	1.000000	312	312
軦	1.000000	328	328
軧	1.000000	319	319
軨	1.000000	2	2
軩	1.000000	267	267
軪	1.000000	184	184
軬	1.000000	258	258
軭	1.000000	283	283
軮	1.000000	273	273
軯	1.000000	235	235
軰	1.000000	479	479
軳	1.000000	318	318
軴	1.000000	380	380
軵	1.000000	261	261
軶	1.000000	254	254
軷	1.000000	320	320
軹	1.000000	507	507
軺	1.000000	411	411
軽	1.000000	490	490
輀	1.000000	315	315
輁	1.000000	327	327
輄	1.000000	368	368
輅	1.000000	524	524
輆	1.000000	271	271
輋	1.000000	376	376
輌	1.000000	331	331
輍	1.000000	200	200
輎	1.000000	238	238
輏	1.000000	215	215
輐	1.000000	388	388
輑	1.000000	320	320
輖	1.000000	379	379
輗	1.000000	2	2
輘	1.000000	286	286
輙	1.000000	319	319
輚	1.000000	259	259
輠	1.000000	408	408
輡	1.000000	214	214
輢	1.000000	209	209
輣	1.000000	381	381
輤	1.000000	273	273
輧	1.000000	317	317
輨	1.000000	320	320
輫	1.000000	350	350
輬	1.000000	308	308
輭	1.000000	533	533
輮	1.000000	1	1
輰	1.000000	245	245
輱	1.000000	239	239
輲	1.000000	283	283
輴	1.000000	338	338
輵	1.000000	324	324
輶	1.000000	403	403
輷	1.000000	236	236
輹	1.000000	310	310
輺	1.000000	218	218
輽	1.000000	167	167
轁	1.000000	310	310
轃	1.000000	310	310
轇	1.000000	309	309
轈	1.000000	227	227
轊	1.000000	282	282
轋	1.000000	263	263
轌	1.000000	424	424
轏	1.000000	181	181
轐	1.000000	272	272
轑	1.000000	260	260
轒	1.000000	328	328
轕	1.000000	88	88
轖	1.000000	228	228
轘	1.000000	374	374
轙	1.000000	266	266
轚	1.000000	214	214
轛	1.000000	217	217
轜	1.000000	277	277
轝	1.000000	280	280
轞	1.000000	294	294
轠	1.000000	294	294
轥	1.000000	239	239
辝	1.000000	246	246
辠	1.000000	288	288
辡	1.000000	242	242
辢	1.000000	356	356
辤	1.000000	480	480
辥	1.000000	276	276
辧	1.000000	377	377
辬	1.000000	411	411
辳	1.000000	244	244
辴	1.000000	250	250
辵	1.000000	528	528
辶	1.000000	551	551
辷	1.000000	696	696
辸	1.000000	247	247
辺	1.000000	532	532
辻	1.000000	534	534
込	1.000000	561	561
达	1.000000	600	600
辿	1.000000	431	431
迀	1.000000	421	421
迃	1.000000	209	209
迉	1.000000	407	407
迊	1.000000	411	411
迋	1.000000	488	488
迌	1.000000	314	314
迏	1.000000	359	359
运	1.000000	1	1
迒	1.000000	291	291
迓	1.000000	602	602
迖	1.000000	362	362
迗	1.000000	567	567
迚	1.000000	471	471
迠	1.000000	308	308
迡	1.000000	489	489
迣	1.000000	545	545
迧	1.000000	213	213
迨	1.000000	593	593
迬	1.000000	439	439
迮	1.000000	474	474
迯	1.000000	453	453
迱	1.000000	289	289
迲	1.000000	546	546
迵	1.000000	377	377
迶	1.000000	523	523
迹	1.000000	510	510
迺	1.000000	192	192
迼	1.000000	277	277
迾	1.000000	295	295
迿	1.000000	343	343
逄	1.000000	533	533
逇	1.000000	317	317
逈	1.000000	326	326
选	1.000000	1	1
逌	1.000000	329	329
逎	1.000000	267	267
逓	1.000000	240	240
逘	1.000000	226	226
逜	1.000000	424	424
逤	1.000000	290	290
逥	1.000000	412	412
逧	1.000000	321	321
逨	1.000000	467	467
逩	1.000000	391	391
逪	1.000000	209	209
逫	1.000000	261	261
逬	1.000000	302	302
逯	1.000000	637	637
逰	1.000000	388	388
逳	1.000000	322	322
逴	1.000000	344	344
逷	1.000000	307	307
逹	1.000000	462	462
逺	1.000000	596	596
逽	1.000000	303	303
逿	1.000000	296	296
遀	1.000000	252	252
遃	1.000000	218	218
遅	1.000000	459	459
遆	1.000000	376	376
遈	1.000000	608	608
遉	1.000000	295	295
遌	1.000000	234	234
遖	1.000000	394	394
遘	1.000000	460	460
遚	1.000000	210	210
遟	1.000000	350	350
遡	1.000000	200	200
遦	1.000000	404	404
遧	1.000000	228	228
遪	1.000000	203	203
遫	1.000000	254	254
遬	1.000000	274	274
遰	1.000000	419	419
遱	1.000000	231	231
遳	1.000000	215	215
遶	1.000000	386	386
遹	1.000000	433	433
遻	1.000000	254	254
遾	1.000000	220	220
邆	1.000000	300	300
邉	1.000000	532	532
邌	1.000000	390	390
邍	1.000000	309	309
邎	1.000000	339	339
邒	1.000000	238	238
邓	1.000000	30	30
邔	1.000000	272	272
邖	1.000000	285	285
邘	1.000000	363	363
邚	1.000000	280	280
邞	1.000000	231	231
邟	1.000000	251	251
邤	1.000000	348	348
邥	1.000000	322	322
邧	1.000000	281	281
邩	1.000000	294	294
邫	1.000000	197	197
邭	1.000000	295	295
邮	1.000000	90	90
邰	1.000000	664	664
邲	1.000000	349	349
邴	1.000000	541	541
邶	1.000000	493	493
邺	1.000000	1	1
邻	1.000000	1	1
邼	1.000000	193	193
邽	1.000000	433	433
邾	1.000000	552	552
邿	1.000000	290	290
郀	1.000000	228	228
郂	1.000000	286	286
郄	1.000000	546	546
郆	1.000000	207	207
郈	1.000000	388	388
郉	1.000000	341	341
郋	1.000000	312	312
郌	1.000000	215	215
郍	1.000000	277	277
郔	1.000000	312	312
郕	1.000000	411	411
郖	1.000000	336	336
郗	1.000000	621	621
郙	1.000000	335	335
郚	1.000000	374	374
郜	1.000000	691	691
郞	1.000000	566	566
郠	1.000000	289	289
郣	1.000000	246	246
郥	1.000000	310	310
郩	1.000000	268	268
郪	1.000000	460	460
郬	1.000000	287	287
郮	1.000000	295	295
郰	1.000000	267	267
郱	1.000000	249	249
郲	1.000000	331	331
郳	1.000000	366	366
郶	1.000000	238	238
郷	1.000000	509	509
郹	1.000000	200	200
郺	1.000000	194	194
郻	1.000000	190	190
郼	1.000000	224	224
鄀	1.000000	401	401
鄁	1.000000	291	291
鄃	1.000000	319	319
鄅	1.000000	278	278
鄇	1.000000	276	276
鄈	1.000000	212	212
鄊	1.000000	235	235
鄋	1.000000	259	259
鄌	1.000000	320	320
鄍	1.000000	273	273
鄎	1.000000	253	253
鄏	1.000000	308	308
鄐	1.000000	278	278
鄑	1.000000	257	257
鄓	1.000000	191	191
鄕	1.000000	359	359
鄗	1.000000	359	359
鄘	1.000000	402	402
鄚	1.000000	377	377
鄛	1.000000	265	265
鄝	1.000000	310	310
鄟	1.000000	230	230
鄡	1.000000	269	269
鄣	1.000000	608	608
鄤	1.000000	314	314
鄥	1.000000	204	204
鄦	1.000000	318	318
鄨	1.000000	276	276
鄩	1.000000	404	404
鄪	1.000000	262	262
鄫	1.000000	393	393
鄬	1.000000	351	351
鄮	1.000000	381	381
鄳	1.000000	274	274
鄵	1.000000	235	235
鄷	1.000000	309	309
鄸	1.000000	311	311
鄹	1.000000	571	571
鄻	1.000000	135	135
鄼	1.000000	200	200
鄽	1.000000	255	255
鄾	1.000000	276	276
鄿	1.000000	212	212
酀	1.000000	252	252
酁	1.000000	167	167
酄	1.000000	375	375
酅	1.000000	293	293
酇	1.000000	385	385
酎	1.000000	441	441
酏	1.000000	356	356
酑	1.000000	214	214
酓	1.000000	280	280
酔	1.000000	503	503
酘	1.000000	271	271
酙	1.000000	280	280
酟	1.000000	180	180
酠	1.000000	234	234
酧	1.000000	265	265
酨	1.000000	360	360
酫	1.000000	310	310
酭	1.000000	320	320
酳	1.000000	292	292
酴	1.000000	447	447
酹	1.000000	536	536
酺	1.000000	409	409
酻	1.000000	237	237
酼	1.000000	236	236
醀	1.000000	194	194
醁	1.000000	369	369
醂	1.000000	318	318
醈	1.000000	246	246
醊	1.000000	295	295
醌	1.000000	570	570
醎	1.000000	302	302
醏	1.000000	239	239
醑	1.000000	412	412
醓	1.000000	287	287
醔	1.000000	286	286
醕	1.000000	285	285
醗	1.000000	240	240
醘	1.000000	293	293
醙	1.000000	268	268
醝	1.000000	268	268
醟	1.000000	226	226
醠	1.000000	312	312
醤	1.000000	386	386
醥	1.000000	236	236
醦	1.000000	245	245
醧	1.000000	327	327
醩	1.000000	327	327
醰	1.000000	301	301
醳	1.000000	267	267
醶	1.000000	282	282
醷	1.000000	268	268
醸	1.000000	357	357
醹	1.000000	234	234
醻	1.000000	352	352
醼	1.000000	260	260
醽	1.000000	365	365
醾	1.000000	384	384
醿	1.000000	433	433
釂	1.000000	281	281
釃	1.000000	449	449
釄	1.000000	311	311
釅	1.000000	557	557
釆	1.000000	88	88
釈	1.000000	424	424
釒	1.000000	580	580
釓	1.000000	528	528
釕	1.000000	628	628
釖	1.000000	389	389
釙	1.000000	530	530
釚	1.000000	282	282
釛	1.000000	180	180
釞	1.000000	247	247
釟	1.000000	328	328
釠	1.000000	214	214
釡	1.000000	279	279
釢	1.000000	446	446
釥	1.000000	334	334
釨	1.000000	515	515
釪	1.000000	345	345
釫	1.000000	231	231
釬	1.000000	103	103
釭	1.000000	423	423
釮	1.000000	297	297
釯	1.000000	275	275
釰	1.000000	294	294
釱	1.000000	283	283
釲	1.000000	248	248
釴	1.000000	301	301
釶	1.000000	397	397
釷	1.000000	579	579
釸	1.000000	269	269
釹	1.000000	731	731
釼	1.000000	228	228
釽	1.000000	323	323
釿	1.000000	390	390
鈁	1.000000	532	532
鈂	1.000000	265	265
鈃	1.000000	380	380
鈄	1.000000	177	177
鈅	1.000000	529	529
鈆	1.000000	288	288
鈇	1.000000	4	4
鈈	1.000000	693	693
鈊	1.000000	653	653
鈌	1.000000	278	278
鈏	1.000000	413	413
鈑	1.000000	613	613
鈒	1.000000	342	342
鈓	1.000000	334	334
鈖	1.000000	420	420
鈗	1.000000	299	299
鈘	1.000000	180	180
鈙	1.000000	250	250
鈚	1.000000	368	368
鈛	1.000000	355	355
鈜	1.000000	324	324
鈝	1.000000	242	242
鈟	1.000000	249	249
鈢	1.000000	309	309
鈤	1.000000	669	669
鈥	1.000000	711	711
鈧	1.000000	612	612
鈩	1.000000	380	380
鈬	1.000000	261	261
鈭	1.000000	396	396
鈮	1.000000	629	629
鈰	1.000000	592	592
鈱	1.000000	301	301
鈲	1.000000	1	1
鈳	1.000000	547	547
鈵	1.000000	271	271
鈶	1.000000	324	324
鈻	1.000000	406	406
鈼	1.000000	421	421
鈽	1.000000	530	530
鉂	1.000000	430	430
鉃	1.000000	445	445
鉄	1.000000	177	177
鉆	1.000000	57	57
鉇	1.000000	222	222
鉈	1.000000	634	634
鉊	1.000000	311	311
鉌	1.000000	315	315
鉎	1.000000	511	511
鉏	1.000000	411	411
鉐	1.000000	395	395
鉒	1.000000	463	463
鉓	1.000000	372	372
鉔	1.000000	287	287
鉕	1.000000	396	396
鉖	1.000000	240	240
鉘	1.000000	204	204
鉙	1.000000	236	236
鉜	1.000000	257	257
鉝	1.000000	289	289
鉟	1.000000	224	224
鉠	1.000000	208	208
鉡	1.000000	380	380
鉣	1.000000	226	226
鉥	1.000000	334	334
鉦	1.000000	562	562
鉧	1.000000	366	366
鉨	1.000000	672	672
鉩	1.000000	390	390
鉪	1.000000	236	236
鉫	1.000000	376	376
鉭	1.000000	657	657
鉮	1.000000	458	458
鉯	1.000000	489	489
鉰	1.000000	300	300
鉱	1.000000	395	395
鉲	1.000000	514	514
鉵	1.000000	247	247
鉶	1.000000	426	426
鉷	1.000000	366	366
鉹	1.000000	213	213
鉺	1.000000	589	589
鉼	1.000000	340	340
鉽	1.000000	485	485
鉿	1.000000	577	577
銁	1.000000	171	171
銂	1.000000	280	280
銄	1.000000	469	469
銆	1.000000	697	697
銇	1.000000	472	472
銈	1.000000	436	436
銉	1.000000	406	406
銊	1.000000	344	344
銋	1.000000	318	318
銌	1.000000	310	310
銍	1.000000	387	387
銎	1.000000	532	532
銏	1.000000	406	406
銐	1.000000	260	260
銒	1.000000	243	243
銔	1.000000	188	188
銕	1.000000	427	427
銗	1.000000	446	446
銙	1.000000	322	322
銚	1.000000	467	467
銛	1.000000	409	409
銝	1.000000	271	271
銞	1.000000	210	210
銟	1.000000	209	209
銠	1.000000	613	613
銡	1.000000	288	288
銢	1.000000	196	196
銣	1.000000	556	556
銤	1.000000	393	393
銦	1.000000	631	631
銧	1.000000	451	451
銩	1.000000	548	548
銪	1.000000	619	619
銭	1.000000	506	506
銰	1.000000	313	313
銱	1.000000	444	444
銲	1.000000	246	246
銴	1.000000	289	289
銵	1.000000	222	222
銶	1.000000	5	5
銸	1.000000	249	249
銺	1.000000	213	213
銽	1.000000	236	236
銾	1.000000	243	243
銿	1.000000	275	275
鋀	1.000000	397	397
鋂	1.000000	423	423
鋄	1.000000	286	286
鋆	1.000000	503	503
鋈	1.000000	641	641
鋉	1.000000	1	1
鋊	1.000000	245	245
鋋	1.000000	357	357
鋍	1.000000	256	256
鋎	1.000000	302	302
鋐	1.000000	396	396
鋑	1.000000	239	239
鋓	1.000000	199	199
鋔	1.000000	313	313
鋕	1.000000	394	394
鋖	1.000000	290	290
鋗	1.000000	329	329
鋘	1.000000	325	325
鋚	1.000000	215	215
鋛	1.000000	192	192
鋜	1.000000	329	329
鋝	1.000000	88	88
鋞	1.000000	356	356
鋟	1.000000	563	563
鋠	1.000000	215	215
鋡	1.000000	300	300
鋢	1.000000	202	202
鋨	1.000000	591	591
鋫	1.000000	239	239
鋬	1.000000	346	346
鋱	1.000000	489	489
鋲	1.000000	348	348
鋳	1.000000	351	351
鋶	1.000000	528	528
鋷	1.000000	218	218
鋹	1.000000	415	415
鋺	1.000000	268	268
鋻	1.000000	327	327
鋽	1.000000	523	523
鋾	1.000000	323	323
鋿	1.000000	230	230
錀	1.000000	326	326
錂	1.000000	1	1
錃	1.000000	237	237
錅	1.000000	192	192
錆	1.000000	527	527
錇	1.000000	498	498
錈	1.000000	567	567
錉	1.000000	168	168
錊	1.000000	309	309
錋	1.000000	407	407
錌	1.000000	325	325
錍	1.000000	372	372
錎	1.000000	276	276
錏	1.000000	353	353
錑	1.000000	468	468
錓	1.000000	256	256
錔	1.000000	290	290
錖	1.000000	200	200
錗	1.000000	258	258
錜	1.000000	244	244
錝	1.000000	394	394
錟	1.000000	526	526
錡	1.000000	519	519
錣	1.000000	257	257
錤	1.000000	258	258
錥	1.000000	296	296
錧	1.000000	417	417
錩	1.000000	374	374
錪	1.000000	364	364
錬	1.000000	470	470
錭	1.000000	318	318
錰	1.000000	212	212
錱	1.000000	344	344
録	1.000000	3	3
錴	1.000000	204	204
錵	1.000000	565	565
錷	1.000000	319	319
錸	1.000000	560	560
錹	1.000000	260	260
錺	1.000000	371	371
錻	1.000000	288	288
錼	1.000000	389	389
錽	1.000000	238	238
鍀	1.000000	759	759
鍃	1.000000	547	547
鍄	1.000000	1	1
鍅	1.000000	476	476
鍆	1.000000	577	577
鍇	1.000000	632	632
鍈	1.000000	401	401
鍌	1.000000	377	377
鍎	1.000000	401	401
鍏	1.000000	656	656
鍐	1.000000	555	555
鍑	1.000000	529	529
鍒	1.000000	593	593
鍓	1.000000	461	461
鍕	1.000000	396	396
鍖	1.000000	568	568
鍗	1.000000	626	626
鍙	1.000000	638	638
鍚	1.000000	5072	5072
鍜	1.000000	496	496
鍝	1.000000	479	479
鍞	1.000000	449	449
鍟	1.000000	459	459
鍠	1.000000	384	384
鍡	1.000000	340	340
鍢	1.000000	564	564
鍣	1.000000	434	434
鍤	1.000000	553	553
鍦	1.000000	546	546
鍧	1.000000	452	452
鍨	1.000000	408	408
鍩	1.000000	575	575
鍫	1.000000	360	360
鍭	1.000000	440	440
鍮	1.000000	1	1
鍯	1.000000	272	272
鍱	1.000000	331	331
鍲	1.000000	211	211
鍳	1.000000	279	279
鍴	1.000000	420	420
鍶	1.000000	657	657
鍷	1.000000	188	188
鍸	1.000000	346	346
鍹	1.000000	272	272
鍻	1.000000	234	234
鍽	1.000000	263	263
鍿	1.000000	212	212
鎀	1.000000	371	371
鎁	1.000000	312	312
鎃	1.000000	319	319
鎄	1.000000	498	498
鎇	1.000000	531	531
鎈	1.000000	422	422
鎉	1.000000	302	302
鎋	1.000000	302	302
鎍	1.000000	437	437
鎎	1.000000	221	221
鎐	1.000000	352	352
鎑	1.000000	236	236
鎒	1.000000	231	231
鎓	1.000000	396	396
鎕	1.000000	401	401
鎙	1.000000	298	298
鎜	1.000000	299	299
鎞	1.000000	329	329
鎟	1.000000	336	336
鎠	1.000000	215	215
鎡	1.000000	343	343
鎤	1.000000	226	226
鎥	1.000000	183	183
鎨	1.000000	190	190
鎪	1.000000	529	529
鎫	1.000000	331	331
鎭	1.000000	254	254
鎯	1.000000	24	24
鎱	1.000000	373	373
鎲	1.000000	381	381
鎴	1.000000	612	612
鎵	1.000000	639	639
鎶	1.000000	521	521
鎷	1.000000	15	15
鎹	1.000000	476	476
鎻	1.000000	477	477
鎿	1.000000	492	492
鏀	1.000000	522	522
鏁	1.000000	504	504
鏂	1.000000	600	600
鏄	1.000000	577	577
鏅	1.000000	443	443
鏆	1.000000	11	11
鏋	1.000000	471	471
鏍	1.000000	568	568
鏎	1.000000	210	210
鏏	1.000000	255	255
鏐	1.000000	453	453
鏒	1.000000	293	293
鏓	1.000000	379	379
鏔	1.000000	220	220
鏕	1.000000	248	248
鏙	1.000000	275	275
鏛	1.000000	445	445
鏞	1.000000	613	613
鏠	1.000000	313	313
鏣	1.000000	307	307
鏥	1.000000	281	281
鏦	1.000000	1	1
鏧	1.000000	251	251
鏩	1.000000	243	243
鏪	1.000000	271	271
鏫	1.000000	262	262
鏬	1.000000	248	248
鏭	1.000000	306	306
鏮	1.000000	317	317
鏳	1.000000	253	253
鏴	1.000000	421	421
鏶	1.000000	398	398
鏷	1.000000	381	381
鏸	1.000000	435	435
鏹	1.000000	519	519
鏻	1.000000	379	379
鏼	1.000000	184	184
鏾	1.000000	394	394
鏿	1.000000	239	239
鐀	1.000000	227	227
鐁	1.000000	342	342
鐂	1.000000	221	221
鐄	1.000000	313	313
鐅	1.000000	209	209
鐆	1.000000	256	256
鐇	1.000000	348	348
鐈	1.000000	380	380
鐉	1.000000	25	25
鐊	1.000000	308	308
鐌	1.000000	401	401
鐍	1.000000	2	2
鐎	1.000000	27	27
鐏	1.000000	14	14
鐑	1.000000	466	466
鐒	1.000000	454	454
鐓	1.000000	518	518
鐔	1.000000	499	499
鐕	1.000000	355	355
鐖	1.000000	494	494
鐚	1.000000	403	403
鐛	1.000000	309	309
鐜	1.000000	500	500
鐞	1.000000	474	474
鐟	1.000000	406	406
鐠	1.000000	520	520
鐡	1.000000	1067	1067
鐥	1.000000	6	6
鐦	1.000000	536	536
鐨	1.000000	646	646
鐩	1.000000	516	516
鐪	1.000000	524	524
鐬	1.000000	298	298
鐭	1.000000	453	453
鐰	1.000000	297	297
鐱	1.000000	265	265
鐴	1.000000	390	390
鐷	1.000000	380	380
鐹	1.000000	580	580
鐻	1.000000	338	338
鐼	1.000000	266	266
鐽	1.000000	375	375
鐾	1.000000	540	540
鑀	1.000000	531	531
鑁	1.000000	313	313
鑂	1.000000	243	243
鑃	1.000000	244	244
鑅	1.000000	261	261
鑆	1.000000	231	231
鑇	1.000000	177	177
鑈	1.000000	284	284
鑉	1.000000	220	220
鑋	1.000000	309	309
鑌	1.000000	559	559
鑍	1.000000	233	233
鑎	1.000000	193	193
鑏	1.000000	319	319
鑐	1.000000	312	312
鑓	1.000000	251	251
鑔	1.000000	518	518
鑕	1.000000	291	291
鑖	1.000000	266	266
鑗	1.000000	353	353
鑘	1.000000	221	221
鑙	1.000000	200	200
鑚	1.000000	368	368
鑛	1.000000	350	350
鑜	1.000000	283	283
鑝	1.000000	221	221
鑟	1.000000	251	251
鑡	1.000000	190	190
鑢	1.000000	317	317
鑤	1.000000	2	2
鑥	1.000000	446	446
鑨	1.000000	326	326
鑩	1.000000	278	278
鑪	1.000000	2	2
鑬	1.000000	205	205
鑮	1.000000	270	270
鑯	1.000000	339	339
鑱	1.000000	368	368
鑳	1.000000	495	495
鑴	1.000000	402	402
鑵	1.000000	86	86
鑶	1.000000	365	365
鑸	1.000000	432	432
鑺	1.000000	481	481
鑻	1.000000	465	465
钀	1.000000	446	446
钂	1.000000	354	354
钃	1.000000	379	379
钄	1.000000	332	332
镸	1.000000	378	378
镹	1.000000	408	408
镺	1.000000	230	230
镻	1.000000	280	280
镼	1.000000	308	308
镽	1.000000	206	206
镾	1.000000	246	246
閁	1.000000	456	456
閄	1.000000	420	420
閅	1.000000	565	565
閇	1.000000	356	356
閊	1.000000	359	359
閌	1.000000	599	599
閕	1.000000	202	202
閖	1.000000	407	407
閙	1.000000	579	579
閚	1.000000	279	279
閛	1.000000	255	255
閜	1.000000	293	293
閝	1.000000	241	241
閞	1.000000	557	557
閟	1.000000	420	420
閠	1.000000	317	317
関	1.000000	661	661
閧	1.000000	297	297
閮	1.000000	500	500
閯	1.000000	279	279
閳	1.000000	313	313
閴	1.000000	290	290
閵	1.000000	312	312
閷	1.000000	355	355
閸	1.000000	376	376
閺	1.000000	453	453
閿	1.000000	596	596
闀	1.000000	460	460
闁	1.000000	413	413
闂	1.000000	497	497
闄	1.000000	506	506
闅	1.000000	446	446
闉	1.000000	370	370
闋	1.000000	670	670
闑	1.000000	261	261
闒	1.000000	310	310
闓	1.000000	88	88
闗	1.000000	410	410
闘	1.000000	527	527
闙	1.000000	246	246
闚	1.000000	318	318
闛	1.000000	307	307
闝	1.000000	182	182
闞	1.000000	720	720
闟	1.000000	314	314
闠	1.000000	342	342
闣	1.000000	300	300
闤	1.000000	339	339
阝	1.000000	534	534
阞	1.000000	315	315
队	1.000000	2	2
阠	1.000000	244	244
阣	1.000000	450	450
阤	1.000000	291	291
阥	1.000000	225	225
阦	1.000000	184	184
阧	1.000000	281	281
阩	1.000000	277	277
阫	1.000000	254	254
阭	1.000000	301	301
阯	1.000000	453	453
阰	1.000000	301	301
阷	1.000000	250	250
阸	1.000000	282	282
阹	1.000000	355	355
阺	1.000000	266	266
阾	1.000000	302	302
陁	1.000000	351	351
陃	1.000000	273	273
陊	1.000000	398	398
陎	1.000000	250	250
陏	1.000000	1	1
陑	1.000000	374	374
陒	1.000000	262	262
陓	1.000000	306	306
陔	1.000000	546	546
陖	1.000000	239	239
陗	1.000000	275	275
陙	1.000000	238	238
陚	1.000000	223	223
陠	1.000000	241	241
陥	1.000000	415	415
陦	1.000000	225	225
陫	1.000000	285	285
陬	1.000000	497	497
陭	1.000000	255	255
陮	1.000000	284	284
陯	1.000000	281	281
陱	1.000000	190	190
陹	1.000000	325	325
険	1.000000	515	515
陻	1.000000	374	374
陼	1.000000	300	300
陾	1.000000	301	301
陿	1.000000	322	322
隀	1.000000	236	236
隁	1.000000	173	173
隂	1.000000	527	527
隃	1.000000	314	314
隄	1.000000	1	1
隇	1.000000	263	263
隈	1.000000	526	526
隌	1.000000	327	327
隑	1.000000	263	263
隒	1.000000	88	88
隓	1.000000	269	269
隖	1.000000	265	265
隗	1.000000	586	586
隚	1.000000	297	297
隝	1.000000	279	279
隞	1.000000	299	299
隟	1.000000	258	258
隠	1.000000	266	266
隡	1.000000	281	281
隢	1.000000	332	332
隣	1.000000	88	88
隤	1.000000	232	232
隥	1.000000	295	295
隦	1.000000	216	216
隩	1.000000	476	476
隫	1.000000	293	293
隬	1.000000	452	452
隭	1.000000	216	216
隮	1.000000	320	320
隯	1.000000	215	215
隲	1.000000	276	276
隳	1.000000	559	559
隵	1.000000	276	276
隶	1.000000	300	300
隷	1.000000	410	410
隹	1.000000	589	589
隺	1.000000	280	280
隽	1.000000	100	100
隿	1.000000	256	256
雂	1.000000	226	226
雃	1.000000	286	286
雇	1.000000	657	657
雈	1.000000	213	213
雊	1.000000	351	351
雐	1.000000	251	251
雑	1.000000	324	324
雓	1.000000	184	184
雔	1.000000	306	306
雗	1.000000	282	282
雘	1.000000	371	371
雚	1.000000	345	345
雝	1.000000	335	335
雟	1.000000	273	273
雡	1.000000	196	196
雤	1.000000	273	273
雥	1.000000	311	311
雦	1.000000	312	312
雧	1.000000	293	293
雫	1.000000	511	511
雬	1.000000	199	199
雭	1.000000	301	301
雮	1.000000	478	478
雰	1.000000	413	413
雱	1.000000	465	465
雴	1.000000	299	299
雵	1.000000	205	205
雸	1.000000	356	356
雺	1.000000	276	276
雼	1.000000	424	424
雽	1.000000	314	314
雿	1.000000	372	372
霂	1.000000	443	443
霃	1.000000	400	400
霅	1.000000	385	385
霊	1.000000	524	524
霋	1.000000	260	260
霌	1.000000	360	360
霐	1.000000	303	303
霒	1.000000	331	331
霔	1.000000	263	263
霕	1.000000	304	304
霗	1.000000	414	414
霘	1.000000	286	286
霙	1.000000	412	412
霚	1.000000	330	330
霛	1.000000	416	416
霝	1.000000	345	345
霟	1.000000	302	302
霠	1.000000	319	319
霢	1.000000	361	361
霣	1.000000	314	314
霤	1.000000	177	177
霥	1.000000	310	310
霦	1.000000	346	346
霨	1.000000	322	322
霩	1.000000	272	272
霫	1.000000	349	349
霬	1.000000	311	311
霮	1.000000	249	249
霯	1.000000	233	233
霱	1.000000	292	292
霳	1.000000	317	317
霴	1.000000	250	250
霵	1.000000	218	218
霶	1.000000	227	227
霷	1.000000	210	210
霺	1.000000	409	409
霼	1.000000	197	197
霿	1.000000	309	309
靀	1.000000	249	249
靁	1.000000	365	365
靃	1.000000	348	348
靅	1.000000	273	273
靇	1.000000	407	407
靊	1.000000	281	281
靋	1.000000	241	241
靍	1.000000	251	251
靏	1.000000	239	239
靐	1.000000	424	424
靔	1.000000	10	10
靕	1.000000	179	179
靗	1.000000	197	197
靘	1.000000	345	345
靝	1.000000	253	253
靟	1.000000	226	226
靣	1.000000	517	517
靤	1.000000	419	419
靧	1.000000	285	285
靫	1.000000	297	297
靭	1.000000	311	311
靮	1.000000	330	330
靯	1.000000	296	296
靰	1.000000	371	371
靱	1.000000	322	322
靲	1.000000	196	196
靳	1.000000	1003	1003
靵	1.000000	234	234
靷	1.000000	429	429
靸	1.000000	393	393
靹	1.000000	383	383
靺	1.000000	475	475
靻	1.000000	349	349
靽	1.000000	299	299
靾	1.000000	351	351
靿	1.000000	330	330
鞀	1.000000	583	583
鞁	1.000000	381	381
鞂	1.000000	221	221
鞃	1.000000	224	224
鞄	1.000000	364	364
鞆	1.000000	263	263
鞇	1.000000	217	217
鞈	1.000000	278	278
鞉	1.000000	271	271
鞊	1.000000	237	237
鞌	1.000000	314	314
鞎	1.000000	452	452
鞐	1.000000	416	416
鞓	1.000000	390	390
鞔	1.000000	532	532
鞕	1.000000	387	387
鞖	1.000000	395	395
鞗	1.000000	392	392
鞙	1.000000	332	332
鞚	1.000000	477	477
鞛	1.000000	416	416
鞜	1.000000	273	273
鞞	1.000000	483	483
鞟	1.000000	296	296
鞡	1.000000	411	411
鞢	1.000000	323	323
鞤	1.000000	447	447
鞥	1.000000	655	655
鞧	1.000000	305	305
鞨	1.000000	473	473
鞩	1.000000	198	198
鞪	1.000000	197	197
鞫	1.000000	562	562
鞬	1.000000	381	381
鞮	1.000000	441	441
鞰	1.000000	269	269
鞱	1.000000	215	215
鞳	1.000000	325	325
鞴	1.000000	554	554
鞵	1.000000	327	327
鞶	1.000000	361	361
鞷	1.000000	263	263
鞸	1.000000	265	265
鞹	1.000000	260	260
鞺	1.000000	275	275
鞻	1.000000	253	253
鞼	1.000000	251	251
鞽	1.000000	571	571
鞾	1.000000	254	254
鞿	1.000000	301	301
韀	1.000000	278	278
韁	1.000000	420	420
韂	1.000000	397	397
韄	1.000000	226	226
韅	1.000000	269	269
韇	1.000000	235	235
韈	1.000000	297	297
韊	1.000000	228	228
韍	1.000000	305	305
韎	1.000000	352	352
韏	1.000000	267	267
韐	1.000000	296	296
韑	1.000000	209	209
韒	1.000000	251	251
韔	1.000000	361	361
韕	1.000000	207	207
韖	1.000000	288	288
韘	1.000000	330	330
韚	1.000000	215	215
韛	1.000000	272	272
韟	1.000000	220	220
韠	1.000000	303	303
韡	1.000000	458	458
韢	1.000000	294	294
韣	1.000000	353	353
韤	1.000000	219	219
韥	1.000000	313	313
韮	1.000000	394	394
韯	1.000000	271	271
韰	1.000000	268	268
韱	1.000000	292	292
韲	1.000000	205	205
韴	1.000000	203	203
韵	1.000000	500	500
韷	1.000000	233	233
韸	1.000000	212	212
韹	1.000000	320	320
韺	1.000000	300	300
韼	1.000000	232	232
韽	1.000000	302	302
韾	1.000000	306	306
頀	1.000000	272	272
頄	1.000000	365	365
頉	1.000000	329	329
頋	1.000000	406	406
頍	1.000000	291	291
頔	1.000000	435	435
頕	1.000000	236	236
頖	1.000000	488	488
頙	1.000000	273	273
頚	1.000000	296	296
頛	1.000000	249	249
頝	1.000000	211	211
頞	1.000000	388	388
頟	1.000000	342	342
頠	1.000000	404	404
頢	1.000000	240	240
頣	1.000000	365	365
頥	1.000000	286	286
頧	1.000000	214	214
頨	1.000000	270	270
頩	1.000000	425	425
頪	1.000000	287	287
頬	1.000000	406	406
頮	1.000000	280	280
頯	1.000000	236	236
頱	1.000000	211	211
頲	1.000000	432	432
頳	1.000000	266	266
頴	1.000000	375	375
頵	1.000000	371	371
頶	1.000000	180	180
頺	1.000000	349	349
頼	1.000000	486	486
頽	1.000000	1	1
頾	1.000000	228	228
頿	1.000000	237	237
顀	1.000000	265	265
顁	1.000000	486	486
顂	1.000000	333	333
顃	1.000000	1	1
顄	1.000000	238	238
顅	1.000000	235	235
顈	1.000000	266	266
顉	1.000000	240	240
顊	1.000000	202	202
顋	1.000000	217	217
顐	1.000000	260	260
顑	1.000000	314	314
顔	1.000000	13	13
顕	1.000000	430	430
顖	1.000000	289	289
顚	1.000000	382	382
顜	1.000000	344	344
顝	1.000000	219	219
顟	1.000000	224	224
顠	1.000000	361	361
顡	1.000000	283	283
顣	1.000000	292	292
顤	1.000000	279	279
顦	1.000000	277	277
顨	1.000000	230	230
顩	1.000000	282	282
顪	1.000000	222	222
顭	1.000000	343	343
顮	1.000000	253	253
顲	1.000000	258	258
颩	1.000000	537	537
颪	1.000000	251	251
颫	1.000000	227	227
颬	1.000000	228	228
颮	1.000000	500	500
颲	1.000000	349	349
颵	1.000000	353	353
颸	1.000000	421	421
颹	1.000000	253	253
颽	1.000000	322	322
颿	1.000000	337	337
飀	1.000000	357	357
飁	1.000000	265	265
飂	1.000000	369	369
飃	1.000000	464	464
飇	1.000000	273	273
飉	1.000000	251	251
飊	1.000000	326	326
飋	1.000000	307	307
飌	1.000000	277	277
飍	1.000000	319	319
飜	1.000000	424	424
飝	1.000000	489	489
飠	1.000000	629	629
飡	1.000000	327	327
飣	1.000000	350	350
飥	1.000000	376	376
飦	1.000000	349	349
飬	1.000000	335	335
飮	1.000000	444	444
飰	1.000000	322	322
飳	1.000000	433	433
飵	1.000000	325	325
飶	1.000000	235	235
飷	1.000000	300	300
飸	1.000000	248	248
飹	1.000000	160	160
飺	1.000000	238	238
飻	1.000000	201	201
飿	1.000000	267	267
餀	1.000000	372	372
餁	1.000000	304	304
餂	1.000000	354	354
餆	1.000000	282	282
餇	1.000000	348	348
餈	1.000000	25	25
餋	1.000000	280	280
餏	1.000000	197	197
餔	1.000000	3	3
餖	1.000000	397	397
餗	1.000000	2	2
餙	1.000000	383	383
餜	1.000000	450	450
餝	1.000000	255	255
餟	1.000000	267	267
餠	1.000000	415	415
餢	1.000000	253	253
餣	1.000000	240	240
餤	1.000000	398	398
餥	1.000000	399	399
餧	1.000000	318	318
餩	1.000000	305	305
餪	1.000000	224	224
餫	1.000000	296	296
餯	1.000000	203	203
餰	1.000000	173	173
餲	1.000000	317	317
餴	1.000000	213	213
餶	1.000000	302	302
餷	1.000000	520	520
餹	1.000000	544	544
餺	1.000000	323	323
餻	1.000000	367	367
餽	1.000000	43	43
饀	1.000000	245	245
饁	1.000000	291	291
饂	1.000000	331	331
饄	1.000000	348	348
饆	1.000000	254	254
饇	1.000000	210	210
饍	1.000000	284	284
饎	1.000000	278	278
饏	1.000000	210	210
饐	1.000000	364	364
饓	1.000000	179	179
饖	1.000000	171	171
饘	1.000000	1	1
饙	1.000000	220	220
饚	1.000000	332	332
饛	1.000000	344	344
饝	1.000000	244	244
饟	1.000000	76	76
饠	1.000000	330	330
饡	1.000000	261	261
馘	1.000000	529	529
馚	1.000000	341	341
馛	1.000000	279	279
馜	1.000000	305	305
馟	1.000000	191	191
馠	1.000000	326	326
馡	1.000000	375	375
馢	1.000000	243	243
馣	1.000000	252	252
馤	1.000000	237	237
馦	1.000000	242	242
馧	1.000000	261	261
馩	1.000000	203	203
馪	1.000000	248	248
馫	1.000000	408	408
馯	1.000000	215	215
馰	1.000000	317	317
馲	1.000000	257	257
馵	1.000000	279	279
馶	1.000000	303	303
馷	1.000000	203	203
馸	1.000000	265	265
馹	1.000000	499	499
馺	1.000000	309	309
馻	1.000000	303	303
馼	1.000000	463	463
馽	1.000000	233	233
馾	1.000000	201	201
馿	1.000000	443	443
駀	1.000000	201	201
駂	1.000000	241	241
駃	1.000000	3	3
駄	1.000000	266	266
駅	1.000000	510	510
駆	1.000000	463	463
駇	1.000000	209	209
駈	1.000000	306	306
駉	1.000000	376	376
駊	1.000000	326	326
駋	1.000000	263	263
駌	1.000000	360	360
駍	1.000000	231	231
駏	1.000000	374	374
駓	1.000000	260	260
駔	1.000000	383	383
駖	1.000000	258	258
駗	1.000000	276	276
駜	1.000000	314	314
駞	1.000000	271	271
駠	1.000000	215	215
駡	1.000000	444	444
駣	1.000000	336	336
駤	1.000000	262	262
駥	1.000000	293	293
駦	1.000000	370	370
駨	1.000000	261	261
駪	1.000000	280	280
駫	1.000000	290	290
駬	1.000000	286	286
駮	1.000000	140	140
駯	1.000000	228	228
駰	1.000000	408	408
駲	1.000000	180	180
駳	1.000000	203	203
駴	1.000000	273	273
駵	1.000000	255	255
駶	1.000000	1	1
駷	1.000000	216	216
駸	1.000000	427	427
駹	1.000000	321	321
駺	1.000000	379	379
駻	1.000000	1	1
駼	1.000000	302	302
駽	1.000000	261	261
駾	1.000000	244	244
騀	1.000000	439	439
騂	1.000000	375	375
騃	1.000000	1	1
騄	1.000000	370	370
騆	1.000000	298	298
騇	1.000000	324	324
騈	1.000000	244	244
騉	1.000000	280	280
騊	1.000000	338	338
騋	1.000000	374	374
騌	1.000000	301	301
騐	1.000000	287	287
騑	1.000000	413	413
騒	1.000000	469	469
験	1.000000	560	560
騕	1.000000	529	529
騗	1.000000	420	420
騘	1.000000	243	243
騛	1.000000	372	372
騜	1.000000	295	295
騝	1.000000	1	1
騞	1.000000	295	295
騠	1.000000	1	1
騡	1.000000	214	214
騢	1.000000	244	244
騣	1.000000	170	170
騤	1.000000	341	341
騥	1.000000	214	214
騦	1.000000	270	270
騧	1.000000	2	2
騨	1.000000	333	333
騩	1.000000	439	439
騬	1.000000	307	307
騯	1.000000	221	221
騱	1.000000	278	278
騲	1.000000	413	413
騳	1.000000	287	287
騴	1.000000	209	209
騵	1.000000	368	368
騸	1.000000	88	88
騹	1.000000	213	213
騺	1.000000	248	248
騻	1.000000	250	250
騼	1.000000	230	230
騽	1.000000	305	305
騿	1.000000	224	224
驄	1.000000	574	574
驆	1.000000	207	207
驇	1.000000	184	184
驈	1.000000	211	211
驉	1.000000	293	293
驌	1.000000	383	383
驏	1.000000	321	321
驐	1.000000	234	234
驑	1.000000	236	236
驒	1.000000	317	317
驓	1.000000	370	370
驔	1.000000	278	278
驖	1.000000	248	248
驘	1.000000	237	237
驙	1.000000	209	209
驜	1.000000	291	291
驝	1.000000	230	230
驞	1.000000	297	297
驠	1.000000	230	230
驡	1.000000	275	275
驣	1.000000	308	308
驦	1.000000	352	352
驧	1.000000	230	230
驨	1.000000	235	235
驩	1.000000	440	440
驫	1.000000	445	445
骩	1.000000	316	316
骪	1.000000	179	179
骫	1.000000	270	270
骬	1.000000	223	223
骭	1.000000	309	309
骮	1.000000	273	273
骱	1.000000	550	550
骲	1.000000	233	233
骳	1.000000	349	349
骴	1.000000	288	288
骵	1.000000	418	418
骹	1.000000	383	383
骽	1.000000	295	295
骾	1.000000	266	266
骿	1.000000	213	213
髁	1.000000	648	648
髃	1.000000	420	420
髄	1.000000	359	359
髆	1.000000	318	318
髇	1.000000	342	342
髉	1.000000	226	226
髊	1.000000	258	258
髍	1.000000	218	218
髎	1.000000	473	473
髐	1.000000	257	257
髗	1.000000	272	272
髙	1.000000	561	561
髚	1.000000	167	167
髛	1.000000	184	184
髜	1.000000	300	300
髟	1.000000	518	518
髠	1.000000	288	288
髢	1.000000	332	332
髣	1.000000	354	354
髤	1.000000	269	269
髥	1.000000	316	316
髧	1.000000	359	359
髨	1.000000	284	284
髩	1.000000	301	301
髪	1.000000	574	574
髬	1.000000	265	265
髰	1.000000	180	180
髱	1.000000	239	239
髲	1.000000	308	308
髳	1.000000	306	306
髴	1.000000	325	325
髵	1.000000	274	274
髶	1.000000	276	276
髷	1.000000	315	315
髸	1.000000	272	272
髺	1.000000	286	286
髾	1.000000	304	304
髿	1.000000	246	246
鬀	1.000000	211	211
鬁	1.000000	243	243
鬂	1.000000	331	331
鬄	1.000000	280	280
鬇	1.000000	298	298
鬉	1.000000	252	252
鬊	1.000000	250	250
鬋	1.000000	325	325
鬌	1.000000	247	247
鬎	1.000000	265	265
鬏	1.000000	414	414
鬐	1.000000	359	359
鬑	1.000000	303	303
鬔	1.000000	192	192
鬕	1.000000	263	263
鬖	1.000000	265	265
鬗	1.000000	238	238
鬙	1.000000	299	299
鬛	1.000000	279	279
鬜	1.000000	182	182
鬞	1.000000	199	199
鬠	1.000000	255	255
鬡	1.000000	265	265
鬤	1.000000	249	249
鬦	1.000000	398	398
鬪	1.000000	375	375
鬫	1.000000	264	264
鬬	1.000000	323	323
鬭	1.000000	330	330
鬯	1.000000	88	88
鬰	1.000000	344	344
鬲	1.000000	530	530
鬳	1.000000	290	290
鬴	1.000000	288	288
鬵	1.000000	256	256
鬷	1.000000	301	301
鬸	1.000000	221	221
鬹	1.000000	254	254
鬺	1.000000	399	399
鬽	1.000000	381	381
鬾	1.000000	292	292
鬿	1.000000	296	296
魀	1.000000	321	321
魋	1.000000	358	358
魌	1.000000	324	324
魐	1.000000	213	213
魒	1.000000	251	251
魓	1.000000	227	227
魕	1.000000	243	243
魗	1.000000	241	241
魙	1.000000	241	241
魛	1.000000	318	318
魜	1.000000	670	670
魝	1.000000	186	186
魡	1.000000	498	498
魢	1.000000	445	445
魤	1.000000	298	298
魦	1.000000	310	310
魧	1.000000	268	268
魨	1.000000	465	465
魩	1.000000	228	228
魪	1.000000	285	285
魫	1.000000	296	296
魬	1.000000	315	315
魭	1.000000	474	474
魮	1.000000	335	335
魰	1.000000	435	435
魱	1.000000	199	199
魲	1.000000	243	243
魳	1.000000	280	280
魴	1.000000	618	618
魵	1.000000	386	386
魶	1.000000	340	340
魸	1.000000	424	424
魺	1.000000	210	210
魻	1.000000	215	215
魼	1.000000	496	496
魽	1.000000	300	300
魾	1.000000	250	250
魿	1.000000	341	341
鮀	1.000000	451	451
鮂	1.000000	416	416
鮄	1.000000	349	349
鮅	1.000000	254	254
鮆	1.000000	299	299
鮇	1.000000	430	430
鮈	1.000000	440	440
鮉	1.000000	208	208
鮊	1.000000	441	441
鮋	1.000000	463	463
鮌	1.000000	261	261
鮏	1.000000	460	460
鮓	1.000000	711	711
鮔	1.000000	507	507
鮕	1.000000	1	1
鮖	1.000000	300	300
鮗	1.000000	357	357
鮙	1.000000	233	233
鮚	1.000000	421	421
鮛	1.000000	244	244
鮜	1.000000	378	378
鮞	1.000000	474	474
鮟	1.000000	2	2
鮠	1.000000	409	409
鮡	1.000000	357	357
鮢	1.000000	321	321
鮤	1.000000	198	198
鮥	1.000000	366	366
鮦	1.000000	397	397
鮧	1.000000	261	261
鮩	1.000000	293	293
鮬	1.000000	202	202
鮯	1.000000	217	217
鮱	1.000000	487	487
鮳	1.000000	337	337
鮴	1.000000	240	240
鮵	1.000000	209	209
鮶	1.000000	371	371
鮷	1.000000	371	371
鮸	1.000000	3	3
鮹	1.000000	261	261
鮺	1.000000	236	236
鮻	1.000000	274	274
鮼	1.000000	230	230
鮽	1.000000	390	390
鮾	1.000000	232	232
鮿	1.000000	252	252
鯀	1.000000	567	567
鯂	1.000000	203	203
鯃	1.000000	519	519
鯅	1.000000	194	194
鯆	1.000000	1	1
鯈	1.000000	343	343
鯋	1.000000	335	335
鯌	1.000000	199	199
鯍	1.000000	180	180
鯏	1.000000	264	264
鯑	1.000000	363	363
鯒	1.000000	317	317
鯓	1.000000	486	486
鯕	1.000000	345	345
鯘	1.000000	174	174
鯙	1.000000	233	233
鯚	1.000000	290	290
鯜	1.000000	200	200
鯝	1.000000	419	419
鯞	1.000000	303	303
鯟	1.000000	387	387
鯠	1.000000	455	455
鯣	1.000000	341	341
鯥	1.000000	356	356
鯦	1.000000	266	266
鯩	1.000000	382	382
鯫	1.000000	361	361
鯬	1.000000	292	292
鯭	1.000000	353	353
鯮	1.000000	299	299
鯯	1.000000	348	348
鯱	1.000000	1	1
鯲	1.000000	290	290
鯴	1.000000	443	443
鯵	1.000000	319	319
鯸	1.000000	399	399
鯹	1.000000	412	412
鯺	1.000000	267	267
鯻	1.000000	512	512
鯼	1.000000	247	247
鯾	1.000000	371	371
鰀	1.000000	247	247
鰁	1.000000	286	286
鰂	1.000000	385	385
鰃	1.000000	307	307
鰄	1.000000	266	266
鰅	1.000000	345	345
鰇	1.000000	285	285
鰉	1.000000	410	410
鰊	1.000000	333	333
鰋	1.000000	281	281
鰌	1.000000	100	100
鰎	1.000000	338	338
鰏	1.000000	293	293
鰐	1.000000	300	300
鰑	1.000000	244	244
鰒	1.000000	349	349
鰔	1.000000	339	339
鰕	1.000000	427	427
鰖	1.000000	222	222
鰗	1.000000	406	406
鰜	1.000000	287	287
鰝	1.000000	264	264
鰞	1.000000	299	299
鰠	1.000000	404	404
鰡	1.000000	339	339
鰢	1.000000	415	415
鰤	1.000000	1	1
鰦	1.000000	331	331
鰨	1.000000	583	583
鰩	1.000000	511	511
鰪	1.000000	202	202
鰫	1.000000	238	238
鰬	1.000000	183	183
鰮	1.000000	696	696
鰯	1.000000	394	394
鰰	1.000000	460	460
鰳	1.000000	582	582
鰴	1.000000	261	261
鰵	1.000000	427	427
鰶	1.000000	294	294
鰸	1.000000	341	341
鰺	1.000000	401	401
鰽	1.000000	263	263
鰿	1.000000	250	250
鱁	1.000000	237	237
鱂	1.000000	426	426
鱃	1.000000	269	269
鱄	1.000000	316	316
鱅	1.000000	503	503
鱊	1.000000	302	302
鱋	1.000000	180	180
鱌	1.000000	362	362
鱍	1.000000	305	305
鱎	1.000000	273	273
鱏	1.000000	260	260
鱐	1.000000	256	256
鱑	1.000000	285	285
鱓	1.000000	394	394
鱕	1.000000	372	372
鱙	1.000000	231	231
鱚	1.000000	365	365
鱞	1.000000	236	236
鱟	1.000000	607	607
鱠	1.000000	380	380
鱡	1.000000	274	274
鱢	1.000000	235	235
鱣	1.000000	353	353
鱤	1.000000	491	491
鱥	1.000000	267	267
鱦	1.000000	274	274
鱨	1.000000	344	344
鱬	1.000000	336	336
鱭	1.000000	440	440
鱮	1.000000	1	1
鱯	1.000000	329	329
鱱	1.000000	228	228
鱲	1.000000	402	402
鱳	1.000000	303	303
鱴	1.000000	305	305
鱵	1.000000	285	285
鱶	1.000000	205	205
鱹	1.000000	211	211
鱻	1.000000	444	444
鳦	1.000000	364	364
鳨	1.000000	300	300
鳪	1.000000	545	545
鳫	1.000000	204	204
鳭	1.000000	237	237
鳮	1.000000	422	422
鳰	1.000000	294	294
鳱	1.000000	270	270
鳲	1.000000	329	329
鳵	1.000000	241	241
鳷	1.000000	1	1
鳸	1.000000	263	263
鳹	1.000000	239	239
鳺	1.000000	262	262
鳻	1.000000	264	264
鳽	1.000000	421	421
鳿	1.000000	204	204
鴀	1.000000	304	304
鴁	1.000000	256	256
鴄	1.000000	198	198
鴅	1.000000	255	255
鴈	1.000000	160	160
鴊	1.000000	266	266
鴋	1.000000	334	334
鴌	1.000000	306	306
鴍	1.000000	242	242
鴎	1.000000	317	317
鴏	1.000000	384	384
鴐	1.000000	285	285
鴑	1.000000	253	253
鴓	1.000000	210	210
鴔	1.000000	230	230
鴖	1.000000	246	246
鴗	1.000000	1	1
鴘	1.000000	216	216
鴙	1.000000	275	275
鴚	1.000000	266	266
鴝	1.000000	529	529
鴠	1.000000	318	318
鴡	1.000000	286	286
鴢	1.000000	225	225
鴤	1.000000	246	246
鴥	1.000000	289	289
鴧	1.000000	240	240
鴩	1.000000	227	227
鴪	1.000000	209	209
鴫	1.000000	299	299
鴬	1.000000	252	252
鴭	1.000000	180	180
鴮	1.000000	229	229
鴱	1.000000	301	301
鴳	1.000000	333	333
鴵	1.000000	160	160
鴶	1.000000	259	259
鴷	1.000000	1	1
鴸	1.000000	272	272
鴹	1.000000	372	372
鴺	1.000000	218	218
鴼	1.000000	199	199
鴽	1.000000	291	291
鴾	1.000000	202	202
鵀	1.000000	281	281
鵁	1.000000	1	1
鵃	1.000000	255	255
鵄	1.000000	285	285
鵅	1.000000	287	287
鵆	1.000000	259	259
鵈	1.000000	167	167
鵊	1.000000	274	274
鵋	1.000000	235	235
鵌	1.000000	227	227
鵍	1.000000	206	206
鵎	1.000000	191	191
鵏	1.000000	284	284
鵐	1.000000	410	410
鵒	1.000000	635	635
鵕	1.000000	304	304
鵖	1.000000	284	284
鵗	1.000000	238	238
鵘	1.000000	275	275
鵙	1.000000	332	332
鵛	1.000000	253	253
鵞	1.000000	341	341
鵢	1.000000	266	266
鵣	1.000000	265	265
鵤	1.000000	282	282
鵦	1.000000	173	173
鵧	1.000000	204	204
鵨	1.000000	179	179
鵩	1.000000	368	368
鵫	1.000000	209	209
鵭	1.000000	200	200
鵮	1.000000	295	295
鵱	1.000000	238	238
鵳	1.000000	194	194
鵴	1.000000	209	209
鵵	1.000000	216	216
鵶	1.000000	338	338
鵷	1.000000	401	401
鵸	1.000000	291	291
鵹	1.000000	270	270
鵺	1.000000	436	436
鵻	1.000000	342	342
鵼	1.000000	381	381
鵽	1.000000	261	261
鵿	1.000000	256	256
鶀	1.000000	292	292
鶁	1.000000	324	324
鶂	1.000000	272	272
鶃	1.000000	229	229
鶄	1.000000	2	2
鶅	1.000000	217	217
鶆	1.000000	274	274
鶈	1.000000	230	230
鶋	1.000000	269	269
鶌	1.000000	240	240
鶏	1.000000	70	70
鶐	1.000000	192	192
鶑	1.000000	212	212
鶔	1.000000	194	194
鶕	1.000000	208	208
鶙	1.000000	232	232
鶛	1.000000	201	201
鶜	1.000000	187	187
鶝	1.000000	286	286
鶞	1.000000	212	212
鶟	1.000000	218	218
鶠	1.000000	262	262
鶡	1.000000	394	394
鶢	1.000000	254	254
鶣	1.000000	278	278
鶦	1.000000	296	296
鶧	1.000000	264	264
鶨	1.000000	269	269
鶪	1.000000	1	1
鶫	1.000000	303	303
鶭	1.000000	300	300
鶮	1.000000	251	251
鶰	1.000000	288	288
鶱	1.000000	313	313
鶲	1.000000	430	430
鶳	1.000000	290	290
鶵	1.000000	376	376
鶶	1.000000	277	277
鶷	1.000000	301	301
鶸	1.000000	271	271
鶹	1.000000	337	337
鶽	1.000000	321	321
鶾	1.000000	390	390
鷀	1.000000	300	300
鷃	1.000000	370	370
鷄	1.000000	444	444
鷅	1.000000	218	218
鷆	1.000000	232	232
鷉	1.000000	372	372
鷊	1.000000	304	304
鷋	1.000000	236	236
鷌	1.000000	295	295
鷍	1.000000	222	222
鷎	1.000000	202	202
鷏	1.000000	264	264
鷐	1.000000	273	273
鷑	1.000000	257	257
鷒	1.000000	246	246
鷕	1.000000	280	280
鷖	1.000000	347	347
鷘	1.000000	232	232
鷚	1.000000	533	533
鷛	1.000000	234	234
鷜	1.000000	232	232
鷝	1.000000	192	192
鷞	1.000000	287	287
鷟	1.000000	395	395
鷠	1.000000	240	240
鷡	1.000000	429	429
鷢	1.000000	221	221
鷣	1.000000	221	221
鷤	1.000000	221	221
鷧	1.000000	283	283
鷨	1.000000	1	1
鷩	1.000000	312	312
鷪	1.000000	240	240
鷫	1.000000	333	333
鷬	1.000000	179	179
鷭	1.000000	263	263
鷮	1.000000	238	238
鷰	1.000000	2	2
鷱	1.000000	174	174
鷵	1.000000	197	197
鷶	1.000000	333	333
鷷	1.000000	238	238
鷻	1.000000	158	158
鷼	1.000000	186	186
鷽	1.000000	275	275
鷾	1.000000	222	222
鸀	1.000000	497	497
鸁	1.000000	302	302
鸄	1.000000	260	260
鸅	1.000000	305	305
鸆	1.000000	365	365
鸇	1.000000	350	350
鸈	1.000000	240	240
鸉	1.000000	323	323
鸊	1.000000	374	374
鸌	1.000000	524	524
鸍	1.000000	202	202
鸎	1.000000	313	313
鸏	1.000000	273	273
鸐	1.000000	257	257
鸑	1.000000	358	358
鸒	1.000000	298	298
鸓	1.000000	264	264
鸔	1.000000	261	261
鸖	1.000000	260	260
鸗	1.000000	255	255
鸘	1.000000	313	313
鸙	1.000000	203	203
鸜	1.000000	306	306
鹶	1.000000	288	288
鹷	1.000000	262	262
鹸	1.000000	336	336
鹺	1.000000	565	565
鹻	1.000000	227	227
麀	1.000000	371	371
麁	1.000000	272	272
麃	1.000000	327	327
麄	1.000000	261	261
麅	1.000000	231	231
麆	1.000000	270	270
麉	1.000000	244	244
麊	1.000000	250	250
麍	1.000000	276	276
麎	1.000000	264	264
麏	1.000000	270	270
麐	1.000000	304	304
麑	1.000000	373	373
麔	1.000000	236	236
麕	1.000000	343	343
麖	1.000000	294	294
麘	1.000000	228	228
麙	1.000000	209	209
麚	1.000000	276	276
麛	1.000000	312	312
麜	1.000000	236	236
麞	1.000000	317	317
麠	1.000000	218	218
麡	1.000000	227	227
麢	1.000000	226	226
麣	1.000000	297	297
麤	1.000000	414	414
麧	1.000000	197	197
麬	1.000000	270	270
麭	1.000000	347	347
麮	1.000000	508	508
麯	1.000000	190	190
麰	1.000000	313	313
麱	1.000000	239	239
麲	1.000000	100	100
麶	1.000000	241	241
麷	1.000000	285	285
麽	1.000000	622	622
黀	1.000000	218	218
黁	1.000000	373	373
黂	1.000000	244	244
黅	1.000000	282	282
黆	1.000000	217	217
黇	1.000000	305	305
黈	1.000000	275	275
黊	1.000000	214	214
黋	1.000000	209	209
黒	1.000000	691	691
黓	1.000000	332	332
黕	1.000000	254	254
黖	1.000000	259	259
黗	1.000000	217	217
黙	1.000000	550	550
黚	1.000000	336	336
黣	1.000000	388	388
黤	1.000000	267	267
黦	1.000000	316	316
黫	1.000000	320	320
黬	1.000000	200	200
黭	1.000000	211	211
黰	1.000000	406	406
黱	1.000000	501	501
黲	1.000000	371	371
黳	1.000000	262	262
黵	1.000000	327	327
黶	1.000000	409	409
黸	1.000000	265	265
黺	1.000000	361	361
黻	1.000000	470	470
黼	1.000000	488	488
黿	1.000000	598	598
鼀	1.000000	255	255
鼁	1.000000	248	248
鼂	1.000000	256	256
鼃	1.000000	274	274
鼄	1.000000	265	265
鼅	1.000000	284	284
鼆	1.000000	331	331
鼇	1.000000	43	43
鼈	1.000000	326	326
鼊	1.000000	228	228
鼏	1.000000	291	291
鼐	1.000000	574	574
鼑	1.000000	362	362
鼒	1.000000	335	335
鼔	1.000000	378	378
鼖	1.000000	239	239
鼘	1.000000	256	256
鼚	1.000000	224	224
鼛	1.000000	252	252
鼜	1.000000	262	262
鼝	1.000000	223	223
鼞	1.000000	289	289
鼡	1.000000	499	499
鼢	1.000000	397	397
鼣	1.000000	237	237
鼤	1.000000	239	239
鼥	1.000000	239	239
鼦	1.000000	229	229
鼧	1.000000	224	224
鼨	1.000000	204	204
鼪	1.000000	310	310
鼫	1.000000	309	309
鼭	1.000000	217	217
鼮	1.000000	253	253
鼰	1.000000	188	188
鼲	1.000000	236	236
鼳	1.000000	250	250
鼵	1.000000	297	297
鼶	1.000000	307	307
鼸	1.000000	311	311
鼹	1.000000	100	100
鼺	1.000000	221	221
鼼	1.000000	217	217
鼽	1.000000	407	407
鼿	1.000000	261	261
齀	1.000000	262	262
齁	1.000000	440	440
齂	1.000000	213	213
齃	1.000000	249	249
齅	1.000000	284	284
齆	1.000000	299	299
齈	1.000000	285	285
齉	1.000000	309	309
齓	1.000000	207	207
齔	1.000000	578	578
齕	1.000000	410	410
齖	1.000000	285	285
齘	1.000000	273	273
齚	1.000000	226	226
齛	1.000000	356	356
齝	1.000000	282	282
齢	1.000000	440	440
齤	1.000000	182	182
齥	1.000000	237	237
齨	1.000000	235	235
齩	1.000000	296	296
齫	1.000000	262	262
齭	1.000000	283	283
齮	1.000000	433	433
齯	1.000000	315	315
齳	1.000000	240	240
齴	1.000000	232	232
齸	1.000000	323	323
齹	1.000000	310	310
齺	1.000000	223	223
齻	1.000000	219	219
齼	1.000000	271	271
齽	1.000000	313	313
齾	1.000000	280	280
龎	1.000000	373	373
龏	1.000000	360	360
龑	1.000000	469	469
龒	1.000000	379	379
龓	1.000000	271	271
龖	1.000000	394	394
龗	1.000000	316	316
龘	1.000000	88	88
龝	1.000000	234	234
龞	1.000000	240	240
龡	1.000000	240	240
龣	1.000000	214	214
龤	1.000000	228	228
龥	1.000000	259	259
𣈶	1.000000	403	403
𥄫	1.000000	20000	20000
佢	0.999971	6038655	6038832
証	0.999890	9076	9077
祇	0.999681	3129	3130
呸	0.999489	1957	1958
揹	0.999283	4182	4185
昕	0.999104	1115	1116
砲	0.999023	2046	2048
囧	0.998979	978	979
錛	0.998649	739	740
俅	0.998366	611	612
鎰	0.998366	611	612
潿	0.998331	598	599
醭	0.998246	569	570
珅	0.998239	567	568
尙	0.998039	509	510
襘	0.998031	507	508
鯗	0.997904	476	477
幘	0.997890	473	474
厓	0.997872	469	470
繖	0.997835	461	462
熲	0.997758	445	446
蒹	0.997717	437	438
偢	0.997653	425	426
眳	0.997642	423	424
縗	0.997573	411	412
睎	0.997347	376	377
旍	0.997238	361	362
熜	0.997230	360	361
虰	0.997041	337	338
袺	0.996914	323	324
渰	0.996894	321	322
薙	0.996774	309	310
誒	0.996714	72791	73031
軱	0.996678	300	301
葄	0.996667	299	300
耈	0.996633	296	297
裌	0.996390	276	277
坱	0.996377	275	276
膲	0.996377	275	276
顇	0.996139	258	259
簷	0.995475	440	442
萰	0.995192	207	208
瞓	0.995184	284313	285689
蹪	0.994792	191	192
蛵	0.994536	182	183
喂	0.993473	480529	483686
啖	0.993331	54815	55183
囉	0.991139	769114	775990
啲	0.989383	2103563	2126137
瑯	0.985714	69	70
咁	0.984176	2225030	2260805
楂	0.981813	74660	76043
搵	0.981711	525289	535075
踹	0.981702	10945	11149
拎	0.981133	308428	314359
啫	0.980302	110432	112651
哋	0.979534	1064106	1086339
呃	0.978194	59977	61314
哦	0.978089	487114	498026
呢	0.976470	4602584	4713493
晞	0.974623	8987	9221
㗎	0.973705	2055776	2111292
撳	0.973517	12903	13254
吖	0.973487	104826	107681
搽	0.972710	39243	40344
孖	0.967627	11657	12047
噉	0.967464	2225119	2299951
嘩	0.966975	395636	409148
樾	0.963450	659	684
哂	0.962627	150654	156503
唉	0.962027	89431	92961
閂	0.961712	50010	52001
庥	0.961479	624	649
喵	0.961348	48052	49984
嗯	0.960119	143002	148942
恵	0.960064	601	626
菓	0.959742	596	621
槊	0.958609	579	604
呀	0.958294	2028280	2116552
啦	0.957996	2911475	3039130
噼	0.957699	28119	29361
騅	0.955277	534	559
喇	0.955209	1298497	1359385
嘅	0.948314	4333042	4569207
叻	0.948022	80889	85324
听	0.946667	355	375
既	0.945445	1998113	2113409
曚	0.945138	8097	8567
鋩	0.943567	418	443
瞀	0.942661	411	436
躄	0.941452	402	427
咋	0.938723	121912	129870
齵	0.937965	378	403
阢	0.937656	376	401
咩	0.936621	1816402	1939314
痲	0.936170	88	94
咍	0.936061	366	391
蚖	0.936061	366	391
艻	0.933687	352	377
舐	0.933555	10678	11438
蕹	0.933079	9788	10490
摑	0.932286	4805	5154
据	0.930159	1172	1260
欹	0.929054	550	592
坋	0.928571	325	350
澁	0.926901	317	342
螾	0.926254	314	339
砌	0.925058	105538	114088
翫	0.922652	501	543
啊	0.920141	970758	1055010
噹	0.919958	194792	211740
禕	0.917541	612	667
猳	0.916944	276	301
俉	0.916832	463	505
咭	0.916603	12013	13106
你	0.915913	7032017	7677605
婹	0.914861	591	646
絜	0.914683	461	504
嵴	0.914197	586	641
砰	0.913944	27496	30085
誶	0.913928	584	639
謻	0.912892	262	287
隻	0.912779	843685	924304
郛	0.911950	435	477
喼	0.911756	3203	3513
牠	0.911317	3648	4003
喲	0.911312	27230	29880
氹	0.910377	13703	15052
絘	0.909677	423	465
鐸	0.909616	25361	27881
齱	0.909420	251	276
亦	0.908925	281643	309864
罨	0.906303	532	587
泐	0.905660	528	583
畀	0.905455	820637	906326
醵	0.903169	513	568
抔	0.902135	507	562
嶔	0.901408	384	426
餸	0.899096	6763	7522
嘛	0.897966	322132	358735
冇	0.897663	1759806	1960431
哞	0.897214	1868	2082
吓	0.896782	258596	288360
鐶	0.895000	358	400
曦	0.893584	20111	22506
蔦	0.889053	601	676
緗	0.888291	660	743
詿	0.888060	595	670
嶴	0.887077	707	797
餳	0.887048	589	664
乜	0.884978	875008	988734
睇	0.884034	1429397	1616902
又	0.882152	1370310	1553372
溦	0.881932	493	559
尻	0.880499	2402	2728
樽	0.880468	27674	31431
蛓	0.876238	177	202
揀	0.875015	64248	73425
矲	0.875000	294	336
噢	0.870030	16106	18512
嗰	0.868404	1232825	1419645
抆	0.868394	2580	2971
嬴	0.865669	4627	5345
拮	0.864450	1690	1955
甯	0.862813	1239	1436
捯	0.862810	522	605
啪	0.861912	57574	66798
荑	0.861111	558	648
椑	0.861053	409	475
裟	0.860539	543	631
啵	0.859857	13081	15213
臃	0.859649	539	627
嚮	0.859427	37997	44212
鎗	0.857717	1067	1244
咀	0.856755	32836	38326
妳	0.855575	74927	87575
挂	0.853010	1091	1279
朙	0.850746	570	670
螹	0.849462	237	279
袈	0.848797	494	582
妢	0.847706	462	545
嗛	0.847145	460	543
刖	0.846617	563	665
郤	0.844828	490	580
謷	0.844633	299	354
都	0.844440	3753292	4444713
胙	0.844051	525	622
箘	0.841346	350	416
郘	0.841040	291	346
窆	0.840625	538	640
篨	0.837891	429	512
咗	0.834784	1995799	2390797
著	0.834167	443600	531788
我	0.832653	12831921	15410878
輂	0.832589	373	448
痾	0.831381	5606	6743
鳩	0.829562	48497	58461
吋	0.828069	8809	10638
尨	0.828014	467	564
唪	0.827793	1245	1504
浥	0.827411	489	591
瞢	0.826786	463	560
喒	0.826722	396	479
鋧	0.825397	312	378
貾	0.825000	198	240
觽	0.824903	424	514
駛	0.824840	161422	195701
喀	0.824113	111589	135405
瞵	0.823404	387	470
菎	0.822581	306	372
髼	0.822581	255	310
澥	0.822259	495	602
咯	0.820448	54015	65836
唅	0.820346	379	462
袷	0.820029	565	689
罏	0.819672	300	366
詖	0.818841	339	414
嗚	0.818639	48497	59241
嚄	0.818066	643	786
攉	0.817444	403	493
巆	0.816054	244	299
魣	0.815271	331	406
啜	0.813399	13792	16956
衫	0.813032	314746	387126
熄	0.812541	37463	46106
蓰	0.811321	387	477
抹	0.811259	131166	161682
睬	0.809726	10856	13407
欑	0.809269	454	561
扂	0.808929	453	560
掣	0.808262	12992	16074
姪	0.808219	177	219
陞	0.806857	1671	2071
窾	0.805616	373	463
喱	0.805556	42713	53023
喔	0.804875	11657	14483
嘢	0.804873	1332312	1655307
擒	0.803870	37552	46714
牉	0.803665	307	382
忞	0.801942	413	515
轓	0.800959	334	417
箐	0.800921	696	869
灢	0.800604	265	331
漭	0.800357	449	561
吽	0.797904	533	668
茀	0.795802	417	524
鉍	0.795766	639	803
緦	0.794076	563	709
噙	0.793976	659	830
蒷	0.793210	257	324
左	0.792042	1435982	1813013
揘	0.791798	251	317
埸	0.791481	1245	1573
縻	0.791191	485	613
就	0.788055	3287801	4172043
哇	0.787125	55438	70431
蒭	0.786932	277	352
廛	0.786861	539	685
僦	0.786325	736	936
餱	0.784810	558	711
籧	0.784416	302	385
髞	0.784314	240	306
勗	0.783439	369	471
浽	0.782178	237	303
棰	0.781915	588	752
髝	0.781457	236	302
彸	0.781022	321	411
灝	0.780834	880	1127
偌	0.780397	629	806
哎	0.779430	25895	33223
萆	0.779221	540	693
窶	0.777941	529	680
吾	0.777644	65672	84450
犋	0.777083	373	480
朕	0.776669	1245	1603
睪	0.776233	614	791
厗	0.775551	387	499
褟	0.775385	504	650
豨	0.775385	504	650
蓓	0.774700	839	1083
簣	0.774235	607	784
讌	0.773547	386	499
韞	0.773537	608	786
飲	0.773292	306649	396550
嬲	0.769751	64248	83466
挼	0.768953	426	554
韝	0.767575	535	697
摜	0.763869	537	703
醅	0.763848	524	686
蹚	0.763323	487	638
肈	0.762745	389	510
魊	0.761246	440	578
舖	0.760222	16195	21303
襦	0.760057	529	696
儹	0.759443	382	503
榱	0.756325	568	751
晒	0.756001	187139	247538
蜰	0.755708	331	438
昝	0.752246	586	779
滃	0.751453	517	688
咡	0.750883	425	566
跣	0.749737	1423	1898
娿	0.748281	544	727
躐	0.747535	379	507
猷	0.747059	889	1190
姱	0.746124	385	516
弳	0.745856	405	543
貰	0.745514	457	613
椆	0.745174	386	518
鵟	0.745027	412	553
縲	0.744741	531	713
睟	0.744541	341	458
兕	0.744444	536	720
旆	0.743363	588	791
烜	0.742489	519	699
噀	0.741667	356	480
轆	0.740587	36662	49504
沖	0.740322	218996	295812
埗	0.739964	2046	2765
茦	0.739812	236	319
茚	0.739726	540	730
輈	0.739563	372	503
鶤	0.739496	352	476
丫	0.739469	103224	139592
迕	0.739255	516	698
嬛	0.738961	569	770
餵	0.738880	48141	65154
涳	0.738318	553	749
搞	0.738241	269007	364389
寘	0.736177	466	633
簏	0.735974	446	606
螯	0.735960	3381	4594
柙	0.735632	512	696
奀	0.735030	491	668
幫	0.735015	479817	652799
侏	0.733946	7029	9577
骻	0.733831	295	402
凊	0.733087	596	813
係	0.732700	8784348	11989007
佧	0.732218	525	717
惏	0.732039	377	515
茵	0.730732	27496	37628
棓	0.730375	428	586
焗	0.730324	9966	13646
釤	0.729730	540	740
舡	0.729583	402	551
蔟	0.728276	528	725
嗲	0.727624	8097	11128
玓	0.726122	631	869
獑	0.725806	270	372
逭	0.723741	503	695
樛	0.723562	390	539
喊	0.723188	129476	179035
噗	0.723132	11479	15874
擺	0.723099	257884	356637
璺	0.722908	527	729
珣	0.722573	573	793
儌	0.722222	351	486
寀	0.722222	572	792
餼	0.721951	592	820
偈	0.721923	8453	11709
瑑	0.720648	356	494
摋	0.720293	394	547
篠	0.720056	517	718
憒	0.718555	577	803
褉	0.718037	629	876
杞	0.716287	20200	28201
縕	0.716026	764	1067
靑	0.715608	541	756
惦	0.715531	7385	10321
劊	0.715434	445	622
澒	0.715190	339	474
脚	0.714976	444	621
晟	0.714699	987	1381
紲	0.714499	478	669
爰	0.714451	618	865
唔	0.712896	6114739	8577319
柁	0.712310	515	723
姌	0.712305	411	577
曏	0.711656	1044	1467
懰	0.710921	332	467
慊	0.710110	583	821
嗎	0.709377	113013	159313
跌	0.708903	180732	254946
嫚	0.708593	569	803
髀	0.708034	4627	6535
諗	0.708014	473588	668896
瑜	0.707728	38264	54066
醨	0.707269	360	509
忝	0.706392	652	923
辮	0.705905	18242	25842
槺	0.705637	338	479
梃	0.705249	524	743
匭	0.704000	616	875
姫	0.703980	566	804
佟	0.703739	2936	4172
嚾	0.702918	265	377
剗	0.702847	395	562
捉	0.702701	117195	166778
揦	0.702020	417	594
坌	0.701389	505	720
戥	0.701139	800	1141
坐	0.701118	380597	542843
幬	0.701049	401	572
鍺	0.700701	700	999
梘	0.700450	622	888
宁	0.700000	700	1000
齍	0.699029	288	412
翮	0.698454	542	776
錒	0.697998	802	1149
砘	0.697889	529	758
閆	0.697531	1243	1782
汜	0.696833	616	884
玃	0.696703	317	455
沴	0.696241	463	665
氡	0.692308	648	936
嚟	0.691535	1275895	1845020
剁	0.691312	2936	4247
飫	0.690782	592	857
榿	0.690695	527	763
跱	0.690678	326	472
倒	0.690225	422154	611618
腊	0.690125	608	881
嘜	0.689276	1067	1548
跛	0.688849	4182	6071
爛	0.688591	135972	197464
轀	0.688268	616	895
遄	0.686957	553	805
玩	0.686886	517370	753211
喏	0.686391	812	1183
袴	0.686335	442	644
琮	0.686211	632	921
韗	0.685315	196	286
銫	0.685246	627	915
芧	0.685039	348	508
潏	0.683919	370	541
阬	0.683919	370	541
屎	0.683865	34793	50877
翥	0.683862	517	756
犵	0.683029	487	713
僉	0.682657	555	813
醲	0.682573	329	482
矞	0.682316	436	639
姝	0.682296	844	1237
犺	0.682109	427	626
厾	0.681598	563	826
擘	0.681379	14326	21025
楦	0.681004	570	837
賨	0.680927	382	561
垡	0.680877	559	821
崤	0.680769	531	780
猱	0.679775	484	712
綆	0.679408	551	811
簉	0.678917	351	517
輇	0.677530	395	583
娭	0.676923	88	130
婕	0.676833	1154	1705
做	0.675979	1068377	1580488
垸	0.675870	563	833
衖	0.675565	329	487
蠭	0.675294	287	425
擼	0.675076	669	991
凝	0.674630	121200	179654
蚺	0.674573	711	1054
黎	0.674338	212500	315124
礵	0.674227	327	485
躔	0.674041	457	678
惙	0.674033	366	543
叫	0.673575	531786	789498
繒	0.672986	568	844
煸	0.672962	677	1006
悃	0.672727	481	715
眯	0.672519	11568	17201
扑	0.672240	21712	32298
棃	0.672043	375	558
搭	0.671878	127251	189396
晬	0.671480	372	554
灨	0.671171	298	444
笸	0.671149	549	818
銥	0.671134	651	970
耞	0.670103	325	485
拄	0.669931	684	1021
枳	0.669831	635	948
譖	0.669565	539	805
緄	0.669364	579	865
蜿	0.669154	538	804
齠	0.668565	587	878
嵛	0.668187	586	877
毳	0.668085	471	705
娣	0.667464	837	1254
攬	0.667026	63803	95653
您	0.666979	159286	238817
咬	0.666348	79554	119388
踶	0.665939	305	458
鄶	0.665689	454	682
檾	0.665410	706	1061
閰	0.665198	453	681
罾	0.664981	526	791
牏	0.664474	303	456
顒	0.664027	587	884
殗	0.663717	375	565
惛	0.663566	428	645
墘	0.663537	424	639
楬	0.663534	353	532
燔	0.663317	528	796
瓠	0.662921	531	801
坶	0.662810	401	605
鞝	0.662753	621	937
磅	0.662377	10500	15852
襮	0.662192	296	447
窿	0.662070	27319	41263
歆	0.661972	799	1207
倮	0.661922	558	843
鷇	0.661258	326	493
鋏	0.661125	517	782
芏	0.660807	639	967
玗	0.660494	428	648
鵂	0.660330	521	789
靬	0.659966	394	597
唈	0.659574	248	376
洧	0.658977	657	997
塬	0.658883	649	985
蟷	0.658643	301	457
腌	0.657604	774	1177
覯	0.657475	453	689
痊	0.657216	510	776
舔	0.657178	7919	12050
搨	0.656716	352	536
黮	0.655914	366	558
疱	0.655738	200	305
粿	0.655699	558	851
齰	0.655462	312	476
饢	0.655419	641	978
踩	0.655350	42179	64361
嬡	0.654356	691	1056
她	0.654120	190610	291399
閑	0.652174	1245	1909
洗	0.651767	346693	531928
肫	0.651635	578	887
唣	0.651210	323	496
瞍	0.650718	408	627
摁	0.650034	964	1483
緹	0.648693	794	1224
廌	0.648557	382	589
稺	0.648193	269	415
嘈	0.647334	32836	50725
嬖	0.647125	574	887
甩	0.647002	37552	58040
桴	0.646907	502	776
稊	0.646235	369	571
萇	0.645855	631	977
劭	0.645636	614	951
鑫	0.644900	2232	3461
喨	0.644719	470	729
嘣	0.644498	533	827
埭	0.644016	635	986
踅	0.643110	546	849
洙	0.642916	776	1207
虼	0.642529	559	870
氽	0.642292	650	1012
買	0.641951	277194	431799
煃	0.641827	267	416
仝	0.641691	668	1041
庋	0.641642	641	999
蠛	0.641573	571	890
誄	0.641550	596	929
瞶	0.641326	329	513
洳	0.640530	629	982
筱	0.640505	1167	1822
羝	0.640230	557	870
圪	0.640217	589	920
嫁	0.639580	74126	115898
噻	0.639155	1665	2605
拗	0.639152	10856	16985
釩	0.639080	834	1305
殜	0.638418	339	531
偟	0.637982	430	674
浜	0.637785	1877	2943
鎛	0.637771	412	646
欿	0.637584	285	447
潽	0.637255	390	612
莰	0.637037	430	675
巽	0.636926	721	1132
熇	0.636678	368	578
詎	0.636364	623	979
孓	0.635725	815	1282
瓅	0.635528	415	653
蠼	0.635417	549	864
瞤	0.635338	338	532
禳	0.635213	552	869
跏	0.634174	553	872
羰	0.633835	547	863
崚	0.633448	553	873
葧	0.633411	273	431
鐿	0.633333	570	900
噠	0.633119	5517	8714
迆	0.631387	346	548
賾	0.631139	604	957
攮	0.631136	450	713
臞	0.630742	357	566
檃	0.630662	362	574
膫	0.630252	300	476
濩	0.630225	392	622
哼	0.630164	25717	40810
砉	0.630058	545	865
鶖	0.629630	340	540
鯇	0.629482	474	753
添	0.629175	56773	90234
野	0.628995	272122	432630
臚	0.628755	586	932
塭	0.628713	381	606
蛑	0.628604	545	867
泓	0.627464	923	1471
陪	0.627236	88631	141304
鼉	0.627081	565	901
鬅	0.626923	326	520
菹	0.626832	556	887
兜	0.626831	69320	110588
黽	0.626407	612	977
絏	0.626283	305	487
韉	0.626008	621	992
縭	0.625786	597	954
煲	0.625483	9877	15791
羇	0.624535	336	538
蠆	0.624027	561	899
欻	0.623881	418	670
罍	0.623803	456	731
斟	0.623494	7919	12701
賡	0.623337	609	977
礤	0.623256	536	860
囝	0.623138	711	1141
食	0.623036	873763	1402427
蜋	0.623016	314	504
惄	0.622505	343	551
稙	0.622302	346	556
嗬	0.622280	2402	3860
觳	0.621649	603	970
咪	0.621628	789225	1269609
咾	0.621444	568	914
揩	0.621153	2402	3867
襻	0.620879	452	728
囡	0.620664	6674	10753
鐋	0.620629	355	572
璿	0.620548	453	730
敉	0.620474	497	801
籩	0.619675	611	986
比	0.618590	676300	1093293
靚	0.618319	181533	293591
甭	0.618108	908	1469
閈	0.618042	322	521
珓	0.617997	364	589
氘	0.617886	532	861
煮	0.617365	58909	95420
鉾	0.617329	342	554
鴴	0.617176	424	687
媕	0.617155	295	478
睃	0.617143	432	700
蝀	0.616883	380	616
黐	0.616849	10500	17022
螲	0.616708	251	407
杠	0.616239	721	1170
撻	0.616184	3381	5487
瘖	0.616099	398	646
貊	0.615877	481	781
被	0.615675	259308	421177
筌	0.615566	522	848
搌	0.615272	419	681
砦	0.615230	614	998
袼	0.614929	519	844
鏌	0.614823	589	958
撞	0.614696	88542	144042
熳	0.614515	652	1061
嗾	0.614322	489	796
鋦	0.613786	561	914
擰	0.613644	50633	82512
再	0.613145	590962	963821
膪	0.612836	296	483
蹯	0.612753	394	643
茳	0.612751	519	847
剪	0.612543	64159	104742
脘	0.611789	602	984
洇	0.611483	639	1045
蝽	0.611299	541	885
伾	0.610963	457	748
摟	0.610572	10500	17197
褌	0.610429	398	652
熅	0.610052	352	577
蠃	0.610048	510	836
蠮	0.609481	270	443
媸	0.609265	605	993
咨	0.608650	577	948
俬	0.608247	413	679
諑	0.608079	557	916
郁	0.607985	51078	84012
繐	0.607918	476	783
鍉	0.607727	409	673
廑	0.607670	412	678
闆	0.607268	35861	59053
媼	0.607071	601	990
牸	0.606444	527	869
賻	0.605578	456	753
邷	0.605263	207	342
禛	0.605159	610	1008
菘	0.604926	614	1015
譫	0.604749	433	716
濊	0.604743	459	759
鍪	0.604288	620	1026
諔	0.604255	284	470
髹	0.604245	484	801
癔	0.603974	456	755
澌	0.603922	462	765
嫜	0.603495	449	744
嶒	0.602484	485	805
暘	0.602062	584	970
好	0.601977	4731615	7860129
搴	0.601852	585	972
裾	0.601833	591	982
廋	0.601810	266	442
靆	0.601786	337	560
吃	0.601672	13170	21889
槔	0.601562	539	896
晗	0.601232	781	1299
螉	0.600462	260	433
双	0.600451	266	443
叠	0.600451	266	443
鮨	0.600334	359	598
硤	0.600225	533	888
蕕	0.600204	587	978
墉	0.600169	710	1183
嬋	0.600087	2758	4596
鑭	0.600000	582	970
未	0.599905	449295	748944
鮒	0.599791	574	957
艅	0.599085	393	656
蘹	0.598662	358	598
戇	0.598380	8275	13829
瓚	0.598261	688	1150
澶	0.597985	653	1092
爬	0.597509	49031	82059
昀	0.597052	729	1221
樕	0.596899	308	516
驂	0.596871	496	831
訌	0.596358	393	659
梳	0.596307	59354	99536
度	0.596143	1329643	2230408
胂	0.596033	571	958
掂	0.595988	38086	63904
隉	0.595804	426	715
宄	0.595518	558	937
番	0.595331	217662	365615
脞	0.595065	410	689
珉	0.594872	812	1365
曳	0.594861	39243	65970
佺	0.594845	577	970
斝	0.594708	427	718
另	0.594099	120933	203557
戴	0.593995	84270	141870
炆	0.593985	711	1197
糝	0.593654	580	977
苄	0.593387	664	1119
錁	0.593370	537	905
癭	0.593275	547	922
抻	0.592928	654	1103
葑	0.592912	619	1044
呔	0.592819	3203	5403
葭	0.592294	661	1116
昡	0.592105	360	608
魠	0.590909	312	528
骶	0.590795	706	1195
蓍	0.590643	505	855
齇	0.590494	323	547
艴	0.590214	386	654
祧	0.590078	452	766
走	0.590076	552876	936958
麿	0.589909	456	773
蓷	0.589744	368	624
酕	0.589416	323	548
鵯	0.589245	515	874
菥	0.589202	502	852
鍰	0.588644	508	863
鑹	0.588608	372	632
脲	0.588603	754	1281
瀠	0.588364	536	911
嬸	0.588356	16907	28736
寤	0.587856	639	1087
紼	0.587530	490	834
鶬	0.587500	329	560
鮐	0.587169	421	717
幃	0.586914	601	1024
莪	0.586846	1267	2159
旒	0.586458	563	960
僖	0.586368	628	1071
踠	0.586142	313	534
恂	0.585946	542	925
想	0.585899	822239	1403381
蝲	0.585799	495	845
涼	0.585754	127340	217395
蜞	0.585308	494	844
徯	0.585023	375	641
褚	0.584967	895	1530
剴	0.584884	503	860
嶰	0.584848	386	660
鋮	0.584121	618	1058
蚚	0.583333	364	624
罅	0.583318	3203	5491
凍	0.583143	57218	98120
煊	0.583118	677	1161
笫	0.583022	625	1072
靪	0.582367	251	431
硐	0.581801	633	1088
纑	0.581712	299	514
吱	0.581688	12636	21723
莛	0.581503	503	865
氂	0.581320	361	621
襝	0.581264	515	886
酃	0.581124	548	943
憮	0.581036	527	907
踡	0.580997	373	642
禠	0.580709	295	508
唚	0.580392	592	1020
猸	0.580286	365	629
郇	0.580234	546	941
啞	0.580202	33726	58128
釔	0.580019	598	1031
除	0.579800	204314	352387
搓	0.579583	9788	16888
鼩	0.579501	441	761
醄	0.579439	310	535
鍘	0.579216	680	1174
鬘	0.579008	502	867
畛	0.578947	539	931
岣	0.578740	588	1016
洣	0.578645	504	871
斲	0.578475	387	669
溷	0.578454	494	854
垝	0.578147	418	723
葸	0.578091	533	922
鳯	0.578049	474	820
篥	0.577778	442	765
撩	0.577756	8987	15555
驚	0.577647	235815	408234
錫	0.577431	60155	104177
亍	0.576923	675	1170
舸	0.576824	672	1165
躉	0.576766	3381	5862
僨	0.576617	508	881
鬒	0.576592	335	581
脬	0.576552	418	725
苤	0.576531	565	980
謚	0.576419	396	687
輦	0.575893	645	1120
畎	0.575588	514	893
䰾	0.575448	450	782
菡	0.575020	709	1233
儇	0.574909	472	821
窬	0.574423	548	954
擠	0.574399	51523	89699
愒	0.573944	326	568
鶥	0.573858	540	941
鏊	0.573737	568	990
蘩	0.573651	553	964
硎	0.573582	647	1128
劼	0.573529	546	952
潄	0.573311	348	607
蚨	0.573267	579	1010
蟢	0.573222	274	478
芟	0.572844	578	1009
有	0.572279	3161885	5525072
洹	0.572212	626	1094
趺	0.571811	1067	1866
种	0.571771	1669	2919
仳	0.571429	496	868
筀	0.571429	276	483
覿	0.571429	468	819
剜	0.571048	643	1126
醡	0.570533	364	638
跪	0.570294	20822	36511
螓	0.569807	502	881
迍	0.569750	388	681
纈	0.569746	629	1104
蜾	0.569353	431	757
譾	0.569231	407	715
毖	0.569066	585	1028
曬	0.568838	40400	71022
鋙	0.568835	376	661
馝	0.568458	328	577
鏃	0.568439	652	1147
慴	0.568369	345	607
鮃	0.568332	603	1061
簠	0.568245	408	718
髽	0.567944	326	574
鎚	0.567609	1868	3291
綮	0.567036	461	813
躂	0.566649	1067	1883
旃	0.566604	604	1066
呆	0.566354	59888	105743
褵	0.565809	374	661
犎	0.565640	349	617
聽	0.565634	549583	971623
鈹	0.565136	603	1067
彖	0.565116	486	860
棻	0.565107	447	791
穸	0.564568	529	937
壅	0.564149	620	1099
齌	0.563923	322	571
鷦	0.563501	528	937
棫	0.563459	404	717
墶	0.563325	427	758
淯	0.563249	423	751
酤	0.562963	456	810
蘺	0.562868	573	1018
枰	0.562662	651	1157
酖	0.562604	337	599
颭	0.562412	401	713
綁	0.561860	25005	44504
呎	0.561779	2046	3642
讞	0.561707	487	867
厪	0.561702	264	470
畑	0.561386	567	1010
剺	0.561368	279	497
蚋	0.561277	545	971
尥	0.561191	509	907
憷	0.561049	556	991
跫	0.560591	569	1015
媵	0.560479	468	835
迻	0.560122	368	657
俜	0.559701	525	938
嶁	0.559671	544	972
沏	0.559641	685	1224
蠨	0.559160	293	524
瀦	0.559113	681	1218
顙	0.559039	535	957
屭	0.558608	305	546
逖	0.558567	577	1033
渫	0.558114	509	912
蓂	0.558081	442	792
鏝	0.557955	491	880
掎	0.557867	429	769
遯	0.557333	418	750
嫄	0.557126	473	849
鐳	0.557123	790	1418
齞	0.556769	255	458
劬	0.556650	565	1015
詼	0.556357	617	1109
床	0.556237	68430	123023
菪	0.556004	551	991
堃	0.555775	563	1013
抃	0.555707	409	736
郝	0.554933	1783	3213
磠	0.554878	273	492
驎	0.554878	364	656
鼙	0.554781	557	1004
魈	0.554614	589	1062
葳	0.554422	652	1176
洫	0.554286	485	875
欏	0.554167	665	1200
識	0.554081	379707	685292
浞	0.553922	565	1020
癉	0.553750	443	800
窀	0.553611	506	914
騍	0.553041	391	707
莨	0.552391	543	983
阼	0.552381	464	840
曌	0.552270	523	947
誚	0.551755	613	1111
踥	0.551643	235	426
蕺	0.551559	460	834
鶊	0.551456	284	515
先	0.551452	879280	1594481
櫳	0.550940	557	1011
覡	0.550725	494	897
茈	0.550696	554	1006
獕	0.550562	294	534
筘	0.550379	508	923
礜	0.550000	319	580
蠏	0.550000	319	580
艿	0.549956	622	1131
棵	0.549926	21534	39158
咣	0.549625	659	1199
鐃	0.549403	506	921
笊	0.549197	547	996
眵	0.549157	391	712
棼	0.549091	453	825
疝	0.548872	730	1330
洨	0.548798	388	707
阽	0.548148	370	675
舴	0.548077	513	936
慓	0.548000	411	750
狒	0.547974	514	938
紝	0.547703	465	849
鋣	0.547239	446	815
嵞	0.546952	332	607
剄	0.546429	459	840
万	0.546167	1325	2426
纛	0.545940	511	936
叮	0.545504	23047	42249
錞	0.545324	379	695
菔	0.545288	596	1093
馞	0.544790	298	547
耜	0.544751	493	905
鴂	0.544681	384	705
腖	0.544204	554	1018
到	0.544024	2317932	4260715
掯	0.543967	266	489
孥	0.543880	471	866
麇	0.543641	436	802
臌	0.543503	481	885
齬	0.543499	581	1069
柝	0.543384	501	922
髑	0.542795	501	923
桄	0.542565	478	881
皒	0.542522	740	1364
嗶	0.541757	2491	4598
疐	0.541741	305	563
蚧	0.541555	606	1119
撙	0.541161	401	741
鍔	0.541096	711	1314
嵇	0.541079	652	1205
齙	0.541026	633	1170
瘼	0.540508	447	827
埵	0.540299	543	1005
撟	0.540020	533	987
芾	0.539527	662	1227
蠵	0.539474	369	684
獬	0.539423	561	1040
漼	0.538576	363	674
筧	0.538394	610	1133
鼱	0.538240	373	693
啥	0.538069	41314	76782
捱	0.537573	13170	24499
檑	0.537530	444	826
悝	0.537445	488	908
酞	0.537299	569	1059
糶	0.537182	549	1022
滻	0.537143	470	875
堍	0.537057	500	931
縑	0.536585	528	984
匏	0.536538	558	1040
陴	0.535918	470	877
鰷	0.535593	474	885
鸕	0.535590	617	1152
恓	0.535475	400	747
逑	0.535336	606	1132
緙	0.534928	559	1045
藘	0.534151	305	571
茺	0.534104	462	865
羑	0.533808	450	843
鱘	0.533693	594	1113
沔	0.533649	563	1055
皝	0.533578	437	819
蘵	0.533199	265	497
襪	0.533110	30077	56418
鴯	0.533074	548	1028
彳	0.533019	565	1060
埡	0.533003	646	1212
昫	0.532594	384	721
倴	0.532279	404	759
擤	0.531874	559	1051
颻	0.531785	435	818
礌	0.531579	404	760
麋	0.531532	531	999
懋	0.531225	672	1265
魃	0.531136	580	1092
琨	0.531077	769	1448
卮	0.531034	616	1160
鶘	0.530631	563	1061
饊	0.529880	532	1004
嫘	0.529865	550	1038
獮	0.529697	437	825
話	0.528730	1068911	2021656
瓔	0.528620	628	1188
准	0.528541	29009	54885
鵔	0.528440	288	545
楮	0.528109	620	1174
要	0.528104	1269577	2404028
灩	0.528099	639	1210
嶓	0.528024	358	678
向	0.528020	353723	669904
櫝	0.527806	522	989
萣	0.527559	536	1016
姮	0.527473	480	910
篤	0.527352	11568	21936
憍	0.526998	488	926
快	0.526844	381309	723761
鯖	0.526786	531	1008
苣	0.526705	641	1217
牤	0.526564	446	847
轗	0.526221	291	553
住	0.526054	1273581	2421006
瘂	0.526042	404	768
麵	0.526008	28831	54811
嘓	0.525998	435	827
詒	0.525714	644	1225
唕	0.524823	370	705
砟	0.524809	550	1048
蜑	0.524729	435	829
栳	0.524505	503	959
矱	0.524169	347	662
騭	0.523969	470	897
蜩	0.523605	488	932
鯢	0.523593	577	1102
栴	0.523364	448	856
薝	0.523274	326	623
蟊	0.523179	553	1057
苻	0.523148	565	1080
艟	0.523060	465	889
磽	0.522989	546	1044
聿	0.522628	716	1370
鱆	0.522003	344	659
姣	0.521590	3648	6994
耐	0.521460	118886	227987
瘀	0.521418	3737	7167
鐧	0.521292	355	681
霪	0.520951	460	883
娌	0.520586	569	1093
蛺	0.520309	538	1034
湲	0.520131	478	919
彠	0.520050	415	798
溲	0.520000	533	1025
萍	0.519921	10322	19853
乖	0.519837	67897	130612
繅	0.519249	553	1065
澉	0.518973	465	896
姒	0.518519	630	1215
滹	0.518483	547	1055
嵯	0.518379	550	1061
狻	0.517891	550	1062
豗	0.517832	363	701
儂	0.517722	2673	5163
嚳	0.517703	541	1045
餕	0.517544	354	684
蠔	0.517471	622	1202
玕	0.517401	446	862
摭	0.516957	1067	2064
槨	0.516803	569	1101
扯	0.516461	41022	79429
笤	0.516401	551	1067
遝	0.516297	396	767
鮭	0.516102	625	1211
硨	0.515820	538	1043
齏	0.515820	538	1043
頫	0.515695	575	1115
陜	0.515366	436	846
慫	0.515337	756	1467
鎏	0.515306	606	1176
鼷	0.515272	388	753
鸃	0.515094	273	530
埋	0.515064	444845	863669
矬	0.515030	514	998
酡	0.514911	518	1006
苙	0.514620	88	171
髕	0.514078	566	1101
鯷	0.513784	410	798
戩	0.513776	634	1234
傒	0.513453	458	892
箜	0.513438	554	1079
牾	0.513423	459	894
痦	0.513187	467	910
鶓	0.513185	506	986
籙	0.512939	555	1082
騫	0.512752	764	1490
揪	0.512623	6051	11804
鋌	0.512175	610	1191
苧	0.512007	597	1166
嶌	0.511973	449	877
渲	0.511841	670	1309
去	0.511549	1759272	3439110
玎	0.511542	554	1083
糬	0.511296	430	841
芩	0.511058	647	1266
篪	0.510980	605	1184
嫠	0.510399	589	1154
垓	0.510244	523	1025
泔	0.510029	534	1047
翟	0.509992	1276	2502
掊	0.509740	471	924
鷥	0.509360	517	1015
踺	0.508750	407	800
餄	0.508677	469	922
徂	0.508671	528	1038
矍	0.507966	542	1067
甍	0.507853	485	955
裰	0.507791	554	1091
舺	0.507747	426	839
櫫	0.507651	564	1111
鴒	0.506809	521	1028
臢	0.506732	414	817
餎	0.506536	465	918
胠	0.505848	346	684
猊	0.505792	524	1036
萘	0.505789	699	1382
顬	0.505747	308	609
蝪	0.505731	353	698
瀲	0.505628	584	1155
犟	0.505618	675	1335
鄜	0.505556	455	900
螋	0.505495	322	637
枉	0.505351	13081	25885
髈	0.504914	411	814
趁	0.504651	12369	24510
啱	0.504538	134904	267381
矣	0.503965	3559	7062
妲	0.503673	617	1225
毬	0.503546	568	1128
郟	0.503100	568	1129
詝	0.503060	411	817
傴	0.502890	435	865
鶺	0.502674	470	935
逡	0.502374	529	1053
癃	0.502212	454	904
蟮	0.501910	657	1309
鏰	0.501901	528	1052
蚊	0.501777	41378	82463
疋	0.501478	509	1015
吻	0.501473	19577	39039
檇	0.501445	347	692
柜	0.501416	177	353
碟	0.501389	19666	39223
粥	0.501137	13881	27699
鶿	0.500933	537	1072
伕	0.500000	88	176
櫬	0.500000	515	1030
蕻	0.500000	481	962
頦	0.500000	615	1230
若	0.499850	126984	254044
狍	0.499498	498	997
個	0.499331	3599078	7207797
觫	0.499318	366	733
縵	0.499187	614	1230
俞	0.499163	1790	3586
毐	0.498973	486	974
仲	0.498889	517370	1037045
醣	0.498776	1019	2043
帘	0.498753	800	1604
閼	0.498717	583	1169
驤	0.498676	565	1133
頊	0.498640	550	1103
邠	0.498423	474	951
估	0.498353	87296	175169
鏨	0.498342	601	1206
郢	0.498171	681	1367
卞	0.497863	932	1872
妖	0.496783	61223	123239
把	0.496582	179130	360726
钁	0.496495	425	856
攪	0.496428	19666	39615
甑	0.496088	634	1278
螿	0.495591	281	567
毹	0.495199	361	729
狓	0.495000	297	600
榦	0.494787	522	1055
玟	0.493912	649	1314
璉	0.493810	718	1454
魖	0.493506	304	616
咔	0.493449	9076	18393
誆	0.493238	620	1257
侉	0.493018	459	931
徭	0.493000	493	1000
鰣	0.492986	492	998
抱	0.492824	79732	161786
摸	0.492606	71990	146141
蘞	0.492588	432	877
僇	0.492574	398	808
聹	0.492063	434	882
酐	0.492021	555	1128
檉	0.491961	459	933
氍	0.491713	356	724
瑛	0.491565	1049	2134
枒	0.491443	402	818
襞	0.491405	486	989
鯔	0.491329	425	865
氌	0.491124	415	845
鱈	0.491018	574	1169
桷	0.490857	510	1039
翦	0.490609	653	1331
塽	0.490511	336	685
完	0.490226	467092	952809
飧	0.489410	647	1322
焓	0.488854	614	1256
睥	0.488661	2758	5644
蕃	0.488562	5873	12021
隰	0.488329	523	1071
哳	0.487988	325	666
莿	0.487745	398	816
瓿	0.487633	552	1132
誙	0.487288	230	472
見	0.487175	620417	1273499
鳧	0.486907	595	1222
踢	0.486830	45116	92673
楹	0.486547	651	1338
鑷	0.486087	559	1150
鯿	0.485774	461	949
椋	0.485271	626	1290
堝	0.484545	533	1100
廖	0.483683	2238	4627
玀	0.483667	459	949
缶	0.483370	654	1353
鑊	0.483168	6229	12892
虺	0.483080	571	1182
愀	0.482993	639	1323
玢	0.482981	525	1087
刷	0.482878	54460	112782
搡	0.482852	535	1108
蒴	0.482365	465	964
逶	0.482321	532	1103
紮	0.482197	25094	52041
葚	0.481961	521	1081
麂	0.481273	514	1068
堙	0.480597	483	1005
閽	0.480595	582	1211
痀	0.480303	317	660
整	0.480191	206805	430672
蠊	0.480165	581	1210
硒	0.480112	857	1785
峴	0.480033	589	1227
覘	0.479691	496	1034
錕	0.479544	715	1491
吲	0.479129	528	1102
懮	0.478931	466	973
憎	0.478783	13348	27879
鈷	0.478209	801	1675
瀼	0.478182	526	1100
潲	0.478028	446	933
枵	0.477823	474	992
慪	0.477426	497	1041
揶	0.476893	485	1017
歙	0.476764	554	1162
臭	0.476543	44938	94300
蟭	0.476489	304	638
埕	0.476033	576	1210
啁	0.475897	464	975
的	0.475524	1107709	2329451
耵	0.475410	406	854
唷	0.474650	1423	2998
囤	0.474576	784	1652
癧	0.473976	428	903
磑	0.473973	346	730
广	0.473934	700	1477
郿	0.473514	438	925
艎	0.473381	329	695
瓴	0.473301	585	1236
螄	0.473206	521	1101
艮	0.473162	811	1714
檣	0.473054	632	1336
痕	0.472811	29632	62672
吧	0.472651	63002	133295
鬻	0.472556	551	1166
麌	0.472340	333	705
萏	0.471774	468	992
昴	0.471669	616	1306
烊	0.471511	571	1211
獪	0.471322	378	802
龔	0.470830	1606	3411
篁	0.470149	630	1340
瘊	0.469714	411	875
屨	0.469530	470	1001
檎	0.469369	498	1061
知	0.469185	828646	1766138
漶	0.469059	379	808
顳	0.469033	674	1437
狳	0.468825	391	834
死	0.468775	359240	766338
鉬	0.468610	836	1784
頏	0.468557	380	811
榷	0.467883	590	1261
珂	0.467308	972	2080
内	0.466967	622	1332
寫	0.466804	141845	303864
佶	0.466667	595	1275
葺	0.466605	503	1078
鱺	0.465517	405	870
覃	0.465486	1025	2202
黧	0.465068	446	959
蟶	0.465004	578	1243
氳	0.464748	646	1390
綰	0.464415	770	1658
扮	0.464347	48319	104058
饅	0.464107	556	1198
氙	0.463972	528	1138
桕	0.463547	426	919
猁	0.462983	419	905
檗	0.462754	410	886
遮	0.462545	34615	74836
忮	0.461696	452	979
莩	0.461473	545	1181
搦	0.461424	622	1348
龢	0.461283	417	904
奭	0.460886	489	1061
趔	0.460784	470	1020
蝰	0.460748	493	1070
掮	0.460470	431	936
慳	0.460141	3648	7928
祓	0.460134	479	1041
橙	0.460055	29098	63249
蒻	0.459796	406	883
髡	0.459646	598	1301
蟟	0.459547	284	618
芑	0.459526	562	1223
牴	0.459401	1488	3239
茼	0.459353	582	1267
凳	0.459215	24827	54064
地	0.458874	1388018	3024833
裼	0.458851	591	1288
嘻	0.458665	27674	60336
詈	0.458551	614	1339
屓	0.458384	380	829
妯	0.458118	443	967
噝	0.458113	607	1325
裎	0.457983	545	1190
螗	0.457875	375	819
橈	0.457455	629	1375
黹	0.457203	438	958
秒	0.457169	40400	88370
孛	0.457163	635	1389
拊	0.457073	559	1223
鷁	0.456929	366	801
尕	0.456837	725	1587
虢	0.456618	621	1360
伢	0.456262	725	1589
蒟	0.456100	400	877
等	0.455621	278974	612294
蟪	0.455537	543	1192
揠	0.455180	391	859
蚯	0.455090	532	1169
厂	0.455000	728	1600
嘸	0.454918	444	976
燹	0.454751	402	884
圮	0.454545	565	1243
鈸	0.454098	554	1220
歛	0.453925	266	586
犰	0.453761	368	811
魍	0.453717	1245	2744
嫪	0.453527	405	893
苴	0.453451	565	1246
曨	0.452852	389	859
咈	0.452730	340	751
畋	0.452519	548	1211
插	0.451527	67897	150372
颺	0.451282	528	1170
瘝	0.451119	383	849
皤	0.450997	543	1204
軻	0.450732	677	1502
洌	0.450517	610	1354
甾	0.450265	679	1508
蹁	0.450164	411	913
麈	0.450085	266	591
蜣	0.450000	360	800
僬	0.449954	490	1089
鼯	0.449814	484	1076
櫓	0.449732	671	1492
蠓	0.449570	575	1279
紺	0.449554	655	1457
杴	0.449519	561	1248
峻	0.449487	10767	23954
拑	0.449239	177	394
蛀	0.449008	2580	5746
腧	0.448835	443	987
赭	0.448718	595	1326
濂	0.448686	717	1598
簋	0.448101	531	1185
鶇	0.447725	561	1253
獁	0.447467	477	1066
得	0.447455	1405905	3142004
戔	0.447390	557	1245
篌	0.447368	425	950
黟	0.447048	477	1067
趿	0.446906	585	1309
骺	0.446895	547	1224
罣	0.446852	433	969
輞	0.446680	444	994
裒	0.446305	453	1015
挲	0.446009	475	1065
䴉	0.445931	400	897
釧	0.445783	629	1411
扞	0.445682	480	1077
斬	0.445153	17174	38580
鈕	0.445014	6940	15595
螅	0.444853	605	1360
弼	0.444578	738	1660
搢	0.444444	416	936
哌	0.444379	759	1708
偁	0.444217	434	977
奩	0.444084	548	1234
轤	0.443956	404	910
騶	0.443855	502	1131
臧	0.443236	937	2114
軫	0.443114	666	1503
檯	0.442848	30638	69184
釗	0.442776	855	1931
猞	0.442661	386	872
罟	0.442449	542	1225
躑	0.442387	430	972
碡	0.442177	325	735
芪	0.442004	644	1457
噯	0.441946	845	1912
萁	0.441395	595	1348
檮	0.441026	344	780
虻	0.441011	628	1424
蝣	0.440609	434	985
但	0.440499	556791	1264002
靉	0.440466	492	1117
讜	0.439315	590	1343
蘼	0.439130	606	1380
圻	0.439124	642	1462
瑗	0.439117	577	1314
飈	0.439069	962	2191
茯	0.439067	508	1157
炅	0.438635	604	1377
胜	0.438630	679	1548
跑	0.438347	92368	210719
响	0.438337	622	1419
吹	0.438067	61845	141177
磲	0.437639	393	898
渣	0.437404	18776	42926
髂	0.437333	656	1500
喆	0.437217	773	1768
飽	0.437179	33637	76941
媲	0.437154	553	1265
舳	0.437136	525	1201
撾	0.437122	650	1487
旄	0.436842	581	1330
燠	0.436019	460	1055
轢	0.435185	423	972
粒	0.435093	61845	142142
憝	0.434735	393	904
藨	0.434690	406	934
慝	0.434659	459	1056
蓯	0.434066	632	1456
樨	0.433892	466	1074
碗	0.433562	26785	61779
蔞	0.433388	527	1216
螬	0.433375	348	803
豢	0.433289	656	1514
幺	0.433041	1135	2621
齟	0.432640	562	1299
怕	0.432125	80711	186777
訾	0.432099	595	1377
狗	0.432074	93792	217074
同	0.431716	1255250	2907583
邨	0.431438	2580	5980
贗	0.431273	593	1375
痄	0.431267	320	742
椽	0.431083	613	1422
勤	0.431073	53926	125097
蝥	0.431072	394	914
馗	0.431068	444	1030
毘	0.430973	487	1130
鮎	0.430965	643	1492
柒	0.430837	13259	30775
癯	0.430401	504	1171
笠	0.430146	4449	10343
襁	0.430087	446	1037
講	0.429843	853563	1985755
裙	0.429795	35327	82195
艫	0.429635	577	1343
頎	0.429511	588	1369
葙	0.429399	593	1381
踪	0.429147	533	1242
穡	0.428782	581	1355
穠	0.428571	480	1120
囟	0.428361	583	1361
尹	0.428353	2245	5241
咚	0.428317	4093	9556
只	0.428268	380151	887647
椪	0.427594	375	877
輜	0.427551	419	980
嗉	0.427357	553	1294
坫	0.427105	416	974
鱀	0.427099	290	679
傻	0.426846	63002	147599
蕘	0.426782	443	1038
廒	0.426667	416	975
鷳	0.426271	503	1180
咴	0.426205	566	1328
醱	0.426036	360	845
唱	0.425995	86673	203460
捅	0.425898	1957	4595
儺	0.425729	642	1508
忒	0.425595	1430	3360
艨	0.425392	516	1213
鈐	0.425358	624	1467
嵬	0.425329	581	1366
嶷	0.425279	572	1345
蹕	0.425260	532	1251
灃	0.425251	677	1592
鱖	0.424955	470	1106
鄠	0.424865	393	925
鉑	0.424821	890	2095
奘	0.424812	565	1330
拍	0.424628	104025	244979
笑	0.424188	278084	655568
珥	0.424133	587	1384
噌	0.423906	688	1623
劈	0.423051	13170	31131
跼	0.422991	379	896
鴰	0.422904	565	1336
觜	0.422783	553	1308
由	0.422728	177262	419329
蚴	0.422222	608	1440
稂	0.422175	396	938
惆	0.421922	562	1332
邅	0.421858	386	915
諡	0.421084	707	1679
篼	0.420278	514	1223
祆	0.420213	474	1128
斫	0.419595	621	1480
俟	0.419538	889	2119
狉	0.419009	313	747
褳	0.418440	531	1269
櫪	0.418234	578	1382
鯡	0.418165	465	1112
杌	0.418121	503	1203
殢	0.417910	420	1005
荇	0.417619	621	1487
湔	0.417469	564	1351
昉	0.417271	575	1378
趴	0.417258	7118	17059
燿	0.417213	509	1220
緊	0.417199	286271	686174
廡	0.417154	642	1539
觚	0.416949	492	1180
唧	0.416608	9432	22640
拆	0.416484	24827	59611
闥	0.416382	610	1465
栝	0.416373	473	1136
贔	0.416244	492	1182
腆	0.416107	558	1341
氆	0.415761	306	736
怱	0.415730	444	1068
蠐	0.415094	572	1378
龠	0.415094	484	1166
踔	0.414616	573	1382
苹	0.414570	626	1510
巹	0.414481	395	953
皸	0.414453	390	941
确	0.414316	793	1914
扔	0.414231	11212	27067
咳	0.413843	20467	49456
嗩	0.413623	419	1013
瘐	0.413359	427	1033
挎	0.413326	763	1846
偲	0.413043	570	1380
豇	0.412844	405	981
瞽	0.412804	561	1359
噶	0.412803	7132	17277
酈	0.412596	701	1699
闃	0.412583	623	1510
杲	0.412262	585	1419
跬	0.412178	528	1281
愈	0.412101	31679	76872
蓴	0.412037	623	1512
磧	0.411490	616	1497
齗	0.410604	333	811
歲	0.409907	68964	168243
瀨	0.409867	1512	3689
苫	0.409769	604	1474
蟎	0.409363	752	1837
痛	0.409190	117818	287930
燐	0.409091	441	1078
羆	0.409091	576	1408
胴	0.408978	492	1203
對	0.408973	509806	1246553
鶚	0.408939	613	1499
鞋	0.408806	65761	160861
鬼	0.408691	110788	271080
啷	0.408612	2135	5225
鵜	0.408408	544	1332
糌	0.408140	351	860
呱	0.407497	3381	8297
朊	0.407117	572	1405
嘿	0.407024	17708	43506
逅	0.406676	597	1468
鈺	0.406672	1085	2668
孌	0.406646	514	1264
卟	0.406270	622	1531
媾	0.406192	2847	7009
堞	0.405294	490	1209
賸	0.405286	460	1135
暸	0.405251	355	876
巉	0.405217	466	1150
閦	0.404950	409	1010
鵓	0.404706	516	1275
楫	0.404503	557	1377
鏇	0.404240	553	1368
桫	0.403715	413	1023
顥	0.402994	646	1603
阪	0.402661	908	2255
溏	0.402498	580	1441
遒	0.402413	567	1409
燜	0.402208	911	2265
駘	0.401985	486	1209
宸	0.401697	852	2121
戧	0.401414	511	1273
暌	0.401366	529	1318
會	0.401150	1159055	2889331
丐	0.400966	747	1863
鎧	0.400961	751	1873
詡	0.400362	663	1656
讚	0.399823	20289	50745
昱	0.399619	840	2102
蒡	0.399594	394	986
蚰	0.399560	545	1364
冲	0.399549	177	443
羡	0.399549	177	443
繯	0.399190	493	1235
軔	0.398981	470	1178
逵	0.398867	704	1765
架	0.398823	167384	419695
嗥	0.398766	711	1783
帶	0.398391	203335	510391
皴	0.398329	572	1436
落	0.398298	376414	945056
游	0.398157	38798	97444
鎌	0.397704	589	1481
箅	0.397680	480	1207
顗	0.397541	485	1220
愫	0.397279	584	1470
銃	0.397217	628	1581
嘍	0.397177	2758	6944
艄	0.397158	531	1337
謖	0.396917	618	1557
瘓	0.396855	631	1590
諏	0.396786	642	1618
呶	0.396277	596	1504
倀	0.396240	548	1383
鴨	0.395908	26607	67205
荸	0.395855	382	965
舄	0.395631	489	1236
嘽	0.395516	494	1249
蟒	0.395471	751	1899
鈿	0.395460	662	1674
鰍	0.394940	562	1423
荐	0.394595	657	1665
氤	0.394515	561	1422
錢	0.393909	170588	433064
俾	0.393794	2386	6059
蒔	0.393557	623	1583
瀧	0.393404	668	1698
令	0.393383	139442	354469
褸	0.393103	3203	8148
鸝	0.392758	564	1436
毿	0.392361	452	1152
岢	0.392308	663	1690
汊	0.391892	638	1628
殤	0.391677	960	2451
褙	0.391638	459	1172
丸	0.391448	13348	34099
黥	0.390786	492	1259
凇	0.390775	610	1561
鬩	0.390291	603	1545
跗	0.390122	545	1397
笥	0.389706	636	1632
椏	0.389594	614	1576
蚓	0.389369	586	1505
蓐	0.389198	490	1259
蛞	0.389124	551	1416
閎	0.388672	597	1536
咂	0.388210	731	1883
鏜	0.388122	647	1667
煨	0.387978	355	915
筊	0.387589	381	983
厝	0.387324	715	1846
勁	0.386880	47074	121676
霽	0.386797	791	2045
歔	0.386568	472	1221
砝	0.386481	526	1361
坼	0.386448	519	1343
蕤	0.386153	541	1401
祚	0.385478	722	1873
郫	0.385445	429	1113
髖	0.385405	676	1754
貅	0.385124	466	1210
瑾	0.385025	1013	2631
返	0.384818	359685	934689
曷	0.384668	562	1461
打	0.384660	468961	1219156
跳	0.384516	81156	211060
搋	0.384456	371	965
氅	0.384375	492	1280
菰	0.384373	610	1587
盒	0.384372	35416	92140
怫	0.383779	459	1196
畚	0.383712	523	1363
鱝	0.383710	391	1019
攛	0.383701	452	1178
暄	0.383243	709	1850
骯	0.383154	605	1579
圉	0.383091	580	1514
惝	0.382727	421	1100
敢	0.382686	54460	142310
窒	0.382648	5072	13255
卻	0.382435	42980	112385
剝	0.381493	10678	27990
蠢	0.381353	6851	17965
窅	0.381201	438	1149
勰	0.381169	587	1540
髦	0.380482	616	1619
蹂	0.380325	491	1291
鄢	0.380319	715	1880
戽	0.380150	406	1068
糲	0.380137	555	1460
豸	0.380066	572	1505
坩	0.379955	508	1337
蠖	0.379907	571	1503
艋	0.379505	537	1415
莜	0.378611	616	1627
醢	0.378261	522	1380
磣	0.377719	573	1517
桎	0.377676	494	1308
蜇	0.377472	630	1669
愿	0.377366	897	2377
輳	0.377307	552	1463
娟	0.377151	5962	15808
葆	0.376532	799	2122
嘵	0.376030	593	1577
剩	0.376016	24649	65553
獾	0.375283	662	1764
拖	0.375257	68430	182355
癤	0.375254	555	1479
凄	0.375176	266	709
鷯	0.375173	541	1442
檁	0.375000	504	1344
晾	0.374159	3559	9512
曄	0.374153	828	2213
犛	0.374106	471	1259
哩	0.374022	44938	120148
嘹	0.373979	595	1591
屜	0.373444	630	1687
頇	0.373358	398	1066
哏	0.373288	654	1752
殂	0.373282	489	1310
郃	0.373114	544	1458
串	0.373040	25094	67269
几	0.372820	8186	21957
窨	0.372679	562	1508
嘁	0.372483	444	1192
顢	0.372180	396	1064
鬧	0.372086	40400	108577
瘰	0.371956	443	1191
緇	0.371828	718	1931
驊	0.371161	713	1921
倻	0.371074	449	1210
苕	0.370654	629	1697
袤	0.370550	458	1236
睺	0.370539	488	1317
袋	0.370482	57218	154442
岫	0.370270	685	1850
楸	0.370234	602	1626
揭	0.369878	19399	52447
釺	0.369682	617	1669
崴	0.369661	753	2037
霰	0.369565	612	1656
瓞	0.369509	429	1161
弊	0.369495	12636	34198
甜	0.369415	35861	97075
踮	0.369174	800	2167
傾	0.369065	60867	164922
浠	0.368449	689	1870
霈	0.367851	611	1661
汴	0.367565	655	1782
珈	0.367500	735	2000
婪	0.367122	565	1539
奚	0.367021	897	2444
搬	0.366812	21000	57250
邂	0.366545	504	1375
送	0.366487	89787	244994
拶	0.366406	469	1280
呋	0.365927	610	1667
婼	0.365584	529	1447
揆	0.365522	564	1543
躞	0.365120	425	1164
鰾	0.365028	453	1241
痿	0.364608	614	1684
賢	0.364239	34437	94545
櫸	0.363810	573	1575
圜	0.363523	582	1601
燾	0.363484	651	1791
蟯	0.363018	534	1471
砬	0.362823	730	2012
嬗	0.362508	555	1531
穰	0.362492	547	1509
冏	0.361661	566	1565
庠	0.361314	594	1644
蚶	0.361183	562	1556
鎩	0.361162	597	1653
恒	0.361011	100	277
蟥	0.360882	393	1089
椹	0.360597	507	1406
畹	0.360485	624	1731
蝤	0.360266	379	1052
鯤	0.360174	662	1838
篔	0.360027	526	1461
糉	0.360011	1345	3736
楨	0.359912	817	2270
圩	0.359838	801	2226
饔	0.359742	613	1704
錶	0.359649	24026	66804
嘔	0.359512	10144	28216
淥	0.358948	355	989
訐	0.358862	492	1371
崁	0.358521	446	1244
眨	0.358339	4538	12664
夤	0.358033	546	1525
鎦	0.357988	605	1690
綾	0.357594	850	2377
褪	0.357229	1779	4980
唿	0.357193	509	1425
酲	0.357086	446	1249
蝦	0.356957	15750	44123
檵	0.356894	409	1146
脢	0.356872	470	1317
憬	0.356742	889	2492
瀚	0.356730	925	2593
娉	0.356347	640	1796
琺	0.356089	579	1626
橇	0.355971	629	1767
褫	0.355678	451	1268
揎	0.355462	423	1190
牯	0.355327	587	1652
鏵	0.354820	611	1722
吼	0.354663	6496	18316
癲	0.354606	7118	20073
鬮	0.354534	563	1588
萼	0.354298	676	1908
趲	0.354032	439	1240
譭	0.353889	637	1800
魑	0.353855	615	1738
箬	0.353784	617	1744
肭	0.353650	499	1411
帔	0.353584	518	1465
趵	0.353555	542	1533
磙	0.353420	434	1228
胯	0.353271	1512	4280
饈	0.352683	644	1826
适	0.352641	621	1761
殍	0.352575	397	1126
蟀	0.352138	593	1684
詁	0.351899	556	1580
鵾	0.351530	425	1209
芎	0.351351	598	1702
多	0.351277	681729	1940714
啻	0.351259	614	1748
幛	0.351012	503	1433
尜	0.350558	597	1703
毓	0.350158	444	1268
捩	0.350108	487	1391
葩	0.350000	595	1700
錙	0.349938	562	1606
鏚	0.349854	480	1372
擲	0.349810	5428	15517
傯	0.349372	501	1434
讕	0.349331	444	1271
弁	0.349242	622	1781
骰	0.349215	1334	3820
溽	0.349049	422	1209
閾	0.349041	637	1825
婀	0.348989	587	1682
饉	0.348981	565	1619
琥	0.348961	655	1877
罘	0.348694	681	1953
鄄	0.348571	610	1750
噦	0.348226	530	1522
溼	0.348116	49742	142889
鐙	0.348110	534	1534
鐗	0.348022	695	1997
懵	0.347894	3114	8951
斛	0.347707	637	1832
蘢	0.347518	588	1692
櫟	0.347392	766	2205
琦	0.347011	1370	3948
恁	0.346693	865	2495
簹	0.346380	531	1533
陳	0.346362	59977	173163
擷	0.345886	597	1726
苡	0.345835	710	2053
搧	0.345782	537	1553
梔	0.345541	651	1884
嶇	0.345238	522	1512
答	0.345098	77596	224852
懶	0.344823	16106	46708
櫱	0.344787	592	1717
齜	0.344563	583	1692
龜	0.344459	20733	60190
邐	0.344152	562	1633
蟋	0.344047	471	1369
無	0.343929	647380	1882306
入	0.343905	470296	1367518
閫	0.343784	625	1818
粲	0.343316	642	1870
趑	0.342960	380	1108
醒	0.342850	55171	160919
而	0.342848	490407	1430393
摺	0.342831	11034	32185
淼	0.342750	910	2655
嶧	0.342637	577	1684
啄	0.342479	1423	4155
窕	0.342381	555	1621
阨	0.341421	394	1154
鋃	0.341418	549	1608
躚	0.339877	554	1630
鰱	0.339264	553	1630
愎	0.339196	540	1592
豕	0.338983	600	1770
懍	0.338867	592	1747
邢	0.338845	1414	4173
聆	0.338713	1868	5515
濉	0.338359	561	1658
望	0.338255	314746	930498
靼	0.338028	576	1704
榕	0.337694	981	2905
躅	0.337528	456	1351
紕	0.337491	460	1363
璫	0.337483	488	1446
秈	0.336645	576	1711
喁	0.336627	477	1417
忍	0.336284	53036	157712
鎳	0.335917	1040	3096
尿	0.335854	25005	74452
了	0.335702	485512	1446257
躪	0.335548	404	1204
壞	0.335289	41378	123410
旰	0.335019	530	1582
濞	0.334385	530	1585
蛆	0.334086	444	1329
貉	0.334048	623	1865
沆	0.334025	483	1446
郾	0.333944	547	1638
梏	0.333333	435	1305
訇	0.333333	471	1413
鄺	0.333333	622	1866
捐	0.332992	14326	43022
泫	0.332949	578	1736
禊	0.332864	473	1421
强	0.332707	177	532
蕁	0.332701	702	2110
儼	0.332632	632	1900
琤	0.332245	509	1532
鋥	0.332106	451	1358
咤	0.332075	88	265
淸	0.332068	525	1581
祜	0.331950	640	1928
獠	0.331892	614	1850
縞	0.331823	586	1766
坳	0.331818	730	2200
菴	0.331603	1022	3082
搶	0.331190	27407	82753
靨	0.331053	629	1900
鯰	0.330928	321	970
摞	0.330827	88	266
玡	0.330758	471	1424
鎣	0.330172	557	1687
贄	0.329829	502	1522
珙	0.329538	521	1581
囪	0.329275	622	1889
佉	0.328996	177	538
桶	0.328849	15839	48165
炒	0.328226	17886	54493
夼	0.328173	530	1615
轔	0.328125	420	1280
瑄	0.327921	727	2217
蓁	0.327628	536	1636
冑	0.327613	630	1923
壚	0.327552	491	1499
郯	0.327469	577	1762
欷	0.327177	496	1516
臬	0.327122	474	1449
汧	0.327110	438	1339
抄	0.326771	16996	52012
犄	0.326106	376	1153
埂	0.325697	654	2008
坨	0.325326	948	2914
鯽	0.325191	639	1965
晌	0.325110	1779	5472
栲	0.325088	552	1698
腰	0.325069	29632	91156
猗	0.325043	562	1729
煜	0.324801	939	2891
糅	0.324375	519	1600
喑	0.324369	591	1822
顓	0.324215	640	1974
跂	0.324204	438	1351
觔	0.324154	412	1271
嗇	0.323967	588	1815
淦	0.323838	648	2001
鍬	0.323631	656	2027
唏	0.323572	1779	5498
痤	0.323440	534	1651
謳	0.323402	521	1611
芨	0.323198	574	1776
憧	0.323155	889	2751
翊	0.322942	808	2502
薺	0.322693	556	1723
傖	0.322539	498	1544
釣	0.322227	14593	45288
淞	0.322199	762	2365
懣	0.322045	485	1506
賙	0.322043	580	1801
撈	0.321963	7296	22661
徠	0.321897	638	1982
矮	0.321891	13259	41191
碭	0.321779	557	1731
彀	0.321774	566	1759
櫺	0.321302	543	1690
煬	0.321175	634	1974
甬	0.320934	742	2312
邙	0.320865	549	1711
虫	0.320823	889	2771
躕	0.320395	454	1417
嚅	0.320332	501	1564
嘆	0.320269	17708	55291
執	0.320255	47252	147545
雩	0.320168	535	1671
用	0.320155	389762	1217418
陣	0.320089	162134	506528
顴	0.319891	587	1835
怍	0.319835	466	1457
繇	0.319805	591	1848
台	0.319717	25272	79045
槿	0.319567	650	2034
蟑	0.319543	587	1837
雎	0.319511	601	1881
腳	0.319296	122357	383209
兩	0.319292	322755	1010846
羼	0.318841	440	1380
帙	0.318642	535	1679
岬	0.318615	635	1993
鄯	0.318519	516	1620
瘸	0.318461	778	2443
獐	0.318332	580	1822
烝	0.318304	473	1486
妁	0.318182	266	836
氦	0.318094	661	2078
衿	0.318065	618	1943
鯧	0.317610	505	1590
虯	0.316990	653	2060
党	0.316985	1047	3303
綦	0.316730	585	1847
荻	0.316570	768	2426
褊	0.316547	440	1390
褡	0.316477	557	1760
槲	0.316470	563	1779
醪	0.316017	584	1848
黌	0.315930	472	1494
街	0.315878	102512	324530
杪	0.315818	589	1865
趼	0.315655	494	1565
枘	0.315547	479	1518
鵪	0.315419	493	1563
耙	0.315258	1779	5643
嬪	0.315244	761	2414
蝮	0.315104	484	1536
冪	0.314920	724	2299
救	0.314761	71278	226451
儐	0.314727	530	1684
塊	0.314203	64782	206179
朐	0.314154	546	1738
溥	0.313648	717	2286
笳	0.313546	581	1853
魎	0.313425	572	1825
碓	0.313401	587	1873
溮	0.313278	453	1446
窳	0.313253	546	1743
湞	0.312958	512	1636
洵	0.312935	675	2157
癘	0.312867	479	1531
嫗	0.312839	519	1659
蠑	0.312689	414	1324
吠	0.312682	3114	9959
賅	0.312500	480	1536
皙	0.312470	644	2061
恫	0.312397	567	1815
颶	0.312387	517	1655
漵	0.312287	549	1758
仆	0.312236	25895	82934
儈	0.312234	587	1880
糨	0.312102	392	1256
羿	0.311960	686	2199
礱	0.311667	561	1800
醍	0.311506	509	1634
叄	0.311502	1170	3756
濘	0.311454	484	1554
瞿	0.311333	934	3000
鰟	0.311234	338	1086
碌	0.310856	14415	46372
螈	0.310820	474	1525
萋	0.310727	504	1622
菟	0.310680	608	1957
瀣	0.310666	434	1397
鮍	0.310599	337	1085
柩	0.310580	546	1758
芊	0.310213	729	2350
槭	0.310127	588	1896
珞	0.310040	772	2490
拏	0.310023	266	858
嫵	0.309830	602	1943
碚	0.309549	590	1906
炔	0.309464	618	1997
帑	0.309403	487	1574
悱	0.309322	511	1652
倥	0.309267	574	1856
銼	0.309226	667	2157
崮	0.308983	626	2026
臏	0.308718	602	1950
銻	0.308274	693	2248
薊	0.308043	743	2412
憋	0.307965	1995	6478
鑞	0.307947	372	1208
醞	0.307730	625	2031
丕	0.307540	775	2520
巂	0.307514	397	1291
篳	0.307425	530	1724
稃	0.307299	421	1370
茭	0.307253	538	1751
簿	0.307126	10055	32739
酢	0.306660	571	1862
皈	0.306659	548	1787
笄	0.306647	609	1986
扦	0.306496	552	1801
鰈	0.306492	491	1602
厔	0.306429	429	1400
膻	0.306350	439	1433
嶲	0.306349	386	1260
鄆	0.306348	526	1717
瘢	0.305921	558	1824
褲	0.305862	49921	163214
价	0.305737	794	2597
頸	0.305723	18687	61124
姘	0.305625	614	2009
鄴	0.305476	636	2082
抨	0.305450	482	1578
茁	0.305246	576	1887
耋	0.304983	459	1505
茛	0.304833	492	1614
秦	0.304549	18064	59314
嗅	0.304401	1245	4090
嗽	0.304232	683	2245
怙	0.303938	548	1803
輒	0.303901	444	1461
盯	0.303747	3915	12889
碉	0.303389	564	1859
逋	0.302965	562	1855
摻	0.302906	1032	3407
蛸	0.302752	495	1635
膂	0.302389	443	1465
蔣	0.302329	10411	34436
昊	0.302081	1321	4373
澠	0.301779	475	1574
悛	0.301485	467	1549
牆	0.301106	30344	100775
藺	0.301106	735	2441
琛	0.301095	962	3195
乩	0.300858	596	1981
蜡	0.300847	568	1888
澧	0.300741	2313	7691
栩	0.300719	627	2085
蓊	0.300328	458	1525
郴	0.300263	684	2278
酩	0.300113	530	1766
喹	0.300000	630	2100
斌	0.299949	2348	7828
胝	0.299786	560	1868
哄	0.299744	8186	27310
鱸	0.299706	612	2042
鏑	0.299564	550	1836
篝	0.299065	480	1605
畫	0.299003	97440	325883
俁	0.298675	586	1962
絝	0.298516	523	1752
劍	0.298387	27141	90959
旖	0.298348	614	2058
坂	0.298326	909	3047
岩	0.298085	19755	66273
軼	0.298049	825	2768
鱧	0.298047	473	1587
酆	0.297975	618	2074
嘉	0.297911	73859	247923
慘	0.297703	19755	66358
彭	0.297691	9076	30488
粳	0.297689	554	1861
張	0.297680	176995	594582
碁	0.297592	791	2658
讀	0.297527	74482	250337
薛	0.297406	2580	8675
稞	0.297382	477	1604
髭	0.297201	499	1679
鋰	0.296584	877	2957
螫	0.296359	529	1785
捭	0.296296	448	1512
璇	0.296276	1066	3598
蛇	0.296190	20911	70600
呲	0.296021	677	2287
擯	0.295969	536	1811
燮	0.295902	751	2538
螵	0.295895	382	1291
瑁	0.294710	585	1985
歃	0.294636	401	1361
詬	0.294314	616	2093
腈	0.294232	607	2063
句	0.293825	84092	286198
榧	0.293747	559	1903
盱	0.293594	495	1686
廟	0.293509	14148	48203
熊	0.293466	31145	106128
滁	0.293404	605	2062
飴	0.293258	622	2121
最	0.293217	231188	788454
杯	0.293158	53837	183645
幄	0.293005	511	1744
抽	0.292772	35327	120664
灞	0.292714	687	2347
桉	0.292616	642	2194
蜊	0.292564	421	1439
邗	0.292121	482	1650
飩	0.292105	555	1900
鰹	0.291888	439	1504
噬	0.291787	2224	7622
蒺	0.291545	400	1372
蚱	0.291487	541	1856
唵	0.291391	88	302
踣	0.291391	88	302
兗	0.291307	573	1967
峪	0.291253	939	3224
佝	0.291206	500	1717
簞	0.291203	576	1978
陛	0.290681	602	2071
頡	0.290664	713	2453
玥	0.290569	838	2884
鋇	0.290520	760	2616
輊	0.290409	433	1491
軲	0.290236	431	1485
矗	0.290134	694	2392
思	0.289957	171655	592001
愾	0.289928	521	1797
蘄	0.289734	556	1919
撐	0.289636	11657	40247
鈦	0.289513	1176	4062
菖	0.289504	502	1734
月	0.289498	142379	491813
咱	0.289476	6321	21836
蘅	0.289389	630	2177
玳	0.289249	643	2223
逼	0.289002	20555	71124
鷙	0.288809	560	1939
蜒	0.288462	570	1976
喳	0.287986	3025	10504
苾	0.287839	542	1883
繆	0.287720	1045	3632
峰	0.287321	7741	26942
瞪	0.287207	5606	19519
綬	0.287182	643	2239
泮	0.287066	637	2219
贏	0.286954	14682	51165
噘	0.286947	266	927
駙	0.286885	490	1708
筠	0.286814	857	2988
坷	0.286805	676	2357
覦	0.286778	462	1611
驃	0.286508	567	1979
茌	0.286493	473	1651
籐	0.286260	450	1572
硼	0.286231	792	2767
迤	0.286068	577	2017
字	0.286056	139175	486530
砷	0.285963	821	2871
唸	0.285797	7385	25840
襤	0.285352	450	1577
饜	0.285297	586	2054
癜	0.285070	569	1996
劫	0.284908	13081	45913
湉	0.284842	513	1801
抉	0.284820	546	1917
覬	0.284521	511	1796
秭	0.284264	448	1576
副	0.284101	28386	99915
鎊	0.284050	878	3091
獗	0.284008	547	1926
鑣	0.283940	663	2335
淫	0.283756	20555	72439
竦	0.283675	636	2242
恚	0.283541	615	2169
衽	0.283414	528	1863
窸	0.283316	557	1966
抖	0.283274	11212	39580
崢	0.283221	795	2807
鞅	0.282913	606	2142
盩	0.282866	383	1354
恪	0.282846	803	2839
暱	0.282740	842	2978
餿	0.282547	701	2481
庾	0.282513	706	2499
頹	0.282335	6051	21432
訃	0.281947	556	1972
磴	0.281690	540	1917
戕	0.281457	510	1812
撲	0.281063	17619	62687
薌	0.281019	607	2160
呫	0.280738	411	1464
皺	0.280588	8453	30126
齎	0.280456	541	1929
叶	0.280432	493	1758
麒	0.280429	811	2892
輥	0.280268	919	3279
疔	0.279955	500	1786
舢	0.279412	418	1496
淖	0.279370	692	2477
瘦	0.279316	13970	50015
埇	0.279206	380	1361
皓	0.279164	34259	122720
扶	0.278859	20111	72119
叉	0.278818	18153	65107
忉	0.278653	513	1841
暖	0.278653	24026	86222
貓	0.278638	74749	268266
翻	0.278515	51078	183394
鎘	0.278481	88	316
倔	0.277758	773	2783
翡	0.277526	736	2652
縉	0.277344	639	2304
煅	0.277241	631	2276
坻	0.277035	497	1794
碰	0.276986	10767	38872
畦	0.276688	705	2548
扁	0.276643	9254	33451
齶	0.276498	600	2170
仃	0.276275	531	1922
峇	0.276258	505	1828
壢	0.275939	492	1783
濮	0.275456	771	2799
蜃	0.275263	681	2474
靦	0.275176	470	1708
笏	0.275125	605	2199
舊	0.274992	55616	202246
邡	0.274823	465	1692
罡	0.274812	767	2791
擢	0.274713	1245	4532
杰	0.274636	7207	26242
嶗	0.274519	557	2029
鮫	0.274474	600	2186
羹	0.274461	9254	33717
矸	0.274455	592	2157
巋	0.274455	491	1789
踊	0.274409	1068	3892
挹	0.274332	606	2209
右	0.274288	83736	305285
杼	0.274096	546	1992
汐	0.274094	802	2926
桁	0.274045	567	2069
痍	0.274011	485	1770
鬃	0.273967	663	2420
贇	0.273923	604	2205
萸	0.273900	616	2249
枋	0.273638	628	2295
胥	0.273609	846	3092
夠	0.273452	65316	238857
低	0.273400	119776	438098
頂	0.273314	60511	221397
獴	0.273074	429	1571
黷	0.273063	444	1626
烙	0.272710	1423	5218
璐	0.272634	1060	3888
刎	0.272586	528	1937
胛	0.272459	555	2037
膘	0.272272	706	2593
噔	0.272056	626	2301
盹	0.271568	639	2353
殺	0.271451	73503	270778
芮	0.271442	883	3253
砒	0.271336	461	1699
熹	0.271296	758	2794
羧	0.271288	634	2337
刀	0.271233	53303	196521
哆	0.271084	900	3320
鉋	0.270948	346	1277
吮	0.270839	978	3611
紉	0.270545	586	2166
嚿	0.270178	395	1462
摶	0.270161	603	2232
臾	0.270028	482	1785
請	0.269924	79020	292749
某	0.269656	21089	78207
朗	0.269474	23759	88168
鼴	0.269325	439	1630
崔	0.269313	2646	9825
鋤	0.269302	1601	5945
膃	0.269231	336	1248
覲	0.269212	564	2095
楝	0.268997	177	658
碣	0.268969	514	1911
觱	0.268769	358	1332
倜	0.268759	548	2039
囿	0.268470	814	3032
咑	0.268293	88	328
噱	0.268280	510	1901
嗪	0.268138	717	2674
樵	0.268094	789	2943
爆	0.267837	31056	115951
觴	0.267684	719	2686
擿	0.267663	394	1472
娥	0.267556	2046	7647
檜	0.267549	667	2493
嚓	0.267247	2580	9654
鱒	0.267216	454	1699
嗖	0.267168	533	1995
蛉	0.267148	592	2216
擀	0.266820	698	2616
苒	0.266722	646	2422
齪	0.266667	596	2235
漪	0.266486	788	2957
竽	0.266390	577	2166
岷	0.266239	664	2494
唳	0.266171	609	2288
徜	0.266040	481	1808
爪	0.265723	7563	28462
擻	0.265713	613	2307
浸	0.265627	7207	27132
淬	0.265437	705	2656
趄	0.265095	461	1739
騏	0.265047	731	2758
唼	0.265045	414	1562
櫞	0.265027	485	1830
鄖	0.264834	607	2292
儻	0.264750	534	2017
崆	0.264732	602	2274
事	0.264651	336281	1270659
膈	0.264463	672	2541
誹	0.264283	606	2293
響	0.264255	93258	352909
柢	0.264230	506	1915
鋯	0.264045	705	2670
仞	0.263763	642	2434
蜮	0.263717	447	1695
蝓	0.263643	372	1411
閹	0.263149	1601	6084
蜢	0.263033	444	1688
刈	0.262695	657	2501
忤	0.262552	570	2171
跚	0.262385	572	2180
殄	0.262150	561	2140
砣	0.262085	694	2648
湊	0.262076	7563	28858
洞	0.261994	29009	110724
鉞	0.261933	653	2493
醐	0.261811	399	1524
鷲	0.261538	663	2535
艘	0.261043	1377	5275
墒	0.261025	728	2789
慍	0.260835	650	2492
杖	0.260740	4449	17063
諤	0.260689	628	2409
奼	0.260491	658	2526
蛛	0.260257	3381	12991
晴	0.260181	34615	133042
漯	0.260154	506	1945
穿	0.260105	49031	188505
窠	0.259860	593	2282
圄	0.259847	508	1955
痱	0.259770	565	2175
妤	0.259615	1512	5824
螽	0.259412	441	1700
將	0.259385	140065	539988
痧	0.258987	598	2309
嗤	0.258903	1156	4465
稗	0.258860	577	2229
骼	0.258725	556	2149
嗒	0.258613	1779	6879
鏖	0.258270	445	1723
杷	0.258225	518	2006
蚍	0.258176	521	2018
掃	0.258103	18865	73091
郅	0.257906	734	2846
蒐	0.257645	1921	7456
禺	0.257619	634	2461
伉	0.257357	481	1869
秫	0.257241	524	2037
汁	0.257177	19933	77507
瘴	0.256838	601	2340
鸛	0.256757	570	2220
荏	0.256533	589	2296
妞	0.256464	2212	8625
糖	0.255726	35505	138840
鮁	0.255703	538	2104
圇	0.255646	532	2081
蕈	0.255525	555	2172
聵	0.255270	557	2182
遲	0.255189	22157	86826
宅	0.255111	13526	53020
餞	0.255102	525	2058
隼	0.254902	728	2856
皖	0.254849	1038	4073
越	0.254697	64871	254699
眙	0.254693	407	1598
班	0.254685	104737	411241
恨	0.254303	19043	74883
倆	0.254201	6051	23804
跆	0.254159	550	2164
愷	0.254132	815	3207
衰	0.253959	28208	111073
詣	0.253854	708	2789
獒	0.253810	533	2100
掉	0.253691	46629	183802
儋	0.253623	525	2070
譴	0.253569	444	1751
箏	0.253497	870	3432
曇	0.253432	683	2695
癰	0.253392	635	2506
愛	0.253372	133213	525761
盥	0.253184	497	1963
癡	0.253183	22512	88916
閶	0.253142	564	2228
牖	0.253097	572	2260
唇	0.253064	7474	29534
褓	0.252971	447	1767
峋	0.252916	542	2143
璦	0.252845	600	2373
賺	0.252835	10322	40825
籲	0.252774	820	3244
裳	0.252663	854	3380
萵	0.252636	551	2181
敕	0.252554	717	2839
瘋	0.252490	12369	48988
菏	0.252471	613	2428
捧	0.252427	5695	22561
鴆	0.252402	578	2290
蹲	0.252369	3915	15513
爨	0.252264	585	2319
蚵	0.252025	560	2222
糗	0.251546	732	2910
蓼	0.251424	618	2458
囁	0.251341	609	2423
胼	0.251288	439	1747
襯	0.251235	7474	29749
縝	0.251225	615	2448
鴇	0.251142	550	2190
佾	0.251091	518	2063
捂	0.250971	711	2833
蛄	0.250670	561	2238
嶸	0.250373	672	2684
冼	0.250354	177	707
渥	0.250181	693	2770
緲	0.250099	633	2531
韻	0.250073	13703	54796
别	0.250000	177	708
芡	0.250000	651	2604
涌	0.249936	978	3913
藿	0.249536	538	2156
煒	0.249531	266	1066
銹	0.249292	88	353
翹	0.249074	6051	24294
鱔	0.249051	656	2634
湍	0.248667	653	2626
扈	0.248224	699	2816
鐫	0.248199	620	2498
擋	0.248061	13881	55958
懺	0.248022	627	2528
淙	0.248006	622	2508
條	0.247816	180821	729658
煎	0.247687	6585	26586
仫	0.247652	501	2023
紊	0.247605	672	2714
鬟	0.247577	562	2270
汩	0.247291	502	2030
上	0.247018	650049	2631581
嘟	0.246905	9254	37480
雞	0.246860	59621	241517
邳	0.246594	543	2202
饃	0.246571	827	3354
捍	0.246463	662	2686
鎢	0.246411	841	3413
羥	0.246402	719	2918
紇	0.246226	522	2120
窈	0.246141	590	2397
每	0.245932	64337	261605
碴	0.245851	637	2591
徉	0.245698	514	2092
夔	0.245693	656	2670
停	0.245691	72435	294821
毽	0.245690	513	2088
支	0.245636	64693	263369
噫	0.245614	266	1083
螟	0.245476	624	2542
礄	0.245294	417	1700
藪	0.245102	588	2399
鷓	0.245036	506	2065
鮪	0.245033	444	1812
潞	0.245027	739	3016
齲	0.244905	673	2748
槤	0.244806	436	1781
妣	0.244771	550	2247
蕙	0.244654	858	3507
更	0.244530	93703	383196
媧	0.244444	605	2475
吞	0.244209	13348	54658
件	0.244179	114793	470119
夾	0.244171	28119	115161
齷	0.244157	585	2396
貔	0.244147	438	1794
犖	0.244048	492	2016
猢	0.244033	409	1676
茄	0.243897	5695	23350
次	0.243712	214102	878503
癇	0.243691	589	2417
涔	0.243396	691	2839
聱	0.243280	353	1451
蝟	0.243256	523	2150
獼	0.243100	458	1884
錯	0.242851	77240	318055
鯪	0.242763	478	1969
欞	0.242604	123	507
諉	0.242539	577	2379
歌	0.242363	52235	215524
誑	0.242167	657	2713
柄	0.242079	4271	17643
疳	0.242055	556	2297
絳	0.241945	826	3414
晏	0.241940	6229	25746
罹	0.241670	602	2491
洩	0.241610	2491	10310
漚	0.241599	266	1101
翎	0.241595	927	3837
耒	0.241422	591	2448
囹	0.241379	525	2175
彈	0.240767	53481	222128
鰼	0.240637	302	1255
蓖	0.240532	597	2482
卹	0.240277	729	3034
裱	0.240206	699	2910
痔	0.240189	814	3389
肽	0.239960	968	4034
疸	0.239568	488	2037
蒞	0.239431	640	2673
睚	0.239429	453	1892
群	0.239402	5873	24532
鯛	0.239283	547	2286
與	0.239195	36128	151040
黏	0.238887	8453	35385
詠	0.238804	5695	23848
棟	0.238716	5072	21247
汗	0.238518	19844	83197
醮	0.238389	580	2433
匕	0.238372	533	2236
梗	0.238347	23937	100429
肖	0.238336	3397	14253
塋	0.238266	533	2237
淶	0.238129	677	2843
約	0.238103	64159	269459
蚜	0.238011	670	2815
篾	0.237949	543	2282
靠	0.237912	28297	118939
瘌	0.237859	480	2018
妥	0.237692	5784	24334
吡	0.237585	732	3081
恕	0.237502	1601	6741
轡	0.237275	606	2554
悌	0.237047	549	2316
躋	0.237034	585	2468
翱	0.236727	651	2750
冉	0.236655	1166	4927
溟	0.236471	957	4047
璞	0.236358	784	3317
拿	0.236348	38620	163403
奐	0.236319	678	2869
鶻	0.236304	578	2446
灕	0.236257	563	2383
濫	0.236206	6229	26371
呤	0.236184	718	3040
縟	0.235950	529	2242
蛹	0.235804	735	3117
玷	0.235654	501	2126
晷	0.235528	533	2263
笈	0.235476	608	2582
皿	0.235419	444	1886
繕	0.235403	637	2706
拚	0.235247	889	3779
莧	0.235186	639	2717
矻	0.234991	411	1749
腮	0.234914	2402	10225
蹇	0.234904	673	2865
窗	0.234740	21890	93252
潦	0.234702	1423	6063
蓿	0.234591	510	2174
鄞	0.234511	564	2405
婭	0.234441	1228	5238
怛	0.234437	177	755
芫	0.234137	631	2695
麾	0.234105	556	2375
肥	0.233982	42357	181027
握	0.233930	16373	69991
蒗	0.233848	485	2074
躺	0.233619	6407	27425
黢	0.233333	413	1770
卒	0.232439	4894	21055
勐	0.232185	681	2933
鬍	0.232021	6585	28381
乞	0.231957	4538	19564
籀	0.231913	468	2018
太	0.231844	117818	508179
泅	0.231434	536	2316
蕎	0.231355	608	2628
茗	0.231322	1062	4591
酗	0.230917	481	2083
遨	0.230801	559	2422
鬚	0.230662	9966	43206
癆	0.230489	632	2742
雒	0.230430	680	2951
芸	0.230393	1460	6337
聲	0.230333	198974	863853
瞞	0.230330	4271	18543
人	0.230228	1102281	4787778
薈	0.230041	729	3169
味	0.229742	52324	227751
菽	0.229584	596	2596
嘧	0.229372	581	2533
盆	0.229318	12280	53550
遞	0.229316	12547	54715
怵	0.229255	652	2844
說	0.229079	199774	872073
痙	0.229057	607	2650
攫	0.229044	582	2541
叵	0.229022	625	2729
腴	0.228960	555	2424
墮	0.228865	1868	8162
薏	0.228814	621	2714
笆	0.228798	634	2771
遴	0.228798	491	2146
酊	0.228681	598	2615
阡	0.228526	580	2538
謐	0.228484	669	2928
驍	0.228480	714	3125
翌	0.228472	658	2880
牙	0.228329	41645	182390
檄	0.228244	577	2528
棒	0.228208	15928	69796
問	0.228192	207695	910176
胄	0.228108	633	2775
放	0.228060	153235	671906
儆	0.227941	620	2720
鶼	0.227831	519	2278
蛭	0.227799	649	2849
丞	0.227753	883	3877
傈	0.227626	702	3084
豌	0.227528	486	2136
扭	0.227259	14148	62255
戡	0.227191	508	2236
剃	0.227097	2402	10577
赳	0.226898	550	2424
雉	0.226523	673	2971
犒	0.226478	479	2115
余	0.226364	8186	36163
猇	0.226349	323	1427
稔	0.226331	612	2704
駟	0.226291	587	2594
潯	0.226203	663	2931
驀	0.226043	585	2588
幾	0.225876	251922	1115311
絛	0.225784	655	2901
軾	0.225714	711	3150
埤	0.225264	469	2082
鞣	0.225211	586	2602
閤	0.224989	1039	4618
琊	0.224832	469	2086
磬	0.224831	699	3109
下	0.224772	543532	2418149
欒	0.224742	872	3880
槁	0.224733	547	2434
鐐	0.224719	560	2492
黃	0.224678	81601	363191
亂	0.224485	46718	208112
琴	0.224464	34082	151837
魆	0.224463	345	1537
瞼	0.224305	718	3201
耨	0.224083	629	2807
手	0.223997	360486	1609331
沮	0.223947	606	2706
蠡	0.223946	664	2965
崍	0.223875	572	2555
鰥	0.223742	507	2266
旮	0.223711	551	2463
箸	0.223684	612	2736
眇	0.223490	529	2367
闈	0.223416	603	2699
譟	0.223342	266	1191
縊	0.223211	577	2585
囫	0.223170	445	1994
瀛	0.223148	777	3482
瀅	0.222930	3292	14767
蛟	0.222825	781	3505
驁	0.222794	563	2527
攢	0.222758	1709	7672
黝	0.222707	510	2290
蹋	0.222222	88	396
叼	0.222153	355	1598
窄	0.222067	3826	17229
儕	0.221856	538	2425
騎	0.221532	16373	73908
踱	0.221527	177	799
閔	0.221436	1126	5085
謨	0.221205	701	3169
旯	0.221181	543	2455
賁	0.220836	655	2966
廩	0.220801	535	2423
犍	0.220769	540	2446
秕	0.220737	479	2170
娩	0.220575	476	2158
翕	0.220428	546	2477
揄	0.220381	266	1207
劾	0.220231	590	2679
鶉	0.220088	653	2967
刨	0.219920	1868	8494
裨	0.219748	592	2694
鶩	0.219692	656	2986
并	0.219669	889	4047
奕	0.219658	2313	10530
渚	0.219291	798	3639
鴟	0.219211	550	2509
薔	0.219081	744	3396
嘶	0.218954	1779	8125
仄	0.218936	844	3855
糴	0.218905	88	402
嵌	0.218865	1601	7315
嘖	0.218797	2491	11385
隍	0.218737	509	2327
潟	0.218366	409	1873
捫	0.218140	659	3021
薹	0.218097	752	3448
鉸	0.218057	669	3068
杈	0.217887	592	2717
鞘	0.217307	1690	7777
仡	0.217176	526	2422
攆	0.217052	751	3460
謫	0.216998	600	2765
獺	0.216876	604	2785
嫺	0.216377	983	4543
諢	0.216067	589	2726
狼	0.216040	13081	60549
昵	0.215953	111	514
燼	0.215885	617	2858
眶	0.215873	1156	5355
耄	0.215550	560	2598
蕨	0.215120	626	2910
銨	0.214744	836	3893
銑	0.214736	749	3488
餛	0.214672	556	2590
翳	0.214505	630	2937
飪	0.214480	551	2569
僂	0.214314	536	2501
痺	0.214247	800	3734
贍	0.214171	665	3105
猻	0.214149	448	2092
羲	0.214078	736	3438
摳	0.214060	1151	5377
遛	0.214012	782	3654
箝	0.213998	266	1243
嘴	0.213913	38175	178460
咒	0.213871	4894	22883
孿	0.213770	711	3326
畲	0.213761	640	2994
蹣	0.213692	437	2045
嚌	0.213592	88	412
嗝	0.213388	679	3182
掬	0.213304	683	3202
僳	0.212822	644	3026
鮑	0.212640	2224	10459
羶	0.212541	583	2743
蛔	0.212513	625	2941
彗	0.212399	579	2726
秸	0.212366	632	2976
跟	0.212092	112034	528234
蚩	0.211952	266	1255
鄱	0.211774	536	2531
嘌	0.211765	684	3230
搏	0.211709	3826	18072
彬	0.211133	1703	8066
癒	0.211114	1512	7162
耷	0.210934	1690	8012
饌	0.210366	621	2952
忙	0.210213	17174	81698
頰	0.210029	2580	12284
熵	0.210024	88	419
借	0.210002	24738	117799
陂	0.209986	736	3505
黄	0.209945	266	1267
嗡	0.209938	1690	8050
篦	0.209346	560	2675
纂	0.209331	682	3258
莆	0.209125	660	3156
瞳	0.209025	1158	5540
廿	0.208852	5606	26842
髫	0.208761	386	1849
鉉	0.208389	780	3743
車	0.208360	243201	1167214
娶	0.208292	3381	16232
咫	0.208263	620	2977
挨	0.208244	6674	32049
藜	0.208041	652	3134
癥	0.207911	615	2958
舫	0.207879	686	3300
早	0.207848	73236	352353
絀	0.207599	601	2895
鉚	0.207581	690	3324
飯	0.207309	57663	278150
噓	0.207279	2580	12447
愁	0.207279	7296	35199
嫦	0.207195	622	3002
瀍	0.207125	407	1965
曩	0.207059	88	425
份	0.206958	48853	236053
璣	0.206835	575	2780
揉	0.206823	3025	14626
臉	0.206806	36662	177277
莢	0.206463	1067	5168
矓	0.206416	444	2151
舜	0.206307	1099	5327
潺	0.206216	564	2735
懿	0.206144	1067	5176
扣	0.206091	22691	110102
祀	0.205999	776	3767
噥	0.205882	588	2856
蠲	0.205871	554	2691
讖	0.205842	606	2944
掛	0.205792	37908	184205
諂	0.205764	614	2984
訓	0.205660	50989	247929
貲	0.205607	506	2461
筮	0.205490	554	2696
壬	0.205447	792	3855
嗷	0.205308	820	3994
骷	0.205115	2847	13880
牝	0.205004	549	2678
追	0.204916	30522	148949
讒	0.204740	717	3502
徨	0.204724	572	2794
拴	0.204649	942	4603
疣	0.204635	777	3797
阮	0.204454	1423	6960
唑	0.204334	877	4292
貼	0.204163	26785	131194
醉	0.203994	13615	66742
閬	0.203804	600	2944
錮	0.203676	554	2720
蟹	0.203597	4449	21852
痰	0.203552	1868	9177
賚	0.203548	631	3100
豬	0.203410	25539	125554
嗨	0.203364	266	1308
燈	0.203345	43959	216179
韙	0.203322	563	2769
算	0.203068	106161	522786
橐	0.202894	589	2903
菅	0.202793	668	3294
便	0.202769	57307	282622
掰	0.202687	1056	5210
房	0.202344	90232	445934
眄	0.202261	483	2388
從	0.202213	69142	341927
也	0.201956	99843	494379
蓽	0.201890	534	2645
湎	0.201869	540	2675
俚	0.201785	633	3137
收	0.201762	97262	482064
澄	0.201626	9699	48104
橛	0.201595	177	878
諛	0.201509	641	3181
燴	0.201279	724	3597
仔	0.201159	242489	1205460
鍥	0.201136	177	880
鐮	0.201043	1156	5750
崽	0.200960	963	4792
砫	0.200900	357	1777
垛	0.200882	729	3629
和	0.200660	77685	387147
悶	0.200586	10945	54565
忸	0.200492	489	2439
即	0.200484	191233	953856
縹	0.200482	582	2903
髯	0.200477	673	3357
愆	0.200459	524	2614
並	0.200401	36395	181611
馥	0.200380	739	3688
淋	0.200366	9076	45297
啾	0.200327	612	3055
醴	0.200068	587	2934
夢	0.199883	30700	153590
卉	0.199624	850	4258
剷	0.199595	2758	13818
觥	0.199548	618	3097
蹀	0.199506	404	2025
榫	0.199479	613	3073
摒	0.199382	581	2914
瘁	0.199219	612	3072
邕	0.199203	650	3263
燧	0.199120	588	2953
蓑	0.199093	571	2868
咸	0.198982	5784	29068
佬	0.198950	37908	190540
鞭	0.198752	5161	25967
僮	0.198716	619	3115
陟	0.198711	555	2793
缸	0.198703	5606	28213
羸	0.198658	444	2235
餮	0.198625	549	2764
捺	0.198584	533	2684
黍	0.198536	624	3143
襖	0.198526	943	4750
舷	0.198370	657	3312
礴	0.198171	455	2296
畝	0.198144	2028	10235
喫	0.197977	65597	331337
痼	0.197648	437	2211
顰	0.197555	711	3599
醚	0.197531	784	3969
糯	0.197500	790	4000
零	0.197183	26162	132679
繚	0.197013	620	3147
鷂	0.196782	587	2983
穎	0.196568	6140	31236
五	0.196188	99665	508007
莠	0.196078	520	2652
紜	0.195742	570	2912
癮	0.195689	3114	15913
箍	0.195634	2402	12278
螻	0.195588	461	2357
嫖	0.195171	970	4970
涿	0.195039	574	2943
詹	0.195018	1237	6343
禎	0.194602	822	4224
畬	0.194524	540	2776
涂	0.194360	1151	5922
搔	0.193894	1067	5503
僥	0.193865	651	3358
濺	0.193591	1601	8270
擡	0.193562	13963	72137
毋	0.193425	1512	7817
蔑	0.193377	619	3201
嚇	0.193241	20911	108212
含	0.193016	17085	88516
鑾	0.192973	681	3529
懨	0.192948	498	2581
歿	0.192797	637	3304
滴	0.192702	13081	67882
窣	0.192467	557	2894
猙	0.192459	490	2546
潢	0.192268	552	2871
湃	0.192235	614	3194
倭	0.192198	808	4204
韭	0.192085	631	3285
砭	0.192018	587	3057
雋	0.192010	1067	5557
棍	0.191962	6496	33840
苜	0.191869	538	2804
苓	0.191642	775	4044
幅	0.191353	11924	62314
賤	0.190957	7919	41470
怪	0.190820	54460	285400
推	0.190738	41111	215536
飛	0.190651	65494	343529
瘧	0.190630	651	3415
泱	0.190382	578	3036
樹	0.190183	47163	247988
佃	0.190178	608	3197
埴	0.190065	88	463
幗	0.190025	522	2747
洄	0.189944	544	2864
緘	0.189897	624	3286
嶂	0.189881	638	3360
眺	0.189636	1021	5384
佤	0.189524	597	3150
粑	0.189269	642	3392
頌	0.189133	3648	19288
蝗	0.189132	710	3754
黠	0.189130	515	2723
葦	0.188788	953	5048
楣	0.188727	673	3566
渙	0.188690	684	3625
搪	0.188679	620	3286
腿	0.188417	14415	76506
雹	0.188415	566	3004
暹	0.188364	518	2750
沭	0.188329	568	3016
鴣	0.188176	557	2960
槌	0.188080	729	3876
疥	0.188062	523	2781
鈀	0.188034	88	468
鬈	0.187986	266	1415
簪	0.187972	722	3841
在	0.187827	239196	1273493
荽	0.187785	495	2636
九	0.187711	52235	278273
砍	0.187308	6585	35156
邪	0.187136	8542	45646
孀	0.187114	575	3073
蕞	0.187104	177	946
餒	0.186969	594	3177
羞	0.186907	8097	43321
蛐	0.186872	595	3184
肺	0.186844	5962	31909
睨	0.186651	632	3386
蹌	0.186641	584	3129
捶	0.186566	911	4883
粕	0.186469	678	3636
蛻	0.186267	689	3699
詛	0.186233	533	2862
磊	0.186190	1661	8921
嶙	0.186110	544	2923
藁	0.186096	522	2805
賂	0.186039	597	3209
癩	0.185789	889	4785
蜴	0.185729	177	953
鼻	0.185712	20467	110208
讎	0.185573	620	3341
繩	0.185496	7029	37893
閏	0.185432	695	3748
貳	0.185364	1150	6204
朮	0.184961	551	2979
嵋	0.184944	597	3228
衲	0.184498	607	3290
槍	0.184489	22958	124441
溧	0.184278	572	3104
銓	0.184154	681	3698
溘	0.184082	414	2249
賣	0.183950	29810	162055
屣	0.183913	455	2474
竺	0.183876	780	4242
耿	0.183829	1355	7371
髏	0.183826	2580	14035
礪	0.183764	661	3597
裡	0.183730	17530	95412
噤	0.183712	1067	5808
爽	0.183618	11123	60577
澈	0.183530	3470	18907
覷	0.183284	682	3721
間	0.183244	214102	1168401
餑	0.182833	524	2866
筆	0.182671	39243	214829
煢	0.182564	534	2925
阻	0.182462	17530	96075
憫	0.182429	978	5361
焙	0.182408	759	4161
侃	0.182275	1234	6770
踟	0.182197	393	2157
舨	0.182195	88	483
三	0.182162	190343	1044909
佘	0.182051	355	1950
僭	0.182051	355	1950
鏟	0.181974	2758	15156
開	0.181951	345091	1896615
差	0.181914	37641	206917
嚎	0.181911	1245	6844
短	0.181846	31679	174208
砧	0.181623	593	3265
汞	0.181534	930	5123
霉	0.181413	978	5391
屹	0.181253	758	4182
塢	0.181077	844	4661
秣	0.181000	583	3221
霖	0.180981	1494	8255
祉	0.180952	266	1470
滸	0.180836	653	3611
阱	0.180643	573	3172
俎	0.180486	579	3208
螳	0.180225	545	3024
忻	0.180184	782	4340
縴	0.180102	458	2543
堆	0.179983	14415	80091
蜆	0.179592	88	490
鑠	0.179526	598	3331
汨	0.179298	582	3246
癟	0.179287	805	4490
魔	0.179284	33726	188115
栱	0.179226	88	491
籟	0.179018	616	3441
狃	0.178862	88	492
煥	0.178435	1213	6798
梟	0.178030	799	4488
按	0.177751	19310	108635
塞	0.177719	18420	103647
璨	0.177705	652	3669
憑	0.177665	9076	51085
鑽	0.177581	9076	51109
昇	0.177286	4182	23589
噍	0.177062	88	497
螃	0.177021	473	2672
撓	0.176388	1512	8572
阿	0.176319	219263	1243557
眥	0.176244	595	3376
戀	0.176221	15216	86346
狠	0.176212	5606	31814
池	0.176174	20467	116175
珊	0.176161	2313	13130
斡	0.176157	628	3565
凡	0.175829	14860	84514
麩	0.175667	553	3148
佼	0.175573	598	3406
耦	0.175520	641	3652
斜	0.175415	9521	54277
尾	0.175376	28386	161858
二	0.175298	127251	725913
敲	0.175288	7296	41623
鎬	0.175241	763	4354
陘	0.175190	507	2894
撕	0.175120	3470	19815
笨	0.175105	5606	32015
峒	0.175085	617	3524
哐	0.174729	177	1013
袞	0.174669	593	3395
捏	0.174618	4004	22930
箇	0.174447	1506	8633
碘	0.174362	1031	5913
湟	0.174296	613	3517
淅	0.174203	678	3892
婊	0.174198	266	1527
彘	0.174041	177	1017
新	0.173981	139709	803012
六	0.173926	56595	325397
纏	0.173924	5428	31209
湧	0.173796	6318	36353
錠	0.173637	1013	5834
燕	0.173627	9521	54836
套	0.173540	29721	171263
忡	0.173524	485	2795
紆	0.173358	570	3288
毒	0.173244	35416	204429
柞	0.173186	549	3170
氾	0.173052	533	3080
瞄	0.172609	2135	12369
怔	0.172469	867	5027
鄔	0.172347	177	1027
一	0.172303	1321901	7671945
女	0.172291	198618	1152808
鯉	0.172180	1067	6197
渤	0.172088	746	4335
沅	0.172031	743	4319
挈	0.171870	534	3107
雨	0.171667	34170	199048
起	0.171462	219174	1278267
曹	0.171388	3642	21250
菁	0.171386	1041	6074
忐	0.171328	533	3111
唁	0.171040	554	3239
耘	0.171026	680	3976
傑	0.171013	16907	98864
胱	0.171004	598	3497
徼	0.170960	511	2989
轉	0.170926	92546	541440
肚	0.170891	18776	109871
鋪	0.170547	13259	77744
忿	0.170514	2046	11999
籮	0.170507	444	2604
爻	0.170404	266	1561
怩	0.170338	464	2724
喘	0.170260	4983	29267
劉	0.170211	16017	94101
蜉	0.170178	420	2468
蘚	0.170119	616	3621
膾	0.170000	527	3100
震	0.169973	21089	124073
軛	0.169972	540	3177
鑿	0.169943	3648	21466
諍	0.169836	652	3839
毆	0.169804	1245	7332
胸	0.169775	15750	92770
淩	0.169688	1423	8386
彎	0.169655	9254	54546
孰	0.169554	1145	6753
憔	0.169512	566	3339
櫛	0.169394	621	3666
轂	0.169386	623	3678
撂	0.169353	683	4033
韃	0.169272	628	3710
鋅	0.169123	1515	8958
離	0.169078	75193	444723
讓	0.169034	33014	195310
浹	0.168950	444	2628
樅	0.168937	583	3451
叟	0.168840	738	4371
剽	0.168810	525	3110
倏	0.168782	266	1576
硬	0.168708	25272	149797
熟	0.168664	24026	142449
皎	0.168491	631	3745
錳	0.168402	922	5475
撼	0.168176	1690	10049
琿	0.167981	554	3298
袂	0.167924	668	3978
四	0.167755	88008	524623
像	0.167733	32569	194172
賜	0.167660	2758	16450
罐	0.167511	6051	36123
輓	0.167460	950	5673
洮	0.167244	628	3755
慾	0.167184	8453	50561
亹	0.167170	443	2650
麝	0.167094	586	3507
噎	0.167056	787	4711
妗	0.166983	88	527
譙	0.166845	625	3746
朵	0.166397	5250	31551
沾	0.166226	4271	25694
嫡	0.166113	700	4214
珀	0.166030	739	4451
蛾	0.165816	1690	10192
殆	0.165709	663	4001
閡	0.165414	88	532
誰	0.165399	15305	92534
飭	0.165335	662	4004
娓	0.165272	889	5379
擁	0.165212	9521	57629
絢	0.165031	740	4484
砥	0.164981	620	3758
衕	0.164890	665	4033
棠	0.164843	979	5939
祺	0.164811	533	3234
沱	0.164775	726	4406
斐	0.164685	1039	6309
娘	0.164684	16017	97259
柑	0.164617	1245	7563
挽	0.164414	3114	18940
臊	0.164413	620	3771
孳	0.164389	445	2707
憩	0.164196	587	3575
肉	0.164067	40222	245156
韜	0.164055	848	5169
佻	0.164048	355	2164
懂	0.163983	8453	51548
駑	0.163877	558	3405
餅	0.163859	13081	79831
詰	0.163767	706	4311
咕	0.163691	3915	23917
苷	0.163679	831	5077
段	0.163613	31234	190902
弭	0.163511	544	3327
瞟	0.163435	177	1083
邊	0.163349	281109	1720912
級	0.163310	46985	287705
踉	0.163265	608	3724
柚	0.163255	622	3810
忖	0.163188	563	3450
稍	0.163102	6940	42550
鸞	0.163098	876	5371
惴	0.162948	555	3406
伸	0.162784	17530	107689
滬	0.162533	2274	13991
茉	0.162300	762	4695
佗	0.162294	266	1639
嵩	0.162271	886	5460
逍	0.162260	810	4992
滇	0.162144	974	6007
匿	0.162111	2669	16464
琳	0.162099	4182	25799
饗	0.161513	444	2749
幔	0.161456	692	4286
稈	0.161384	667	4133
蔔	0.161303	3559	22064
脩	0.161290	640	3968
裊	0.161283	684	4241
櫚	0.161069	609	3781
瘙	0.161038	453	2813
親	0.160977	42268	262571
窖	0.160973	801	4976
姨	0.160906	21089	131064
遑	0.160876	588	3655
是	0.160831	303356	1886175
教	0.160792	87652	545128
弦	0.160686	5606	34888
芍	0.160611	641	3991
鷗	0.160304	865	5396
哽	0.160122	889	5552
涪	0.160066	578	3611
及	0.160006	22602	141257
蠣	0.159909	560	3502
襟	0.159690	2224	13927
瘍	0.159657	577	3614
鼬	0.159440	695	4359
邵	0.159380	1852	11620
懊	0.159325	604	3791
疊	0.159303	6674	41895
仵	0.159132	88	553
忱	0.159069	656	4124
行	0.159047	228162	1434560
勾	0.158970	6940	43656
琶	0.158913	608	3826
蕉	0.158876	4449	28003
楠	0.158785	1464	9220
傣	0.158453	627	3957
喝	0.158421	12725	80324
唬	0.158379	774	4887
惹	0.158304	4360	27542
饕	0.158181	640	4046
站	0.158174	41734	263848
婢	0.157954	698	4419
弋	0.157945	821	5198
奶	0.157719	35327	223987
匣	0.157654	1067	6768
颼	0.157514	588	3733
匍	0.157480	480	3048
廕	0.157433	628	3989
拋	0.157308	6051	38466
鵑	0.157216	829	5273
殫	0.157037	530	3375
揖	0.157032	709	4515
溴	0.156976	845	5383
仟	0.156938	820	5225
棣	0.156900	747	4761
過	0.156778	411297	2623442
亟	0.156777	642	4095
滎	0.156741	529	3375
悴	0.156683	599	3823
嫌	0.156539	4449	28421
涓	0.156475	893	5707
出	0.156466	390474	2495580
依	0.156448	97351	622259
墓	0.156400	5517	35275
碎	0.156317	10233	65463
啕	0.156238	422	2701
諳	0.156096	699	4478
煩	0.156075	16373	104905
堂	0.156053	39154	250902
連	0.155971	57307	367422
賴	0.155845	7652	49100
麓	0.155656	860	5525
茱	0.155593	651	4184
邈	0.155446	665	4278
薇	0.155366	1872	12049
覺	0.155208	146739	945437
敖	0.155158	1083	6980
欲	0.155061	8097	52218
嵊	0.154719	600	3878
弈	0.154676	774	5004
裘	0.154399	988	6399
淇	0.154364	1008	6530
囔	0.154354	514	3330
蘑	0.154236	639	4143
蠱	0.154195	1156	7497
肱	0.154138	650	4217
柺	0.154091	968	6282
疵	0.154024	668	4337
茶	0.153925	22602	146838
箭	0.153906	8364	54345
鬆	0.153868	18420	119713
馱	0.153802	805	5234
勸	0.153784	5873	38190
鍊	0.153597	7118	46342
賭	0.153579	6229	40559
紙	0.153483	36039	234808
堊	0.153481	549	3577
絆	0.153347	1040	6782
魘	0.153314	266	1735
夸	0.153091	1201	7845
狂	0.152925	13792	90188
甘	0.152885	17263	112915
塹	0.152757	701	4589
頜	0.152673	731	4788
嶽	0.152580	3114	20409
綺	0.152543	2936	19247
餓	0.152494	9788	64186
室	0.152436	33370	218911
澇	0.152257	796	5228
莘	0.152089	819	5385
邇	0.151889	800	5267
胭	0.151857	552	3635
蜥	0.151788	624	4111
凸	0.151767	3470	22864
靄	0.151760	677	4461
啶	0.151647	663	4372
圈	0.151445	17886	118102
濯	0.151319	677	4474
香	0.151084	60422	399923
蟻	0.151010	2580	17085
欠	0.150826	4894	32448
霾	0.150708	266	1765
盂	0.150648	616	4089
至	0.150418	47697	317097
塔	0.150236	22602	150443
繞	0.150166	7385	49179
薰	0.150069	978	6517
炯	0.149973	822	5481
熱	0.149882	47430	316448
曜	0.149779	881	5882
藐	0.149772	625	4173
名	0.149625	86673	579268
箋	0.149557	794	5309
波	0.149536	61223	409421
書	0.149521	100021	668941
殯	0.149481	590	3947
蓋	0.149313	16640	111444
聒	0.149195	491	3291
謗	0.149194	639	4283
釉	0.149168	905	6067
隋	0.149156	1052	7053
饞	0.149125	1023	6860
寐	0.149097	768	5151
曝	0.149060	1126	7554
肏	0.149020	266	1785
筏	0.148904	679	4560
哈	0.148901	58019	389647
訖	0.148826	659	4428
棚	0.148787	3470	23322
佣	0.148785	355	2386
恰	0.148663	2758	18552
抓	0.148504	9610	64712
鰭	0.148250	754	5086
水	0.148157	170943	1153798
縈	0.147968	761	5143
擦	0.147896	11301	76412
跤	0.147860	646	4369
佚	0.147849	677	4579
驥	0.147820	800	5412
甦	0.147780	759	5136
遽	0.147433	603	4090
兮	0.147416	1067	7238
訥	0.147397	756	5129
甄	0.147378	1085	7362
嫩	0.147334	3559	24156
鷺	0.147314	831	5641
鏘	0.147303	355	2410
吐	0.147211	9521	64676
謄	0.147122	552	3752
鱷	0.146968	710	4831
奎	0.146537	1388	9472
舶	0.146486	669	4567
色	0.146363	105271	719244
筐	0.146217	920	6292
暈	0.145979	6940	47541
姜	0.145958	2024	13867
耆	0.145801	658	4513
灸	0.145685	758	5203
七	0.145420	33637	231310
懦	0.145375	800	5503
姍	0.144998	774	5338
脯	0.144909	676	4665
派	0.144828	23581	162821
鈾	0.144769	876	6051
繮	0.144725	620	4284
磐	0.144719	766	5293
恙	0.144718	722	4989
絹	0.144351	925	6408
鱉	0.144231	915	6344
姓	0.144130	7474	51856
蹙	0.144075	355	2464
疇	0.143745	948	6595
雯	0.143679	2224	15479
皋	0.143606	740	5153
彧	0.143556	88	613
澗	0.143541	960	6688
罌	0.143490	583	4063
醬	0.143415	5250	36607
碇	0.143396	266	1855
肄	0.143322	88	614
他	0.142917	73681	515550
留	0.142883	37819	264686
盡	0.142847	32925	230491
磺	0.142800	719	5035
夯	0.142695	756	5298
濰	0.142629	624	4375
嶄	0.142616	677	4747
湯	0.142493	13526	94924
抵	0.142320	8631	60645
葷	0.142234	1108	7790
臀	0.142228	711	4999
鏡	0.142219	22335	157046
竣	0.142183	633	4452
畿	0.142161	613	4312
閃	0.142117	11657	82024
岑	0.142116	1041	7325
湄	0.142000	734	5169
悻	0.141864	551	3884
饑	0.141764	889	6271
后	0.141554	6318	44633
隕	0.141470	714	5047
船	0.141396	24560	173697
茹	0.141344	6140	43440
匝	0.141023	758	5375
黑	0.140864	52324	371451
型	0.140751	29365	208631
釘	0.140635	5695	40495
駁	0.140525	2669	18993
孬	0.140351	88	627
溉	0.140297	595	4241
廢	0.140137	12636	90169
銖	0.140135	603	4303
鎂	0.140130	1123	8014
掇	0.140080	562	4012
戾	0.139778	642	4593
鈣	0.139641	1954	13993
謎	0.139602	2046	14656
嚏	0.139561	496	3554
膕	0.139545	325	2329
詆	0.139290	530	3805
樣	0.139140	128764	925429
睢	0.139113	637	4579
豺	0.139107	355	2552
高	0.139106	117195	842490
酚	0.139095	977	7024
魏	0.139073	3061	22010
輸	0.138909	20378	146700
鈞	0.138902	1219	8776
年	0.138890	122446	881603
諺	0.138614	630	4545
怨	0.138552	8008	57798
忪	0.138363	453	3274
暝	0.138173	177	1281
往	0.138126	21534	155901
恃	0.138085	711	5149
靛	0.137852	661	4795
墅	0.137721	835	6063
佞	0.137643	577	4192
試	0.137642	47697	346530
蟆	0.137558	597	4340
信	0.137531	80800	587503
俏	0.137526	1334	9700
婁	0.137367	1033	7520
遠	0.137357	41556	302541
寅	0.137332	973	7085
皚	0.137312	566	4122
簸	0.137270	537	3912
罰	0.137175	7563	55134
癱	0.137071	978	7135
錄	0.136981	29721	216971
駿	0.136954	1223	8930
筑	0.136952	762	5564
悚	0.136824	622	4546
很	0.136815	54193	396105
榛	0.136694	678	4960
脾	0.136644	6051	44283
髮	0.136547	33103	242429
牘	0.136313	607	4453
點	0.136275	298017	2186884
壕	0.136216	671	4926
穴	0.136109	5161	37918
吝	0.136102	685	5033
裔	0.136075	963	7077
纓	0.135994	719	5287
庚	0.135977	1437	10568
蠕	0.135932	530	3899
鄒	0.135912	889	6541
煙	0.135877	20644	151932
盛	0.135847	10589	77948
射	0.135809	29543	217534
伏	0.135770	10767	79303
擱	0.135739	1275	9393
骸	0.135551	713	5260
祛	0.135208	1053	7788
齦	0.134844	625	4635
疽	0.134842	596	4420
衢	0.134740	664	4928
血	0.134541	39332	292343
迫	0.134434	6674	49645
徇	0.134425	558	4151
舛	0.134340	667	4965
夭	0.134315	775	5770
蒿	0.134270	793	5906
鈴	0.134259	10500	78207
扒	0.134243	2135	15904
哭	0.134094	8364	62374
萌	0.133936	1156	8631
愕	0.133831	2313	17283
迸	0.133810	693	5179
陡	0.133731	1009	7545
殲	0.133660	899	6726
繽	0.133643	661	4946
暗	0.133607	21801	163172
灰	0.133481	11924	89331
螂	0.133419	517	3875
烴	0.133358	728	5459
眼	0.133338	109276	819542
埠	0.133324	977	7328
肩	0.133118	5606	42113
澹	0.133111	679	5101
驪	0.133073	717	5388
嚼	0.132991	1423	10700
詩	0.132954	31234	234924
哚	0.132931	88	662
猜	0.132884	5339	40178
魂	0.132739	9343	70386
駢	0.132688	589	4439
企	0.132619	85071	641468
屄	0.132602	266	2006
急	0.132527	23759	179276
蟄	0.132421	658	4969
岐	0.132328	869	6567
瞑	0.132216	355	2685
偃	0.132180	695	5258
匈	0.131956	626	4744
腩	0.131911	711	5390
慚	0.131852	700	5309
躡	0.131770	652	4948
莒	0.131728	629	4775
假	0.131571	27763	211012
瀆	0.131359	661	5032
幌	0.131293	266	2026
泵	0.131261	1423	10841
蟈	0.131172	526	4010
糙	0.131163	822	6267
大	0.131112	431319	3289694
牟	0.131083	994	7583
獷	0.130758	88	673
婷	0.130752	2847	21774
貴	0.130684	14860	113709
弘	0.130589	1551	11877
切	0.130570	30522	233759
睞	0.130370	88	675
柿	0.130343	744	5708
枸	0.130326	523	4013
魚	0.130302	38709	297072
吩	0.130199	576	4424
牒	0.130198	645	4954
萃	0.130116	782	6010
伺	0.129987	681	5239
咻	0.129968	533	4101
攤	0.129913	5784	44522
辣	0.129555	5695	43958
卅	0.129547	723	5581
餉	0.129508	711	5490
細	0.129465	82045	633722
椅	0.129424	3470	26811
腓	0.129273	624	4827
豉	0.129075	590	4571
浣	0.128935	815	6321
桅	0.128906	594	4608
氟	0.128884	1174	9109
譎	0.128848	565	4385
彆	0.128792	917	7120
獰	0.128756	557	4326
髻	0.128711	711	5524
慷	0.128705	621	4825
葵	0.128636	1601	12446
礬	0.128632	664	5162
嶺	0.128579	5784	44984
鞠	0.128515	978	7610
黜	0.128389	573	4463
淤	0.128316	1006	7840
難	0.128273	47963	373913
老	0.128192	127162	991969
涇	0.128148	860	6711
禹	0.128000	1216	9500
懟	0.127907	88	688
顱	0.127761	752	5886
孽	0.127728	1779	13928
輛	0.127607	2649	20759
茴	0.127577	625	4899
輾	0.127338	640	5026
龐	0.127309	1868	14673
滑	0.127296	14326	112541
糍	0.127155	177	1392
踏	0.127117	7385	58096
善	0.127031	17886	140800
啡	0.126962	4805	37846
歎	0.126852	1601	12621
淆	0.126797	1067	8415
漏	0.126748	7296	57563
卦	0.126730	1868	14740
男	0.126689	69409	547869
歪	0.126670	4182	33015
幢	0.126633	533	4209
祠	0.126560	1004	7933
罩	0.126539	4182	33049
耍	0.126519	2936	23206
淹	0.126203	957	7583
匾	0.126155	355	2814
灘	0.126122	4538	35981
墊	0.126029	5250	41657
罔	0.126013	715	5674
踽	0.125977	403	3199
淑	0.125805	1485	11804
碑	0.125792	4449	35368
鬣	0.125621	177	1409
蔻	0.125577	680	5415
怡	0.125422	3381	26957
浚	0.125353	266	2122
鋸	0.125305	3292	26272
罵	0.125089	6318	50508
稼	0.124958	739	5914
變	0.124918	67363	539259
封	0.124893	16551	132521
羔	0.124874	617	4941
頷	0.124801	549	4399
蝸	0.124730	692	5548
黛	0.124583	1159	9303
旌	0.124495	770	6185
峙	0.124426	705	5666
弱	0.124408	11212	90123
近	0.124322	34082	274142
廂	0.124321	2313	18605
戍	0.124234	710	5715
楓	0.124159	1957	15762
蝠	0.124086	662	5335
稟	0.123901	1156	9330
毗	0.123753	757	6117
淺	0.123739	7652	61840
譏	0.123700	678	5481
位	0.123638	63358	512449
小	0.123533	214725	1738204
賈	0.123513	2679	21690
瞥	0.123435	355	2876
颯	0.123401	704	5705
膝	0.123396	2847	23072
琢	0.123292	776	6294
虜	0.123155	776	6301
沓	0.123091	782	6353
閭	0.123077	656	5330
夙	0.123040	659	5356
慵	0.123002	177	1439
贛	0.122998	960	7805
樺	0.122774	993	8088
雲	0.122701	35505	289363
椰	0.122687	1512	12324
炕	0.122495	819	6686
禾	0.122296	978	7997
悵	0.122290	643	5258
凹	0.122225	2758	22565
鉀	0.122180	1213	9928
瀰	0.122094	604	4947
貪	0.122072	5784	47382
卿	0.122067	1701	13935
弛	0.121914	800	6562
蹼	0.121884	88	722
瘠	0.121825	518	4252
翔	0.121687	2080	17093
闇	0.121639	742	6100
宕	0.121617	665	5468
孱	0.121379	88	725
篙	0.121212	88	726
簍	0.121071	678	5600
樓	0.121039	32302	266872
忑	0.121036	355	2933
枷	0.121019	266	2198
釵	0.120957	875	7234
晤	0.120882	855	7073
喋	0.120861	584	4832
戟	0.120854	849	7025
窪	0.120833	870	7200
正	0.120808	83113	687974
玫	0.120743	1085	8986
薜	0.120713	88	729
搖	0.120704	14059	116475
故	0.120663	23314	193216
趕	0.120571	11123	92253
誨	0.120565	683	5665
圭	0.120523	912	7567
甥	0.120487	544	4515
馭	0.120435	765	6352
鉢	0.120323	997	8286
礫	0.120284	644	5354
槐	0.120147	947	7882
十	0.120147	80444	669546
燎	0.120144	668	5560
鄧	0.120024	1423	11856
闐	0.120008	577	4808
膩	0.119989	1799	14993
排	0.119963	29899	249236
呷	0.119904	800	6672
榔	0.119862	589	4914
脖	0.119814	826	6894
侗	0.119796	705	5885
頭	0.119727	194080	1621024
肯	0.119629	16284	136121
賑	0.119627	629	5258
榘	0.119403	24	201
汲	0.119370	750	6283
定	0.119331	121645	1019390
衙	0.119266	715	5995
沼	0.119262	756	6339
蜓	0.119187	592	4967
俳	0.118952	177	1488
換	0.118765	27941	235262
鼾	0.118711	597	5029
長	0.118710	98775	832067
背	0.118588	25450	214609
汀	0.118461	1053	8889
指	0.118342	47341	400037
袖	0.118316	3826	32337
斤	0.118282	2914	24636
迄	0.118220	619	5236
帚	0.118080	578	4895
檳	0.118073	603	5107
烹	0.117867	853	7237
寄	0.117395	7296	62149
燥	0.117375	1957	16673
睦	0.117260	820	6993
坍	0.117132	562	4798
孑	0.117090	729	6226
柬	0.117089	703	6004
催	0.117008	3737	31938
齧	0.116899	478	4089
拉	0.116837	58464	500391
坯	0.116833	844	7224
壺	0.116832	3737	31986
狙	0.116826	711	6086
檐	0.116573	849	7283
湛	0.116544	963	8263
蹊	0.116429	613	5265
琵	0.116427	550	4724
拇	0.116099	719	6193
較	0.116043	18153	156434
霑	0.115861	542	4678
趙	0.115788	4093	35349
潼	0.115784	658	5683
齋	0.115691	2669	23070
鰲	0.115656	738	6381
晚	0.115558	38887	336514
忽	0.115497	10144	87829
攣	0.115493	533	4615
中	0.115483	208140	1802339
餚	0.115385	567	4914
凶	0.115207	2669	23167
蟠	0.115182	613	5322
靜	0.115134	27585	239590
疙	0.115126	564	4899
港	0.115093	29098	252822
淄	0.115058	596	5180
替	0.114888	4627	40274
竄	0.114888	1423	12386
沐	0.114781	1178	10263
前	0.114768	119420	1040534
睫	0.114686	663	5781
亢	0.114668	806	7029
瑙	0.114501	623	5441
呼	0.114446	17619	153951
尖	0.114403	9699	84779
找	0.114363	14148	123711
蔗	0.114272	691	6047
樟	0.114099	802	7029
倩	0.114074	1245	10914
損	0.114004	6674	58542
簇	0.113974	960	8423
憂	0.113904	6585	57812
檻	0.113789	713	6266
昨	0.113590	1660	14614
褒	0.113418	814	7177
燁	0.113276	1779	15705
記	0.113261	65850	581401
蕓	0.113244	177	1563
蔬	0.113108	686	6065
鞏	0.113105	1002	8859
殃	0.113092	666	5889
杏	0.112957	3203	28356
桓	0.112939	1030	9120
逐	0.112858	5873	52039
撇	0.112802	1156	10248
芹	0.112726	985	8738
皰	0.112674	649	5760
咐	0.112656	543	4820
侯	0.112573	6051	53752
簌	0.112277	535	4765
蹦	0.112166	1512	13480
悒	0.112130	477	4254
蛋	0.112087	18509	165131
燒	0.112008	13081	116786
瞅	0.111867	444	3969
茬	0.111812	975	8720
影	0.111752	41022	367080
濛	0.111462	2046	18356
剮	0.111392	88	790
颳	0.111391	795	7137
八	0.111276	37463	336668
勳	0.111221	1120	10070
蠍	0.111009	842	7585
糢	0.110971	88	793
鎖	0.110957	10055	90621
聞	0.110851	18776	169381
冢	0.110727	545	4922
剔	0.110710	889	8030
爍	0.110631	742	6707
妊	0.110441	623	5641
踞	0.110355	616	5582
甫	0.110309	978	8866
戳	0.110265	1245	11291
蝙	0.110217	452	4101
瞎	0.110141	2877	26121
淒	0.110045	711	6461
米	0.110016	26518	241038
止	0.109988	17708	160999
蛤	0.109959	933	8485
相	0.109796	73948	673506
扛	0.109790	1533	13963
那	0.109779	38976	355040
繃	0.109752	978	8911
詭	0.109621	1512	13793
鵠	0.109519	665	6072
苔	0.109518	909	8300
錨	0.109512	814	7433
炬	0.109456	757	6916
隔	0.109379	17263	157827
婺	0.109325	619	5662
窮	0.109324	8542	78135
綹	0.109317	88	805
慣	0.109314	7652	70000
園	0.109305	25450	232835
衾	0.109259	177	1620
裸	0.109098	3203	29359
層	0.109050	21178	194205
賊	0.109047	5072	46512
摹	0.108953	746	6847
堅	0.108895	8364	76808
偷	0.108871	14059	129135
店	0.108856	18598	170849
鵡	0.108741	525	4828
魷	0.108705	266	2447
艷	0.108690	444	4085
刃	0.108682	1690	15550
戌	0.108604	746	6869
鑒	0.108522	177	1631
漉	0.108159	578	5344
覓	0.108137	800	7398
哥	0.107980	56061	519179
它	0.107728	7385	68552
瘩	0.107657	523	4858
榨	0.107601	889	8262
沙	0.107577	26340	244847
捎	0.107478	355	3303
臠	0.107448	88	819
淀	0.107369	577	5374
跺	0.107317	88	820
詫	0.107301	266	2479
汶	0.107289	867	8081
鄂	0.107093	1300	12139
亥	0.107059	825	7706
邯	0.107044	620	5792
奸	0.106956	3381	31611
門	0.106949	79910	747177
炸	0.106888	7563	70756
汪	0.106879	3025	28303
嫻	0.106870	266	2489
嗦	0.106856	533	4988
藍	0.106852	12725	119090
叩	0.106807	1067	9990
黔	0.106743	1067	9996
包	0.106546	41111	385852
欣	0.106540	5428	50948
賃	0.106515	533	5004
隅	0.106462	799	7505
虔	0.106427	669	6286
蘿	0.106351	3915	36812
杭	0.106222	1400	13180
羌	0.106173	805	7582
莊	0.106042	9165	86428
洲	0.106030	11034	104065
鹹	0.105907	2580	24361
瑞	0.105876	7029	66389
羯	0.105732	653	6176
柘	0.105511	628	5952
摯	0.105415	732	6944
半	0.105337	36751	348889
倍	0.105242	4182	39737
薯	0.105088	3559	33867
妹	0.105080	49921	475074
鳳	0.105048	9521	90635
鸚	0.105047	562	5350
胳	0.104826	517	4932
兢	0.104758	720	6873
照	0.104751	26429	252304
竇	0.104701	1334	12741
祟	0.104596	355	3394
鵲	0.104581	758	7248
粗	0.104432	8186	78386
諦	0.104426	906	8676
酋	0.104400	605	5795
灣	0.104266	11657	111801
惚	0.104264	626	6004
矚	0.104249	633	6072
囈	0.104240	177	1698
麟	0.104119	1423	13667
寢	0.104043	1073	10313
散	0.103836	15928	153396
孺	0.103834	631	6077
蹩	0.103774	88	848
兆	0.103651	2135	20598
幼	0.103581	6940	67001
悖	0.103569	682	6585
煽	0.103543	713	6886
病	0.103408	34082	329588
怒	0.103391	7207	69706
鞍	0.103351	1249	12085
沛	0.103344	961	9299
薑	0.103322	2224	21525
逞	0.103319	800	7743
靈	0.103221	20733	200861
赦	0.103128	755	7321
痘	0.103022	999	9697
惡	0.102983	18331	178001
墳	0.102961	2135	20736
獸	0.102943	6318	61374
凜	0.102910	785	7628
角	0.102649	32747	319019
日	0.102572	178418	1739434
竈	0.102424	1948	19019
口	0.102395	94860	926408
侈	0.102382	563	5499
腋	0.102235	686	6710
身	0.102102	108920	1066772
忌	0.102096	2669	26142
胰	0.102096	799	7826
鋁	0.102051	2149	21058
蜍	0.101970	88	863
蚪	0.101852	88	864
蝌	0.101852	88	864
着	0.101814	61756	606557
腫	0.101637	3203	31514
煌	0.101611	927	9123
撅	0.101549	177	1743
泥	0.101472	8720	85935
縮	0.101295	9254	91357
癢	0.101266	2135	21083
釁	0.101253	614	6064
囑	0.101158	725	7167
偎	0.101116	444	4391
崎	0.101106	960	9495
灤	0.101093	638	6311
澤	0.101037	6585	65174
酮	0.101036	1083	10719
拈	0.101033	773	7651
頁	0.101023	8364	82793
袱	0.100968	490	4853
綽	0.100951	913	9044
桔	0.100743	800	7941
傅	0.100662	1947	19342
涎	0.100615	671	6669
褥	0.100613	574	5705
掙	0.100538	2936	29203
粱	0.100498	707	7035
貽	0.100479	776	7723
毅	0.100149	1550	15477
穹	0.100117	685	6842
醃	0.099850	800	8012
邱	0.099763	800	8019
鈉	0.099732	1341	13446
箕	0.099702	670	6720
綣	0.099660	88	883
繾	0.099660	88	883
嶼	0.099643	866	8691
火	0.099563	46451	466549
底	0.099543	32747	328974
版	0.099440	16996	170917
塘	0.099373	4182	42084
隊	0.099276	28119	283240
掖	0.099098	703	7094
漣	0.099075	728	7348
柵	0.098790	808	8179
粼	0.098717	177	1793
狄	0.098707	1260	12765
諜	0.098658	772	7825
堰	0.098627	941	9541
飆	0.098586	711	7212
懞	0.098497	177	1797
丰	0.098442	771	7832
夜	0.098375	24649	250562
梧	0.098263	758	7714
枕	0.098222	4093	41671
聳	0.098182	1334	13587
堇	0.098115	177	1804
醯	0.098070	803	8188
鰻	0.097862	444	4537
垻	0.097845	386	3945
轟	0.097814	4004	40935
似	0.097650	78931	808302
侖	0.097461	829	8506
猛	0.097114	4805	49478
蕩	0.097060	5695	58675
瑚	0.097057	554	5708
刪	0.096854	1601	16530
秉	0.096774	1245	12865
泗	0.096591	799	8272
尸	0.096531	846	8764
屋	0.096515	51434	532911
韶	0.096440	940	9747
攸	0.096415	355	3682
耀	0.096355	2046	21234
蜚	0.096317	544	5648
使	0.096235	31323	325485
揮	0.096194	8097	84174
痞	0.096187	444	4616
誠	0.096147	6318	65712
楞	0.095976	1226	12774
檔	0.095937	6940	72339
沌	0.095894	355	3702
溯	0.095868	754	7865
於	0.095800	92012	960464
貢	0.095767	3559	37163
兀	0.095669	444	4641
孵	0.095583	673	7041
痹	0.095549	762	7975
種	0.095507	41823	437905
杳	0.095385	711	7454
徊	0.095231	683	7172
刮	0.095186	3470	36455
俘	0.095115	664	6981
贊	0.095091	2121	22305
才	0.095058	20111	211565
豆	0.095017	21623	227569
深	0.095005	24293	255703
甌	0.094937	675	7110
梆	0.094882	597	6292
果	0.094874	81690	861033
睡	0.094741	11123	117404
臆	0.094700	561	5924
孢	0.094463	691	7315
籃	0.094421	5250	55602
諄	0.094417	553	5857
泡	0.094407	7029	74454
彥	0.094391	1720	18222
妍	0.094344	1156	12253
鏽	0.094344	1156	12253
線	0.094303	52146	552962
薄	0.094203	7207	76505
餐	0.094154	15928	169170
處	0.093858	36306	386820
琪	0.093732	9432	100627
汾	0.093607	735	7852
兼	0.093582	3826	40884
筷	0.093567	749	8005
壑	0.093530	717	7666
汛	0.093436	689	7374
輟	0.093423	652	6979
垠	0.093256	177	1898
練	0.093238	11034	118342
蹶	0.093220	88	944
藩	0.093169	817	8769
羈	0.093095	759	8153
襬	0.093072	266	2858
瀉	0.093035	1957	21035
湖	0.092768	15483	166901
淡	0.092684	8720	94083
搗	0.092516	1094	11825
銅	0.092515	6674	72140
芻	0.092496	604	6530
餌	0.092482	711	7688
娠	0.092449	453	4900
烽	0.092406	707	7651
祁	0.092404	1146	12402
鄲	0.092391	476	5152
時	0.092344	183046	1982208
衊	0.092332	177	1917
袍	0.092283	2669	28922
瓢	0.092274	854	9255
闡	0.092259	640	6937
鐘	0.092090	36395	395210
潘	0.092028	1690	18364
蔫	0.092017	755	8205
倦	0.091919	1423	15481
峭	0.091899	675	7345
盼	0.091720	1512	16485
掄	0.091710	177	1930
訛	0.091701	663	7230
酣	0.091647	711	7758
燦	0.091616	978	10675
怯	0.091570	1423	15540
鶯	0.091547	913	9973
撥	0.091532	4182	45689
俊	0.091518	44048	481304
漩	0.091472	266	2908
窯	0.091452	1302	14237
札	0.091442	889	9722
鑰	0.091435	711	7776
矜	0.091419	685	7493
座	0.091386	13970	152868
弓	0.091357	2669	29215
逕	0.091354	355	3886
蜻	0.091235	509	5579
慌	0.091192	2758	30244
挑	0.091191	6407	70259
跋	0.091070	771	8466
俠	0.091059	2313	25401
佩	0.091053	3114	34200
符	0.091048	6674	73302
睽	0.091013	480	5274
力	0.090828	85961	946414
當	0.090470	74927	828198
鳶	0.090214	177	1962
勿	0.090122	1957	21715
篩	0.090113	978	10853
滲	0.090112	1779	19742
沈	0.089994	5250	58337
綠	0.089960	14504	161227
糠	0.089951	777	8638
們	0.089946	14771	164220
葯	0.089796	88	980
秧	0.089754	756	8423
筋	0.089750	2491	27755
本	0.089546	87563	977856
塵	0.089502	5873	65619
葛	0.089370	2190	24505
探	0.089344	8720	97600
兇	0.089329	3381	37849
膳	0.089310	711	7961
舂	0.089159	88	987
砸	0.089116	1423	15968
棺	0.089085	941	10563
嚀	0.089069	88	988
侷	0.088764	598	6737
篡	0.088680	633	7138
傢	0.088628	1512	17060
兌	0.088579	1227	13852
婿	0.088545	698	7883
蠹	0.088517	656	7411
餃	0.088406	716	8099
鍍	0.088372	893	10105
輪	0.088027	15661	177911
躬	0.088009	1156	13135
拳	0.087968	8097	92045
戊	0.087957	875	9948
爲	0.087956	184291	2095271
呦	0.087841	177	2015
悼	0.087815	818	9315
瓣	0.087666	1423	16232
伶	0.087629	833	9506
訢	0.087629	17	194
旁	0.087468	7830	89518
嚐	0.087353	978	11196
吳	0.087305	6318	72367
袒	0.087262	609	6979
紳	0.087224	710	8140
淚	0.087134	9610	110290
洱	0.087094	608	6981
菊	0.087015	1802	20709
穗	0.086990	1451	16680
衝	0.086982	17441	200513
框	0.086842	2758	31759
靂	0.086816	536	6174
烘	0.086814	1690	19467
閻	0.086783	889	10244
鉗	0.086733	978	11276
捲	0.086674	5517	63652
裝	0.086648	25628	295771
接	0.086588	39065	451161
迴	0.086496	4805	55552
諫	0.086397	853	9873
抒	0.086349	742	8593
戲	0.086347	20289	234970
縛	0.086216	845	9801
閩	0.086153	1128	13093
撬	0.086067	711	8261
帷	0.086050	673	7821
戎	0.086014	928	10789
招	0.085972	14860	172847
屈	0.085874	4093	47663
醛	0.085850	793	9237
剿	0.085796	688	8019
株	0.085789	1508	17578
霞	0.085740	2313	26977
朧	0.085728	355	4141
藉	0.085690	3203	37379
撣	0.085631	177	2067
或	0.085593	18509	216245
忘	0.085505	7919	92614
嬉	0.085471	533	6236
妝	0.085412	2846	33321
盞	0.085407	978	11451
矯	0.085396	1049	12284
緻	0.085364	1156	13542
頗	0.085254	1957	22955
姑	0.085198	5695	66844
逝	0.085083	1690	19863
看	0.085044	43158	507479
廳	0.084987	8542	100510
鈍	0.084934	889	10467
潁	0.084859	533	6281
巫	0.084718	1423	16797
魁	0.084688	995	11749
迢	0.084669	523	6177
蔥	0.084668	1496	17669
後	0.084626	186427	2202962
豹	0.084622	1423	16816
祝	0.084571	4093	48397
箱	0.084539	8008	94725
匱	0.084539	602	7121
帆	0.084532	1387	16408
鏈	0.084494	5072	60028
彷	0.084442	622	7366
掌	0.084317	6851	81253
怦	0.084311	266	3155
噴	0.084246	6140	72882
癬	0.084224	764	9071
燻	0.084192	711	8445
盎	0.084136	638	7583
考	0.084022	21890	260528
少	0.083983	53481	636806
吵	0.083966	2224	26487
耳	0.083863	15839	188868
篆	0.083763	699	8345
喻	0.083734	1601	19120
理	0.083649	71901	859557
哧	0.083588	355	4247
瓊	0.083582	1681	20112
磋	0.083569	355	4248
印	0.083474	16106	192946
曰	0.083385	533	6392
癖	0.083333	622	7464
墜	0.083314	1423	17080
雙	0.083169	25539	307072
累	0.083152	5784	69559
湘	0.083125	2093	25179
恣	0.083027	633	7624
罷	0.082918	2313	27895
酯	0.082822	1026	12388
受	0.082730	31412	379692
茫	0.082711	2313	27965
陝	0.082708	1003	12127
蹟	0.082659	889	10755
鍼	0.082615	9332	112958
露	0.082561	10856	131491
超	0.082434	14326	173787
掩	0.082387	3114	37797
賠	0.082353	3025	36732
邁	0.082333	1907	23162
裏	0.082231	43781	532418
霹	0.082188	544	6619
詔	0.082090	886	10793
廄	0.082090	88	1072
摔	0.082051	1690	20597
敏	0.081831	5695	69595
吊	0.081825	4716	57635
摧	0.081724	859	10511
躓	0.081708	88	1077
駭	0.081698	791	9682
矢	0.081687	1067	13062
陰	0.081593	12191	149412
隴	0.081556	822	10079
捨	0.081518	4538	55669
旺	0.081508	2936	36021
炊	0.081477	746	9156
綻	0.081411	720	8844
般	0.081397	5517	67779
岔	0.081309	800	9839
莓	0.081271	739	9093
成	0.081254	112301	1382104
螞	0.081232	554	6820
敝	0.081169	747	9203
頃	0.081052	758	9352
所	0.080954	93881	1159678
道	0.080860	81690	1010261
易	0.080837	20200	249886
斧	0.080772	1067	13210
恿	0.080734	88	1090
箔	0.080689	646	8006
酒	0.080679	21979	272424
部	0.080630	52057	645632
煞	0.080624	1334	16546
盈	0.080478	3648	45329
巍	0.080460	889	11049
漳	0.080430	725	9014
締	0.080290	675	8407
鷹	0.080212	2313	28836
椿	0.080199	177	2207
晦	0.080082	702	8766
膛	0.080074	690	8617
乾	0.079574	21801	273972
咖	0.079377	3381	42594
微	0.079359	14949	188373
忠	0.079288	4449	56112
冕	0.079164	731	9234
曙	0.079143	266	3361
瞌	0.079124	177	2237
憨	0.079074	622	7866
蒲	0.078968	1512	19147
初	0.078946	14326	181465
馬	0.078848	48408	613939
養	0.078704	13970	177501
櫃	0.078692	6940	88192
祭	0.078589	2758	35094
藕	0.078445	444	5660
筵	0.078429	685	8734
宵	0.078342	1334	17028
罈	0.078330	694	8860
弄	0.078231	7118	90987
嫂	0.078191	1067	13646
囌	0.078153	88	1126
綴	0.078051	905	11595
穩	0.077947	5161	66212
路	0.077825	55705	715777
溝	0.077792	5784	74352
沉	0.077688	8809	113390
氰	0.077620	720	9276
側	0.077574	4449	57352
漫	0.077480	5428	70057
栗	0.077312	1008	13038
豪	0.077250	5873	76026
疤	0.077191	444	5752
流	0.077068	37908	491879
沁	0.077037	1245	16161
酥	0.076852	1245	16200
硅	0.076793	1363	17749
轍	0.076777	809	10537
膨	0.076756	741	9654
潑	0.076728	1690	22026
僱	0.076719	924	12044
腥	0.076691	1245	16234
面	0.076676	148341	1934643
迂	0.076585	609	7952
霧	0.076524	3203	41856
俐	0.076394	444	5812
嗆	0.076328	355	4651
酪	0.076313	693	9081
噩	0.076274	533	6988
龕	0.076260	177	2321
緋	0.076256	88	1154
蕪	0.076124	762	10010
菠	0.075963	572	7530
槽	0.075928	1690	22258
貧	0.075918	5072	66809
凼	0.075862	88	1160
荃	0.075790	355	4684
引	0.075757	12814	169147
辜	0.075650	919	12148
淌	0.075612	355	4695
閥	0.075607	1357	17948
裂	0.075494	4627	61290
旗	0.075402	8275	109745
躲	0.075401	2313	30676
胚	0.075400	887	11764
綢	0.075357	781	10364
飄	0.075354	4449	59041
瀘	0.075341	641	8508
款	0.075289	12992	172561
脹	0.075210	1601	21287
紅	0.075139	35594	473710
酵	0.075114	626	8334
鴞	0.075085	88	1172
攝	0.075077	3381	45034
斂	0.075065	901	12003
喃	0.075014	1067	14224
茂	0.074970	1689	22529
滷	0.074964	839	11192
翼	0.074902	3915	52268
粟	0.074891	947	12645
贖	0.074891	978	13059
緯	0.074780	1044	13961
皆	0.074771	2491	33315
姥	0.074763	679	9082
眉	0.074753	5428	72612
豈	0.074613	800	10722
蠻	0.074569	1601	21470
顫	0.074403	1156	15537
栽	0.074274	1365	18378
鏢	0.074175	355	4786
鴉	0.074142	888	11977
棗	0.074056	1230	16609
滓	0.074012	88	1189
膜	0.073849	3737	50603
篇	0.073764	4627	62727
內	0.073710	35861	486516
矇	0.073687	1156	15688
燙	0.073674	1690	22939
者	0.073648	48942	664539
政	0.073590	35149	477635
萎	0.073587	728	9893
謹	0.073536	1119	15217
芋	0.073375	727	9908
明	0.073365	64159	874514
硯	0.073268	922	12584
喙	0.073211	88	1202
蹬	0.073198	266	3634
肘	0.073058	711	9732
鴿	0.072965	950	13020
箴	0.072810	177	2431
搐	0.072761	355	4879
轅	0.072711	3114	42827
嘯	0.072522	1957	26985
片	0.072315	24916	344549
呈	0.072286	1601	22148
廊	0.072222	2847	39420
裕	0.072213	1394	19304
乃	0.072193	1423	19711
巨	0.072171	7830	108493
輕	0.072143	18598	257792
犯	0.072140	7118	98669
咧	0.072083	622	8629
屐	0.072072	88	1221
睾	0.071962	366	5086
悸	0.071931	266	3698
蜘	0.071884	553	7693
軒	0.071790	4271	59493
盲	0.071664	1868	26066
瘟	0.071645	355	4955
龍	0.071641	27941	390014
挺	0.071563	3737	52220
丟	0.071548	2313	32328
聾	0.071534	533	7451
菱	0.071529	355	4963
燉	0.071388	622	8713
褐	0.071359	883	12374
拯	0.071194	651	9144
姚	0.071160	1156	16245
橢	0.071023	600	8448
殉	0.070921	649	9151
驢	0.070904	1245	17559
倨	0.070796	88	1243
窩	0.070734	3470	49057
鰓	0.070659	177	2505
喚	0.070610	1423	20153
渭	0.070391	814	11564
逗	0.070345	1512	21494
揍	0.070187	444	6326
沂	0.070055	725	10349
喟	0.069933	177	2531
瓏	0.069923	355	5077
硃	0.069866	444	6355
泊	0.069848	1512	21647
狷	0.069841	88	1260
誦	0.069827	947	13562
託	0.069771	4449	63766
爹	0.069752	4894	70163
蓆	0.069704	355	5093
瀑	0.069596	871	12515
呵	0.069459	38976	561133
透	0.069449	7563	108900
牌	0.069424	9521	137143
堡	0.069371	3648	52587
瑣	0.069353	747	10771
〇	0.069329	981	14150
銬	0.069303	177	2554
籠	0.069218	2491	35988
汝	0.069211	622	8987
餾	0.069193	557	8050
璜	0.069182	88	1272
擎	0.069132	890	12874
僞	0.069051	2624	38001
嚕	0.069013	800	11592
惋	0.068952	177	2567
漾	0.068916	533	7734
臨	0.068861	11034	160235
苯	0.068824	1408	20458
磨	0.068616	6229	90780
倚	0.068595	1067	15555
逢	0.068549	2224	32444
移	0.068467	7830	114362
神	0.068237	38086	558143
皮	0.068177	19132	280621
碾	0.068107	832	12216
藥	0.068100	17886	262645
蘊	0.068076	1053	15468
軟	0.068069	9699	142487
徙	0.068031	266	3910
歹	0.067999	694	10206
蝕	0.067942	1779	26184
號	0.067930	17619	259369
遐	0.067928	668	9834
簫	0.067865	355	5231
洶	0.067765	510	7526
舵	0.067694	769	11360
杉	0.067663	978	14454
瑰	0.067652	691	10214
貯	0.067510	822	12176
殮	0.067506	177	2622
愣	0.067461	889	13178
籬	0.067433	733	10870
軀	0.067387	711	10551
爭	0.067329	10945	162561
氓	0.067241	656	9756
妾	0.067212	444	6606
闔	0.067188	533	7933
圓	0.067155	9254	137801
領	0.067151	12458	185523
糾	0.067149	1067	15890
團	0.067061	17263	257424
懈	0.067056	769	11468
涮	0.066995	177	2642
銳	0.066915	1473	22013
矛	0.066726	1512	22660
琅	0.066598	774	11622
璽	0.066583	266	3995
唄	0.066566	88	1322
傳	0.066523	23937	359829
寮	0.066517	444	6675
悄	0.066503	978	14706
峨	0.066457	718	10804
瑕	0.066451	533	8021
紓	0.066441	177	2664
滔	0.066353	889	13398
沿	0.066350	3203	48274
朔	0.066272	1008	15210
泉	0.066243	4805	72536
蟲	0.066168	11212	169448
螢	0.066156	889	13438
募	0.066153	995	15041
垣	0.066116	840	12705
求	0.066081	16551	250467
吸	0.066032	11123	168449
避	0.065901	6051	91820
柯	0.065845	2046	31073
贓	0.065737	660	10040
瀋	0.065623	612	9326
磷	0.065552	1310	19984
闊	0.065294	1957	29972
畢	0.065221	5072	77766
殼	0.065213	2758	42292
槃	0.065185	88	1350
醜	0.065177	4004	61433
卜	0.065168	2580	39590
枝	0.065143	4449	68296
羅	0.065125	17886	274641
眈	0.065089	88	1352
胤	0.065048	978	15035
麪	0.064980	7387	113682
學	0.064929	109809	1691214
賄	0.064923	643	9904
煦	0.064894	266	4099
卷	0.064695	4004	61890
唾	0.064663	355	5490
尷	0.064419	2580	40050
爺	0.064396	4449	69088
襄	0.064261	933	14519
巷	0.064137	1957	30513
嘀	0.064130	177	2760
霸	0.064129	3203	49946
吆	0.063953	88	1376
樞	0.063939	747	11683
殘	0.063863	5517	86388
畔	0.063789	266	4170
猾	0.063784	177	2775
薦	0.063776	1106	17342
勇	0.063768	4449	69768
梭	0.063740	880	13806
厄	0.063604	533	8380
衷	0.063591	1067	16779
湮	0.063555	177	2785
乓	0.063495	622	9796
謠	0.063452	833	13128
飼	0.063391	787	12415
橋	0.063318	6496	102594
孟	0.063311	1957	30911
毛	0.063302	15394	243185
釜	0.063235	355	5614
冤	0.063233	1779	28134
油	0.063196	18509	292882
來	0.062997	138552	2199328
租	0.062765	4449	70883
剌	0.062751	266	4239
藻	0.062748	1014	16160
媛	0.062721	622	9917
齣	0.062716	889	14175
滾	0.062676	3559	56784
額	0.062650	6407	102267
璋	0.062633	88	1405
朦	0.062632	533	8510
值	0.062596	11835	189070
寒	0.062596	6051	96668
邋	0.062561	576	9207
笙	0.062423	355	5687
翅	0.062387	1245	19956
蘸	0.062368	177	2838
菜	0.062339	10233	164151
臂	0.062156	3559	57259
滌	0.062110	816	13138
交	0.062023	29454	474891
篋	0.062019	266	4289
肓	0.061885	88	1422
朽	0.061779	702	11363
杆	0.061726	1764	28578
塌	0.061493	889	14457
鑼	0.061493	889	14457
溶	0.061426	2135	34757
陲	0.061367	88	1434
眸	0.061239	355	5797
匆	0.061228	671	10959
橄	0.061209	566	9247
抿	0.061203	177	2892
筒	0.061160	3648	59647
真	0.061129	79376	1298493
旬	0.061105	1035	16938
倡	0.061062	788	12905
尉	0.061054	826	13529
騾	0.060939	266	4365
奢	0.060931	818	13425
麴	0.060816	598	9833
俱	0.060787	1779	29266
誓	0.060785	1245	20482
憚	0.060637	177	2919
蹈	0.060626	756	12470
曖	0.060468	266	4399
逸	0.060397	1779	29455
胃	0.060336	2135	35385
寶	0.060308	12191	202146
狽	0.060154	266	4422
儒	0.060091	1567	26077
久	0.060055	6051	100758
激	0.060049	7385	122982
帖	0.060009	3203	53375
蹤	0.059938	3025	50469
重	0.059882	38175	637504
蒸	0.059845	2491	41624
心	0.059844	112212	1875085
柱	0.059711	2936	49170
凌	0.059707	3648	61098
婚	0.059505	7652	128595
歉	0.059495	1601	26910
婆	0.059414	14237	239625
禁	0.059409	5517	92864
罕	0.059315	874	14735
廓	0.059129	444	7509
歧	0.059056	793	13428
鹿	0.059047	2669	45201
靶	0.058967	533	9039
榆	0.058954	874	14825
帽	0.058852	3381	57449
步	0.058799	16818	286024
牛	0.058702	12725	216773
荊	0.058518	1139	19464
浙	0.058460	1172	20048
斷	0.058458	16195	277036
秩	0.058452	703	12027
叢	0.058402	1957	33509
掘	0.058399	978	16747
嗑	0.058394	88	1507
項	0.058352	7563	129611
感	0.058351	35683	611528
膠	0.058257	6763	116090
輿	0.058246	748	12842
割	0.058172	2847	48941
泌	0.058145	665	11437
嚶	0.058086	88	1515
嚥	0.058049	622	10715
闢	0.058048	969	16693
褻	0.058003	266	4586
碧	0.057972	1779	30687
謾	0.057971	88	1518
豎	0.057698	1067	18493
蚌	0.057692	444	7696
脛	0.057667	88	1526
欖	0.057646	711	12334
山	0.057608	44938	780063
餡	0.057573	444	7712
嫋	0.057572	425	7382
斕	0.057479	88	1531
轎	0.057457	908	15803
曾	0.057444	6051	105338
旎	0.057441	88	1532
王	0.057429	19755	343988
鵝	0.057425	1512	26330
宥	0.057404	88	1533
糞	0.057398	978	17039
叭	0.057223	711	12425
譁	0.057101	355	6217
提	0.057031	17530	307377
嬈	0.056995	88	1544
蜜	0.056935	2046	35936
峯	0.056842	4372	76915
訂	0.056828	3559	62628
傷	0.056781	12280	216270
熠	0.056713	177	3121
仍	0.056704	4983	87877
晶	0.056690	4538	80049
牡	0.056632	757	13367
簧	0.056433	754	13361
肇	0.056357	871	15455
樑	0.056311	2224	39495
偏	0.056126	6496	115739
希	0.056095	10055	179249
昆	0.056072	1067	19029
俺	0.056030	177	3159
帕	0.055994	1780	31789
膀	0.055940	622	11119
巢	0.055917	1334	23857
姐	0.055885	77062	1378939
獲	0.055865	4538	81231
虐	0.055842	1245	22295
寰	0.055812	266	4766
佔	0.055681	6318	113467
症	0.055662	5784	103913
截	0.055558	2402	43234
改	0.055503	14326	258110
乎	0.055357	7207	130192
雪	0.055355	15305	276490
猴	0.055352	1423	25708
嬤	0.055346	88	1590
樁	0.055268	533	9644
鴕	0.055242	88	1593
淮	0.055227	1120	20280
奔	0.055189	2491	45136
覆	0.055149	15928	288816
緩	0.055148	3292	59694
黴	0.055139	1221	22144
肪	0.055134	632	11463
拽	0.055123	177	3211
靴	0.055035	711	12919
漬	0.054996	355	6455
腹	0.054915	3114	56706
嘎	0.054870	978	17824
淵	0.054822	1209	22053
拐	0.054812	1868	34080
谿	0.054795	380	6935
痣	0.054692	88	1609
茨	0.054640	1154	21120
帝	0.054622	4805	87969
披	0.054614	1779	32574
彰	0.054585	906	16598
腦	0.054544	13526	247985
害	0.054394	7919	145586
霏	0.054286	266	4900
尬	0.054149	2135	39428
厚	0.054148	3826	70658
冥	0.054119	1193	22044
瞋	0.054054	88	1628
坑	0.054041	2046	37860
溜	0.053986	2936	54384
沽	0.053923	622	11535
嘰	0.053811	533	9905
笛	0.053731	800	14889
此	0.053710	13081	243547
威	0.053708	8186	152417
慄	0.053649	516	9618
弒	0.053626	88	1641
緣	0.053508	3826	71503
村	0.053500	5784	108112
駱	0.053457	266	4976
攙	0.053392	266	4982
繹	0.053361	177	3317
豫	0.053333	889	16669
魅	0.053320	889	16673
倌	0.053204	88	1654
敷	0.053173	1245	23414
茲	0.053135	1754	33010
升	0.053105	6585	123999
陶	0.053066	2046	38556
杓	0.053044	88	1659
舀	0.053044	88	1659
吁	0.052888	478	9038
糊	0.052832	2669	50519
諷	0.052798	700	13258
亭	0.052770	1868	35399
勘	0.052734	789	14962
柴	0.052725	1868	35429
錘	0.052374	889	16974
疚	0.052348	622	11882
賀	0.052259	1601	30636
僵	0.052214	711	13617
靖	0.052173	1376	26374
卑	0.052172	1164	22311
晨	0.052156	3203	61412
頑	0.052111	743	14258
儉	0.052038	891	17122
彝	0.051890	770	14839
闕	0.051863	355	6845
花	0.051788	31234	603113
逮	0.051761	266	5139
仇	0.051750	2669	51575
退	0.051731	7563	146200
褶	0.051644	355	6874
睿	0.051600	266	5155
徬	0.051556	58	1125
芝	0.051479	1690	32829
渴	0.051460	1334	25923
第	0.051380	33993	661606
僑	0.051307	1072	20894
梨	0.051298	1512	29475
槳	0.051230	177	3455
烯	0.051192	812	15862
蚤	0.051171	177	3459
預	0.051162	6140	120011
祿	0.051125	1275	24939
雀	0.051084	2402	47021
騁	0.051068	177	3466
剎	0.050965	800	15697
可	0.050866	104737	2059087
復	0.050858	8097	159207
蓮	0.050832	2313	45503
壓	0.050830	11034	217077
饋	0.050757	711	14008
奏	0.050734	2847	56116
麥	0.050733	5606	110499
嗔	0.050729	355	6998
邑	0.050649	984	19428
逛	0.050642	978	19312
佇	0.050575	88	1740
鬢	0.050472	444	8797
澀	0.050417	622	12337
輝	0.050388	2135	42371
穌	0.050369	580	11515
認	0.050328	14860	295266
分	0.050302	47074	935827
姻	0.050289	661	13144
迷	0.050258	6051	120399
強	0.050191	14237	283658
冷	0.050175	11390	227004
股	0.050127	8987	179284
鯊	0.050122	266	5307
光	0.050066	27585	550970
拭	0.050049	355	7093
聊	0.050043	3114	62227
林	0.050039	19043	380563
方	0.049918	45294	907370
盪	0.049832	1601	32128
陋	0.049751	709	14251
酌	0.049735	742	14919
璧	0.049696	711	14307
戮	0.049682	266	5354
幕	0.049611	3470	69944
禽	0.049584	1049	21156
禍	0.049533	2224	44899
閒	0.049524	5873	118589
稽	0.049493	722	14588
亳	0.049383	88	1782
舉	0.049378	7029	142350
嚷	0.049377	622	12597
冰	0.049373	6229	126163
格	0.049368	17263	349682
跨	0.049355	2046	41455
純	0.049344	10322	209186
扉	0.049221	177	3596
困	0.049167	3648	74196
勻	0.049135	622	12659
履	0.049107	971	19773
隧	0.049039	444	9054
爵	0.049022	1002	20440
計	0.048946	19933	407245
乏	0.048808	1065	21820
刺	0.048743	5072	104056
播	0.048711	5695	116913
順	0.048700	8097	166264
巾	0.048616	3381	69545
掀	0.048604	444	9135
魄	0.048461	444	9162
場	0.048405	27763	573556
灼	0.048366	444	9180
繳	0.048349	1303	26950
違	0.048291	2135	44211
絨	0.048277	1062	21998
批	0.048277	4271	88469
願	0.048226	5962	123627
式	0.048206	16284	337800
雷	0.048172	6940	144066
錐	0.048164	800	16610
絮	0.048120	874	18163
蔽	0.048115	790	16419
荷	0.048023	2046	42605
觸	0.047999	3648	76001
穫	0.047945	266	5548
偕	0.047929	177	3693
儲	0.047911	2936	61280
痂	0.047878	88	1838
擔	0.047818	4983	104208
夕	0.047768	1408	29476
喉	0.047613	1868	39233
陀	0.047570	1067	22430
詐	0.047553	889	18695
崖	0.047543	533	11211
巳	0.047542	177	3723
粉	0.047431	7830	165081
形	0.047428	14326	302057
伎	0.047314	177	3741
泠	0.047312	88	1860
枇	0.047261	88	1862
貸	0.047196	2020	42800
禱	0.047151	533	11304
緒	0.047129	2402	50966
音	0.047068	20200	429162
牢	0.047045	1334	28356
綵	0.047040	615	13074
兵	0.047001	9254	196891
殊	0.046933	1512	32216
良	0.046931	6318	134622
藹	0.046925	177	3772
稻	0.046853	1142	24374
圖	0.046781	14682	313848
娛	0.046778	1117	23879
苞	0.046757	266	5689
不	0.046746	194881	4168958
苑	0.046707	622	13317
韌	0.046680	355	7605
破	0.046672	7563	162045
啉	0.046635	88	1887
幣	0.046528	2580	55451
軋	0.046512	904	19436
占	0.046500	1156	24860
糧	0.046496	2402	51660
媳	0.046479	656	14114
隨	0.046479	7652	164635
溺	0.046468	444	9555
慢	0.046414	18509	398784
繪	0.046409	1220	26288
剖	0.046392	938	20219
白	0.046389	33192	715519
木	0.046276	11657	251899
蜷	0.046218	88	1904
城	0.046197	19666	425701
乒	0.046155	533	11548
娑	0.046142	177	3836
塾	0.046130	177	3837
弩	0.046013	266	5781
眩	0.046008	355	7716
今	0.045970	25361	551683
胺	0.045881	1065	23212
軌	0.045870	1512	32963
苟	0.045861	533	11622
共	0.045860	10322	225076
焚	0.045841	711	15510
熨	0.045831	177	3862
辟	0.045829	678	14794
泳	0.045812	3381	73801
傭	0.045759	622	13593
涯	0.045754	889	19430
削	0.045627	1334	29237
綏	0.045549	745	16356
君	0.045539	3915	85970
頒	0.045524	711	15618
衍	0.045521	966	21221
姆	0.045516	2224	48862
冒	0.045448	2491	54810
融	0.045435	3025	66579
姦	0.045355	1423	31375
闍	0.045337	88	1941
卡	0.045336	12102	266941
醋	0.045296	1156	25521
乘	0.045214	2758	60999
顎	0.045192	266	5886
麗	0.045171	4716	104404
馮	0.045159	444	9832
筲	0.045105	88	1951
聰	0.044990	1245	27673
銀	0.044986	10767	239343
濠	0.044967	88	1957
瓤	0.044967	88	1957
紫	0.044960	3737	83118
鯁	0.044921	88	1959
註	0.044865	2669	59489
簾	0.044792	1067	23821
漕	0.044738	88	1967
銜	0.044720	711	15899
淘	0.044676	1067	23883
填	0.044593	1868	41890
狸	0.044547	756	16971
擄	0.044444	88	1980
幡	0.044428	177	3984
犧	0.044326	541	12205
戛	0.044261	177	3999
伯	0.044259	7118	160825
托	0.044213	4271	96600
縫	0.044208	2135	48294
疹	0.044137	746	16902
絲	0.044133	6407	145175
虧	0.044126	2224	50401
囚	0.044109	444	10066
椒	0.044090	927	21025
郎	0.044069	2224	50466
遏	0.044025	266	6042
飢	0.044015	756	17176
垂	0.043961	2402	54639
鷸	0.043890	88	2005
惻	0.043855	177	4036
鼠	0.043855	3826	87243
戈	0.043846	1245	28395
井	0.043843	2936	66966
鏗	0.043825	88	2008
芭	0.043783	444	10141
瞠	0.043781	88	2010
糰	0.043779	177	4043
尚	0.043756	2936	67099
剋	0.043730	1156	26435
衣	0.043721	10233	234053
舌	0.043659	2847	65210
氨	0.043614	1135	26024
猿	0.043606	444	10182
隙	0.043451	622	14315
蒂	0.043415	1245	28677
拘	0.043168	841	19482
榭	0.043150	177	4102
查	0.043120	8898	206355
熾	0.043028	266	6182
佈	0.042958	4271	99422
肛	0.042951	177	4121
敵	0.042927	3737	87054
銘	0.042890	1601	37328
脆	0.042872	1156	26964
閱	0.042861	1419	33107
圃	0.042847	177	4131
倉	0.042808	2135	49874
泣	0.042806	711	16610
嫣	0.042802	88	2056
甸	0.042787	912	21315
徘	0.042649	266	6237
梯	0.042630	3826	89748
僻	0.042504	444	10446
鳥	0.042504	3737	87921
邛	0.042492	88	2071
昏	0.042458	1957	46093
蕭	0.042385	1067	25174
索	0.042353	5161	121857
攻	0.042292	5339	126241
遁	0.042257	355	8401
玖	0.042125	88	2089
葫	0.042107	586	13917
鬨	0.042032	355	8446
慟	0.042005	88	2095
孜	0.041975	771	18368
霎	0.041949	266	6341
猶	0.041902	1690	40332
睏	0.041893	177	4225
酬	0.041854	904	21599
鎔	0.041825	88	2104
嵐	0.041796	2046	48952
總	0.041789	13881	332170
呻	0.041779	622	14888
邸	0.041716	177	4243
愜	0.041706	88	2110
浪	0.041705	4538	108811
楔	0.041608	88	2115
咄	0.041491	177	4266
欺	0.041466	1334	32171
丁	0.041417	4271	103122
仕	0.041404	355	8574
牧	0.041402	1499	36206
獄	0.041389	1601	38682
麻	0.041383	7118	172004
懾	0.041355	177	4280
異	0.041326	6407	155037
闖	0.041274	889	21539
屍	0.041227	6140	148933
耶	0.041212	1512	36688
挾	0.041208	266	6455
頤	0.041183	355	8620
斥	0.041084	996	24243
扇	0.041007	1690	41212
墟	0.041001	177	4317
叛	0.040994	792	19320
帳	0.040936	2491	60851
狐	0.040933	1957	47810
單	0.040905	19221	469892
莉	0.040870	1156	28285
濱	0.040769	1410	34585
滋	0.040632	1245	30641
怠	0.040567	355	8751
荼	0.040559	177	4364
孫	0.040533	2669	65847
奉	0.040491	1957	48332
厭	0.040466	1779	43963
紡	0.040465	979	24194
逃	0.040435	3381	83616
泯	0.040423	88	2177
挖	0.040412	1601	39617
性	0.040408	35327	874267
攔	0.040358	622	15412
硫	0.040341	1101	27292
蹭	0.040337	177	4388
棋	0.040286	1245	30904
虹	0.040202	978	24327
迥	0.040091	177	4415
賦	0.040090	800	19955
醺	0.039982	177	4427
宙	0.039953	755	18897
健	0.039919	3648	91386
抑	0.039882	1083	27155
肢	0.039865	711	17835
樸	0.039828	900	22597
悽	0.039811	800	20095
潸	0.039801	88	2211
艱	0.039796	772	19399
躊	0.039765	88	2213
壤	0.039714	710	17878
捋	0.039693	88	2217
陌	0.039688	937	23609
韆	0.039635	100	2523
臥	0.039567	1599	40412
渾	0.039539	1156	29237
這	0.039468	19933	505040
圳	0.039437	266	6745
瞬	0.039334	1779	45228
樂	0.039247	14504	369556
衩	0.039233	88	2243
遂	0.039197	533	13598
結	0.039192	15305	390518
嚨	0.039149	355	9068
肌	0.039062	1957	50100
潰	0.039030	884	22649
訟	0.039029	727	18627
眷	0.039028	533	13657
焰	0.039023	711	18220
荀	0.039007	88	2256
裹	0.038846	711	18303
掐	0.038787	266	6858
撿	0.038784	444	11448
誘	0.038755	1067	27532
膿	0.038730	266	6868
欄	0.038693	1601	41377
毀	0.038649	1334	34516
妮	0.038569	622	16127
嗜	0.038562	266	6898
聘	0.038504	1266	32880
恩	0.038491	4004	104025
圍	0.038485	8720	226582
啤	0.038470	10589	275256
浩	0.038447	3025	78679
帛	0.038389	266	6929
町	0.038344	88	2295
庵	0.038334	266	6939
清	0.038296	16818	439154
坤	0.038233	533	13941
岡	0.038182	1094	28652
鐵	0.038151	9254	242564
榻	0.038138	177	4641
潛	0.038126	2224	58333
界	0.038118	14148	371165
范	0.038081	1067	28019
誇	0.038068	1067	28029
輔	0.038017	1319	34695
恢	0.038012	770	20257
美	0.037992	15572	409877
閘	0.037984	978	25748
獵	0.037979	1423	37468
啃	0.037968	355	9350
量	0.037932	15216	401144
捌	0.037931	88	2320
惺	0.037927	355	9360
反	0.037825	18420	486978
實	0.037791	38353	1014884
數	0.037743	21267	563475
勃	0.037663	1005	26684
機	0.037639	40667	1080445
滂	0.037591	88	2341
遇	0.037568	3292	87627
臍	0.037554	444	11823
鑲	0.037523	266	7089
闌	0.037518	355	9462
娼	0.037518	266	7090
皁	0.037512	629	16768
礦	0.037413	3381	90370
刁	0.037396	266	7113
還	0.037360	11568	309633
狩	0.037342	177	4740
躥	0.037336	88	2357
蒜	0.037243	355	9532
怏	0.037225	88	2364
詮	0.037209	88	2365
糟	0.037174	3737	100528
韓	0.037136	1868	50302
鵰	0.037099	266	7170
瓶	0.037083	1779	47973
叔	0.037027	6229	168230
蘭	0.036993	8275	223691
丘	0.036959	1458	39449
之	0.036900	69409	1881013
珍	0.036866	2135	57913
餬	0.036789	66	1794
鼓	0.036780	3648	99185
摘	0.036741	1067	29041
霓	0.036669	177	4827
玲	0.036658	1156	31535
泄	0.036608	1067	29147
西	0.036598	20733	566501
滿	0.036518	10589	289969
農	0.036516	7741	211991
守	0.036499	5072	138962
彤	0.036484	88	2412
媚	0.036480	711	19490
漿	0.036279	1245	34317
刻	0.036261	16195	446622
已	0.036247	29187	805220
氈	0.036240	266	7340
扼	0.036210	266	7346
百	0.036194	11746	324531
濃	0.036176	1512	41796
慮	0.036168	1868	51648
浦	0.036130	1535	42485
丙	0.036106	889	24622
炷	0.036051	88	2441
燭	0.036048	942	26132
李	0.035985	6851	190387
億	0.035920	1690	47049
玄	0.035891	1156	32209
帥	0.035889	711	19811
輩	0.035857	1423	39685
裴	0.035816	88	2457
絡	0.035754	3826	107009
紋	0.035730	1423	39827
暇	0.035671	266	7457
師	0.035666	17797	498996
蹴	0.035599	88	2472
莞	0.035584	88	2473
侍	0.035537	889	25016
紈	0.035527	88	2477
氯	0.035500	1148	32338
踝	0.035498	88	2479
盾	0.035481	978	27564
寸	0.035400	1245	35169
愧	0.035386	800	22608
杵	0.035372	177	5004
羊	0.035353	2936	83048
料	0.035320	7830	221688
鍛	0.035193	622	17674
匙	0.035177	1868	53103
倖	0.035166	355	10095
輻	0.035115	676	19251
櫻	0.035103	355	10113
絃	0.035097	890	25358
渦	0.035088	444	12654
鞦	0.035046	88	2511
鉅	0.035022	800	22843
匐	0.034990	88	2515
卵	0.034910	1067	30564
誥	0.034865	88	2524
蔚	0.034821	355	10195
腔	0.034790	1423	40902
嬌	0.034783	1156	33235
辯	0.034768	1294	37218
柔	0.034653	3292	94998
噁	0.034652	177	5108
能	0.034634	33904	978911
綿	0.034581	1334	38576
沒	0.034575	16551	478698
榜	0.034557	1156	33452
肆	0.034494	533	15452
菲	0.034470	2402	69684
畜	0.034411	978	28421
淨	0.034381	6318	183764
鉻	0.034348	88	2562
籤	0.034348	711	20700
祈	0.034292	711	20734
磚	0.034286	978	28525
痢	0.034276	177	5164
襠	0.034268	88	2568
濁	0.034257	444	12961
媽	0.034192	19488	569950
彔	0.034169	30	878
巴	0.034149	12903	377846
譚	0.034099	355	10411
撮	0.034045	177	5199
吶	0.034038	177	5200
瞰	0.033924	88	2594
鐺	0.033908	177	5220
庶	0.033881	266	7851
蛙	0.033871	800	23619
蘆	0.033761	1013	30005
金	0.033701	24026	712906
乳	0.033677	3381	100396
風	0.033593	19755	588075
命	0.033591	10144	301987
辭	0.033543	2224	66302
生	0.033540	58375	1740443
褂	0.033511	88	2626
氣	0.033500	25984	775637
脫	0.033462	3736	111648
厲	0.033452	978	29236
軍	0.033451	11835	353806
猖	0.033422	88	2633
瘤	0.033412	622	18616
科	0.033392	12369	370417
嘮	0.033346	88	2639
竊	0.033339	800	23996
狡	0.033308	177	5314
珠	0.033307	2936	88149
石	0.033213	12992	391175
任	0.033181	10678	321807
淳	0.033168	355	10703
慕	0.033134	711	21458
獎	0.033107	3470	104812
訊	0.033064	2758	83413
券	0.033055	1818	55000
璀	0.033033	88	2664
華	0.033019	11034	334168
精	0.032996	9343	283154
邏	0.032975	607	18408
以	0.032897	71100	2161278
外	0.032884	22335	679205
蝴	0.032876	558	16973
狀	0.032841	5873	178829
加	0.032841	20111	612381
炮	0.032762	1690	51584
禿	0.032695	355	10858
巖	0.032691	984	30100
工	0.032682	29276	895797
憊	0.032641	88	2696
簽	0.032613	2046	62735
鳴	0.032606	1690	51831
尋	0.032414	2669	82342
川	0.032402	3703	114282
補	0.032390	5161	159340
盅	0.032377	88	2718
草	0.032367	6585	203447
待	0.032355	5161	159510
然	0.032335	54371	1681485
瑩	0.032332	355	10980
南	0.032277	16284	504512
瘡	0.032273	711	22031
悟	0.032255	978	30321
押	0.032240	1067	33096
齒	0.032227	2046	63488
鄰	0.032190	1067	33147
拜	0.032169	7385	229570
菩	0.032122	642	19986
契	0.032072	1067	33269
跡	0.032060	1601	49938
勉	0.032036	806	25159
纖	0.032031	1779	55540
岌	0.032000	88	2750
兒	0.031986	15394	481266
直	0.031966	18242	570672
虎	0.031954	4271	133662
芯	0.031934	800	25052
解	0.031813	27585	867095
枯	0.031712	800	25227
苦	0.031699	7385	232976
容	0.031646	8987	283981
屆	0.031564	1423	45083
糕	0.031543	3025	95902
黯	0.031532	266	8436
兄	0.031508	3025	96008
伴	0.031486	1957	62154
私	0.031484	3915	124347
慨	0.031472	355	11280
混	0.031436	3114	99059
愴	0.031384	88	2804
瓜	0.031350	2669	85136
默	0.031318	2758	88063
觀	0.031292	6674	213281
侵	0.031261	1067	34132
跎	0.031239	88	2817
暉	0.031232	266	8517
葉	0.031225	8097	259315
涸	0.031184	88	2822
蹉	0.031106	88	2829
渺	0.031061	355	11429
購	0.031055	2851	91806
峽	0.031023	1074	34620
顧	0.031022	3292	106117
康	0.031003	3203	103311
倫	0.030988	2402	77514
姿	0.030976	1245	40192
貞	0.030898	6318	204482
蕾	0.030881	444	14378
言	0.030799	10500	340919
孃	0.030781	576	18713
屁	0.030778	978	31776
鮮	0.030722	2224	72391
攀	0.030701	711	23159
汰	0.030671	177	5771
據	0.030644	4093	133568
詳	0.030634	1175	38356
囂	0.030631	266	8684
崩	0.030610	800	26135
舅	0.030594	978	31967
紛	0.030576	898	29369
例	0.030406	3114	102415
膏	0.030405	1601	52655
閨	0.030376	355	11687
灑	0.030328	889	29313
宴	0.030265	622	20552
謅	0.030220	88	2912
瀾	0.030217	266	8803
回	0.030205	27319	904440
膺	0.030199	88	2914
騙	0.030190	1334	44187
梢	0.030131	266	8828
赧	0.030106	88	2923
冗	0.030097	266	8838
瞭	0.030071	533	17725
脈	0.030064	2224	73976
睜	0.030057	444	14772
檀	0.030053	266	8851
傍	0.030006	266	8865
炳	0.030005	177	5899
擾	0.029988	1067	35581
熏	0.029982	266	8872
類	0.029974	5962	198906
客	0.029961	8097	270252
爸	0.029954	11657	389161
茅	0.029953	1334	44536
誣	0.029934	177	5913
肝	0.029927	978	32679
祕	0.029924	2579	86185
肋	0.029831	266	8917
歐	0.029749	3203	107667
邃	0.029720	88	2961
極	0.029695	5962	200774
爐	0.029691	1690	56919
誌	0.029658	1259	42450
煉	0.029637	800	26993
斃	0.029631	266	8977
騖	0.029600	88	2973
駝	0.029517	355	12027
冽	0.029481	88	2985
烏	0.029440	3114	105776
減	0.029362	2580	87868
全	0.029340	22068	752145
家	0.029337	53125	1810827
汕	0.029305	177	6040
友	0.029260	14593	498728
非	0.029242	9788	334723
躇	0.029197	88	3014
蚣	0.029101	88	3024
臻	0.029035	2580	88859
紂	0.028938	88	3041
陸	0.028928	3292	113800
焦	0.028870	1334	46207
端	0.028862	3203	110976
鉛	0.028861	711	24635
棱	0.028855	532	18437
兔	0.028854	2135	73992
澳	0.028824	978	33930
瞧	0.028796	444	15419
偉	0.028743	1334	46411
鐲	0.028710	177	6165
郡	0.028669	444	15487
案	0.028611	5428	189716
勞	0.028590	4093	143161
壁	0.028573	2046	71606
谷	0.028542	2224	77921
傘	0.028518	533	18690
罪	0.028483	3470	121827
徐	0.028450	1156	40632
奇	0.028371	6940	244615
荔	0.028328	266	9390
稱	0.028320	3737	131955
嗌	0.028287	645	22802
耽	0.028279	177	6259
均	0.028247	2313	81885
咽	0.028183	444	15754
廷	0.028151	444	15772
浮	0.028086	2669	95031
辨	0.028085	800	28485
芥	0.028071	266	9476
宜	0.028019	2758	98433
芙	0.027997	266	9501
竹	0.027995	2491	88980
骨	0.027985	4716	168518
侄	0.027979	266	9507
樊	0.027967	177	6329
炭	0.027963	889	31792
佐	0.027925	444	15900
仙	0.027921	2580	92402
敞	0.027897	266	9535
潤	0.027878	1512	54236
淪	0.027839	266	9555
殞	0.027813	88	3164
應	0.027800	23937	861033
庖	0.027751	88	3171
凋	0.027739	177	6381
許	0.027730	2580	93039
桌	0.027726	978	35274
濡	0.027717	88	3175
傀	0.027708	88	3176
儡	0.027708	88	3176
基	0.027701	9343	337285
青	0.027683	7474	269984
姊	0.027657	978	35362
史	0.027627	4716	170704
誡	0.027613	177	6410
蠟	0.027611	1245	45090
菇	0.027605	266	9636
悠	0.027559	1334	48405
聯	0.027523	7919	287722
茜	0.027517	88	3198
紐	0.027504	622	22615
瀕	0.027455	177	6447
喬	0.027444	800	29150
霆	0.027414	88	3210
梁	0.027412	1779	64898
貂	0.027391	177	6462
枚	0.027373	355	12969
天	0.027332	27496	1005996
栒	0.027311	26	952
姬	0.027306	355	13001
悲	0.027290	1423	52144
赴	0.027280	622	22801
校	0.027207	10411	382664
各	0.027176	7474	275018
舞	0.027168	3381	124446
溫	0.027166	5783	212876
拱	0.027141	533	19638
掏	0.027064	177	6540
妨	0.027011	177	6553
錚	0.026961	88	3264
需	0.026955	4271	158447
赤	0.026913	1601	59488
沸	0.026908	355	13193
熙	0.026875	1245	46325
衆	0.026872	4755	176953
海	0.026841	16284	606694
罄	0.026821	88	3281
繭	0.026774	177	6611
腸	0.026766	1957	73114
屯	0.026762	711	26568
孩	0.026735	1592	59548
瀟	0.026689	177	6632
操	0.026684	2402	90016
課	0.026683	4894	183414
狎	0.026610	88	3307
足	0.026593	6585	247621
匡	0.026581	177	6659
歸	0.026507	3114	117478
意	0.026500	33993	1282765
嗟	0.026466	88	3325
申	0.026460	1690	63870
賬	0.026429	1552	58723
盃	0.026403	533	20187
凰	0.026374	444	16835
扎	0.026372	1601	60708
孔	0.026320	2135	81117
馳	0.026302	533	20265
些	0.026261	2936	111799
判	0.026253	1690	64374
布	0.026223	8275	315559
沃	0.026210	622	23731
繫	0.026170	2402	91786
組	0.026149	6140	234809
茸	0.026149	177	6769
首	0.026138	6407	245121
疾	0.026137	1156	44228
空	0.026122	11479	439430
報	0.026119	10856	415635
互	0.026021	2847	109410
族	0.026017	7296	280427
謔	0.025974	88	3388
猝	0.025890	88	3399
猥	0.025875	88	3401
撤	0.025866	622	24047
啼	0.025838	266	10295
氏	0.025808	1512	58587
置	0.025803	3737	144828
訣	0.025738	177	6877
釋	0.025715	2135	83027
景	0.025702	3915	152321
藤	0.025663	622	24237
鬥	0.025645	3470	135307
電	0.025589	27230	1064131
疲	0.025513	622	24380
紹	0.025512	1446	56680
揣	0.025497	177	6942
周	0.025474	5962	234040
降	0.025429	3114	122457
液	0.025428	2491	97963
笞	0.025346	88	3472
熔	0.025234	444	17595
疼	0.025109	444	17683
玉	0.025106	4182	166572
化	0.025094	17886	712754
諒	0.025023	444	17744
梓	0.025019	266	10632
映	0.024987	978	39140
售	0.024978	2228	89199
母	0.024960	6674	267383
貶	0.024913	266	10677
配	0.024853	3203	128876
懷	0.024839	3025	121784
酶	0.024791	355	14320
礁	0.024773	177	7145
撫	0.024715	978	39571
陵	0.024711	1477	59771
刊	0.024624	1264	51331
咆	0.024618	177	7190
鹼	0.024590	2135	86824
吒	0.024547	88	3585
蜈	0.024526	88	3588
東	0.024519	10678	435504
荒	0.024499	1393	56859
稷	0.024499	88	3592
俑	0.024438	88	3601
乍	0.024422	355	14536
驅	0.024415	889	36412
悔	0.024408	1067	43716
壇	0.024384	1334	54709
鼎	0.024324	800	32890
幻	0.024291	1423	58582
幟	0.024276	88	3625
雌	0.024216	355	14660
館	0.024115	2758	114368
拙	0.024104	444	18420
烈	0.024063	1690	70233
率	0.023983	4538	189214
癸	0.023894	88	3683
佑	0.023890	177	7409
登	0.023863	3470	145413
審	0.023858	2313	96949
英	0.023844	5339	223916
系	0.023839	6140	257558
礎	0.023791	649	27279
制	0.023783	9254	389096
庭	0.023781	1957	82292
炫	0.023771	88	3702
萬	0.023755	10233	430768
趣	0.023689	2046	86369
藏	0.023639	3203	135496
談	0.023627	2580	109195
如	0.023617	24560	1039912
蒼	0.023604	889	37663
儀	0.023555	2491	105754
錦	0.023463	1067	45475
鹽	0.023462	1868	79617
冀	0.023460	88	3751
徹	0.023454	711	30315
桐	0.023442	533	22737
盤	0.023403	4805	205316
痠	0.023311	177	7593
埔	0.023257	355	15264
腱	0.023250	88	3785
頓	0.023242	2135	91858
彪	0.023213	177	7625
星	0.023195	10411	448855
告	0.023135	4093	176917
寂	0.023105	622	26920
仗	0.023073	533	23101
聶	0.023019	88	3823
寺	0.023012	800	34765
琉	0.023008	177	7693
蝨	0.023007	88	3825
法	0.022966	21356	929896
篷	0.022943	266	11594
隸	0.022903	266	11614
諾	0.022839	1779	77892
寇	0.022831	266	11651
桿	0.022829	978	42840
緬	0.022809	177	7760
氛	0.022755	533	23423
曲	0.022675	4894	215829
棉	0.022671	1245	54915
吟	0.022669	622	27438
堤	0.022633	266	11753
敦	0.022628	533	23555
幀	0.022593	88	3895
貨	0.022592	4538	200867
坊	0.022563	622	27567
腕	0.022551	444	19689
佛	0.022477	2402	106866
洛	0.022474	2135	94997
捻	0.022428	177	7892
晃	0.022386	622	27785
朝	0.022335	4449	199193
佯	0.022335	88	3940
齊	0.022283	8809	395332
恤	0.022265	266	11947
劣	0.022252	533	23953
活	0.022237	7741	348119
佰	0.022217	88	3961
繡	0.022206	533	24003
息	0.022176	4983	224699
芒	0.022166	444	20031
妻	0.022110	978	44233
霍	0.022088	800	36218
春	0.022076	4182	189437
掠	0.022069	266	12053
亨	0.022066	266	12055
賒	0.022050	88	3991
哉	0.022037	177	8032
千	0.021916	7385	336967
暨	0.021885	88	4021
穀	0.021857	839	38385
尺	0.021852	1067	48829
亮	0.021838	2402	109993
拼	0.021817	1245	57066
築	0.021792	1241	56947
悍	0.021771	266	12218
亙	0.021680	88	4059
文	0.021606	18242	844314
益	0.021561	2046	94893
敬	0.021548	1245	57778
堵	0.021530	355	16489
漢	0.021522	3648	169498
丑	0.021502	622	28928
磯	0.021500	88	4093
平	0.021490	15127	703912
殖	0.021465	740	34475
失	0.021462	6763	315108
臼	0.021448	88	4103
芷	0.021414	2936	137109
達	0.021396	5250	245373
袁	0.021353	266	12457
佳	0.021328	1601	75066
巔	0.021313	88	4129
颱	0.021259	177	8326
蕊	0.021241	88	4143
蘇	0.021219	2936	138367
田	0.021214	3203	150985
謙	0.021210	3470	163601
櫥	0.021208	177	8346
遢	0.021165	177	8363
寓	0.021152	177	8368
幹	0.021095	4004	189809
喧	0.021046	266	12639
屠	0.021036	355	16876
咿	0.020918	88	4207
詞	0.020915	3915	187185
則	0.020899	2313	110676
旦	0.020895	711	34028
其	0.020885	19310	924587
岱	0.020858	88	4219
關	0.020839	11746	563656
縐	0.020819	88	4227
崛	0.020784	88	4234
恍	0.020759	266	12814
柳	0.020717	1156	55800
孚	0.020691	88	4253
坡	0.020658	711	34418
弧	0.020646	177	8573
突	0.020633	6318	306212
視	0.020632	7296	353620
術	0.020565	6585	320197
躁	0.020544	355	17280
權	0.020520	5428	264521
拔	0.020444	1334	65251
智	0.020441	1868	91386
儷	0.020361	88	4322
騷	0.020290	355	17496
渠	0.020236	444	21941
末	0.020229	1423	70345
板	0.020227	5517	272758
蟾	0.020202	88	4356
製	0.020180	3559	176362
羽	0.020180	889	44054
糜	0.020137	88	4370
簡	0.020122	3470	172447
目	0.020106	7474	371732
逆	0.020095	1067	53099
遭	0.020087	444	22104
織	0.020068	2669	132998
翰	0.020055	355	17701
旭	0.020036	177	8834
綸	0.020023	177	8840
豔	0.020012	889	44424
迅	0.019992	533	26661
鍾	0.019952	7207	361211
檬	0.019946	266	13336
允	0.019931	266	13346
坪	0.019926	355	17816
惟	0.019923	177	8884
岸	0.019879	978	49198
何	0.019858	5339	268861
發	0.019847	25183	1268882
牽	0.019799	978	49396
洪	0.019791	1067	53914
屬	0.019777	2669	134955
縷	0.019691	177	8989
狹	0.019641	266	13543
萱	0.019621	444	22629
稿	0.019616	1067	54395
踐	0.019606	355	18107
採	0.019513	1888	96754
球	0.019487	6496	333351
土	0.019446	4716	242519
戒	0.019440	1156	59464
旅	0.019425	2402	123657
合	0.019420	12814	659842
略	0.019393	1868	96321
營	0.019369	3826	197534
培	0.019341	1067	55169
寵	0.019328	444	22972
酸	0.019315	3203	165829
昔	0.019273	266	13802
惠	0.019267	1245	64617
墩	0.019264	177	9188
磕	0.019235	177	9202
勢	0.019218	3203	166671
滕	0.019172	88	4590
妙	0.019138	1156	60403
腎	0.019071	355	18615
澡	0.019065	177	9284
哀	0.019013	800	42076
胡	0.018966	2313	121954
贅	0.018949	177	9341
譯	0.018931	889	46961
陷	0.018923	622	32870
貝	0.018906	1423	75267
灌	0.018774	978	52092
楊	0.018763	1245	66355
舒	0.018742	1868	99667
宋	0.018712	711	37997
卓	0.018685	444	23763
蔘	0.018679	177	9476
蔡	0.018670	355	19014
桃	0.018645	1156	62001
妒	0.018637	177	9497
潮	0.018549	1601	86311
撒	0.018505	889	48042
物	0.018504	12725	687700
論	0.018477	5250	284131
瑋	0.018449	88	4770
語	0.018438	6851	371568
吉	0.018410	2135	115972
畏	0.018406	444	24123
訕	0.018379	88	4788
悅	0.018357	355	19339
蠅	0.018232	266	14590
警	0.018226	3292	180618
惘	0.018223	88	4829
孤	0.018182	1067	58684
艾	0.018116	889	49073
謁	0.018074	88	4869
標	0.018072	4271	236326
寞	0.018034	177	9815
翠	0.018031	533	29561
措	0.018011	711	39476
階	0.017993	1423	79087
患	0.017991	800	44466
督	0.017990	889	49415
甲	0.017971	2580	143566
牲	0.017963	266	14808
擊	0.017923	3559	198569
通	0.017907	11123	621146
瑟	0.017886	355	19848
隱	0.017855	1512	84682
密	0.017852	3292	184409
鴦	0.017839	88	4933
穢	0.017830	177	9927
盧	0.017798	622	34947
謬	0.017784	266	14957
賓	0.017777	1067	60022
習	0.017770	2847	160211
翁	0.017768	444	24989
品	0.017739	6229	351146
予	0.017712	355	20043
冬	0.017697	1334	75378
原	0.017676	10322	583961
員	0.017651	7207	408313
倘	0.017586	88	5004
漆	0.017558	711	40495
缺	0.017552	1245	70934
憲	0.017516	444	25348
施	0.017499	2135	122006
義	0.017493	6585	376446
情	0.017472	13259	758871
駕	0.017460	1067	61110
韋	0.017455	266	15239
髒	0.017455	266	15239
邀	0.017450	355	20344
莫	0.017448	1334	76455
殿	0.017431	355	20366
哨	0.017412	355	20388
彙	0.017389	444	25533
逾	0.017384	177	10182
晝	0.017348	355	20464
航	0.017325	2135	123229
絞	0.017315	266	15362
瑤	0.017295	266	15380
署	0.017265	533	30872
膽	0.017214	1423	82666
叨	0.017213	177	10283
因	0.017207	15928	925668
仰	0.017191	622	36182
譜	0.017170	889	51777
謊	0.017148	177	10322
侮	0.017116	177	10341
防	0.017111	3915	228797
染	0.017050	1423	83459
寥	0.017015	88	5172
渡	0.017003	800	47051
拌	0.017001	177	10411
唐	0.016989	1245	73282
豁	0.016987	177	10420
庸	0.016978	355	20909
楚	0.016900	2669	157927
監	0.016886	1868	110623
卯	0.016851	177	10504
廉	0.016825	622	36968
胖	0.016816	444	26403
絕	0.016809	3381	201139
籌	0.016806	622	37010
協	0.016800	1682	100117
惰	0.016794	88	5240
介	0.016786	2046	121885
噪	0.016736	266	15894
甚	0.016732	1601	95686
體	0.016730	12013	718047
襲	0.016683	533	31949
吭	0.016664	88	5281
授	0.016619	1233	74194
敗	0.016562	1423	85919
雅	0.016560	1690	102051
貌	0.016551	889	53712
曉	0.016538	800	48373
投	0.016530	3648	220690
籍	0.016501	711	43089
載	0.016451	1779	108141
俯	0.016390	266	16229
趟	0.016372	88	5375
鏤	0.016372	88	5375
公	0.016350	15483	946981
劑	0.016318	1868	114475
檸	0.016300	266	16319
慧	0.016293	711	43639
浴	0.016255	622	38264
葬	0.016246	444	27329
暴	0.016235	1334	82167
堯	0.016212	88	5428
取	0.016197	2847	175771
醫	0.016196	4271	263708
束	0.016185	711	43930
炙	0.016132	88	5455
扳	0.016132	177	10972
北	0.016121	5517	342224
必	0.016105	2402	149144
譬	0.016096	622	38642
源	0.016083	3381	210222
憐	0.016081	533	33145
漲	0.016068	1156	71942
誅	0.016068	177	11016
聚	0.016058	1423	88614
誼	0.016033	266	16591
廠	0.016025	2313	144340
惕	0.016020	88	5493
聖	0.016011	2669	166700
拒	0.016001	800	49998
顆	0.015977	355	22219
孕	0.015967	355	22234
彿	0.015954	88	5516
器	0.015931	6407	402173
島	0.015928	2224	139625
局	0.015925	3737	234659
酉	0.015919	88	5528
閣	0.015888	533	33548
殷	0.015874	177	11150
迪	0.015828	889	56166
芽	0.015809	355	22456
矽	0.015802	88	5569
典	0.015794	1512	95734
拾	0.015790	622	39391
勒	0.015762	1067	67696
調	0.015745	4627	293879
攜	0.015646	266	17001
濬	0.015625	9	576
挫	0.015573	177	11366
唆	0.015537	88	5664
臣	0.015509	622	40106
坦	0.015489	889	57397
網	0.015459	5695	368398
念	0.015433	2580	167176
環	0.015407	3470	225227
云	0.015387	355	23071
顏	0.015383	978	63575
隘	0.015342	88	5736
票	0.015333	2491	162459
彩	0.015333	3114	203092
芳	0.015286	622	40692
戰	0.015285	5161	337654
僅	0.015258	800	52433
辛	0.015251	1512	99144
禮	0.015237	3292	216055
贈	0.015200	355	23356
坎	0.015196	266	17505
鯨	0.015189	177	11653
啓	0.015171	1155	76134
庫	0.015141	1601	105742
攘	0.015120	177	11706
屑	0.015105	266	17610
疏	0.014978	622	41527
限	0.014973	1601	106926
戚	0.014961	355	23728
鴛	0.014941	88	5890
拂	0.014919	177	11864
興	0.014910	3826	256603
旋	0.014884	800	53749
滯	0.014881	444	29836
世	0.014878	7563	508328
廬	0.014874	177	11900
喜	0.014841	2224	149855
澎	0.014835	88	5932
蜀	0.014799	177	11960
挪	0.014767	177	11986
弟	0.014752	1957	132658
橫	0.014741	1779	120681
述	0.014670	711	48465
販	0.014657	266	18148
常	0.014656	5517	376436
動	0.014624	14148	967439
犬	0.014617	622	42553
棕	0.014577	177	12142
誕	0.014561	778	53431
釀	0.014558	177	12158
纜	0.014532	266	18305
亞	0.014510	4271	294355
皇	0.014491	1156	79774
費	0.014460	4182	289208
壹	0.014459	88	6086
永	0.014458	2046	141516
奄	0.014450	88	6090
倪	0.014424	88	6101
牀	0.014384	1423	98929
別	0.014365	5695	396449
尤	0.014358	533	37122
院	0.014351	4182	291411
澱	0.014331	177	12351
羚	0.014328	88	6142
崇	0.014319	533	37223
貿	0.014306	1012	70740
髓	0.014282	177	12393
腑	0.014226	88	6186
辱	0.014214	355	24975
睛	0.014176	533	37600
竭	0.014126	266	18830
稅	0.014087	1512	107332
嫉	0.014064	88	6257
歇	0.014047	355	25273
炎	0.014041	1156	82328
奪	0.014040	533	37963
仁	0.014024	1245	88777
秤	0.014013	177	12631
纔	0.013983	1558	111419
烷	0.013959	177	12680
致	0.013949	1512	108397
搜	0.013930	800	57429
析	0.013910	995	71529
矩	0.013811	266	19260
棄	0.013802	1067	77309
且	0.013767	1957	142147
拷	0.013714	88	6417
犢	0.013709	88	6419
修	0.013621	2491	182876
叱	0.013614	88	6464
子	0.013606	21623	1589182
亡	0.013604	889	65348
栓	0.013604	177	13011
士	0.013592	5428	399345
咎	0.013584	88	6478
席	0.013577	978	72033
壈	0.013559	4	295
域	0.013558	1156	85266
繁	0.013553	622	45894
河	0.013525	3826	282890
劇	0.013514	1512	111888
歷	0.013475	2046	151840
鋼	0.013435	1423	105921
章	0.013423	1690	125907
居	0.013417	2224	165760
雄	0.013408	1423	106133
父	0.013385	2046	152854
眠	0.013378	444	33190
屢	0.013374	177	13235
垃	0.013369	607	45402
惑	0.013362	533	39889
桀	0.013360	88	6587
駒	0.013337	88	6598
元	0.013332	3114	233565
娜	0.013323	355	26645
作	0.013272	10233	771017
節	0.013268	4271	321900
進	0.013266	6851	516416
椎	0.013265	177	13343
哪	0.013244	1690	127601
廝	0.013241	88	6646
社	0.013211	3737	282860
禧	0.013185	88	6674
控	0.013158	1779	135204
盔	0.013152	88	6691
診	0.013147	444	33772
恐	0.013108	1423	108562
恭	0.013065	444	33985
蒙	0.013035	1334	102339
雜	0.013020	1601	122967
否	0.013006	444	34139
夷	0.012986	266	20484
曼	0.012942	978	75570
慼	0.012922	88	6810
勺	0.012918	88	6812
宦	0.012909	88	6817
稠	0.012907	88	6818
伍	0.012901	355	27517
謀	0.012900	889	68917
援	0.012885	533	41366
媒	0.012878	533	41389
儘	0.012870	266	20668
準	0.012852	3292	256155
訶	0.012843	88	6852
畸	0.012841	88	6853
效	0.012837	1690	131655
具	0.012815	2224	173546
郵	0.012798	889	69465
丈	0.012789	355	27759
蹺	0.012780	88	6886
蓉	0.012779	177	13851
冊	0.012773	889	69601
埃	0.012721	444	34904
豚	0.012698	88	6930
苛	0.012671	88	6945
呂	0.012669	177	13971
朱	0.012642	1245	98478
踵	0.012629	88	6968
惶	0.012597	177	14051
雕	0.012574	622	49467
伽	0.012553	177	14100
嗓	0.012534	88	7021
饒	0.012518	266	21249
斑	0.012486	533	42687
鍵	0.012457	711	57075
捕	0.012446	355	28524
婉	0.012442	266	21380
濟	0.012434	2580	207501
尼	0.012409	2224	179226
捆	0.012368	88	7115
艇	0.012366	266	21510
羨	0.012365	177	14315
碩	0.012364	266	21514
免	0.012340	1245	100893
甕	0.012287	88	7162
誤	0.012265	1067	86993
厥	0.012253	88	7182
塗	0.012231	711	58133
脅	0.012209	177	14497
質	0.012194	2847	233484
艙	0.012185	266	21830
漓	0.012161	88	7236
厘	0.012136	88	7251
餘	0.012125	2135	176086
候	0.012071	5250	434916
嗣	0.012056	88	7299
確	0.012035	1601	133027
速	0.012000	2224	185335
廁	0.011974	978	81674
鉤	0.011966	443	37021
德	0.011959	4271	357135
察	0.011912	1779	149339
銷	0.011894	1671	140494
巒	0.011868	88	7415
振	0.011789	711	60313
給	0.011776	1868	158622
憶	0.011769	978	83103
服	0.011762	4627	393400
選	0.011691	2758	235907
舍	0.011673	711	60910
敘	0.011671	265	22706
福	0.011665	2402	205923
閉	0.011606	711	61260
表	0.011597	5695	491080
職	0.011564	1957	169232
諭	0.011484	88	7663
污	0.011457	1423	124202
遺	0.011437	1334	116643
馨	0.011436	88	7695
京	0.011413	1601	140274
央	0.011408	711	62323
猩	0.011406	88	7715
魟	0.011364	5	440
董	0.011343	266	23451
紗	0.011342	355	31299
恆	0.011329	355	31336
自	0.011296	21089	1867004
俸	0.011275	88	7805
泛	0.011248	533	47387
瀝	0.011214	88	7847
鄭	0.011211	355	31666
代	0.011185	4627	413691
債	0.011167	533	47732
寧	0.011148	2046	183535
鬱	0.011111	444	39960
午	0.011111	622	55982
驛	0.011093	88	7933
棘	0.011054	88	7961
嬰	0.011053	177	16014
注	0.011047	1156	104647
國	0.011042	12547	1136313
齡	0.011037	533	48293
粵	0.011006	88	7996
宰	0.011004	177	16085
粹	0.010955	177	16157
懇	0.010943	88	8042
熒	0.010915	88	8062
竟	0.010890	2491	228743
奠	0.010879	88	8089
撰	0.010879	88	8089
鎮	0.010869	1512	139112
志	0.010845	2135	196857
秀	0.010843	889	81989
窘	0.010835	88	8122
籽	0.010796	88	8151
欽	0.010793	177	16400
輯	0.010778	444	41194
保	0.010706	4093	382323
括	0.010652	355	33326
黨	0.010650	2135	200467
翩	0.010618	88	8288
委	0.010609	1690	159302
技	0.010588	2580	243672
謝	0.010587	1868	176441
緞	0.010587	88	8312
幽	0.010578	444	41972
該	0.010578	6318	597258
宛	0.010558	88	8335
庇	0.010553	88	8339
嘲	0.010535	88	8353
期	0.010524	6585	625685
哮	0.010465	88	8409
蓬	0.010456	266	25441
戶	0.010406	1867	179423
喪	0.010403	1067	102562
耕	0.010403	355	34124
隆	0.010385	711	68461
睹	0.010374	88	8483
存	0.010351	2224	214862
複	0.010338	1067	103214
休	0.010330	1067	103290
癌	0.010325	266	25762
魯	0.010310	889	86228
供	0.010305	1156	112181
劃	0.010276	1334	129823
古	0.010269	2491	242579
併	0.010236	355	34682
憾	0.010225	177	17310
擂	0.010219	88	8611
岳	0.010206	177	17343
墨	0.010205	711	69675
釳	0.010204	1	98
普	0.010201	1690	165672
哲	0.010198	266	26084
擇	0.010171	800	78652
驟	0.010165	88	8657
郭	0.010135	266	26245
弗	0.010132	266	26253
宇	0.010095	533	52801
區	0.010078	9254	918267
運	0.010067	3470	344694
尊	0.010001	622	62192
僚	0.009995	88	8804
哺	0.009995	88	8804
演	0.009983	1423	142537
崙	0.009959	88	8836
巡	0.009931	355	35747
象	0.009915	1779	179424
遊	0.009903	2758	278498
程	0.009879	3025	306206
漱	0.009869	88	8917
遵	0.009859	177	17953
管	0.009850	3915	397459
旨	0.009847	177	17975
楷	0.009840	88	8943
雖	0.009799	2402	245139
娃	0.009757	533	54626
展	0.009730	2580	265152
稀	0.009692	355	36627
凱	0.009687	266	27460
懲	0.009669	177	18306
崑	0.009667	88	9103
妓	0.009647	88	9122
遍	0.009628	355	36870
寨	0.009593	177	18450
材	0.009587	889	92731
召	0.009570	266	27794
童	0.009529	711	74616
揚	0.009435	800	84789
彼	0.009428	266	28214
導	0.009417	1779	188920
愉	0.009401	88	9361
助	0.009388	1156	123137
宮	0.009329	978	104834
折	0.009326	1067	114408
昧	0.009304	177	19025
循	0.009264	355	38322
祥	0.009238	266	28793
省	0.009231	1690	183088
溢	0.009226	177	19185
竅	0.009218	88	9547
僕	0.009166	266	29020
霄	0.009121	88	9648
夏	0.009105	800	87863
擴	0.009103	355	38999
獻	0.009097	444	48809
征	0.009095	266	29247
脣	0.009091	266	29259
怎	0.009083	889	97875
漂	0.009065	355	39162
漠	0.009061	444	49001
渝	0.009049	88	9725
核	0.009039	1957	216506
膊	0.009014	355	39384
蠶	0.009008	177	19649
歡	0.009002	1334	148189
集	0.008967	2313	257951
責	0.008960	1156	129019
桂	0.008952	266	29713
馴	0.008945	88	9838
蔓	0.008926	88	9859
策	0.008911	711	79792
緝	0.008910	88	9877
瞻	0.008887	88	9902
僧	0.008858	177	19982
懸	0.008836	355	40178
勵	0.008821	177	20066
嚴	0.008792	978	111242
駐	0.008780	266	30295
壯	0.008728	444	50872
醇	0.008706	266	30555
涅	0.008694	88	10122
暫	0.008663	444	51250
諱	0.008651	88	10172
梵	0.008640	88	10185
榮	0.008640	622	71994
鹵	0.008615	88	10215
盜	0.008615	355	41209
摩	0.008610	800	92911
造	0.008607	1512	175663
祖	0.008590	800	93132
疆	0.008586	177	20616
暮	0.008568	177	20658
專	0.008553	1957	228798
迎	0.008547	622	72777
境	0.008529	1334	156410
濤	0.008513	177	20791
筍	0.008510	88	10341
績	0.008502	444	52226
橘	0.008477	88	10381
縱	0.008460	444	52485
積	0.008433	1067	126529
安	0.008422	5161	612834
證	0.008415	1868	221991
臘	0.008414	177	21037
廚	0.008410	355	42214
恥	0.008380	266	31741
俗	0.008376	533	63633
寡	0.008359	266	31821
辦	0.008343	1957	234576
殭	0.008342	88	10549
巧	0.008335	533	63947
奈	0.008310	444	53432
主	0.008280	5962	720062
毫	0.008265	711	86025
氮	0.008247	88	10670
妃	0.008245	88	10673
測	0.008242	1245	151062
官	0.008223	1690	205515
縣	0.008220	8575	1043139
徑	0.008219	355	43193
虞	0.008219	88	10707
仿	0.008212	177	21555
列	0.008174	1067	130528
適	0.008145	711	87292
鸂	0.008108	3	370
瓦	0.008096	711	87826
穆	0.008013	177	22090
賽	0.008012	1423	177616
立	0.007991	2491	311743
廈	0.007983	266	33320
抗	0.007919	889	112256
洋	0.007891	1156	146497
宿	0.007886	622	78872
維	0.007886	1423	180446
斯	0.007877	3826	485704
瀏	0.007853	88	11206
恬	0.007838	88	11228
乙	0.007837	355	45296
墾	0.007835	88	11232
迭	0.007823	88	11249
奧	0.007820	800	102297
燃	0.007810	355	45452
顛	0.007807	177	22671
獨	0.007799	1156	148226
司	0.007791	2491	319746
疑	0.007779	889	114281
護	0.007751	1690	218035
洽	0.007747	88	11359
毯	0.007746	88	11360
負	0.007717	978	126740
蔭	0.007695	88	11436
盟	0.007664	355	46323
攏	0.007662	88	11486
勝	0.007657	1067	139357
采	0.007610	266	34952
榴	0.007600	88	11579
途	0.007597	533	70155
鄉	0.007563	1423	188158
際	0.007557	1334	176516
莽	0.007557	88	11645
態	0.007508	1334	177683
功	0.007489	1601	213783
窺	0.007436	88	11834
迦	0.007415	88	11868
利	0.007401	4360	589140
蟬	0.007394	88	11901
壟	0.007387	88	11913
轄	0.007321	88	12020
卸	0.007303	177	24238
旱	0.007256	177	24392
垮	0.007237	88	12159
雛	0.007237	88	12159
剛	0.007222	1245	172385
夫	0.007218	1512	209478
驗	0.007217	1156	160180
森	0.007195	800	111183
莖	0.007178	88	12259
屏	0.007165	355	49548
裁	0.007149	266	37206
晰	0.007142	88	12322
沫	0.007130	88	12343
素	0.007121	1334	187344
續	0.007116	1957	274995
棧	0.007116	88	12367
吏	0.007080	88	12430
律	0.007078	800	113025
犁	0.007031	88	12516
窟	0.007028	88	12521
擅	0.007014	88	12547
斗	0.006991	533	76240
澆	0.006950	88	12661
胎	0.006945	355	51118
捷	0.006903	266	38536
充	0.006899	711	103058
現	0.006880	3826	556135
鋒	0.006865	266	38747
徒	0.006856	444	64763
津	0.006849	444	64827
市	0.006801	5695	837368
噸	0.006793	88	12955
慶	0.006761	622	92000
柏	0.006697	266	39721
侶	0.006688	177	26464
肅	0.006684	177	26481
焉	0.006653	88	13227
傲	0.006631	177	26692
鈔	0.006620	88	13294
題	0.006618	2491	376402
昂	0.006616	177	26755
奴	0.006566	355	54066
衡	0.006548	355	54219
設	0.006547	1601	244522
伐	0.006529	177	27111
陽	0.006522	2224	340980
氧	0.006466	444	68667
謂	0.006429	533	82905
靡	0.006412	88	13724
孝	0.006411	266	41488
玻	0.006388	355	55572
務	0.006367	2313	363254
消	0.006339	1423	224492
秋	0.006313	978	154924
礙	0.006297	177	28109
釐	0.006294	88	13981
雍	0.006279	88	14016
梅	0.006277	444	70739
優	0.006260	711	113574
械	0.006240	266	42628
瓷	0.006188	88	14221
滅	0.006188	444	71754
諮	0.006178	88	14245
鱗	0.006168	88	14267
鄙	0.006162	88	14280
崗	0.006150	266	43250
躍	0.006135	177	28853
根	0.006133	1512	246525
價	0.006105	1957	320579
竿	0.006101	88	14425
民	0.006075	2936	483301
朴	0.006070	88	14497
頻	0.006066	444	73196
垢	0.006066	88	14508
熬	0.006042	88	14564
儁	0.006036	3	497
曠	0.006034	88	14583
烤	0.006032	177	29343
腐	0.006008	266	44277
綱	0.005996	177	29521
持	0.005953	978	164289
幸	0.005947	622	104591
趾	0.005942	88	14809
經	0.005924	7830	1321793
禦	0.005903	88	14908
臺	0.005893	2758	468034
澂	0.005882	7	1190
弔	0.005871	88	14990
障	0.005853	266	45446
唯	0.005847	622	106376
臟	0.005830	177	30358
棲	0.005819	88	15124
蜂	0.005806	177	30485
酷	0.005776	177	30645
冶	0.005763	88	15271
付	0.005761	622	107973
阜	0.005739	88	15333
蹄	0.005683	88	15484
須	0.005655	266	47035
邦	0.005641	266	47157
焊	0.005616	88	15670
懼	0.005615	177	31525
涵	0.005612	88	15680
偶	0.005577	266	47692
悉	0.005543	177	31933
彌	0.005531	177	31999
涉	0.005489	177	32245
漸	0.005471	355	64890
壩	0.005427	88	16215
鶒	0.005420	2	369
划	0.005408	88	16272
寬	0.005403	355	65706
富	0.005396	622	115274
序	0.005395	444	82295
鵬	0.005381	88	16353
蝶	0.005375	177	32932
犀	0.005371	177	32953
夥	0.005351	177	33078
譽	0.005345	177	33115
郊	0.005330	88	16511
決	0.005308	1156	217792
硝	0.005287	88	16646
己	0.005272	5161	978966
于	0.005250	266	50662
季	0.005234	444	84832
鑑	0.005231	266	50851
菸	0.005222	266	50939
備	0.005183	1334	257399
址	0.005111	177	34634
里	0.005106	1690	330977
溪	0.005062	355	70128
虛	0.005055	622	123038
府	0.005052	711	140746
終	0.005047	1601	317210
衛	0.005044	710	140752
萊	0.005027	355	70612
璃	0.005026	266	52930
釦	0.005007	88	17575
宏	0.004995	177	35432
腺	0.004991	177	35461
況	0.004981	800	160620
編	0.004962	622	125361
涕	0.004918	88	17894
創	0.004912	622	126633
煤	0.004894	266	54351
砂	0.004890	177	36196
商	0.004850	1601	330070
慈	0.004786	177	36985
御	0.004779	177	37035
杜	0.004773	177	37085
遣	0.004755	88	18506
苗	0.004701	266	56588
治	0.004682	1334	284925
滄	0.004674	88	18826
週	0.004637	533	114948
騮	0.004621	88	19042
偵	0.004595	88	19152
惱	0.004592	88	19164
驕	0.004589	88	19178
博	0.004539	622	137022
附	0.004524	533	117804
辰	0.004516	88	19487
危	0.004513	444	98373
雁	0.004490	88	19601
特	0.004486	2135	475937
曆	0.004443	177	39842
橡	0.004419	88	19912
承	0.004357	622	142760
匹	0.004352	88	20221
丹	0.004344	355	81717
豐	0.004343	444	102234
鴃	0.004274	1	234
鑄	0.004256	88	20675
訴	0.004256	266	62496
干	0.004255	266	62515
壘	0.004226	88	20823
廣	0.004187	889	212342
財	0.004186	533	127325
槓	0.004125	88	21333
嘗	0.004113	177	43038
膚	0.004097	177	43207
禪	0.004070	88	21620
昭	0.004042	88	21772
脊	0.004027	177	43948
徽	0.004016	88	21911
慎	0.003988	88	22064
芬	0.003960	88	22225
繼	0.003937	889	225820
匪	0.003934	88	22368
妄	0.003933	88	22372
規	0.003908	711	181943
距	0.003833	266	69404
愚	0.003808	88	23110
潭	0.003765	88	23372
潔	0.003748	177	47220
軸	0.003724	177	47527
增	0.003719	444	119380
囊	0.003706	177	47760
碼	0.003701	622	168079
莎	0.003700	177	47833
濾	0.003696	88	23807
耗	0.003692	177	47945
諧	0.003689	88	23857
爾	0.003677	1601	435444
稚	0.003635	88	24209
婦	0.003624	266	73404
始	0.003599	1601	444792
氫	0.003558	88	24731
伙	0.003525	88	24968
固	0.003502	266	75955
騰	0.003494	177	50664
趨	0.003466	88	25393
疫	0.003441	88	25571
詢	0.003401	88	25875
蓄	0.003391	88	25954
業	0.003358	2313	688805
拓	0.003326	88	26459
暢	0.003325	88	26469
霜	0.003307	88	26608
粘	0.003266	88	26944
描	0.003236	88	27196
遜	0.003153	88	27911
徵	0.003144	266	84609
遼	0.003121	88	28192
武	0.003110	711	228623
怖	0.003098	177	57139
參	0.003089	444	143758
評	0.003081	355	115208
賞	0.003080	177	57470
模	0.003077	444	144286
究	0.003051	533	174723
匠	0.003034	88	29008
役	0.002988	88	29452
概	0.002968	266	89611
磁	0.002966	177	59679
促	0.002962	88	29709
壽	0.002938	177	60249
訝	0.002875	88	30613
鴻	0.002846	88	30923
償	0.002845	88	30935
朋	0.002844	978	343904
統	0.002805	622	221751
萄	0.002804	88	31384
育	0.002800	533	190339
憤	0.002766	88	31814
遙	0.002749	88	32011
螺	0.002732	88	32209
薪	0.002690	88	32714
漁	0.002655	88	33145
惜	0.002655	177	66676
鶴	0.002630	88	33462
療	0.002616	177	67667
暑	0.002614	88	33666
延	0.002614	177	67715
葡	0.002608	88	33743
堪	0.002605	88	33775
碳	0.002599	88	33863
艦	0.002568	88	34269
晉	0.002541	88	34626
菌	0.002517	177	70325
示	0.002484	444	178718
松	0.002470	266	107707
塑	0.002417	88	36414
舟	0.002381	88	36966
桑	0.002370	88	37128
獅	0.002365	88	37217
赫	0.002343	88	37563
匯	0.002326	177	76082
俄	0.002322	88	37900
泰	0.002317	177	76393
貫	0.002295	88	38351
植	0.002287	177	77393
擬	0.002258	88	38973
覽	0.002255	88	39020
討	0.002207	177	80192
諸	0.002166	88	40634
範	0.002110	444	210435
函	0.002093	88	42043
綜	0.002058	88	42752
州	0.002047	622	303803
慰	0.002020	88	43555
紀	0.001991	266	133594
圾	0.001979	88	44471
瑪	0.001976	88	44542
產	0.001970	800	406083
研	0.001918	266	138681
建	0.001862	533	286244
遷	0.001837	88	47912
鶗	0.001802	1	555
顯	0.001790	266	148588
脂	0.001778	88	49496
革	0.001751	177	101082
飾	0.001673	88	52593
什	0.001654	355	214627
競	0.001647	88	53430
鍋	0.001622	88	54269
構	0.001619	177	109343
蘋	0.001618	88	54383
努	0.001612	88	54591
災	0.001593	88	55253
刑	0.001422	88	61866
享	0.001414	88	62245
江	0.001388	444	319955
胞	0.001367	88	64372
冠	0.001350	88	65189
訪	0.001315	88	66900
麼	0.001309	444	339239
納	0.001259	177	140609
瘻	0.001209	1	827
昌	0.001208	88	72858
奮	0.001198	88	73446
宗	0.001173	88	75019
汽	0.001146	88	76816
宣	0.001127	88	78095
群	0.001076	177	164433
噚	0.001070	2	1869
伊	0.000999	88	88097
薩	0.000882	88	99824
檢	0.000722	88	121803
藝	0.000684	88	128618
克	0.000593	266	448343
險	0.000574	88	153182
議	0.000507	88	173432
鼕	0.000377	1	2652
資	0.000240	88	366390
T	0.000000	0	1245
侣	0.000000	0	177
劏	0.000000	0	533
啩	0.000000	0	177
嘚	0.000000	0	397
奥	0.000000	0	443
洒	0.000000	0	525
渗	0.000000	0	177
疍	0.000000	0	390
盗	0.000000	0	266
衚	0.000000	0	3222
踭	0.000000	0	177
酰	0.000000	0	7385
静	0.000000	0	354
𦧺	0.000000	0	266
