literal	pos	family	voice	note
走	v			seed
留	v			seed
開心	a			seed
快樂	a			seed
已經	r			seed
尚未	r			seed
香港	n			seed
打	v		active	seed pair
被打	v		passive	seed pair
一石二鳥	v	idiom		seed
中毒	n,v			audit-high;review
自相矛盾	a,v	idiom		audit-high;review
擦掉	v			audit-high;review
一盤散沙	a	idiom		audit-high;review
口齒不清	a	idiom		audit-high;review
必須	r			audit-high;review
扯	v			audit-high;review
怠慢	a,v			audit-high;review
遲鈍	a			audit-high;review
全力以赴	v	idiom		audit-high;review
可能	a,r			audit-high;review
完全	a,r			audit-high;review
異步	a			audit-high;review
真實	a			audit-high;review
曲解	v			audit-high;review
低落	a			audit-high;review
掉頭	v			audit-high;review
完整無缺	a	idiom		audit-high;review
無關	a,v			audit-high;review
憂鬱	a			audit-high;review
報仇	v			audit-high;review
正當	a			audit-high;review
好像	r,v			audit-high;review
粗魯	a			audit-high;review
荒廢	a,v			audit-high;review
精神失常	a			audit-high;review
句	n,x			audit-high;review
半途而廢	v	idiom		audit-high;review
躡手躡腳	v	idiom		audit-high;review
營養元素	n			audit-med;review
色情電影	n			audit-med;review
數據網絡	n			audit-med;review
金口玉言	n	idiom		audit-med;review
清算業務	n			audit-med;review
造型藝術	n			audit-med;review
上皮細胞	n			audit-med;review
此時此刻	r			audit-med;review
真憑實據	n	idiom		audit-med;review
一個二個	x			audit-med;review
氣管痙攣	n			audit-med;review
奧林匹克	n			audit-med;review
能源短缺	n			audit-med;review
高脂血症	n			audit-med;review
幾何級數	n			audit-med;review
沉積作用	n			audit-med;review
荒山野嶺	n	idiom		audit-med;review
衣食父母	n	idiom		audit-med;review
吳越春秋	n			audit-med;review
接力賽跑	n			audit-med;review
戊戌變法	n			audit-med;review
免疫應答	n			audit-med;review
保護模式	n			audit-med;review
應變措施	n			audit-med;review
克羅地亞	n			audit-med;review
高能粒子	n			audit-med;review
尼加拉瓜	n			audit-med;review
生活水準	n			audit-med;review
脱繮之馬	n	idiom		audit-med;review
總政治部	n			audit-med;review
變分原理	n			audit-med;review
低等生物	n			audit-med;review
化學工業	n			audit-med;review
個人資料	n			audit-med;review
熱線電話	n			audit-med;review
血肉之軀	n	idiom		audit-med;review
地下錢莊	n			audit-med;review
背景音樂	n			audit-med;review
公共安全	n			audit-med;review
薩克森州	n			audit-med;review
加工成本	n			audit-med;review
退伍軍人	n			audit-med;review
心理醫生	n			audit-med;review
紡織工業	n			audit-med;review
保留劇目	n			audit-med;review
奇談怪論	n	idiom		audit-med;review
破竹之勢	n	idiom		audit-med;review
文殊菩薩	n			audit-med;review
保定地區	n			audit-med;review
鳥類學家	n			audit-med;review
法治建設	n			audit-med;review
供油系統	n			audit-med;review
飛來橫禍	n	idiom		audit-med;review
開學典禮	n			audit-med;review
專員公署	n			audit-med;review
一	x			numeral;heuristic
一一	x			numeral;heuristic
一五一十	x			numeral;heuristic
一千零一	x			numeral;heuristic
一定	a,r			heuristic
一齊	r			heuristic
丁	x			numeral;heuristic
七	x			numeral;heuristic
七七八八	x			numeral;heuristic
三	x			numeral;heuristic
不	r,x			heuristic
並	r,x			heuristic
之	x			heuristic
九	x			numeral;heuristic
也	r,x			heuristic
了	x			heuristic
二	x			numeral;heuristic
五	x			numeral;heuristic
什麼	x			heuristic
以	x			heuristic
但	x			heuristic
但是	x			heuristic
使	v,x			heuristic
係	v,x			heuristic
兩	x			numeral;heuristic
八	x			numeral;heuristic
六	x			numeral;heuristic
其	x			heuristic
再	r			heuristic
十	x			numeral;heuristic
千	x			numeral;heuristic
千千萬萬	x			numeral;heuristic
千萬	x			numeral;heuristic
即刻	r			heuristic
又	r,x			heuristic
及	x			heuristic
可以	v,x			heuristic
各	x			heuristic
同埋	x			heuristic
向	v,x			heuristic
唔	r,x			heuristic
唔係	v,x			heuristic
喺	x			heuristic
四	x			numeral;heuristic
因為	x			heuristic
在	v,x			heuristic
太	r			heuristic
如果	x			heuristic
對	a,v,x			heuristic
少	a,r			heuristic
就	r,v,x			heuristic
已	r,x			heuristic
幾	x			heuristic
很	r			heuristic
從	x			heuristic
怎樣	r,x			heuristic
怎麼	r,x			heuristic
應該	v,x			heuristic
或	x			heuristic
或者	x			heuristic
所以	x			heuristic
才	r,x			heuristic
把	v,x			heuristic
於	x			heuristic
更	r			heuristic
最	r			heuristic
有	v			heuristic
未	r,x			heuristic
未必	r			heuristic
每	x			heuristic
比較	r,v			heuristic
為	v,x			heuristic
由	x			heuristic
甲	x			numeral;heuristic
百	x			numeral;heuristic
的	x			heuristic
稍後	r			heuristic
給	v,x			heuristic
而	x			heuristic
而且	x			heuristic
能夠	v,x			heuristic
與	x			heuristic
萬	x			numeral;heuristic
萬一	x			numeral;heuristic
被	x			heuristic
該	v,x			heuristic
誰	x			heuristic
讓	v,x			heuristic
這	x			heuristic
還是	r,x			heuristic
那	x			heuristic
都	r,x			heuristic
雖然	x			heuristic
零	x			numeral;heuristic
需要	n,v			heuristic
非常	r			heuristic
一丘之貉	n			len4-noun-heuristic
一國之主	n			len4-noun-heuristic
一國之君	n			len4-noun-heuristic
一夕之間	n			len4-noun-heuristic
一夜之間	n			len4-noun-heuristic
一孔之見	n			len4-noun-heuristic
一字之差	n			len4-noun-heuristic
一己之私	n			len4-noun-heuristic
一己之見	n			len4-noun-heuristic
一席之地	n			len4-noun-heuristic
一得之愚	n			len4-noun-heuristic
一念之間	n			len4-noun-heuristic
一怒之下	n			len4-noun-heuristic
一時之間	n			len4-noun-heuristic
一步之遙	n			len4-noun-heuristic
一氣之下	n			len4-noun-heuristic
一箭之仇	n			len4-noun-heuristic
一線之隔	n			len4-noun-heuristic
一臂之力	n			len4-noun-heuristic
一面之交	n			len4-noun-heuristic
一面之緣	n			len4-noun-heuristic
一面之詞	n			len4-noun-heuristic
七分之一	n			len4-noun-heuristic
七年之癢	n			len4-noun-heuristic
三民主義	n			len4-noun-heuristic
三農問題	n			len4-noun-heuristic
上上之策	n			len4-noun-heuristic
上合組織	n			len4-noun-heuristic
上層社會	n			len4-noun-heuristic
上市公司	n			len4-noun-heuristic
上流人士	n			len4-noun-heuristic
上流社會	n			len4-noun-heuristic
上皮組織	n			len4-noun-heuristic
下層社會	n			len4-noun-heuristic
下流社會	n			len4-noun-heuristic
不實之詞	n			len4-noun-heuristic
不情之請	n			len4-noun-heuristic
不惑之年	n			len4-noun-heuristic
不正之風	n			len4-noun-heuristic
不毛之地	n			len4-noun-heuristic
不治之症	n			len4-noun-heuristic
不法分子	n			len4-noun-heuristic
不祧之祖	n			len4-noun-heuristic
不逞之徒	n			len4-noun-heuristic
世界主義	n			len4-noun-heuristic
世界市場	n			len4-noun-heuristic
世界文化	n			len4-noun-heuristic
世界經濟	n			len4-noun-heuristic
世貿中心	n			len4-noun-heuristic
中國文化	n			len4-noun-heuristic
中國社會	n			len4-noun-heuristic
中庸之道	n			len4-noun-heuristic
中立主義	n			len4-noun-heuristic
中華文化	n			len4-noun-heuristic
主權國家	n			len4-noun-heuristic
主治醫生	n			len4-noun-heuristic
主觀主義	n			len4-noun-heuristic
乍看之下	n			len4-noun-heuristic
乘人之危	n			len4-noun-heuristic
乙種粒子	n			len4-noun-heuristic
九五之尊	n			len4-noun-heuristic
九泉之下	n			len4-noun-heuristic
事務主義	n			len4-noun-heuristic
亡命之徒	n			len4-noun-heuristic
交換技術	n			len4-noun-heuristic
享樂主義	n			len4-noun-heuristic
人中之龍	n			len4-noun-heuristic
人事部門	n			len4-noun-heuristic
人文主義	n			len4-noun-heuristic
人道主義	n			len4-noun-heuristic
付之一炬	n			len4-noun-heuristic
付之東流	n			len4-noun-heuristic
以太網絡	n			len4-noun-heuristic
仰韶文化	n			len4-noun-heuristic
低俗之風	n			len4-noun-heuristic
作業系統	n			len4-noun-heuristic
來之不易	n			len4-noun-heuristic
侵蝕作用	n			len4-noun-heuristic
保守主義	n			len4-noun-heuristic
保護主義	n			len4-noun-heuristic
保險公司	n			len4-noun-heuristic
信陽地區	n			len4-noun-heuristic
修正主義	n			len4-noun-heuristic
俯仰之間	n			len4-noun-heuristic
個人主義	n			len4-noun-heuristic
個體經濟	n			len4-noun-heuristic
偶然之間	n			len4-noun-heuristic
傀儡政府	n			len4-noun-heuristic
催化作用	n			len4-noun-heuristic
傳動機構	n			len4-noun-heuristic
傳家之寶	n			len4-noun-heuristic
傳輸服務	n			len4-noun-heuristic
傳輸模式	n			len4-noun-heuristic
傳輸設備	n			len4-noun-heuristic
傷殘人員	n			len4-noun-heuristic
僵屍網絡	n			len4-noun-heuristic
價值工程	n			len4-noun-heuristic
儲蓄機構	n			len4-noun-heuristic
先見之明	n			len4-noun-heuristic
先進水平	n			len4-noun-heuristic
光化作用	n			len4-noun-heuristic
光合作用	n			len4-noun-heuristic
免疫系統	n			len4-noun-heuristic
兒科醫生	n			len4-noun-heuristic
內江地區	n			len4-noun-heuristic
公之於世	n			len4-noun-heuristic
公共電話	n			len4-noun-heuristic
公務人員	n			len4-noun-heuristic
公安人員	n			len4-noun-heuristic
公用電話	n			len4-noun-heuristic
公立醫院	n			len4-noun-heuristic
公職人員	n			len4-noun-heuristic
共同市場	n			len4-noun-heuristic
共產主義	n			len4-noun-heuristic
冒險主義	n			len4-noun-heuristic
冥冥之中	n			len4-noun-heuristic
冶金工業	n			len4-noun-heuristic
分裂主義	n			len4-noun-heuristic
分裂組織	n			len4-noun-heuristic
分解作用	n			len4-noun-heuristic
列寧主義	n			len4-noun-heuristic
利己主義	n			len4-noun-heuristic
功利主義	n			len4-noun-heuristic
加冕典禮	n			len4-noun-heuristic
勞動產品	n			len4-noun-heuristic
勤雜人員	n			len4-noun-heuristic
包頭地區	n			len4-noun-heuristic
化學元素	n			len4-noun-heuristic
匹夫之勇	n			len4-noun-heuristic
區域網絡	n			len4-noun-heuristic
十之八九	n			len4-noun-heuristic
印象主義	n			len4-noun-heuristic
即興之作	n			len4-noun-heuristic
卵母細胞	n			len4-noun-heuristic
原始社會	n			len4-noun-heuristic
原核生物	n			len4-noun-heuristic
原核細胞	n			len4-noun-heuristic
反之亦然	n			len4-noun-heuristic
反射作用	n			len4-noun-heuristic
反導系統	n			len4-noun-heuristic
取之不盡	n			len4-noun-heuristic
受之有愧	n			len4-noun-heuristic
口腹之慾	n			len4-noun-heuristic
口舌之爭	n			len4-noun-heuristic
古典主義	n			len4-noun-heuristic
古典藝術	n			len4-noun-heuristic
叫醒服務	n			len4-noun-heuristic
召之即來	n			len4-noun-heuristic
可視電話	n			len4-noun-heuristic
可造之材	n			len4-noun-heuristic
各界人士	n			len4-noun-heuristic
同化作用	n			len4-noun-heuristic
君子之交	n			len4-noun-heuristic
吞噬細胞	n			len4-noun-heuristic
吹灰之力	n			len4-noun-heuristic
周口地區	n			len4-noun-heuristic
呼吸系統	n			len4-noun-heuristic
售後服務	n			len4-noun-heuristic
唯物主義	n			len4-noun-heuristic
唱片公司	n			len4-noun-heuristic
商品經濟	n			len4-noun-heuristic
啓動技術	n			len4-noun-heuristic
喪家之犬	n			len4-noun-heuristic
單核細胞	n			len4-noun-heuristic
單邊主義	n			len4-noun-heuristic
嗟來之食	n			len4-noun-heuristic
四平地區	n			len4-noun-heuristic
困獸之鬥	n			len4-noun-heuristic
國內市場	n			len4-noun-heuristic
國土安全	n			len4-noun-heuristic
國外市場	n			len4-noun-heuristic
國家主義	n			len4-noun-heuristic
國家安全	n			len4-noun-heuristic
國家機構	n			len4-noun-heuristic
國民經濟	n			len4-noun-heuristic
國立大學	n			len4-noun-heuristic
國防工業	n			len4-noun-heuristic
國際市場	n			len4-noun-heuristic
國際經濟	n			len4-noun-heuristic
土木工程	n			len4-noun-heuristic
在天之靈	n			len4-noun-heuristic
在此之後	n			len4-noun-heuristic
地主之誼	n			len4-noun-heuristic
地方主義	n			len4-noun-heuristic
地方政府	n			len4-noun-heuristic
垂暮之年	n			len4-noun-heuristic
基因工程	n			len4-noun-heuristic
基地組織	n			len4-noun-heuristic
基本單位	n			len4-noun-heuristic
基本粒子	n			len4-noun-heuristic
基礎問題	n			len4-noun-heuristic
塔城地區	n			len4-noun-heuristic
壟斷市場	n			len4-noun-heuristic
夕陽工業	n			len4-noun-heuristic
外力作用	n			len4-noun-heuristic
外勤人員	n			len4-noun-heuristic
外匯市場	n			len4-noun-heuristic
外科醫生	n			len4-noun-heuristic
外籍人士	n			len4-noun-heuristic
多事之秋	n			len4-noun-heuristic
大將之風	n			len4-noun-heuristic
大雅之堂	n			len4-noun-heuristic
天之驕子	n			len4-noun-heuristic
天作之合	n			len4-noun-heuristic
天壤之別	n			len4-noun-heuristic
天府之國	n			len4-noun-heuristic
天文單位	n			len4-noun-heuristic
天淵之別	n			len4-noun-heuristic
失之交臂	n			len4-noun-heuristic
女性主義	n			len4-noun-heuristic
女權主義	n			len4-noun-heuristic
女流之輩	n			len4-noun-heuristic
奴隸社會	n			len4-noun-heuristic
好事之徒	n			len4-noun-heuristic
婦人之仁	n			len4-noun-heuristic
婦科醫生	n			len4-noun-heuristic
孔孟之道	n			len4-noun-heuristic
存在主義	n			len4-noun-heuristic
孤立主義	n			len4-noun-heuristic
安全措施	n			len4-noun-heuristic
安慶地區	n			len4-noun-heuristic
宗派主義	n			len4-noun-heuristic
官僚主義	n			len4-noun-heuristic
客觀主義	n			len4-noun-heuristic
實用主義	n			len4-noun-heuristic
寧波地區	n			len4-noun-heuristic
寫實主義	n			len4-noun-heuristic
封建主義	n			len4-noun-heuristic
封建社會	n			len4-noun-heuristic
專家系統	n			len4-noun-heuristic
專業人士	n			len4-noun-heuristic
專業組織	n			len4-noun-heuristic
專線電話	n			len4-noun-heuristic
專職人員	n			len4-noun-heuristic
專門人員	n			len4-noun-heuristic
導彈系統	n			len4-noun-heuristic
導航系統	n			len4-noun-heuristic
小農經濟	n			len4-noun-heuristic
少之又少	n			len4-noun-heuristic
巢湖地區	n			len4-noun-heuristic
工作人員	n			len4-noun-heuristic
工業中心	n			len4-noun-heuristic
工業國家	n			len4-noun-heuristic
工科大學	n			len4-noun-heuristic
巨噬細胞	n			len4-noun-heuristic
市場經濟	n			len4-noun-heuristic
市民社會	n			len4-noun-heuristic
帝國主義	n			len4-noun-heuristic
師範大學	n			len4-noun-heuristic
師範學院	n			len4-noun-heuristic
常見問題	n			len4-noun-heuristic
平均主義	n			len4-noun-heuristic
平庸之輩	n			len4-noun-heuristic
平等主義	n			len4-noun-heuristic
延安地區	n			len4-noun-heuristic
延邊地區	n			len4-noun-heuristic
建築公司	n			len4-noun-heuristic
引水工程	n			len4-noun-heuristic
弦外之音	n			len4-noun-heuristic
強弩之末	n			len4-noun-heuristic
彈丸之地	n			len4-noun-heuristic
彈指之間	n			len4-noun-heuristic
形式主義	n			len4-noun-heuristic
後事之師	n			len4-noun-heuristic
後勤人員	n			len4-noun-heuristic
後起之秀	n			len4-noun-heuristic
後顧之憂	n			len4-noun-heuristic
循環系統	n			len4-noun-heuristic
微觀經濟	n			len4-noun-heuristic
德州地區	n			len4-noun-heuristic
心理作用	n			len4-noun-heuristic
心理現象	n			len4-noun-heuristic
心腹之患	n			len4-noun-heuristic
必然結果	n			len4-noun-heuristic
必爭之地	n			len4-noun-heuristic
必由之路	n			len4-noun-heuristic
志願服務	n			len4-noun-heuristic
忽然之間	n			len4-noun-heuristic
急人之難	n			len4-noun-heuristic
恐怖主義	n			len4-noun-heuristic
恐怖分子	n			len4-noun-heuristic
恐怖組織	n			len4-noun-heuristic
恐怖電影	n			len4-noun-heuristic
悔之晚矣	n			len4-noun-heuristic
患難之交	n			len4-noun-heuristic
悲觀主義	n			len4-noun-heuristic
情急之下	n			len4-noun-heuristic
意料之中	n			len4-noun-heuristic
意料之外	n			len4-noun-heuristic
愛國主義	n			len4-noun-heuristic
愛國人士	n			len4-noun-heuristic
慈善機構	n			len4-noun-heuristic
慣性作用	n			len4-noun-heuristic
應用技術	n			len4-noun-heuristic
所屬單位	n			len4-noun-heuristic
手提電話	n			len4-noun-heuristic
抑制作用	n			len4-noun-heuristic
投降主義	n			len4-noun-heuristic
折衷主義	n			len4-noun-heuristic
拒之門外	n			len4-noun-heuristic
拜金主義	n			len4-noun-heuristic
拳頭產品	n			len4-noun-heuristic
持之有故	n			len4-noun-heuristic
排泄系統	n			len4-noun-heuristic
排猶主義	n			len4-noun-heuristic
控股公司	n			len4-noun-heuristic
揮之不去	n			len4-noun-heuristic
援助之手	n			len4-noun-heuristic
援助機構	n			len4-noun-heuristic
收之桑榆	n			len4-noun-heuristic
改良主義	n			len4-noun-heuristic
政府機構	n			len4-noun-heuristic
政府部門	n			len4-noun-heuristic
政治經濟	n			len4-noun-heuristic
政界人士	n			len4-noun-heuristic
教學機構	n			len4-noun-heuristic
教條主義	n			len4-noun-heuristic
教育大學	n			len4-noun-heuristic
教育學院	n			len4-noun-heuristic
數據中心	n			len4-noun-heuristic
文化水平	n			len4-noun-heuristic
文明國家	n			len4-noun-heuristic
文明社會	n			len4-noun-heuristic
文職人員	n			len4-noun-heuristic
斷袖之癖	n			len4-noun-heuristic
明日之星	n			len4-noun-heuristic
明智之舉	n			len4-noun-heuristic
星星之火	n			len4-noun-heuristic
是非之地	n			len4-noun-heuristic
普天之下	n			len4-noun-heuristic
智能電話	n			len4-noun-heuristic
智障人士	n			len4-noun-heuristic
有夫之婦	n			len4-noun-heuristic
有婦之夫	n			len4-noun-heuristic
有心人士	n			len4-noun-heuristic
有核國家	n			len4-noun-heuristic
有生之年	n			len4-noun-heuristic
有識之士	n			len4-noun-heuristic
有限公司	n			len4-noun-heuristic
朝陽地區	n			len4-noun-heuristic
未解之謎	n			len4-noun-heuristic
本位主義	n			len4-noun-heuristic
本本主義	n			len4-noun-heuristic
東巴文化	n			len4-noun-heuristic
東方國家	n			len4-noun-heuristic
東方文化	n			len4-noun-heuristic
林芝地區	n			len4-noun-heuristic
桌面系統	n			len4-noun-heuristic
業務水平	n			len4-noun-heuristic
榆林地區	n			len4-noun-heuristic
榮譽軍人	n			len4-noun-heuristic
槓桿原理	n			len4-noun-heuristic
樂山地區	n			len4-noun-heuristic
樂觀主義	n			len4-noun-heuristic
標準組織	n			len4-noun-heuristic
機會主義	n			len4-noun-heuristic
機會成本	n			len4-noun-heuristic
機電設備	n			len4-noun-heuristic
權宜之計	n			len4-noun-heuristic
武漢地區	n			len4-noun-heuristic
武裝分子	n			len4-noun-heuristic
殖民主義	n			len4-noun-heuristic
殺身之禍	n			len4-noun-heuristic
毛細現象	n			len4-noun-heuristic
民族主義	n			len4-noun-heuristic
民族工業	n			len4-noun-heuristic
民權主義	n			len4-noun-heuristic
民生主義	n			len4-noun-heuristic
民粹主義	n			len4-noun-heuristic
氣象學者	n			len4-noun-heuristic
氧化作用	n			len4-noun-heuristic
水利工程	n			len4-noun-heuristic
求之不得	n			len4-noun-heuristic
汕頭地區	n			len4-noun-heuristic
池魚之殃	n			len4-noun-heuristic
沉沒成本	n			len4-noun-heuristic
沙漠之狐	n			len4-noun-heuristic
泛泛之交	n			len4-noun-heuristic
泛泛之輩	n			len4-noun-heuristic
泡沫經濟	n			len4-noun-heuristic
注意安全	n			len4-noun-heuristic
洛陽地區	n			len4-noun-heuristic
流亡政府	n			len4-noun-heuristic
浩然之氣	n			len4-noun-heuristic
浮游生物	n			len4-noun-heuristic
海洋生物	n			len4-noun-heuristic
海運公司	n			len4-noun-heuristic
海關人員	n			len4-noun-heuristic
消化系統	n			len4-noun-heuristic
消費資料	n			len4-noun-heuristic
消防安全	n			len4-noun-heuristic
溢美之詞	n			len4-noun-heuristic
滅門之禍	n			len4-noun-heuristic
漁人之利	n			len4-noun-heuristic
激進分子	n			len4-noun-heuristic
濟南地區	n			len4-noun-heuristic
濟寧地區	n			len4-noun-heuristic
為之動容	n			len4-noun-heuristic
無冕之王	n			len4-noun-heuristic
無心之失	n			len4-noun-heuristic
無心之過	n			len4-noun-heuristic
無恥之徒	n			len4-noun-heuristic
無稽之談	n			len4-noun-heuristic
無米之炊	n			len4-noun-heuristic
無線電話	n			len4-noun-heuristic
無限公司	n			len4-noun-heuristic
照明設備	n			len4-noun-heuristic
熱帶地區	n			len4-noun-heuristic
片面之詞	n			len4-noun-heuristic
牙科醫生	n			len4-noun-heuristic
牢獄之災	n			len4-noun-heuristic
物理現象	n			len4-noun-heuristic
特務組織	n			len4-noun-heuristic
犬儒主義	n			len4-noun-heuristic
犬馬之勞	n			len4-noun-heuristic
獨到之處	n			len4-noun-heuristic
獨身主義	n			len4-noun-heuristic
玄之又玄	n			len4-noun-heuristic
現代主義	n			len4-noun-heuristic
理工大學	n			len4-noun-heuristic
理工學院	n			len4-noun-heuristic
理想主義	n			len4-noun-heuristic
環保主義	n			len4-noun-heuristic
環境問題	n			len4-noun-heuristic
生存之道	n			len4-noun-heuristic
生死之交	n			len4-noun-heuristic
生殖細胞	n			len4-noun-heuristic
生活水平	n			len4-noun-heuristic
生活資料	n			len4-noun-heuristic
生產資料	n			len4-noun-heuristic
生花之筆	n			len4-noun-heuristic
生財之道	n			len4-noun-heuristic
產科醫生	n			len4-noun-heuristic
用武之地	n			len4-noun-heuristic
畢業典禮	n			len4-noun-heuristic
略識之無	n			len4-noun-heuristic
異化作用	n			len4-noun-heuristic
異常現象	n			len4-noun-heuristic
疑難問題	n			len4-noun-heuristic
百獸之王	n			len4-noun-heuristic
百米賽跑	n			len4-noun-heuristic
百貨公司	n			len4-noun-heuristic
皮下組織	n			len4-noun-heuristic
皮包公司	n			len4-noun-heuristic
相對主義	n			len4-noun-heuristic
相比之下	n			len4-noun-heuristic
眉宇之間	n			len4-noun-heuristic
看守政府	n			len4-noun-heuristic
真皮組織	n			len4-noun-heuristic
眼科醫生	n			len4-noun-heuristic
瞬息之間	n			len4-noun-heuristic
知人之明	n			len4-noun-heuristic
知名人士	n			len4-noun-heuristic
知識分子	n			len4-noun-heuristic
知識經濟	n			len4-noun-heuristic
短線產品	n			len4-noun-heuristic
示範單位	n			len4-noun-heuristic
社會主義	n			len4-noun-heuristic
社會現象	n			len4-noun-heuristic
神來之筆	n			len4-noun-heuristic
神經系統	n			len4-noun-heuristic
神經細胞	n			len4-noun-heuristic
神職人員	n			len4-noun-heuristic
禁慾主義	n			len4-noun-heuristic
禮儀之邦	n			len4-noun-heuristic
科學主義	n			len4-noun-heuristic
科技大學	n			len4-noun-heuristic
移動設備	n			len4-noun-heuristic
稀土元素	n			len4-noun-heuristic
稀有元素	n			len4-noun-heuristic
程控電話	n			len4-noun-heuristic
稽查人員	n			len4-noun-heuristic
空殼公司	n			len4-noun-heuristic
突然之間	n			len4-noun-heuristic
立足之地	n			len4-noun-heuristic
立錐之地	n			len4-noun-heuristic
立體電影	n			len4-noun-heuristic
競爭模式	n			len4-noun-heuristic
競爭產品	n			len4-noun-heuristic
等閒之輩	n			len4-noun-heuristic
納米技術	n			len4-noun-heuristic
納粹主義	n			len4-noun-heuristic
細胞組織	n			len4-noun-heuristic
紹興地區	n			len4-noun-heuristic
結婚典禮	n			len4-noun-heuristic
結業典禮	n			len4-noun-heuristic
結締組織	n			len4-noun-heuristic
絲綢之路	n			len4-noun-heuristic
經合組織	n			len4-noun-heuristic
經驗之談	n			len4-noun-heuristic
綜合藝術	n			len4-noun-heuristic
網管系統	n			len4-noun-heuristic
編碼系統	n			len4-noun-heuristic
緩衝作用	n			len4-noun-heuristic
纖維工業	n			len4-noun-heuristic
置之不理	n			len4-noun-heuristic
置之度外	n			len4-noun-heuristic
美國軍人	n			len4-noun-heuristic
羣眾組織	n			len4-noun-heuristic
耄耋之年	n			len4-noun-heuristic
而立之年	n			len4-noun-heuristic
聯合政府	n			len4-noun-heuristic
聯邦政府	n			len4-noun-heuristic
肅殺之氣	n			len4-noun-heuristic
肌肉組織	n			len4-noun-heuristic
肌膚之親	n			len4-noun-heuristic
股份公司	n			len4-noun-heuristic
股票市場	n			len4-noun-heuristic
肺腑之言	n			len4-noun-heuristic
胯下之辱	n			len4-noun-heuristic
臨汾地區	n			len4-noun-heuristic
自然主義	n			len4-noun-heuristic
自然之友	n			len4-noun-heuristic
自然經濟	n			len4-noun-heuristic
自由主義	n			len4-noun-heuristic
自由市場	n			len4-noun-heuristic
自知之明	n			len4-noun-heuristic
致富之道	n			len4-noun-heuristic
航空公司	n			len4-noun-heuristic
良渚文化	n			len4-noun-heuristic
英雄主義	n			len4-noun-heuristic
莫逆之交	n			len4-noun-heuristic
萬全之策	n			len4-noun-heuristic
萬全之計	n			len4-noun-heuristic
萬物之靈	n			len4-noun-heuristic
葬身之地	n			len4-noun-heuristic
蒸騰作用	n			len4-noun-heuristic
藏身之處	n			len4-noun-heuristic
藝術學院	n			len4-noun-heuristic
蘇州地區	n			len4-noun-heuristic
處之泰然	n			len4-noun-heuristic
處理方法	n			len4-noun-heuristic
虛無主義	n			len4-noun-heuristic
虹吸現象	n			len4-noun-heuristic
血光之災	n			len4-noun-heuristic
行之有效	n			len4-noun-heuristic
行動電話	n			len4-noun-heuristic
行政單位	n			len4-noun-heuristic
行政部門	n			len4-noun-heuristic
衞生設備	n			len4-noun-heuristic
製作方法	n			len4-noun-heuristic
覆盆之冤	n			len4-noun-heuristic
視覺藝術	n			len4-noun-heuristic
觀察人士	n			len4-noun-heuristic
解放組織	n			len4-noun-heuristic
言下之意	n			len4-noun-heuristic
言之尚早	n			len4-noun-heuristic
言之成理	n			len4-noun-heuristic
言之有據	n			len4-noun-heuristic
言之有物	n			len4-noun-heuristic
言之有理	n			len4-noun-heuristic
言之無物	n			len4-noun-heuristic
言之過早	n			len4-noun-heuristic
言之鑿鑿	n			len4-noun-heuristic
言外之意	n			len4-noun-heuristic
證券公司	n			len4-noun-heuristic
證券市場	n			len4-noun-heuristic
警報系統	n			len4-noun-heuristic
變質作用	n			len4-noun-heuristic
象徵主義	n			len4-noun-heuristic
象牙之塔	n			len4-noun-heuristic
貨幣主義	n			len4-noun-heuristic
貪天之功	n			len4-noun-heuristic
貿易組織	n			len4-noun-heuristic
購物中心	n			len4-noun-heuristic
贛州地區	n			len4-noun-heuristic
赤腳醫生	n			len4-noun-heuristic
趁人之危	n			len4-noun-heuristic
超級市場	n			len4-noun-heuristic
越野賽跑	n			len4-noun-heuristic
趨之若鶩	n			len4-noun-heuristic
跨國公司	n			len4-noun-heuristic
跳蚤市場	n			len4-noun-heuristic
身外之物	n			len4-noun-heuristic
軍事學院	n			len4-noun-heuristic
軍事機構	n			len4-noun-heuristic
軍事部門	n			len4-noun-heuristic
軍國主義	n			len4-noun-heuristic
軟件技術	n			len4-noun-heuristic
輸入系統	n			len4-noun-heuristic
輸入設備	n			len4-noun-heuristic
轉眼之間	n			len4-noun-heuristic
辦事機構	n			len4-noun-heuristic
辦公設備	n			len4-noun-heuristic
農業技術	n			len4-noun-heuristic
農業社會	n			len4-noun-heuristic
農貿市場	n			len4-noun-heuristic
退役軍人	n			len4-noun-heuristic
通信技術	n			len4-noun-heuristic
通信服務	n			len4-noun-heuristic
通信網絡	n			len4-noun-heuristic
通訊設備	n			len4-noun-heuristic
造成問題	n			len4-noun-heuristic
造紙工業	n			len4-noun-heuristic
造船工業	n			len4-noun-heuristic
週邊設備	n			len4-noun-heuristic
進步人士	n			len4-noun-heuristic
遊戲設備	n			len4-noun-heuristic
運城地區	n			len4-noun-heuristic
遺傳工程	n			len4-noun-heuristic
邊緣地區	n			len4-noun-heuristic
邊遠地區	n			len4-noun-heuristic
邊際成本	n			len4-noun-heuristic
邯鄲地區	n			len4-noun-heuristic
醉翁之意	n			len4-noun-heuristic
重中之重	n			len4-noun-heuristic
重量單位	n			len4-noun-heuristic
野生生物	n			len4-noun-heuristic
金融中心	n			len4-noun-heuristic
金融市場	n			len4-noun-heuristic
金融機構	n			len4-noun-heuristic
銅仁地區	n			len4-noun-heuristic
鋼鐵工業	n			len4-noun-heuristic
鎮江地區	n			len4-noun-heuristic
長平之戰	n			len4-noun-heuristic
長線產品	n			len4-noun-heuristic
長途電話	n			len4-noun-heuristic
門户之見	n			len4-noun-heuristic
開幕典禮	n			len4-noun-heuristic
開放系統	n			len4-noun-heuristic
開花結果	n			len4-noun-heuristic
關中地區	n			len4-noun-heuristic
關鍵問題	n			len4-noun-heuristic
防火設備	n			len4-noun-heuristic
除此之外	n			len4-noun-heuristic
障礙賽跑	n			len4-noun-heuristic
隨之而來	n			len4-noun-heuristic
隨行人員	n			len4-noun-heuristic
隴南地區	n			len4-noun-heuristic
集體經濟	n			len4-noun-heuristic
電力公司	n			len4-noun-heuristic
電力工業	n			len4-noun-heuristic
電子工業	n			len4-noun-heuristic
電子工程	n			len4-noun-heuristic
電子產品	n			len4-noun-heuristic
電子網絡	n			len4-noun-heuristic
電機工程	n			len4-noun-heuristic
電氣工程	n			len4-noun-heuristic
電視公司	n			len4-noun-heuristic
電視大學	n			len4-noun-heuristic
非黨人士	n			len4-noun-heuristic
靡靡之音	n			len4-noun-heuristic
音樂之聲	n			len4-noun-heuristic
音頻設備	n			len4-noun-heuristic
預防措施	n			len4-noun-heuristic
頒獎典禮	n			len4-noun-heuristic
顧問公司	n			len4-noun-heuristic
風化作用	n			len4-noun-heuristic
食品工業	n			len4-noun-heuristic
飽學之士	n			len4-noun-heuristic
養生之道	n			len4-noun-heuristic
養育之恩	n			len4-noun-heuristic
養身之道	n			len4-noun-heuristic
首善之區	n			len4-noun-heuristic
首映典禮	n			len4-noun-heuristic
香港大學	n			len4-noun-heuristic
馬列主義	n			len4-noun-heuristic
驚人之舉	n			len4-noun-heuristic
骨科醫生	n			len4-noun-heuristic
高新技術	n			len4-noun-heuristic
高速網絡	n			len4-noun-heuristic
魚水之歡	n			len4-noun-heuristic
鴻鵠之志	n			len4-noun-heuristic
麗水地區	n			len4-noun-heuristic
黔驢之技	n			len4-noun-heuristic
點睛之筆	n			len4-noun-heuristic
點頭之交	n			len4-noun-heuristic
鼎足之勢	n			len4-noun-heuristic
齊人之福	n			len4-noun-heuristic
龍山文化	n			len4-noun-heuristic
一些	a,n			cow-multi
一致	n,v			cow-multi
上升	n,v			cow-multi
上漲	n,v			cow-multi
下跌	n,v			cow-multi
下降	n,v			cow-multi
不和	n,v			cow-multi
不安	a,n			cow-multi
不屑	n,v			cow-multi
中	a,n			cow-multi
中斷	n,v			cow-multi
中止	n,v			cow-multi
主持	n,v			cow-multi
乾淨	a,n			cow-multi
交叉	n,v			cow-multi
交換	n,v			cow-multi
交易	n,v			cow-multi
交流	n,v			cow-multi
仇恨	n,v			cow-multi
介紹	n,v			cow-multi
付款	n,v			cow-multi
代	a,n			cow-multi
代表	n,v			cow-multi
企圖	n,v			cow-multi
休假	n,v			cow-multi
休息	n,v			cow-multi
伸出	n,v			cow-multi
佈置	n,v			cow-multi
佔有	n,v			cow-multi
佔用	n,v			cow-multi
作用	n,v			cow-multi
佩服	n,v			cow-multi
供應	n,v			cow-multi
依賴	n,v			cow-multi
侵害	n,v			cow-multi
侵蝕	n,v			cow-multi
促進	n,v			cow-multi
保存	n,v			cow-multi
保證	n,v			cow-multi
保護	n,v			cow-multi
保釋	n,v			cow-multi
保障	n,v			cow-multi
信任	n,v			cow-multi
信託	n,v			cow-multi
值	n,v			cow-multi
值得	n,v			cow-multi
假裝	n,v			cow-multi
假設	n,v			cow-multi
偏袒	n,v			cow-multi
偏離	n,v			cow-multi
停工	n,v			cow-multi
停止	n,v			cow-multi
停滯	n,v			cow-multi
停留	n,v			cow-multi
停頓	n,v			cow-multi
偵探	n,v			cow-multi
催眠	n,v			cow-multi
傳染	n,v			cow-multi
傷害	n,v			cow-multi
傾向	n,v			cow-multi
價值	n,v			cow-multi
儲存	n,v			cow-multi
允許	n,v			cow-multi
充滿	n,v			cow-multi
充足	n,v			cow-multi
光明	a,n			cow-multi
入侵	n,v			cow-multi
共有	n,v			cow-multi
共鳴	n,v			cow-multi
冒險	n,v			cow-multi
冷	a,n			cow-multi
冷卻	n,v			cow-multi
凝固	n,v			cow-multi
凝結	n,v			cow-multi
凝聚	n,v			cow-multi
出口	n,v			cow-multi
出席	n,v			cow-multi
出版	n,v			cow-multi
出現	n,v			cow-multi
出發	n,v			cow-multi
出血	n,v			cow-multi
分享	n,v			cow-multi
分散	n,v			cow-multi
分析	n,v			cow-multi
分解	n,v			cow-multi
分配	n,v			cow-multi
分開	n,v			cow-multi
分離	n,v			cow-multi
切	n,v			cow-multi
切斷	n,v			cow-multi
判決	n,v			cow-multi
利用	n,v			cow-multi
刪除	n,v			cow-multi
制服	n,v			cow-multi
制止	n,v			cow-multi
刷	n,v			cow-multi
刺	n,v			cow-multi
刺激	n,v			cow-multi
削減	n,v			cow-multi
剋制	n,v			cow-multi
前進	n,v			cow-multi
剩餘	n,v			cow-multi
割	n,v			cow-multi
創造	n,v			cow-multi
劇痛	n,v			cow-multi
加入	n,v			cow-multi
加冕	n,v			cow-multi
加劇	n,v			cow-multi
加強	n,v			cow-multi
加熱	n,v			cow-multi
努力	n,v			cow-multi
動搖	n,v			cow-multi
勞動	n,v			cow-multi
勢均力敵	r,v			cow-multi
包	n,v			cow-multi
包括	n,v			cow-multi
包裝	n,v			cow-multi
升起	n,v			cow-multi
協作	n,v			cow-multi
印	n,v			cow-multi
危害	n,v			cow-multi
厭惡	n,v			cow-multi
參加	n,v			cow-multi
參與	n,v			cow-multi
參觀	n,v			cow-multi
反射	n,v			cow-multi
反對	n,v			cow-multi
反抗	n,v			cow-multi
取代	n,v			cow-multi
取消	n,v			cow-multi
取笑	n,v			cow-multi
古代	n,r			cow-multi
古物	a,n			cow-multi
叫喊	n,v			cow-multi
叮	n,v			cow-multi
合作	n,v			cow-multi
合計	n,v			cow-multi
同等	n,v			cow-multi
吵架	n,v			cow-multi
吵鬧	n,v			cow-multi
吸引	n,v			cow-multi
吸收	n,v			cow-multi
吸煙	n,v			cow-multi
呆	a,v			cow-multi
呈現	n,v			cow-multi
命令	n,v			cow-multi
和諧	n,v			cow-multi
商業	n,v			cow-multi
問候	n,v			cow-multi
啓示	n,v			cow-multi
喜愛	n,v			cow-multi
喧鬧	n,v			cow-multi
喪失	n,v			cow-multi
嘆息	n,v			cow-multi
嘗試	n,v			cow-multi
囚禁	n,v			cow-multi
回來	n,v			cow-multi
回報	n,v			cow-multi
回憶	n,v			cow-multi
回答	n,v			cow-multi
回顧	n,v			cow-multi
固定	n,v			cow-multi
圈	n,v			cow-multi
圍繞	n,v			cow-multi
團結	n,v			cow-multi
團結一致	n,v			cow-multi
坐牢	n,v			cow-multi
堆	n,v			cow-multi
報價	n,v			cow-multi
塞	n,v			cow-multi
填滿	n,v			cow-multi
增加	n,v			cow-multi
增長	n,v			cow-multi
墮落	n,v			cow-multi
壓制	n,v			cow-multi
壓抑	n,v			cow-multi
壓縮	n,v			cow-multi
夢	n,v			cow-multi
大叫	n,v			cow-multi
大概	n,r			cow-multi
失控	n,v			cow-multi
失敗	n,v			cow-multi
失明	a,n			cow-multi
失禮	n,v			cow-multi
失衡	n,v			cow-multi
奉獻	n,v			cow-multi
妥協	n,v			cow-multi
妨礙	n,v			cow-multi
威脅	n,v			cow-multi
娛樂	n,v			cow-multi
存在	n,v			cow-multi
孤注一擲	n,v			cow-multi
孤立	n,v			cow-multi
學會	n,v			cow-multi
守衞	n,v			cow-multi
安慰	n,v			cow-multi
安排	n,v			cow-multi
安靜	n,v			cow-multi
完成	n,v			cow-multi
完結	n,v			cow-multi
定居	n,v			cow-multi
定量	n,v			cow-multi
宣佈	n,v			cow-multi
宣傳	n,v			cow-multi
容光煥發	n,v			cow-multi
實現	n,v			cow-multi
實驗	n,v			cow-multi
審理	n,v			cow-multi
寫	a,v			cow-multi
寬恕	n,v			cow-multi
射出	n,v			cow-multi
專心	n,v			cow-multi
尊重	n,v			cow-multi
尋求	n,v			cow-multi
對抗	n,v			cow-multi
對準	n,v			cow-multi
導演	n,v			cow-multi
小雨	n,v			cow-multi
屈服	n,v			cow-multi
展示	n,v			cow-multi
展開	n,v			cow-multi
崩潰	n,v			cow-multi
工作	n,v			cow-multi
左右	r,v			cow-multi
差	n,v			cow-multi
希望	n,v			cow-multi
帶	n,v			cow-multi
幫	n,v			cow-multi
幫助	n,v			cow-multi
幫忙	n,v			cow-multi
平息	n,v			cow-multi
平衡	n,v			cow-multi
度	n,v			cow-multi
庫存	n,v			cow-multi
廢棄	n,v			cow-multi
廢止	n,v			cow-multi
廣播	n,v			cow-multi
延期	n,v			cow-multi
延誤	n,v			cow-multi
延遲	n,v			cow-multi
建立	n,v			cow-multi
建議	n,v			cow-multi
弄亂	a,v			cow-multi
強化	n,v			cow-multi
強姦	n,v			cow-multi
強調	n,v			cow-multi
彎	n,v			cow-multi
形成	n,v			cow-multi
影響	n,v			cow-multi
征服	n,v			cow-multi
後悔	n,v			cow-multi
後果	n,v			cow-multi
得罪	n,v			cow-multi
從屬	n,v			cow-multi
復原	n,v			cow-multi
循環	n,v			cow-multi
微笑	n,v			cow-multi
必要	n,v			cow-multi
忍耐	n,v			cow-multi
忙	a,n			cow-multi
忙碌	n,v			cow-multi
忽視	n,v			cow-multi
怕	a,v			cow-multi
思索	n,v			cow-multi
思考	n,v			cow-multi
恢復	n,v			cow-multi
恢復名譽	n,v			cow-multi
惡化	n,v			cow-multi
意味	n,v			cow-multi
感染	n,v			cow-multi
感覺	n,v			cow-multi
憎恨	n,v			cow-multi
憤怒	n,v			cow-multi
懲罰	n,v			cow-multi
懶散	n,v			cow-multi
懷孕	n,v			cow-multi
懷疑	n,v			cow-multi
成人	n,v			cow-multi
成功	n,v			cow-multi
成年	n,v			cow-multi
成熟	n,v			cow-multi
戰	n,v			cow-multi
戰鬥	n,v			cow-multi
打扮	n,v			cow-multi
打擊	n,v			cow-multi
打斷	n,v			cow-multi
打破	n,v			cow-multi
打算	n,v			cow-multi
扣押	n,v			cow-multi
扣除	n,v			cow-multi
扭	n,v			cow-multi
扭動	n,v			cow-multi
扭曲	n,v			cow-multi
批評	n,v			cow-multi
承諾	n,v			cow-multi
抑制	n,v			cow-multi
抓緊	n,v			cow-multi
投機	n,v			cow-multi
投票	n,v			cow-multi
投資	n,v			cow-multi
抗議	n,v			cow-multi
折磨	n,v			cow-multi
抵制	n,v			cow-multi
抵抗	n,v			cow-multi
抵押	n,v			cow-multi
抽搐	n,v			cow-multi
拒絕	n,v			cow-multi
拯救	n,v			cow-multi
指令	n,v			cow-multi
指導	n,v			cow-multi
指揮	n,v			cow-multi
挑戰	n,v			cow-multi
挑逗	n,v			cow-multi
挽	n,v			cow-multi
捏	n,v			cow-multi
捐款	n,v			cow-multi
掌握	n,v			cow-multi
排	n,v			cow-multi
排斥	n,v			cow-multi
排除	n,v			cow-multi
掙扎	n,v			cow-multi
採納	n,v			cow-multi
探索	n,v			cow-multi
接收	n,v			cow-multi
接觸	n,v			cow-multi
接近	n,v			cow-multi
控制	n,v			cow-multi
推測	n,v			cow-multi
推翻	n,v			cow-multi
推薦	n,v			cow-multi
推遲	n,v			cow-multi
描述	n,v			cow-multi
提供	n,v			cow-multi
提升	n,v			cow-multi
提議	n,v			cow-multi
提高	n,v			cow-multi
揮霍	n,v			cow-multi
援助	n,v			cow-multi
損失	n,v			cow-multi
損害	n,v			cow-multi
搜尋	n,v			cow-multi
搜索	n,v			cow-multi
搶劫	n,v			cow-multi
摩擦	n,v			cow-multi
摺疊	n,v			cow-multi
撞擊	n,v			cow-multi
撤回	n,v			cow-multi
撫慰	n,v			cow-multi
擁抱	n,v			cow-multi
擁有	n,v			cow-multi
擔心	n,v			cow-multi
擠	n,v			cow-multi
擦	n,v			cow-multi
擰	n,v			cow-multi
擱置	n,v			cow-multi
擴張	n,v			cow-multi
擺動	n,v			cow-multi
擺脱	n,v			cow-multi
支持	n,v			cow-multi
支援	n,v			cow-multi
支撐	n,v			cow-multi
收回	n,v			cow-multi
收縮	n,v			cow-multi
收養	n,v			cow-multi
改善	n,v			cow-multi
改正	n,v			cow-multi
改變	n,v			cow-multi
改革	n,v			cow-multi
攻擊	n,v			cow-multi
放大	n,v			cow-multi
放棄	n,v			cow-multi
放縱	n,v			cow-multi
放肆	n,v			cow-multi
放鬆	n,v			cow-multi
救助	n,v			cow-multi
教導	n,v			cow-multi
教授	n,v			cow-multi
教育	n,v			cow-multi
散發	n,v			cow-multi
整理	n,v			cow-multi
數	n,v			cow-multi
文件	n,v			cow-multi
文檔	n,v			cow-multi
文獻	n,v			cow-multi
旋轉	n,v			cow-multi
昏迷	n,v			cow-multi
昔日	n,r			cow-multi
暫停	n,v			cow-multi
暫緩	n,v			cow-multi
暴跌	n,v			cow-multi
暴露	n,v			cow-multi
曝光	n,v			cow-multi
更新	n,v			cow-multi
最後	a,n			cow-multi
有用	n,v			cow-multi
有關	n,v			cow-multi
服務	n,v			cow-multi
服從	n,v			cow-multi
期待	n,v			cow-multi
束縛	n,v			cow-multi
枯萎	n,v			cow-multi
核對	n,v			cow-multi
根據	a,n			cow-multi
概括	a,n,v			cow-multi
構思	n,v			cow-multi
標誌	n,v			cow-multi
模仿	n,v			cow-multi
模擬	n,v			cow-multi
檢查	n,v			cow-multi
欺詐	n,v			cow-multi
欺騙	n,v			cow-multi
欽佩	n,v			cow-multi
歇息	n,v			cow-multi
歡呼	n,v			cow-multi
歡喜	n,v			cow-multi
歡迎	n,v			cow-multi
歧視	n,v			cow-multi
歪曲	n,v			cow-multi
歸屬	n,v			cow-multi
歸還	n,v			cow-multi
死	n,v			cow-multi
死亡	n,v			cow-multi
殘害	n,v			cow-multi
毀滅	n,v			cow-multi
民意測驗	n,v			cow-multi
民意調查	n,v			cow-multi
氾濫	n,v			cow-multi
污染	n,v			cow-multi
決定	n,v			cow-multi
沒有	n,v			cow-multi
治療	n,v			cow-multi
泡	n,v			cow-multi
波動	n,v			cow-multi
注意	n,v			cow-multi
注視	n,v			cow-multi
派	n,v			cow-multi
流	n,v			cow-multi
流出	n,v			cow-multi
流動	n,v			cow-multi
流浪	n,v			cow-multi
流血	n,v			cow-multi
浪費	n,v			cow-multi
浸泡	n,v			cow-multi
消亡	n,v			cow-multi
消散	n,v			cow-multi
消沉	n,v			cow-multi
消滅	n,v			cow-multi
消耗	n,v			cow-multi
消除	n,v			cow-multi
涉及	n,v			cow-multi
深入	n,v			cow-multi
深思熟慮	n,v			cow-multi
混亂	n,v			cow-multi
混淆	n,v			cow-multi
減少	n,v			cow-multi
減弱	n,v			cow-multi
測試	n,v			cow-multi
渴望	n,v			cow-multi
游泳	n,v			cow-multi
湧出	n,v			cow-multi
準備	n,v			cow-multi
滑雪	n,v			cow-multi
滲入	n,v			cow-multi
滴	n,v			cow-multi
滿	a,n			cow-multi
滿足	n,v			cow-multi
漂流	n,v			cow-multi
演示	n,v			cow-multi
漠視	n,v			cow-multi
漩渦	n,v			cow-multi
激動	n,v			cow-multi
為人	n,v			cow-multi
無禮	n,v			cow-multi
煩惱	n,v			cow-multi
燃燒	n,v			cow-multi
燒	n,v			cow-multi
爆發	n,v			cow-multi
犧牲	n,v			cow-multi
猜測	n,v			cow-multi
猶豫	n,v			cow-multi
獨佔	n,v			cow-multi
獨身	a,n			cow-multi
獲得	n,v			cow-multi
玩	n,v			cow-multi
理解	a,n,v			cow-multi
瓦解	n,v			cow-multi
生存	n,v			cow-multi
生活	n,v			cow-multi
生產	n,v			cow-multi
用盡	n,v			cow-multi
申請	n,v			cow-multi
留意	n,v			cow-multi
畫	n,v			cow-multi
疏忽	n,v			cow-multi
疼痛	n,v			cow-multi
痛	n,v			cow-multi
痛恨	n,v			cow-multi
登記	n,v			cow-multi
發光	n,v			cow-multi
發射	n,v			cow-multi
發展	n,v			cow-multi
發抖	n,v			cow-multi
發現	n,v			cow-multi
發生	n,v			cow-multi
發覺	n,v			cow-multi
皺眉	n,v			cow-multi
盔甲	n,v			cow-multi
盜竊	n,v			cow-multi
盡力	n,v			cow-multi
監禁	n,v			cow-multi
相似	n,v			cow-multi
看望	n,v			cow-multi
睡覺	n,v			cow-multi
瞎	a,n			cow-multi
瞭解	n,v			cow-multi
知道	n,v			cow-multi
研究	n,v			cow-multi
破壞	n,v			cow-multi
破產	n,v			cow-multi
破碎	n,v			cow-multi
破裂	n,v			cow-multi
碰撞	n,v			cow-multi
確信	n,v			cow-multi
確認	n,v			cow-multi
磨	n,v			cow-multi
示威	n,v			cow-multi
示威遊行	n,v			cow-multi
示範	n,v			cow-multi
祈禱	n,v			cow-multi
禁止	n,v			cow-multi
移動	n,v			cow-multi
移民	n,v			cow-multi
稱呼	n,v			cow-multi
稱讚	n,v			cow-multi
積蓄	n,v			cow-multi
穩定	n,v			cow-multi
突出	n,v			cow-multi
立法	n,v			cow-multi
競爭	n,v			cow-multi
符合	n,v			cow-multi
第十	a,n			cow-multi
答覆	n,v			cow-multi
管理	n,v			cow-multi
節儉	n,v			cow-multi
節制	n,v			cow-multi
節約	n,v			cow-multi
簽名	n,v			cow-multi
簽字	n,v			cow-multi
精疲力竭	n,v			cow-multi
精通	n,v			cow-multi
紀念	n,v			cow-multi
約會	n,v			cow-multi
組合	n,v			cow-multi
組成	n,v			cow-multi
組織	n,v			cow-multi
結婚	n,v			cow-multi
結束	n,v			cow-multi
結果	n,v			cow-multi
結算	n,v			cow-multi
統一	n,v			cow-multi
統治	n,v			cow-multi
經歷	n,v			cow-multi
經紀人	n,v			cow-multi
經過	r,v			cow-multi
經驗	n,v			cow-multi
維持	n,v			cow-multi
緊張	n,v			cow-multi
緊急	n,v			cow-multi
緊握	n,v			cow-multi
緘默	n,v			cow-multi
緩和	n,v			cow-multi
縮小	n,v			cow-multi
總計	n,v			cow-multi
繼承	a,v			cow-multi
缺乏	a,n,v			cow-multi
缺席	n,v			cow-multi
翻轉	n,v			cow-multi
老年	a,n			cow-multi
考慮	n,v			cow-multi
耗盡	n,v			cow-multi
聚會	n,v			cow-multi
聚集	n,v			cow-multi
聯繫	n,v			cow-multi
背叛	n,v			cow-multi
脱離	n,v			cow-multi
腐敗	n,v			cow-multi
膨脹	n,v			cow-multi
自始至終	n,r			cow-multi
自立	n,v			cow-multi
至	n,v			cow-multi
花	n,v			cow-multi
苦惱	n,v			cow-multi
落下	n,v			cow-multi
虐待	n,v			cow-multi
處理	n,v			cow-multi
虛構	n,v			cow-multi
虧損	n,v			cow-multi
蜷縮	n,v			cow-multi
融化	n,v			cow-multi
行動	n,v			cow-multi
行為	n,v			cow-multi
衝擊	n,v			cow-multi
衝突	n,v			cow-multi
表決	n,v			cow-multi
表演	n,v			cow-multi
表現	n,v			cow-multi
表達	n,v			cow-multi
衰落	n,v			cow-multi
衰退	n,v			cow-multi
裂開	n,v			cow-multi
補償	n,v			cow-multi
補充	n,v			cow-multi
裝備	n,v			cow-multi
裝束	n,v			cow-multi
裝飾	n,v			cow-multi
製作	n,v			cow-multi
製造	n,v			cow-multi
襲擊	n,v			cow-multi
要求	n,v			cow-multi
見證	n,v			cow-multi
規定	n,v			cow-multi
解凍	n,v			cow-multi
解放	n,v			cow-multi
解決	n,v			cow-multi
解答	n,v			cow-multi
解釋	n,v			cow-multi
解除	n,v			cow-multi
觸	n,v			cow-multi
計劃	n,v			cow-multi
計算	n,v			cow-multi
討論	n,v			cow-multi
訓練	n,v			cow-multi
記憶	n,v			cow-multi
記錄	n,v			cow-multi
訪問	n,v			cow-multi
設立	n,v			cow-multi
設計	n,v			cow-multi
評價	n,v			cow-multi
評判	n,v			cow-multi
試圖	n,v			cow-multi
誇張	n,v			cow-multi
認識	n,v			cow-multi
認錯	n,v			cow-multi
誘惑	n,v			cow-multi
説話	n,v			cow-multi
調整	n,v			cow-multi
調查	n,v			cow-multi
請求	n,v			cow-multi
謀殺	n,v			cow-multi
講話	n,v			cow-multi
謝謝	n,v			cow-multi
證實	n,v			cow-multi
證明	n,v			cow-multi
警告	n,v			cow-multi
變化	n,v			cow-multi
象徵	n,v			cow-multi
貨物運輸	n,v			cow-multi
貨運	n,v			cow-multi
貶值	n,v			cow-multi
貿易	n,v			cow-multi
質疑	n,v			cow-multi
贊同	n,v			cow-multi
超越	n,v			cow-multi
超過	r,v			cow-multi
足夠	n,v			cow-multi
跑步	n,v			cow-multi
跳舞	n,v			cow-multi
蹲	n,v			cow-multi
輔導	n,v			cow-multi
輕視	n,v			cow-multi
輸入	n,v			cow-multi
輸出	n,v			cow-multi
轉動	n,v			cow-multi
轉化	n,v			cow-multi
轉彎	n,v			cow-multi
轉換	n,v			cow-multi
轉移	a,n,v			cow-multi
轉變	n,v			cow-multi
轉身	n,v			cow-multi
返回	n,v			cow-multi
迫害	n,v			cow-multi
迷惑	n,v			cow-multi
追求	n,v			cow-multi
追究	n,v			cow-multi
追趕	n,v			cow-multi
退休	n,v			cow-multi
退出	n,v			cow-multi
退化	n,v			cow-multi
退款	n,v			cow-multi
送還	n,v			cow-multi
逃脱	n,v			cow-multi
逃跑	n,v			cow-multi
透過	n,v			cow-multi
逗留	n,v			cow-multi
通知	n,v			cow-multi
通過	n,v			cow-multi
連接	n,v			cow-multi
進入	n,v			cow-multi
進攻	n,v			cow-multi
進步	n,v			cow-multi
遊戲	n,v			cow-multi
運用	n,v			cow-multi
過去	n,v			cow-multi
過度	n,v			cow-multi
道歉	n,v			cow-multi
遠離	a,n,v			cow-multi
適應	n,v			cow-multi
適當	n,v			cow-multi
遲疑	n,v			cow-multi
選擇	n,v			cow-multi
遺忘	n,v			cow-multi
避開	n,v			cow-multi
邀請	n,v			cow-multi
鄙視	n,v			cow-multi
配合	n,v			cow-multi
釋放	n,v			cow-multi
重疊	n,v			cow-multi
重聚	n,v			cow-multi
重複	n,v			cow-multi
重視	n,v			cow-multi
釣魚	n,v			cow-multi
銜接	n,v			cow-multi
鍛鍊	n,v			cow-multi
鎖	n,v			cow-multi
開	n,v			cow-multi
開始	n,v			cow-multi
開放	n,v			cow-multi
開槍	n,v			cow-multi
關係	n,v			cow-multi
關心	n,v			cow-multi
關閉	n,v			cow-multi
阻擋	n,v			cow-multi
阻止	n,v			cow-multi
阻礙	n,v			cow-multi
降低	n,v			cow-multi
降落	n,v			cow-multi
限制	n,v			cow-multi
陪伴	n,v			cow-multi
陷阱	n,v			cow-multi
隱蔽	n,v			cow-multi
隱退	n,v			cow-multi
集合	n,v			cow-multi
離婚	n,v			cow-multi
離開	n,v			cow-multi
電話	n,v			cow-multi
需求	n,v			cow-multi
預備	n,v			cow-multi
預料	n,v			cow-multi
預期	n,v			cow-multi
領	n,v			cow-multi
領先	n,v			cow-multi
願望	n,v			cow-multi
顛倒	n,v			cow-multi
類似	n,v			cow-multi
顫抖	a,n,v			cow-multi
顯示	n,v			cow-multi
飢餓	n,v			cow-multi
騷擾	n,v			cow-multi
驅逐	n,v			cow-multi
驅逐出境	n,v			cow-multi
驕傲	a,n			cow-multi
驗屍	n,v			cow-multi
高漲	n,v			cow-multi
麻煩	n,v			cow-multi
黑	a,n			cow-multi
點	n,v			cow-multi
點火	n,v			cow-multi
鼓掌	n,v			cow-multi
一來	v			verb-suffix;heuristic
上下	v			verb-suffix;heuristic
上來	v			verb-suffix;heuristic
上去	v			verb-suffix;heuristic
下下	v			verb-suffix;heuristic
下去	v			verb-suffix;heuristic
不住	v			verb-suffix;heuristic
不好	v			verb-suffix;heuristic
不過	v			verb-suffix;heuristic
世上	v			verb-suffix;heuristic
之上	v			verb-suffix;heuristic
之下	v			verb-suffix;heuristic
也好	v			verb-suffix;heuristic
以上	v			verb-suffix;heuristic
以下	v			verb-suffix;heuristic
以來	v			verb-suffix;heuristic
仲好	v			verb-suffix;heuristic
保住	v			verb-suffix;heuristic
修好	v			verb-suffix;heuristic
停下	v			verb-suffix;heuristic
傳來	v			verb-suffix;heuristic
兜過	v			verb-suffix;heuristic
入去	v			verb-suffix;heuristic
兩下	v			verb-suffix;heuristic
剛好	v			verb-suffix;heuristic
加上	v			verb-suffix;heuristic
勾起	v			verb-suffix;heuristic
包起	v			verb-suffix;heuristic
卸下	v			verb-suffix;heuristic
原來	v			verb-suffix;heuristic
只好	v			verb-suffix;heuristic
右上	v			verb-suffix;heuristic
向上	v			verb-suffix;heuristic
向下	v			verb-suffix;heuristic
向來	v			verb-suffix;heuristic
唔好	v			verb-suffix;heuristic
啤住	v			verb-suffix;heuristic
因住	v			verb-suffix;heuristic
在下	v			verb-suffix;heuristic
地上	v			verb-suffix;heuristic
地下	v			verb-suffix;heuristic
執起	v			verb-suffix;heuristic
壓住	v			verb-suffix;heuristic
外來	v			verb-suffix;heuristic
大好	v			verb-suffix;heuristic
大過	v			verb-suffix;heuristic
天下	v			verb-suffix;heuristic
太好	v			verb-suffix;heuristic
太過	v			verb-suffix;heuristic
夾住	v			verb-suffix;heuristic
好好	v			verb-suffix;heuristic
好過	v			verb-suffix;heuristic
完好	v			verb-suffix;heuristic
就好	v			verb-suffix;heuristic
崛起	v			verb-suffix;heuristic
左上	v			verb-suffix;heuristic
幸好	v			verb-suffix;heuristic
幾好	v			verb-suffix;heuristic
底下	v			verb-suffix;heuristic
後來	v			verb-suffix;heuristic
得過	v			verb-suffix;heuristic
從來	v			verb-suffix;heuristic
忘掉	v			verb-suffix;heuristic
愛上	v			verb-suffix;heuristic
手上	v			verb-suffix;heuristic
手下	v			verb-suffix;heuristic
拋開	v			verb-suffix;heuristic
指住	v			verb-suffix;heuristic
按住	v			verb-suffix;heuristic
挺好	v			verb-suffix;heuristic
捉住	v			verb-suffix;heuristic
掛住	v			verb-suffix;heuristic
接住	v			verb-suffix;heuristic
推開	v			verb-suffix;heuristic
搞好	v			verb-suffix;heuristic
撥開	v			verb-suffix;heuristic
攤開	v			verb-suffix;heuristic
攬住	v			verb-suffix;heuristic
收起	v			verb-suffix;heuristic
放過	v			verb-suffix;heuristic
敞開	v			verb-suffix;heuristic
早起	v			verb-suffix;heuristic
望下	v			verb-suffix;heuristic
望住	v			verb-suffix;heuristic
未完	v			verb-suffix;heuristic
本來	v			verb-suffix;heuristic
樓上	v			verb-suffix;heuristic
樓下	v			verb-suffix;heuristic
橫過	v			verb-suffix;heuristic
正好	v			verb-suffix;heuristic
比起	v			verb-suffix;heuristic
水上	v			verb-suffix;heuristic
沿住	v			verb-suffix;heuristic
玩完	v			verb-suffix;heuristic
用來	v			verb-suffix;heuristic
當下	v			verb-suffix;heuristic
盯住	v			verb-suffix;heuristic
看上	v			verb-suffix;heuristic
看住	v			verb-suffix;heuristic
看好	v			verb-suffix;heuristic
睇住	v			verb-suffix;heuristic
睜開	v			verb-suffix;heuristic
租住	v			verb-suffix;heuristic
穿上	v			verb-suffix;heuristic
網上	v			verb-suffix;heuristic
線上	v			verb-suffix;heuristic
繫上	v			verb-suffix;heuristic
美好	v			verb-suffix;heuristic
翻去	v			verb-suffix;heuristic
聽過	v			verb-suffix;heuristic
背住	v			verb-suffix;heuristic
脫下	v			verb-suffix;heuristic
落去	v			verb-suffix;heuristic
行開	v			verb-suffix;heuristic
街上	v			verb-suffix;heuristic
要好	v			verb-suffix;heuristic
見過	v			verb-suffix;heuristic
記起	v			verb-suffix;heuristic
試過	v			verb-suffix;heuristic
諗住	v			verb-suffix;heuristic
諗起	v			verb-suffix;heuristic
講下	v			verb-suffix;heuristic
講起	v			verb-suffix;heuristic
跟上	v			verb-suffix;heuristic
跟住	v			verb-suffix;heuristic
跨過	v			verb-suffix;heuristic
踏上	v			verb-suffix;heuristic
身上	v			verb-suffix;heuristic
車上	v			verb-suffix;heuristic
返來	v			verb-suffix;heuristic
返去	v			verb-suffix;heuristic
退去	v			verb-suffix;heuristic
進來	v			verb-suffix;heuristic
進去	v			verb-suffix;heuristic
遇上	v			verb-suffix;heuristic
過來	v			verb-suffix;heuristic
遮住	v			verb-suffix;heuristic
還好	v			verb-suffix;heuristic
部下	v			verb-suffix;heuristic
重開	v			verb-suffix;heuristic
錯開	v			verb-suffix;heuristic
閉上	v			verb-suffix;heuristic
阻住	v			verb-suffix;heuristic
陪住	v			verb-suffix;heuristic
隨住	v			verb-suffix;heuristic
響起	v			verb-suffix;heuristic
頂住	v			verb-suffix;heuristic
餘下	v			verb-suffix;heuristic
鼓起	v			verb-suffix;heuristic
受不了	v		passive	prefix-passive;heuristic
受制	v		passive	prefix-passive;heuristic
受害	v		passive	prefix-passive;heuristic
受寵若驚	v		passive	prefix-passive;heuristic
受控	v		passive	prefix-passive;heuristic
受益	v		passive	prefix-passive;heuristic
受益匪淺	v		passive	prefix-passive;heuristic
受苦	v		passive	prefix-passive;heuristic
受過	v		passive	prefix-passive;heuristic
受騙上當	v		passive	prefix-passive;heuristic
受驚	v		passive	prefix-passive;heuristic
被上訴人	v		passive	prefix-passive;heuristic
被動	v		passive	prefix-passive;heuristic
被告人	v		passive	prefix-passive;heuristic
被迫	v		passive	prefix-passive;heuristic
一下子	u			no-source;fallback
一不小心	u			no-source;fallback
一世英名	u			no-source;fallback
一事無成	u			no-source;fallback
一仍舊貫	u			no-source;fallback
一以貫之	u			no-source;fallback
一來一往	u			no-source;fallback
一來二去	u			no-source;fallback
一係	u			no-source;fallback
一個勁兒	u			no-source;fallback
一元復始	u			no-source;fallback
一共	u			no-source;fallback
一刀兩斷	u			no-source;fallback
一分一秒	u			no-source;fallback
一切就緒	u			no-source;fallback
一刻	u			no-source;fallback
一剎那	u			no-source;fallback
一動不動	u			no-source;fallback
一勞永逸	u			no-source;fallback
一去不返	u			no-source;fallback
一口咬定	u			no-source;fallback
一口氣	u			no-source;fallback
一句話	u			no-source;fallback
一同	u			no-source;fallback
一吐為快	u			no-source;fallback
一向	u			no-source;fallback
一味	u			no-source;fallback
一命嗚呼	u			no-source;fallback
一哄而上	u			no-source;fallback
一哄而起	u			no-source;fallback
一唱一和	u			no-source;fallback
一問一答	u			no-source;fallback
一嘢	u			no-source;fallback
一嚟	u			no-source;fallback
一國兩制	u			no-source;fallback
一塊	u			no-source;fallback
一塵不染	u			no-source;fallback
一夜風流	u			no-source;fallback
一天到晚	u			no-source;fallback
一夫一妻	u			no-source;fallback
一夫當關	u			no-source;fallback
一如	u			no-source;fallback
一如往昔	u			no-source;fallback
一如既往	u			no-source;fallback
一字不差	u			no-source;fallback
一字不漏	u			no-source;fallback
一字不落	u			no-source;fallback
一官半職	u			no-source;fallback
一家大小	u			no-source;fallback
一家大細	u			no-source;fallback
一展身手	u			no-source;fallback
一帆風順	u			no-source;fallback
一帶	u			no-source;fallback
一年一度	u			no-source;fallback
一年到頭	u			no-source;fallback
一年四季	u			no-source;fallback
一度	u			no-source;fallback
一廂情願	u			no-source;fallback
一式兩份	u			no-source;fallback
一往無前	u			no-source;fallback
一律	u			no-source;fallback
一心	u			no-source;fallback
一心一德	u			no-source;fallback
一心一意	u			no-source;fallback
一心二用	u			no-source;fallback
一忍再忍	u			no-source;fallback
一意孤行	u			no-source;fallback
一應俱全	u			no-source;fallback
一成不變	u			no-source;fallback
一房一廳	u			no-source;fallback
一手	u			no-source;fallback
一手一腳	u			no-source;fallback
一手一足	u			no-source;fallback
一手遮天	u			no-source;fallback
一拍兩散	u			no-source;fallback
一招半式	u			no-source;fallback
一掃而光	u			no-source;fallback
一掃而空	u			no-source;fallback
一排	u			no-source;fallback
一探究竟	u			no-source;fallback
一敗塗地	u			no-source;fallback
一文不值	u			no-source;fallback
一文不名	u			no-source;fallback
一方	u			no-source;fallback
一方面	u			no-source;fallback
一於	u			no-source;fallback
一旁	u			no-source;fallback
一日	u			no-source;fallback
一旦	u			no-source;fallback
一早	u			no-source;fallback
一星半點	u			no-source;fallback
一時	u			no-source;fallback
一時一刻	u			no-source;fallback
一時三刻	u			no-source;fallback
一時半刻	u			no-source;fallback
一時半會	u			no-source;fallback
一時糊塗	u			no-source;fallback
一時間	u			no-source;fallback
一會	u			no-source;fallback
一望無垠	u			no-source;fallback
一望無邊	u			no-source;fallback
一望無際	u			no-source;fallback
一本	u			no-source;fallback
一本正經	u			no-source;fallback
一枕黃粱	u			no-source;fallback
一枝獨秀	u			no-source;fallback
一柱擎天	u			no-source;fallback
一桿入洞	u			no-source;fallback
一概而論	u			no-source;fallback
一模一樣	u			no-source;fallback
一樣	u			no-source;fallback
一次	u			no-source;fallback
一次函數	u			no-source;fallback
一次方程	u			no-source;fallback
一次方程式	u			no-source;fallback
一次能源	u			no-source;fallback
一次過	u			no-source;fallback
一步	u			no-source;fallback
一死一傷	u			no-source;fallback
一死了之	u			no-source;fallback
一毛不拔	u			no-source;fallback
一氣呵成	u			no-source;fallback
一池春水	u			no-source;fallback
一決勝負	u			no-source;fallback
一決雌雄	u			no-source;fallback
一決高下	u			no-source;fallback
一波又起	u			no-source;fallback
一波未平	u			no-source;fallback
一派胡言	u			no-source;fallback
一清二楚	u			no-source;fallback
一清二白	u			no-source;fallback
一潭死水	u			no-source;fallback
一炮打響	u			no-source;fallback
一無所得	u			no-source;fallback
一無所有	u			no-source;fallback
一無所獲	u			no-source;fallback
一無所知	u			no-source;fallback
一無所長	u			no-source;fallback
一無是處	u			no-source;fallback
一片丹心	u			no-source;fallback
一片汪洋	u			no-source;fallback
一片漆黑	u			no-source;fallback
一片空白	u			no-source;fallback
一片苦心	u			no-source;fallback
一生	u			no-source;fallback
一生一世	u			no-source;fallback
一番	u			no-source;fallback
一番苦心	u			no-source;fallback
一病不起	u			no-source;fallback
一瘸一拐	u			no-source;fallback
一目十行	u			no-source;fallback
一目瞭然	u			no-source;fallback
一直往前	u			no-source;fallback
一相情願	u			no-source;fallback
一眼	u			no-source;fallback
一眼望去	u			no-source;fallback
一眼看穿	u			no-source;fallback
一瞬	u			no-source;fallback
一知半解	u			no-source;fallback
一窺究竟	u			no-source;fallback
一笑了之	u			no-source;fallback
一筆勾銷	u			no-source;fallback
一筆帶過	u			no-source;fallback
一筆抹殺	u			no-source;fallback
一箭雙鵰	u			no-source;fallback
一篇文章	u			no-source;fallback
一籌莫展	u			no-source;fallback
一系列	u			no-source;fallback
一紙空文	u			no-source;fallback
一級士官	u			no-source;fallback
一統天下	u			no-source;fallback
一絲	u			no-source;fallback
一絲不苟	u			no-source;fallback
一網打盡	u			no-source;fallback
一線	u			no-source;fallback
一線希望	u			no-source;fallback
一線生機	u			no-source;fallback
一聲不吭	u			no-source;fallback
一聲不響	u			no-source;fallback
一聲令下	u			no-source;fallback
一脈相傳	u			no-source;fallback
一脈相承	u			no-source;fallback
一腔熱血	u			no-source;fallback
一腳踢	u			no-source;fallback
一腳踢開	u			no-source;fallback
一舉一動	u			no-source;fallback
一舉兩得	u			no-source;fallback
一舉成功	u			no-source;fallback
一舉成名	u			no-source;fallback
一般人	u			no-source;fallback
一般來説	u			no-source;fallback
一般原則	u			no-source;fallback
一般常識	u			no-source;fallback
一般情形	u			no-source;fallback
一般狀況	u			no-source;fallback
一般而言	u			no-source;fallback
一般見識	u			no-source;fallback
一般規定	u			no-source;fallback
一般説來	u			no-source;fallback
一般貿易	u			no-source;fallback
一落千丈	u			no-source;fallback
一葉扁舟	u			no-source;fallback
一葉知秋	u			no-source;fallback
一葉障目	u			no-source;fallback
一行	u			no-source;fallback
一衣帶水	u			no-source;fallback
一表人材	u			no-source;fallback
一見傾心	u			no-source;fallback
一見鍾情	u			no-source;fallback
一視同仁	u			no-source;fallback
一親芳澤	u			no-source;fallback
一覽無餘	u			no-source;fallback
一觸即潰	u			no-source;fallback
一言一行	u			no-source;fallback
一言不合	u			no-source;fallback
一言不發	u			no-source;fallback
一言以蔽之	u			no-source;fallback
一言為定	u			no-source;fallback
一言難盡	u			no-source;fallback
一語不發	u			no-source;fallback
一語中的	u			no-source;fallback
一語成讖	u			no-source;fallback
一語破的	u			no-source;fallback
一語道破	u			no-source;fallback
一語雙關	u			no-source;fallback
一誤再誤	u			no-source;fallback
一貧如洗	u			no-source;fallback
一貫	u			no-source;fallback
一跌再跌	u			no-source;fallback
一路	u			no-source;fallback
一路平安	u			no-source;fallback
一路風塵	u			no-source;fallback
一蹴而就	u			no-source;fallback
一蹶不振	u			no-source;fallback
一身	u			no-source;fallback
一身兩役	u			no-source;fallback
一身是膽	u			no-source;fallback
一較高下	u			no-source;fallback
一輩子	u			no-source;fallback
一連串	u			no-source;fallback
一道	u			no-source;fallback
一邊	u			no-source;fallback
一針見血	u			no-source;fallback
一錘定音	u			no-source;fallback
一錯再錯	u			no-source;fallback
一鍋粥	u			no-source;fallback
一長一短	u			no-source;fallback
一門心思	u			no-source;fallback
一閃即逝	u			no-source;fallback
一閃而過	u			no-source;fallback
一陣	u			no-source;fallback
一陣子	u			no-source;fallback
一面	u			no-source;fallback
一面倒	u			no-source;fallback
一頭	u			no-source;fallback
一頭霧水	u			no-source;fallback
一顰一笑	u			no-source;fallback
一飛沖天	u			no-source;fallback
一飲而盡	u			no-source;fallback
一飽口福	u			no-source;fallback
一飽眼福	u			no-source;fallback
一馬平川	u			no-source;fallback
一馬當先	u			no-source;fallback
一驚一乍	u			no-source;fallback
一體兩面	u			no-source;fallback
一鬨而散	u			no-source;fallback
一鳴驚人	u			no-source;fallback
一點一滴	u			no-source;fallback
一鼓作氣	u			no-source;fallback
七七事變	u			no-source;fallback
七十二行	u			no-source;fallback
七十二變	u			no-source;fallback
七孔流血	u			no-source;fallback
七彩	u			no-source;fallback
七彩繽紛	u			no-source;fallback
七律	u			no-source;fallback
七情六慾	u			no-source;fallback
七扭八歪	u			no-source;fallback
七拐八拐	u			no-source;fallback
七擒七縱	u			no-source;fallback
七級浮屠	u			no-source;fallback
七老八十	u			no-source;fallback
七葷八素	u			no-source;fallback
七言律詩	u			no-source;fallback
七言絕句	u			no-source;fallback
七零八碎	u			no-source;fallback
七高八低	u			no-source;fallback
七點	u			no-source;fallback
三不五時	u			no-source;fallback
三人成虎	u			no-source;fallback
三代同堂	u			no-source;fallback
三令五申	u			no-source;fallback
三位一體	u			no-source;fallback
三俠五義	u			no-source;fallback
三十二相	u			no-source;fallback
三十六計	u			no-source;fallback
三十而立	u			no-source;fallback
三國時代	u			no-source;fallback
三國演義	u			no-source;fallback
三國鼎立	u			no-source;fallback
三天兩頭	u			no-source;fallback
三妻四妾	u			no-source;fallback
三姑六婆	u			no-source;fallback
三寸金蓮	u			no-source;fallback
三岔路口	u			no-source;fallback
三峽水庫	u			no-source;fallback
三年五載	u			no-source;fallback
三度空間	u			no-source;fallback
三從四德	u			no-source;fallback
三心二意	u			no-source;fallback
三心兩意	u			no-source;fallback
三房一廳	u			no-source;fallback
三房二廳	u			no-source;fallback
三振出局	u			no-source;fallback
三教九流	u			no-source;fallback
三文治	u			no-source;fallback
三明治	u			no-source;fallback
三更半夜	u			no-source;fallback
三權分立	u			no-source;fallback
三氯化鐵	u			no-source;fallback
三番五次	u			no-source;fallback
三番四次	u			no-source;fallback
三皇五帝	u			no-source;fallback
三級士官	u			no-source;fallback
三維	u			no-source;fallback
三綱五常	u			no-source;fallback
三緘其口	u			no-source;fallback
三腳貓	u			no-source;fallback
三藏法師	u			no-source;fallback
三角戀愛	u			no-source;fallback
三言兩語	u			no-source;fallback
三足金烏	u			no-source;fallback
三足鼎立	u			no-source;fallback
三跪九叩	u			no-source;fallback
三輪車夫	u			no-source;fallback
三陪小姐	u			no-source;fallback
三陽開泰	u			no-source;fallback
三頭六臂	u			no-source;fallback
三點	u			no-source;fallback
上	u			no-source;fallback
上上下下	u			no-source;fallback
上中下游	u			no-source;fallback
上任	u			no-source;fallback
上便	u			no-source;fallback
上個	u			no-source;fallback
上個月	u			no-source;fallback
上前	u			no-source;fallback
上半年	u			no-source;fallback
上半部	u			no-source;fallback
上半部分	u			no-source;fallback
上古	u			no-source;fallback
上古時代	u			no-source;fallback
上吐下瀉	u			no-source;fallback
上嚟	u			no-source;fallback
上堂	u			no-source;fallback
上報	u			no-source;fallback
上天	u			no-source;fallback
上天入地	u			no-source;fallback
上天無路	u			no-source;fallback
上山	u			no-source;fallback
上山下海	u			no-source;fallback
上山下鄉	u			no-source;fallback
上崗	u			no-source;fallback
上市	u			no-source;fallback
上年	u			no-source;fallback
上心	u			no-source;fallback
上手	u			no-source;fallback
上揚趨勢	u			no-source;fallback
上方	u			no-source;fallback
上方寶劍	u			no-source;fallback
上昇	u			no-source;fallback
上月	u			no-source;fallback
上樓	u			no-source;fallback
上次	u			no-source;fallback
上流	u			no-source;fallback
上牀	u			no-source;fallback
上班族	u			no-source;fallback
上班時間	u			no-source;fallback
上策	u			no-source;fallback
上級領導	u			no-source;fallback
上綱上線	u			no-source;fallback
上網	u			no-source;fallback
上線	u			no-source;fallback
上街	u			no-source;fallback
上課	u			no-source;fallback
上路	u			no-source;fallback
上身	u			no-source;fallback
上車	u			no-source;fallback
上週	u			no-source;fallback
上門	u			no-source;fallback
上陣殺敵	u			no-source;fallback
上面	u			no-source;fallback
下一個	u			no-source;fallback
下人	u			no-source;fallback
下低	u			no-source;fallback
下便	u			no-source;fallback
下個	u			no-source;fallback
下半年	u			no-source;fallback
下台	u			no-source;fallback
下場	u			no-source;fallback
下定決心	u			no-source;fallback
下屬	u			no-source;fallback
下山	u			no-source;fallback
下崗	u			no-source;fallback
下意識	u			no-source;fallback
下手	u			no-source;fallback
下方	u			no-source;fallback
下月	u			no-source;fallback
下樓	u			no-source;fallback
下次	u			no-source;fallback
下決心	u			no-source;fallback
下班	u			no-source;fallback
下級	u			no-source;fallback
下線	u			no-source;fallback
下線儀式	u			no-source;fallback
下落不明	u			no-source;fallback
下行	u			no-source;fallback
下課	u			no-source;fallback
下身	u			no-source;fallback
下車伊始	u			no-source;fallback
下週	u			no-source;fallback
下達	u			no-source;fallback
下集	u			no-source;fallback
下體	u			no-source;fallback
不一會	u			no-source;fallback
不一會兒	u			no-source;fallback
不三不四	u			no-source;fallback
不久	u			no-source;fallback
不乾不淨	u			no-source;fallback
不了	u			no-source;fallback
不了了之	u			no-source;fallback
不予置評	u			no-source;fallback
不亦樂乎	u			no-source;fallback
不以為然	u			no-source;fallback
不但	u			no-source;fallback
不依不饒	u			no-source;fallback
不信任案	u			no-source;fallback
不修邊幅	u			no-source;fallback
不值	u			no-source;fallback
不值一提	u			no-source;fallback
不值一文	u			no-source;fallback
不假思索	u			no-source;fallback
不停	u			no-source;fallback
不僅	u			no-source;fallback
不僅僅	u			no-source;fallback
不免	u			no-source;fallback
不入虎穴	u			no-source;fallback
不公	u			no-source;fallback
不再	u			no-source;fallback
不冷不熱	u			no-source;fallback
不出	u			no-source;fallback
不分伯仲	u			no-source;fallback
不分彼此	u			no-source;fallback
不分晝夜	u			no-source;fallback
不分皂白	u			no-source;fallback
不切實際	u			no-source;fallback
不利於	u			no-source;fallback
不到	u			no-source;fallback
不加修飾	u			no-source;fallback
不加掩飾	u			no-source;fallback
不加選擇	u			no-source;fallback
不動聲色	u			no-source;fallback
不勝唏噓	u			no-source;fallback
不勝感激	u			no-source;fallback
不勝酒力	u			no-source;fallback
不勞而獲	u			no-source;fallback
不升反降	u			no-source;fallback
不卑不亢	u			no-source;fallback
不及	u			no-source;fallback
不受歡迎	u			no-source;fallback
不可	u			no-source;fallback
不可一世	u			no-source;fallback
不可估量	u			no-source;fallback
不可侵犯	u			no-source;fallback
不可分離	u			no-source;fallback
不可告人	u			no-source;fallback
不可想像	u			no-source;fallback
不可戰勝	u			no-source;fallback
不可挽回	u			no-source;fallback
不可收拾	u			no-source;fallback
不可救藥	u			no-source;fallback
不可理喻	u			no-source;fallback
不可言喻	u			no-source;fallback
不可逆	u			no-source;fallback
不可逾越	u			no-source;fallback
不可避免	u			no-source;fallback
不可限量	u			no-source;fallback
不合	u			no-source;fallback
不同以往	u			no-source;fallback
不同尋常	u			no-source;fallback
不吐不快	u			no-source;fallback
不含	u			no-source;fallback
不吭一聲	u			no-source;fallback
不吵不鬧	u			no-source;fallback
不告而別	u			no-source;fallback
不咎既往	u			no-source;fallback
不問	u			no-source;fallback
不善	u			no-source;fallback
不單	u			no-source;fallback
不在乎	u			no-source;fallback
不堪	u			no-source;fallback
不堪一擊	u			no-source;fallback
不堪入耳	u			no-source;fallback
不堪忍受	u			no-source;fallback
不堪設想	u			no-source;fallback
不外乎	u			no-source;fallback
不大	u			no-source;fallback
不大不小	u			no-source;fallback
不失時機	u			no-source;fallback
不好意思	u			no-source;fallback
不如	u			no-source;fallback
不妙	u			no-source;fallback
不妥	u			no-source;fallback
不嬲	u			no-source;fallback
不孝有三	u			no-source;fallback
不學無術	u			no-source;fallback
不守信用	u			no-source;fallback
不安於室	u			no-source;fallback
不安本分	u			no-source;fallback
不完全葉	u			no-source;fallback
不定	u			no-source;fallback
不定冠詞	u			no-source;fallback
不定期	u			no-source;fallback
不定積分	u			no-source;fallback
不客氣	u			no-source;fallback
不宣而戰	u			no-source;fallback
不對	u			no-source;fallback
不少	u			no-source;fallback
不屈	u			no-source;fallback
不屑一顧	u			no-source;fallback
不已	u			no-source;fallback
不平則鳴	u			no-source;fallback
不得	u			no-source;fallback
不得不	u			no-source;fallback
不得了	u			no-source;fallback
不得其法	u			no-source;fallback
不得其解	u			no-source;fallback
不得好死	u			no-source;fallback
不得要領	u			no-source;fallback
不必	u			no-source;fallback
不怎麼樣	u			no-source;fallback
不思進取	u			no-source;fallback
不急不徐	u			no-source;fallback
不惜一切	u			no-source;fallback
不惜工本	u			no-source;fallback
不惜犧牲	u			no-source;fallback
不愧	u			no-source;fallback
不慌不忙	u			no-source;fallback
不懂裝懂	u			no-source;fallback
不懷好意	u			no-source;fallback
不成	u			no-source;fallback
不成文	u			no-source;fallback
不成比例	u			no-source;fallback
不成氣候	u			no-source;fallback
不成體統	u			no-source;fallback
不戰而退	u			no-source;fallback
不拘一格	u			no-source;fallback
不拘小節	u			no-source;fallback
不擇手段	u			no-source;fallback
不支倒地	u			no-source;fallback
不敢	u			no-source;fallback
不敢苟同	u			no-source;fallback
不斷	u			no-source;fallback
不明	u			no-source;fallback
不明事理	u			no-source;fallback
不明就裏	u			no-source;fallback
不是	u			no-source;fallback
不時	u			no-source;fallback
不服	u			no-source;fallback
不檢點	u			no-source;fallback
不求甚解	u			no-source;fallback
不治而癒	u			no-source;fallback
不法份子	u			no-source;fallback
不為人知	u			no-source;fallback
不為已甚	u			no-source;fallback
不爭	u			no-source;fallback
不理不睬	u			no-source;fallback
不甘	u			no-source;fallback
不甚了了	u			no-source;fallback
不用客氣	u			no-source;fallback
不由自主	u			no-source;fallback
不畏強暴	u			no-source;fallback
不當	u			no-source;fallback
不當得利	u			no-source;fallback
不疾不徐	u			no-source;fallback
不相伯仲	u			no-source;fallback
不眠不休	u			no-source;fallback
不知	u			no-source;fallback
不知不覺	u			no-source;fallback
不知幾	u			no-source;fallback
不知廉恥	u			no-source;fallback
不知所措	u			no-source;fallback
不知所終	u			no-source;fallback
不知所謂	u			no-source;fallback
不知死活	u			no-source;fallback
不知疲倦	u			no-source;fallback
不知輕重	u			no-source;fallback
不知進退	u			no-source;fallback
不破不立	u			no-source;fallback
不碎玻璃	u			no-source;fallback
不禁	u			no-source;fallback
不稂不莠	u			no-source;fallback
不算	u			no-source;fallback
不管	u			no-source;fallback
不管不顧	u			no-source;fallback
不約而同	u			no-source;fallback
不絕於耳	u			no-source;fallback
不經意	u			no-source;fallback
不置可否	u			no-source;fallback
不義	u			no-source;fallback
不耐煩	u			no-source;fallback
不聞不問	u			no-source;fallback
不能抵抗	u			no-source;fallback
不能自已	u			no-source;fallback
不能自拔	u			no-source;fallback
不至於	u			no-source;fallback
不良傾向	u			no-source;fallback
不良反應	u			no-source;fallback
不苟言笑	u			no-source;fallback
不藥而癒	u			no-source;fallback
不行	u			no-source;fallback
不要	u			no-source;fallback
不要緊	u			no-source;fallback
不見	u			no-source;fallback
不見不散	u			no-source;fallback
不見天日	u			no-source;fallback
不見得	u			no-source;fallback
不覺	u			no-source;fallback
不解	u			no-source;fallback
不解風情	u			no-source;fallback
不言而喻	u			no-source;fallback
不言自明	u			no-source;fallback
不該	u			no-source;fallback
不論	u			no-source;fallback
不論如何	u			no-source;fallback
不論怎樣	u			no-source;fallback
不論怎麼	u			no-source;fallback
不謀私利	u			no-source;fallback
不謀而合	u			no-source;fallback
不識好歹	u			no-source;fallback
不識抬舉	u			no-source;fallback
不識泰山	u			no-source;fallback
不變價格	u			no-source;fallback
不變資本	u			no-source;fallback
不讓鬚眉	u			no-source;fallback
不負眾望	u			no-source;fallback
不負責任	u			no-source;fallback
不費吹灰之力	u			no-source;fallback
不足掛齒	u			no-source;fallback
不足為奇	u			no-source;fallback
不足為怪	u			no-source;fallback
不足為憑	u			no-source;fallback
不足為訓	u			no-source;fallback
不辭辛苦	u			no-source;fallback
不進則退	u			no-source;fallback
不過如此	u			no-source;fallback
不遑多讓	u			no-source;fallback
不違農時	u			no-source;fallback
不避艱險	u			no-source;fallback
不配	u			no-source;fallback
不醉不歸	u			no-source;fallback
不錯	u			no-source;fallback
不隨意肌	u			no-source;fallback
不離不棄	u			no-source;fallback
不顧一切	u			no-source;fallback
世	u			no-source;fallback
世世代代	u			no-source;fallback
世事	u			no-source;fallback
世伯	u			no-source;fallback
世俗	u			no-source;fallback
世態炎涼	u			no-source;fallback
世故	u			no-source;fallback
世界地圖	u			no-source;fallback
世界大同	u			no-source;fallback
世界大戰	u			no-source;fallback
世界屋脊	u			no-source;fallback
世界盃	u			no-source;fallback
世界貿易	u			no-source;fallback
世界銀行	u			no-source;fallback
世貿大樓	u			no-source;fallback
世錦賽	u			no-source;fallback
世風日下	u			no-source;fallback
丙種射線	u			no-source;fallback
丟	u			no-source;fallback
丟人現眼	u			no-source;fallback
丟卒保車	u			no-source;fallback
丟盔卸甲	u			no-source;fallback
並且	u			no-source;fallback
並無	u			no-source;fallback
並用	u			no-source;fallback
並肩作戰	u			no-source;fallback
並肩而行	u			no-source;fallback
並行不悖	u			no-source;fallback
並行程序	u			no-source;fallback
並行計算	u			no-source;fallback
並非	u			no-source;fallback
丫	u			no-source;fallback
中介	u			no-source;fallback
中伏	u			no-source;fallback
中俄關系	u			no-source;fallback
中值定理	u			no-source;fallback
中出	u			no-source;fallback
中古世紀	u			no-source;fallback
中國	u			no-source;fallback
中國人	u			no-source;fallback
中國大陸	u			no-source;fallback
中國文學	u			no-source;fallback
中國醫藥	u			no-source;fallback
中央空調	u			no-source;fallback
中央銀行	u			no-source;fallback
中學	u			no-source;fallback
中學生	u			no-source;fallback
中小	u			no-source;fallback
中小企	u			no-source;fallback
中小企業	u			no-source;fallback
中小學	u			no-source;fallback
中山	u			no-source;fallback
中年	u			no-source;fallback
中年人	u			no-source;fallback
中式英語	u			no-source;fallback
中心人物	u			no-source;fallback
中心內容	u			no-source;fallback
中心區	u			no-source;fallback
中心地帶	u			no-source;fallback
中心思想	u			no-source;fallback
中意	u			no-source;fallback
中指	u			no-source;fallback
中控面板	u			no-source;fallback
中文	u			no-source;fallback
中樞神經	u			no-source;fallback
中法戰爭	u			no-source;fallback
中環	u			no-source;fallback
中產階級	u			no-source;fallback
中秋	u			no-source;fallback
中秋佳節	u			no-source;fallback
中秋月餅	u			no-source;fallback
中秋節	u			no-source;fallback
中等	u			no-source;fallback
中等教育	u			no-source;fallback
中篇小説	u			no-source;fallback
中英對照	u			no-source;fallback
中華民國	u			no-source;fallback
中華民族	u			no-source;fallback
中途	u			no-source;fallback
中醫藥	u			no-source;fallback
中飽私囊	u			no-source;fallback
串通一氣	u			no-source;fallback
丸	u			no-source;fallback
丹霞地貌	u			no-source;fallback
主人公	u			no-source;fallback
主力	u			no-source;fallback
主動	u			no-source;fallback
主動脈弓	u			no-source;fallback
主帥	u			no-source;fallback
主打品牌	u			no-source;fallback
主持正義	u			no-source;fallback
主板	u			no-source;fallback
主機板	u			no-source;fallback
主治醫師	u			no-source;fallback
主編	u			no-source;fallback
主要	u			no-source;fallback
主頁	u			no-source;fallback
主題公園	u			no-source;fallback
主題曲	u			no-source;fallback
乃是	u			no-source;fallback
久仰大名	u			no-source;fallback
久別重逢	u			no-source;fallback
久慕盛名	u			no-source;fallback
久病成醫	u			no-source;fallback
久經考驗	u			no-source;fallback
久負盛名	u			no-source;fallback
之一	u			no-source;fallback
之中	u			no-source;fallback
之內	u			no-source;fallback
之前	u			no-source;fallback
之外	u			no-source;fallback
之後	u			no-source;fallback
之所以	u			no-source;fallback
之間	u			no-source;fallback
之際	u			no-source;fallback
之類	u			no-source;fallback
之餘	u			no-source;fallback
乍暖還寒	u			no-source;fallback
乎	u			no-source;fallback
乏人問津	u			no-source;fallback
乏善可陳	u			no-source;fallback
乒乒乓乓	u			no-source;fallback
乒乓球	u			no-source;fallback
乒乓球拍	u			no-source;fallback
乖	u			no-source;fallback
乖乖	u			no-source;fallback
乖仔	u			no-source;fallback
乘其不備	u			no-source;fallback
乘勝追擊	u			no-source;fallback
乘機	u			no-source;fallback
乘興而來	u			no-source;fallback
乘虛而入	u			no-source;fallback
乘風破浪	u			no-source;fallback
乘龍快婿	u			no-source;fallback
乙型腦炎	u			no-source;fallback
乙狀結腸	u			no-source;fallback
乙種射線	u			no-source;fallback
乙腦	u			no-source;fallback
乜	u			no-source;fallback
乜乜物物	u			no-source;fallback
乜事	u			no-source;fallback
乜嘢	u			no-source;fallback
乜鬼	u			no-source;fallback
九九歸一	u			no-source;fallback
九九重陽	u			no-source;fallback
九唔搭八	u			no-source;fallback
九霄雲外	u			no-source;fallback
九點	u			no-source;fallback
九龍	u			no-source;fallback
九龍半島	u			no-source;fallback
乞	u			no-source;fallback
乞哀告憐	u			no-source;fallback
也就是說	u			no-source;fallback
也就是説	u			no-source;fallback
乳	u			no-source;fallback
乳臭未乾	u			no-source;fallback
乳頭	u			no-source;fallback
乸	u			no-source;fallback
乾	u			no-source;fallback
乾乾淨淨	u			no-source;fallback
乾杯	u			no-source;fallback
乾柴烈火	u			no-source;fallback
乾淨俐落	u			no-source;fallback
乾淨利落	u			no-source;fallback
乾瞪眼	u			no-source;fallback
乾脆	u			no-source;fallback
亂	u			no-source;fallback
亂世	u			no-source;fallback
亂世佳人	u			no-source;fallback
亂作一團	u			no-source;fallback
亂序	u			no-source;fallback
亂成一團	u			no-source;fallback
亂臣賊子	u			no-source;fallback
亂點鴛鴦	u			no-source;fallback
了不起	u			no-source;fallback
了無新意	u			no-source;fallback
了無牽掛	u			no-source;fallback
了結	u			no-source;fallback
予取予攜	u			no-source;fallback
予取予求	u			no-source;fallback
事	u			no-source;fallback
事不關己	u			no-source;fallback
事先	u			no-source;fallback
事出有因	u			no-source;fallback
事到如今	u			no-source;fallback
事到臨頭	u			no-source;fallback
事前	u			no-source;fallback
事務	u			no-source;fallback
事務律師	u			no-source;fallback
事半功倍	u			no-source;fallback
事實上	u			no-source;fallback
事已至此	u			no-source;fallback
事後	u			no-source;fallback
事必躬親	u			no-source;fallback
事情	u			no-source;fallback
事物	u			no-source;fallback
事發	u			no-source;fallback
事蹟	u			no-source;fallback
事過境遷	u			no-source;fallback
事關	u			no-source;fallback
事關重大	u			no-source;fallback
事隔多年	u			no-source;fallback
二人世界	u			no-source;fallback
二十一條	u			no-source;fallback
二十五史	u			no-source;fallback
二十四史	u			no-source;fallback
二心	u			no-source;fallback
二手車	u			no-source;fallback
二把手	u			no-source;fallback
二次函數	u			no-source;fallback
二次方程	u			no-source;fallback
二氧化錳	u			no-source;fallback
二流	u			no-source;fallback
二級士官	u			no-source;fallback
二號人物	u			no-source;fallback
二話不説	u			no-source;fallback
互	u			no-source;fallback
互不相讓	u			no-source;fallback
互動	u			no-source;fallback
互斥	u			no-source;fallback
互有勝負	u			no-source;fallback
互相	u			no-source;fallback
互相切磋	u			no-source;fallback
互相幫助	u			no-source;fallback
互相推諉	u			no-source;fallback
互相監督	u			no-source;fallback
互相聯繫	u			no-source;fallback
互相連接	u			no-source;fallback
互致問候	u			no-source;fallback
互通有無	u			no-source;fallback
五代十國	u			no-source;fallback
五卅運動	u			no-source;fallback
五味俱全	u			no-source;fallback
五味雜陳	u			no-source;fallback
五四運動	u			no-source;fallback
五大連池	u			no-source;fallback
五官	u			no-source;fallback
五官端正	u			no-source;fallback
五年計劃	u			no-source;fallback
五彩繽紛	u			no-source;fallback
五律	u			no-source;fallback
五日京兆	u			no-source;fallback
五星紅旗	u			no-source;fallback
五毒俱全	u			no-source;fallback
五燈會元	u			no-source;fallback
五短身材	u			no-source;fallback
五福臨門	u			no-source;fallback
五穀雜糧	u			no-source;fallback
五筆字型	u			no-source;fallback
五筆字形	u			no-source;fallback
五絕	u			no-source;fallback
五聲音階	u			no-source;fallback
五臟俱全	u			no-source;fallback
五臟六腑	u			no-source;fallback
五色繽紛	u			no-source;fallback
五花八門	u			no-source;fallback
五花大綁	u			no-source;fallback
五行	u			no-source;fallback
五角大樓	u			no-source;fallback
五言律詩	u			no-source;fallback
五言絕句	u			no-source;fallback
五講四美	u			no-source;fallback
五金	u			no-source;fallback
五雷轟頂	u			no-source;fallback
五音不全	u			no-source;fallback
五項全能	u			no-source;fallback
五顏六色	u			no-source;fallback
五馬分屍	u			no-source;fallback
五點	u			no-source;fallback
井井有條	u			no-source;fallback
井然有序	u			no-source;fallback
亙古未有	u			no-source;fallback
亞	u			no-source;fallback
亞克力	u			no-source;fallback
亞太	u			no-source;fallback
亞歐大陸	u			no-source;fallback
亞馬孫河	u			no-source;fallback
亟待解決	u			no-source;fallback
亡國滅種	u			no-source;fallback
亡羊補牢	u			no-source;fallback
交代	u			no-source;fallback
交叉學科	u			no-source;fallback
交叉火力	u			no-source;fallback
交惡	u			no-source;fallback
交感神經	u			no-source;fallback
交換價值	u			no-source;fallback
交換機	u			no-source;fallback
交相輝映	u			no-source;fallback
交納	u			no-source;fallback
交警	u			no-source;fallback
交變電流	u			no-source;fallback
交通事故	u			no-source;fallback
交通工具	u			no-source;fallback
交通意外	u			no-source;fallback
交通擁擠	u			no-source;fallback
交錯	u			no-source;fallback
交響樂隊	u			no-source;fallback
亦	u			no-source;fallback
亦步亦趨	u			no-source;fallback
亦莊亦諧	u			no-source;fallback
亨利五世	u			no-source;fallback
享福	u			no-source;fallback
京城	u			no-source;fallback
亭亭玉立	u			no-source;fallback
亭台樓閣	u			no-source;fallback
亮	u			no-source;fallback
亮燈	u			no-source;fallback
亮相	u			no-source;fallback
人中龍鳳	u			no-source;fallback
人事	u			no-source;fallback
人云亦云	u			no-source;fallback
人五人六	u			no-source;fallback
人亡物在	u			no-source;fallback
人人	u			no-source;fallback
人仔	u			no-source;fallback
人仔細細	u			no-source;fallback
人來人往	u			no-source;fallback
人傑地靈	u			no-source;fallback
人力車夫	u			no-source;fallback
人去樓空	u			no-source;fallback
人口構成	u			no-source;fallback
人口結構	u			no-source;fallback
人口販賣	u			no-source;fallback
人各有志	u			no-source;fallback
人命	u			no-source;fallback
人哋	u			no-source;fallback
人嚟	u			no-source;fallback
人地生疏	u			no-source;fallback
人多勢眾	u			no-source;fallback
人如其名	u			no-source;fallback
人定勝天	u			no-source;fallback
人小鬼大	u			no-source;fallback
人工	u			no-source;fallback
人工免疫	u			no-source;fallback
人工受精	u			no-source;fallback
人工呼吸	u			no-source;fallback
人工流產	u			no-source;fallback
人影	u			no-source;fallback
人心	u			no-source;fallback
人心不古	u			no-source;fallback
人心叵測	u			no-source;fallback
人心難測	u			no-source;fallback
人性化	u			no-source;fallback
人情	u			no-source;fallback
人情世故	u			no-source;fallback
人情冷暖	u			no-source;fallback
人所共知	u			no-source;fallback
人手	u			no-source;fallback
人才外流	u			no-source;fallback
人數	u			no-source;fallback
人文	u			no-source;fallback
人文學科	u			no-source;fallback
人文景觀	u			no-source;fallback
人文社科	u			no-source;fallback
人文科學	u			no-source;fallback
人望	u			no-source;fallback
人格魅力	u			no-source;fallback
人機界面	u			no-source;fallback
人權	u			no-source;fallback
人民警察	u			no-source;fallback
人民起義	u			no-source;fallback
人流	u			no-source;fallback
人流手術	u			no-source;fallback
人浮於事	u			no-source;fallback
人海戰術	u			no-source;fallback
人海茫茫	u			no-source;fallback
人滿為患	u			no-source;fallback
人為	u			no-source;fallback
人無完人	u			no-source;fallback
人煙稠密	u			no-source;fallback
人爲	u			no-source;fallback
人物描寫	u			no-source;fallback
人琴俱亡	u			no-source;fallback
人生	u			no-source;fallback
人生在世	u			no-source;fallback
人生如夢	u			no-source;fallback
人生意義	u			no-source;fallback
人盡可夫	u			no-source;fallback
人盡皆知	u			no-source;fallback
人神共憤	u			no-source;fallback
人稱代詞	u			no-source;fallback
人窮志短	u			no-source;fallback
人聲鼎沸	u			no-source;fallback
人話	u			no-source;fallback
人財兩失	u			no-source;fallback
人財兩空	u			no-source;fallback
人贓並獲	u			no-source;fallback
人贓俱獲	u			no-source;fallback
人跡罕至	u			no-source;fallback
人身	u			no-source;fallback
人身事故	u			no-source;fallback
人身保險	u			no-source;fallback
人身攻擊	u			no-source;fallback
人身自由	u			no-source;fallback
人造纖維	u			no-source;fallback
人道	u			no-source;fallback
人道精神	u			no-source;fallback
人選	u			no-source;fallback
人間	u			no-source;fallback
人間仙境	u			no-source;fallback
人間佛教	u			no-source;fallback
人間喜劇	u			no-source;fallback
人間地獄	u			no-source;fallback
人間天堂	u			no-source;fallback
人非草木	u			no-source;fallback
人面桃花	u			no-source;fallback
人面獸心	u			no-source;fallback
人頭	u			no-source;fallback
人體器官	u			no-source;fallback
人體解剖	u			no-source;fallback
人高馬大	u			no-source;fallback
人魚小姐	u			no-source;fallback
什麼時候	u			no-source;fallback
什麼樣	u			no-source;fallback
仁人君子	u			no-source;fallback
仁人志士	u			no-source;fallback
仁厚	u			no-source;fallback
仁義道德	u			no-source;fallback
仁者無敵	u			no-source;fallback
仁者見仁	u			no-source;fallback
仆街	u			no-source;fallback
仇	u			no-source;fallback
今不如昔	u			no-source;fallback
今世	u			no-source;fallback
今天	u			no-source;fallback
今年	u			no-source;fallback
今日	u			no-source;fallback
今時今日	u			no-source;fallback
今朝	u			no-source;fallback
今次	u			no-source;fallback
今生	u			no-source;fallback
今生今世	u			no-source;fallback
今非昔比	u			no-source;fallback
介質	u			no-source;fallback
仍	u			no-source;fallback
仍然	u			no-source;fallback
仔	u			no-source;fallback
仔女	u			no-source;fallback
仔細	u			no-source;fallback
他	u			no-source;fallback
他人	u			no-source;fallback
他們	u			no-source;fallback
他日	u			no-source;fallback
他鄉	u			no-source;fallback
仗勢欺人	u			no-source;fallback
仗義執言	u			no-source;fallback
付款條件	u			no-source;fallback
付諸實施	u			no-source;fallback
付諸東流	u			no-source;fallback
付諸流水	u			no-source;fallback
付諸行動	u			no-source;fallback
付費	u			no-source;fallback
仙山瓊閣	u			no-source;fallback
代代相傳	u			no-source;fallback
代數方程	u			no-source;fallback
代碼	u			no-source;fallback
代罪羔羊	u			no-source;fallback
令人生畏	u			no-source;fallback
令人髮指	u			no-source;fallback
令到	u			no-source;fallback
以人為本	u			no-source;fallback
以假亂真	u			no-source;fallback
以偏概全	u			no-source;fallback
以儆效尤	u			no-source;fallback
以免	u			no-source;fallback
以前	u			no-source;fallback
以卵擊石	u			no-source;fallback
以及	u			no-source;fallback
以嚟	u			no-source;fallback
以外	u			no-source;fallback
以少勝多	u			no-source;fallback
以弗所書	u			no-source;fallback
以德服人	u			no-source;fallback
以暴制暴	u			no-source;fallback
以柔克剛	u			no-source;fallback
以權謀私	u			no-source;fallback
以此類推	u			no-source;fallback
以毒攻毒	u			no-source;fallback
以爲	u			no-source;fallback
以理服人	u			no-source;fallback
以至	u			no-source;fallback
以至於	u			no-source;fallback
以致	u			no-source;fallback
以藥養醫	u			no-source;fallback
以訛傳訛	u			no-source;fallback
以貌取人	u			no-source;fallback
以賽亞書	u			no-source;fallback
以身殉職	u			no-source;fallback
以身相許	u			no-source;fallback
以防不測	u			no-source;fallback
以防萬一	u			no-source;fallback
以馬內利	u			no-source;fallback
以點帶面	u			no-source;fallback
仰卧起坐	u			no-source;fallback
仰慕	u			no-source;fallback
仲	u			no-source;fallback
仲有	u			no-source;fallback
仲未	u			no-source;fallback
仲要	u			no-source;fallback
仲話	u			no-source;fallback
仳離	u			no-source;fallback
件	u			no-source;fallback
任	u			no-source;fallback
任人宰割	u			no-source;fallback
任由	u			no-source;fallback
份子	u			no-source;fallback
份量	u			no-source;fallback
企	u			no-source;fallback
企業家	u			no-source;fallback
企足而待	u			no-source;fallback
伉儷情深	u			no-source;fallback
伊利亞特	u			no-source;fallback
伊斯坦堡	u			no-source;fallback
伊斯蘭堡	u			no-source;fallback
伊斯蘭教	u			no-source;fallback
伊朗	u			no-source;fallback
伏爾加河	u			no-source;fallback
伐木工人	u			no-source;fallback
休戰	u			no-source;fallback
休整	u			no-source;fallback
休閒活動	u			no-source;fallback
伯	u			no-source;fallback
估	u			no-source;fallback
估到	u			no-source;fallback
估唔到	u			no-source;fallback
伴侶	u			no-source;fallback
伴娘	u			no-source;fallback
伸張正義	u			no-source;fallback
伸手	u			no-source;fallback
伸手不見五指	u			no-source;fallback
似曾相識	u			no-source;fallback
似的	u			no-source;fallback
伽瑪射線	u			no-source;fallback
伽馬射線	u			no-source;fallback
但係	u			no-source;fallback
但願	u			no-source;fallback
但願如此	u			no-source;fallback
佈	u			no-source;fallback
位	u			no-source;fallback
位居	u			no-source;fallback
位極人臣	u			no-source;fallback
低人一等	u			no-source;fallback
低層	u			no-source;fallback
低效	u			no-source;fallback
低於	u			no-source;fallback
低沉	u			no-source;fallback
低矮	u			no-source;fallback
低空飛行	u			no-source;fallback
低等動物	u			no-source;fallback
低筋	u			no-source;fallback
低筋麪粉	u			no-source;fallback
低級	u			no-source;fallback
低聲	u			no-source;fallback
低能	u			no-source;fallback
低語	u			no-source;fallback
低調	u			no-source;fallback
低谷	u			no-source;fallback
低迷不振	u			no-source;fallback
低速	u			no-source;fallback
低頭	u			no-source;fallback
低頭不語	u			no-source;fallback
低首下心	u			no-source;fallback
住口	u			no-source;fallback
住家	u			no-source;fallback
佔地面積	u			no-source;fallback
何	u			no-source;fallback
何事	u			no-source;fallback
何以見得	u			no-source;fallback
何年何月	u			no-source;fallback
何德何能	u			no-source;fallback
何必	u			no-source;fallback
何必如此	u			no-source;fallback
何必當初	u			no-source;fallback
何時	u			no-source;fallback
何時何地	u			no-source;fallback
何況	u			no-source;fallback
何足掛齒	u			no-source;fallback
佚名	u			no-source;fallback
佛	u			no-source;fallback
佛口蛇心	u			no-source;fallback
佛家弟子	u			no-source;fallback
佛山	u			no-source;fallback
佛羅倫斯	u			no-source;fallback
佛門弟子	u			no-source;fallback
作出	u			no-source;fallback
作品	u			no-source;fallback
作對	u			no-source;fallback
作惡多端	u			no-source;fallback
作案	u			no-source;fallback
作梗	u			no-source;fallback
作業環境	u			no-source;fallback
作爲	u			no-source;fallback
作物	u			no-source;fallback
作者不詳	u			no-source;fallback
作賤自己	u			no-source;fallback
作踐	u			no-source;fallback
作風正派	u			no-source;fallback
佟	u			no-source;fallback
你	u			no-source;fallback
你估	u			no-source;fallback
你來我往	u			no-source;fallback
你們	u			no-source;fallback
你推我讓	u			no-source;fallback
你追我趕	u			no-source;fallback
佢	u			no-source;fallback
佩	u			no-source;fallback
佩戴	u			no-source;fallback
佬	u			no-source;fallback
佳偶天成	u			no-source;fallback
併購	u			no-source;fallback
使得	u			no-source;fallback
使用價值	u			no-source;fallback
使用手冊	u			no-source;fallback
使用數量	u			no-source;fallback
使用説明	u			no-source;fallback
侃侃而談	u			no-source;fallback
來不及	u			no-source;fallback
來來往往	u			no-source;fallback
來信	u			no-source;fallback
來到	u			no-source;fallback
來去無蹤	u			no-source;fallback
來去自如	u			no-source;fallback
來回	u			no-source;fallback
來回來去	u			no-source;fallback
來得	u			no-source;fallback
來得及	u			no-source;fallback
來日方長	u			no-source;fallback
來日無多	u			no-source;fallback
來歷不明	u			no-source;fallback
來源於	u			no-source;fallback
來者不善	u			no-source;fallback
來者不拒	u			no-source;fallback
來訪	u			no-source;fallback
來路不明	u			no-source;fallback
來電	u			no-source;fallback
例如	u			no-source;fallback
侍應生	u			no-source;fallback
侏	u			no-source;fallback
侏儒	u			no-source;fallback
供應商	u			no-source;fallback
供書教學	u			no-source;fallback
供過於求	u			no-source;fallback
供電	u			no-source;fallback
供需	u			no-source;fallback
依依不捨	u			no-source;fallback
依個	u			no-source;fallback
依家	u			no-source;fallback
依山傍水	u			no-source;fallback
依度	u			no-source;fallback
依次	u			no-source;fallback
依然	u			no-source;fallback
依然如故	u			no-source;fallback
依然故我	u			no-source;fallback
依照	u			no-source;fallback
依稀	u			no-source;fallback
依種	u			no-source;fallback
依舊	u			no-source;fallback
侯	u			no-source;fallback
侵略戰爭	u			no-source;fallback
便	u			no-source;fallback
便利商店	u			no-source;fallback
便宜行事	u			no-source;fallback
便捷	u			no-source;fallback
便於	u			no-source;fallback
便是	u			no-source;fallback
便民利民	u			no-source;fallback
係咪	u			no-source;fallback
係噉	u			no-source;fallback
促膝談心	u			no-source;fallback
俄國	u			no-source;fallback
俄羅斯族	u			no-source;fallback
俊	u			no-source;fallback
俗	u			no-source;fallback
俗不可耐	u			no-source;fallback
俗人	u			no-source;fallback
保	u			no-source;fallback
保修	u			no-source;fallback
保全	u			no-source;fallback
保加利亞	u			no-source;fallback
保命	u			no-source;fallback
保外就醫	u			no-source;fallback
保安	u			no-source;fallback
保持原貌	u			no-source;fallback
保護環境	u			no-source;fallback
俠	u			no-source;fallback
俠盜飛車	u			no-source;fallback
信仰自由	u			no-source;fallback
信心十足	u			no-source;fallback
信息產業	u			no-source;fallback
信息管理	u			no-source;fallback
信用危機	u			no-source;fallback
信用等級	u			no-source;fallback
信用評級	u			no-source;fallback
信號處理	u			no-source;fallback
信訪	u			no-source;fallback
修	u			no-source;fallback
修修補補	u			no-source;fallback
修心養性	u			no-source;fallback
修煉成仙	u			no-source;fallback
修身養性	u			no-source;fallback
修長	u			no-source;fallback
俯拾皆是	u			no-source;fallback
俯首稱臣	u			no-source;fallback
俾	u			no-source;fallback
倆	u			no-source;fallback
倉皇出逃	u			no-source;fallback
個	u			no-source;fallback
個人崇拜	u			no-source;fallback
個人衞生	u			no-source;fallback
個位	u			no-source;fallback
個個	u			no-source;fallback
個別	u			no-source;fallback
個月	u			no-source;fallback
個案	u			no-source;fallback
個鐘	u			no-source;fallback
倍	u			no-source;fallback
們	u			no-source;fallback
倒不如	u			no-source;fallback
倒影	u			no-source;fallback
倒打一耙	u			no-source;fallback
倒數	u			no-source;fallback
倒是	u			no-source;fallback
倒果為因	u			no-source;fallback
倒海翻江	u			no-source;fallback
倒背如流	u			no-source;fallback
倒行逆施	u			no-source;fallback
倒買倒賣	u			no-source;fallback
倒轉	u			no-source;fallback
倔頭倔腦	u			no-source;fallback
倖免於難	u			no-source;fallback
借刀殺人	u			no-source;fallback
借古諷今	u			no-source;fallback
借屍還魂	u			no-source;fallback
借腹生子	u			no-source;fallback
借花獻佛	u			no-source;fallback
借酒消愁	u			no-source;fallback
借鑑	u			no-source;fallback
倫	u			no-source;fallback
倫琴射線	u			no-source;fallback
值回票價	u			no-source;fallback
值得品味	u			no-source;fallback
值曬票價	u			no-source;fallback
值錢	u			no-source;fallback
偃旗息鼓	u			no-source;fallback
假	u			no-source;fallback
假以時日	u			no-source;fallback
假冒偽劣	u			no-source;fallback
假名	u			no-source;fallback
假如	u			no-source;fallback
假性近視	u			no-source;fallback
假意	u			no-source;fallback
假戲真做	u			no-source;fallback
假手於人	u			no-source;fallback
偈	u			no-source;fallback
偉岸	u			no-source;fallback
偏偏	u			no-source;fallback
偏差	u			no-source;fallback
偏私	u			no-source;fallback
偏科	u			no-source;fallback
偏頗	u			no-source;fallback
做主	u			no-source;fallback
做事	u			no-source;fallback
做人	u			no-source;fallback
做作	u			no-source;fallback
做咩	u			no-source;fallback
做唔到	u			no-source;fallback
做嘢	u			no-source;fallback
做得	u			no-source;fallback
做愛	u			no-source;fallback
做牛做馬	u			no-source;fallback
停低	u			no-source;fallback
停手	u			no-source;fallback
停火	u			no-source;fallback
停用	u			no-source;fallback
停筆	u			no-source;fallback
停薪留職	u			no-source;fallback
停課	u			no-source;fallback
停車位	u			no-source;fallback
停車位置	u			no-source;fallback
停電	u			no-source;fallback
健	u			no-source;fallback
健健康康	u			no-source;fallback
健全	u			no-source;fallback
健康教育	u			no-source;fallback
健康檢查	u			no-source;fallback
健步如飛	u			no-source;fallback
健美	u			no-source;fallback
健美運動	u			no-source;fallback
健身運動	u			no-source;fallback
側	u			no-source;fallback
側身	u			no-source;fallback
側邊	u			no-source;fallback
偵探小説	u			no-source;fallback
偶像崇拜	u			no-source;fallback
偶然事件	u			no-source;fallback
偶爾	u			no-source;fallback
偶聯反應	u			no-source;fallback
偷偷	u			no-source;fallback
偷偷摸摸	u			no-source;fallback
偷合苟容	u			no-source;fallback
偷嘴	u			no-source;fallback
偷天換日	u			no-source;fallback
偷襲	u			no-source;fallback
偷走	u			no-source;fallback
偷雞摸狗	u			no-source;fallback
偷食	u			no-source;fallback
偷食禁果	u			no-source;fallback
偽	u			no-source;fallback
傀儡政權	u			no-source;fallback
傑	u			no-source;fallback
傑出	u			no-source;fallback
備而不用	u			no-source;fallback
備註	u			no-source;fallback
傢伙	u			no-source;fallback
催	u			no-source;fallback
催化裂化	u			no-source;fallback
催淚彈	u			no-source;fallback
催眠狀態	u			no-source;fallback
傲	u			no-source;fallback
傳人	u			no-source;fallback
傳出	u			no-source;fallback
傳出神經	u			no-source;fallback
傳媒	u			no-source;fallback
傳播媒介	u			no-source;fallback
傳播媒體	u			no-source;fallback
傳教	u			no-source;fallback
傳真發送	u			no-source;fallback
傳真電報	u			no-source;fallback
傳統教育	u			no-source;fallback
傳統觀念	u			no-source;fallback
傳說	u			no-source;fallback
傳輸	u			no-source;fallback
傳輸控制	u			no-source;fallback
傳輸率	u			no-source;fallback
傳輸距離	u			no-source;fallback
傳輸速率	u			no-source;fallback
債	u			no-source;fallback
債台高築	u			no-source;fallback
傷亡慘重	u			no-source;fallback
傷勢	u			no-source;fallback
傷及無辜	u			no-source;fallback
傷心慘目	u			no-source;fallback
傷心欲絕	u			no-source;fallback
傷感	u			no-source;fallback
傷痕累累	u			no-source;fallback
傷者	u			no-source;fallback
傷身	u			no-source;fallback
傷風感冒	u			no-source;fallback
傻	u			no-source;fallback
傻事	u			no-source;fallback
傻仔	u			no-source;fallback
傻佬	u			no-source;fallback
傻女	u			no-source;fallback
傻妹	u			no-source;fallback
傻瓜機	u			no-source;fallback
傻瓜相機	u			no-source;fallback
傻裏傻氣	u			no-source;fallback
傻豬	u			no-source;fallback
傻頭傻腦	u			no-source;fallback
傾	u			no-source;fallback
傾囊相授	u			no-source;fallback
傾國傾城	u			no-source;fallback
傾城傾國	u			no-source;fallback
傾巢而出	u			no-source;fallback
傾心吐膽	u			no-source;fallback
傾計	u			no-source;fallback
僅作參考	u			no-source;fallback
僅供參考	u			no-source;fallback
僅此而已	u			no-source;fallback
像模像樣	u			no-source;fallback
僞	u			no-source;fallback
僞裝	u			no-source;fallback
僧多粥少	u			no-source;fallback
僵硬	u			no-source;fallback
價值判斷	u			no-source;fallback
價值形式	u			no-source;fallback
價值標準	u			no-source;fallback
價值規律	u			no-source;fallback
價值觀	u			no-source;fallback
價廉物美	u			no-source;fallback
價格標籤	u			no-source;fallback
儀	u			no-source;fallback
儀態	u			no-source;fallback
儀態萬千	u			no-source;fallback
儀態萬方	u			no-source;fallback
儀表堂堂	u			no-source;fallback
儂	u			no-source;fallback
億萬富翁	u			no-source;fallback
儒家	u			no-source;fallback
儒林外史	u			no-source;fallback
儘可能	u			no-source;fallback
儘早	u			no-source;fallback
儘管	u			no-source;fallback
儘量	u			no-source;fallback
優	u			no-source;fallback
優先發展	u			no-source;fallback
優勝劣敗	u			no-source;fallback
優勝劣汰	u			no-source;fallback
優化	u			no-source;fallback
優化組合	u			no-source;fallback
優哉遊哉	u			no-source;fallback
優惠價	u			no-source;fallback
優惠價格	u			no-source;fallback
優惠待遇	u			no-source;fallback
優惠貸款	u			no-source;fallback
優秀學生	u			no-source;fallback
儲	u			no-source;fallback
儲蓄存款	u			no-source;fallback
儲蓄銀行	u			no-source;fallback
元元本本	u			no-source;fallback
元寶	u			no-source;fallback
元氣	u			no-source;fallback
元氣大傷	u			no-source;fallback
元素符號	u			no-source;fallback
元謀猿人	u			no-source;fallback
兄弟鬩牆	u			no-source;fallback
充其量	u			no-source;fallback
充分考慮	u			no-source;fallback
充實	u			no-source;fallback
充斥	u			no-source;fallback
充耳不聞	u			no-source;fallback
充要條件	u			no-source;fallback
充電器	u			no-source;fallback
兇	u			no-source;fallback
兇狠	u			no-source;fallback
先到先得	u			no-source;fallback
先前	u			no-source;fallback
先後	u			no-source;fallback
先後順序	u			no-source;fallback
先得	u			no-source;fallback
先是	u			no-source;fallback
先知	u			no-source;fallback
先禮後兵	u			no-source;fallback
先至	u			no-source;fallback
先行	u			no-source;fallback
先進	u			no-source;fallback
光	u			no-source;fallback
光前裕後	u			no-source;fallback
光天化日	u			no-source;fallback
光學	u			no-source;fallback
光宗耀祖	u			no-source;fallback
光導纖維	u			no-source;fallback
光怪陸離	u			no-source;fallback
光明正大	u			no-source;fallback
光明磊落	u			no-source;fallback
光榮	u			no-source;fallback
光纖接口	u			no-source;fallback
光芒	u			no-source;fallback
光芒萬丈	u			no-source;fallback
光説不做	u			no-source;fallback
光譜分析	u			no-source;fallback
光陰似箭	u			no-source;fallback
光陰荏苒	u			no-source;fallback
光電	u			no-source;fallback
光電效應	u			no-source;fallback
光頭	u			no-source;fallback
光風霽月	u			no-source;fallback
光鮮	u			no-source;fallback
克什米爾	u			no-source;fallback
克己奉公	u			no-source;fallback
克己復禮	u			no-source;fallback
克敵制勝	u			no-source;fallback
克林黴素	u			no-source;fallback
克里米亞	u			no-source;fallback
克隆	u			no-source;fallback
免受傷害	u			no-source;fallback
免得	u			no-source;fallback
免責聲明	u			no-source;fallback
免費	u			no-source;fallback
免開尊口	u			no-source;fallback
兒女	u			no-source;fallback
兒子	u			no-source;fallback
兒孫滿堂	u			no-source;fallback
兒童	u			no-source;fallback
兒童教育	u			no-source;fallback
兒童文學	u			no-source;fallback
兔仔	u			no-source;fallback
兔死狐悲	u			no-source;fallback
兜	u			no-source;fallback
兜圈子	u			no-source;fallback
兢兢業業	u			no-source;fallback
入到	u			no-source;fallback
入口即化	u			no-source;fallback
入嚟	u			no-source;fallback
入土為安	u			no-source;fallback
入境手續	u			no-source;fallback
入境簽證	u			no-source;fallback
入夜	u			no-source;fallback
入室弟子	u			no-source;fallback
入手	u			no-source;fallback
入獄	u			no-source;fallback
入貨	u			no-source;fallback
入邊	u			no-source;fallback
入門課程	u			no-source;fallback
入面	u			no-source;fallback
內分泌腺	u			no-source;fallback
內外夾攻	u			no-source;fallback
內幕交易	u			no-source;fallback
內心深處	u			no-source;fallback
內戰	u			no-source;fallback
內斂	u			no-source;fallback
內疚	u			no-source;fallback
內線交易	u			no-source;fallback
內臟	u			no-source;fallback
內蒙古	u			no-source;fallback
內衣	u			no-source;fallback
內貿	u			no-source;fallback
內酰胺酶	u			no-source;fallback
內陸	u			no-source;fallback
全世界	u			no-source;fallback
全副武裝	u			no-source;fallback
全力	u			no-source;fallback
全力支持	u			no-source;fallback
全勞動力	u			no-source;fallback
全名	u			no-source;fallback
全國人民	u			no-source;fallback
全國各地	u			no-source;fallback
全場	u			no-source;fallback
全天	u			no-source;fallback
全始全終	u			no-source;fallback
全家	u			no-source;fallback
全心投入	u			no-source;fallback
全文	u			no-source;fallback
全文檢索	u			no-source;fallback
全日	u			no-source;fallback
全日制	u			no-source;fallback
全本	u			no-source;fallback
全校	u			no-source;fallback
全校師生	u			no-source;fallback
全權代表	u			no-source;fallback
全權大使	u			no-source;fallback
全然不同	u			no-source;fallback
全然不知	u			no-source;fallback
全球暖化	u			no-source;fallback
全盤接受	u			no-source;fallback
全盤西化	u			no-source;fallback
全程	u			no-source;fallback
全職	u			no-source;fallback
全能運動	u			no-source;fallback
全身	u			no-source;fallback
全身上下	u			no-source;fallback
全身而退	u			no-source;fallback
全軍覆沒	u			no-source;fallback
全輪驅動	u			no-source;fallback
全都	u			no-source;fallback
全面	u			no-source;fallback
全體師生	u			no-source;fallback
全麻	u			no-source;fallback
全黨全軍	u			no-source;fallback
兩個文明	u			no-source;fallback
兩小無猜	u			no-source;fallback
兩岸	u			no-source;fallback
兩岸三地	u			no-source;fallback
兩岸關係	u			no-source;fallback
兩廂情願	u			no-source;fallback
兩性生殖	u			no-source;fallback
兩手	u			no-source;fallback
兩手空空	u			no-source;fallback
兩把刷子	u			no-source;fallback
兩敗俱傷	u			no-source;fallback
兩旁	u			no-source;fallback
兩棲	u			no-source;fallback
兩棲登陸	u			no-source;fallback
兩樣	u			no-source;fallback
兩清	u			no-source;fallback
兩相情願	u			no-source;fallback
兩粒	u			no-source;fallback
兩者	u			no-source;fallback
兩肋插刀	u			no-source;fallback
兩虎相爭	u			no-source;fallback
兩袖清風	u			no-source;fallback
兩邊	u			no-source;fallback
兩面三刀	u			no-source;fallback
兩點	u			no-source;fallback
八仙過海	u			no-source;fallback
八卦	u			no-source;fallback
八國聯軍	u			no-source;fallback
八婆	u			no-source;fallback
八月十五	u			no-source;fallback
八點	u			no-source;fallback
公事公辦	u			no-source;fallback
公交車	u			no-source;fallback
公仔	u			no-source;fallback
公公	u			no-source;fallback
公共	u			no-source;fallback
公共事務	u			no-source;fallback
公共事業	u			no-source;fallback
公共交通	u			no-source;fallback
公共假期	u			no-source;fallback
公共場所	u			no-source;fallback
公共政策	u			no-source;fallback
公共秩序	u			no-source;fallback
公共行政	u			no-source;fallback
公共衞生	u			no-source;fallback
公共設施	u			no-source;fallback
公共責任	u			no-source;fallback
公共道德	u			no-source;fallback
公共關係	u			no-source;fallback
公共電視	u			no-source;fallback
公司	u			no-source;fallback
公司會議	u			no-source;fallback
公司理財	u			no-source;fallback
公報私仇	u			no-source;fallback
公子	u			no-source;fallback
公安局	u			no-source;fallback
公安部	u			no-source;fallback
公家	u			no-source;fallback
公屋	u			no-source;fallback
公平合理	u			no-source;fallback
公平待遇	u			no-source;fallback
公平貿易	u			no-source;fallback
公廁	u			no-source;fallback
公投	u			no-source;fallback
公民投票	u			no-source;fallback
公民義務	u			no-source;fallback
公然	u			no-source;fallback
公犬	u			no-source;fallback
公用事業	u			no-source;fallback
公眾	u			no-source;fallback
公眾假期	u			no-source;fallback
公眾場所	u			no-source;fallback
公私分明	u			no-source;fallback
公私合營	u			no-source;fallback
公立學校	u			no-source;fallback
公衆	u			no-source;fallback
公諸於世	u			no-source;fallback
公費醫療	u			no-source;fallback
公關	u			no-source;fallback
六十四卦	u			no-source;fallback
六根清淨	u			no-source;fallback
六親無靠	u			no-source;fallback
六道輪迴	u			no-source;fallback
六點	u			no-source;fallback
共	u			no-source;fallback
共同	u			no-source;fallback
共同基金	u			no-source;fallback
共同綱領	u			no-source;fallback
共和制	u			no-source;fallback
共商大計	u			no-source;fallback
共聚一堂	u			no-source;fallback
共處一室	u			no-source;fallback
共襄盛舉	u			no-source;fallback
兵不厭詐	u			no-source;fallback
兵家大忌	u			no-source;fallback
兵戎相見	u			no-source;fallback
兵臨城下	u			no-source;fallback
其中	u			no-source;fallback
其他	u			no-source;fallback
其他人	u			no-source;fallback
其他地方	u			no-source;fallback
其實	u			no-source;fallback
其後	u			no-source;fallback
其樂融融	u			no-source;fallback
其次	u			no-source;fallback
其貌不揚	u			no-source;fallback
其間	u			no-source;fallback
其餘	u			no-source;fallback
具	u			no-source;fallback
具體	u			no-source;fallback
具體勞動	u			no-source;fallback
典型調查	u			no-source;fallback
兼	u			no-source;fallback
兼容	u			no-source;fallback
兼容並包	u			no-source;fallback
兼而有之	u			no-source;fallback
兼職	u			no-source;fallback
冇	u			no-source;fallback
冇乜	u			no-source;fallback
冇事	u			no-source;fallback
冇人	u			no-source;fallback
冇人冇物	u			no-source;fallback
冇份	u			no-source;fallback
冇問題	u			no-source;fallback
冇嘢	u			no-source;fallback
冇幾耐	u			no-source;fallback
冇得	u			no-source;fallback
冇心	u			no-source;fallback
冇所謂	u			no-source;fallback
冇用	u			no-source;fallback
冇種	u			no-source;fallback
冇計	u			no-source;fallback
冇錯	u			no-source;fallback
再三	u			no-source;fallback
再不	u			no-source;fallback
再也	u			no-source;fallback
再好不過	u			no-source;fallback
再度	u			no-source;fallback
再次	u			no-source;fallback
再生能源	u			no-source;fallback
再者	u			no-source;fallback
再說	u			no-source;fallback
再説	u			no-source;fallback
再講	u			no-source;fallback
再造手術	u			no-source;fallback
冒	u			no-source;fallback
冒冒失失	u			no-source;fallback
冒名頂替	u			no-source;fallback
冒失	u			no-source;fallback
冗詞贅句	u			no-source;fallback
冠冕堂皇	u			no-source;fallback
冤家	u			no-source;fallback
冤家對頭	u			no-source;fallback
冥思苦索	u			no-source;fallback
冬暖夏涼	u			no-source;fallback
冬蟲夏草	u			no-source;fallback
冰上運動	u			no-source;fallback
冰山	u			no-source;fallback
冰山一角	u			no-source;fallback
冰糖葫蘆	u			no-source;fallback
冰肌玉骨	u			no-source;fallback
冰釋前嫌	u			no-source;fallback
冰雪聰明	u			no-source;fallback
冷嘲熱諷	u			no-source;fallback
冷場	u			no-source;fallback
冷暖自知	u			no-source;fallback
冷氣	u			no-source;fallback
冷清	u			no-source;fallback
冷眼旁觀	u			no-source;fallback
冷笑	u			no-source;fallback
冷若冰霜	u			no-source;fallback
冷血動物	u			no-source;fallback
冷衫	u			no-source;fallback
冷酷	u			no-source;fallback
冷酷無情	u			no-source;fallback
冷門	u			no-source;fallback
凋謝	u			no-source;fallback
凋零	u			no-source;fallback
凌	u			no-source;fallback
凌亂不堪	u			no-source;fallback
凌雲壯志	u			no-source;fallback
凍	u			no-source;fallback
凝	u			no-source;fallback
凝望	u			no-source;fallback
凝重	u			no-source;fallback
凡	u			no-source;fallback
凡夫俗子	u			no-source;fallback
凡是	u			no-source;fallback
凱旋歸來	u			no-source;fallback
凱旋而歸	u			no-source;fallback
凳	u			no-source;fallback
凳仔	u			no-source;fallback
凶多吉少	u			no-source;fallback
凸版	u			no-source;fallback
凸版印刷	u			no-source;fallback
凹凸不平	u			no-source;fallback
凹凸有致	u			no-source;fallback
出世	u			no-source;fallback
出乎意外	u			no-source;fallback
出乎預料	u			no-source;fallback
出事	u			no-source;fallback
出人意料	u			no-source;fallback
出人意表	u			no-source;fallback
出人頭地	u			no-source;fallback
出任	u			no-source;fallback
出便	u			no-source;fallback
出入	u			no-source;fallback
出入平安	u			no-source;fallback
出具	u			no-source;fallback
出力	u			no-source;fallback
出動	u			no-source;fallback
出口傷人	u			no-source;fallback
出口成章	u			no-source;fallback
出台	u			no-source;fallback
出名	u			no-source;fallback
出嚟	u			no-source;fallback
出國	u			no-source;fallback
出土文物	u			no-source;fallback
出外	u			no-source;fallback
出奇	u			no-source;fallback
出將入相	u			no-source;fallback
出師不利	u			no-source;fallback
出庭作證	u			no-source;fallback
出手	u			no-source;fallback
出於	u			no-source;fallback
出此下策	u			no-source;fallback
出水芙蓉	u			no-source;fallback
出沒無常	u			no-source;fallback
出演	u			no-source;fallback
出爾反爾	u			no-source;fallback
出版日期	u			no-source;fallback
出生缺陷	u			no-source;fallback
出神入化	u			no-source;fallback
出聲	u			no-source;fallback
出自	u			no-source;fallback
出臺	u			no-source;fallback
出色	u			no-source;fallback
出衆	u			no-source;fallback
出街	u			no-source;fallback
出謀劃策	u			no-source;fallback
出謀獻策	u			no-source;fallback
出貨	u			no-source;fallback
出資	u			no-source;fallback
出遊	u			no-source;fallback
出錯信息	u			no-source;fallback
出門在外	u			no-source;fallback
出雙入對	u			no-source;fallback
出面	u			no-source;fallback
出頭	u			no-source;fallback
出類拔萃	u			no-source;fallback
出馬	u			no-source;fallback
函授	u			no-source;fallback
函授教育	u			no-source;fallback
刀光劍影	u			no-source;fallback
刀光血影	u			no-source;fallback
刀山劍林	u			no-source;fallback
刀耕火種	u			no-source;fallback
分一杯羹	u			no-source;fallback
分公司	u			no-source;fallback
分分鐘	u			no-source;fallback
分子結構	u			no-source;fallback
分子運動	u			no-source;fallback
分子雜交	u			no-source;fallback
分局	u			no-source;fallback
分居	u			no-source;fallback
分工合作	u			no-source;fallback
分形幾何	u			no-source;fallback
分心	u			no-source;fallback
分手	u			no-source;fallback
分拆	u			no-source;fallback
分文不值	u			no-source;fallback
分文不取	u			no-source;fallback
分明	u			no-source;fallback
分析處理	u			no-source;fallback
分權	u			no-source;fallback
分權制衡	u			no-source;fallback
分為	u			no-source;fallback
分爲	u			no-source;fallback
分紅	u			no-source;fallback
分組交換	u			no-source;fallback
分組討論	u			no-source;fallback
分而治之	u			no-source;fallback
分身乏術	u			no-source;fallback
分辨是非	u			no-source;fallback
分辨真假	u			no-source;fallback
分道揚鑣	u			no-source;fallback
分部	u			no-source;fallback
分類廣告	u			no-source;fallback
切中要害	u			no-source;fallback
切削用量	u			no-source;fallback
切削速度	u			no-source;fallback
切合實際	u			no-source;fallback
切實可行	u			no-source;fallback
切實有效	u			no-source;fallback
切片檢查	u			no-source;fallback
切磋琢磨	u			no-source;fallback
切身利益	u			no-source;fallback
切齒痛恨	u			no-source;fallback
刑事	u			no-source;fallback
刑事判決	u			no-source;fallback
刑事拘留	u			no-source;fallback
刑事法庭	u			no-source;fallback
刑事訴訟	u			no-source;fallback
刑事警察	u			no-source;fallback
刑事責任	u			no-source;fallback
刑庭	u			no-source;fallback
刑責	u			no-source;fallback
列隊歡迎	u			no-source;fallback
初來乍到	u			no-source;fallback
初出茅廬	u			no-source;fallback
初初	u			no-source;fallback
初始	u			no-source;fallback
初戀	u			no-source;fallback
初戀情人	u			no-source;fallback
初步設想	u			no-source;fallback
初等教育	u			no-source;fallback
初級	u			no-source;fallback
初級小學	u			no-source;fallback
初級能源	u			no-source;fallback
初試啼聲	u			no-source;fallback
初露鋒芒	u			no-source;fallback
初露頭角	u			no-source;fallback
初頭	u			no-source;fallback
判若兩人	u			no-source;fallback
判若雲泥	u			no-source;fallback
判處	u			no-source;fallback
別	u			no-source;fallback
別人	u			no-source;fallback
別來無恙	u			no-source;fallback
別客氣	u			no-source;fallback
別有洞天	u			no-source;fallback
別有用心	u			no-source;fallback
別有韻味	u			no-source;fallback
別有風味	u			no-source;fallback
別無他法	u			no-source;fallback
別的	u			no-source;fallback
別處	u			no-source;fallback
刨根問底	u			no-source;fallback
利國利民	u			no-source;fallback
利是	u			no-source;fallback
利比裏亞	u			no-source;fallback
利益衝突	u			no-source;fallback
利益輸送	u			no-source;fallback
利落	u			no-source;fallback
刪	u			no-source;fallback
刪減	u			no-source;fallback
刮目相待	u			no-source;fallback
到場	u			no-source;fallback
到家	u			no-source;fallback
到手	u			no-source;fallback
到時	u			no-source;fallback
到會	u			no-source;fallback
到此一遊	u			no-source;fallback
到處	u			no-source;fallback
到頭來	u			no-source;fallback
制動踏板	u			no-source;fallback
制約	u			no-source;fallback
刷牙	u			no-source;fallback
刺青	u			no-source;fallback
刻不容緩	u			no-source;fallback
刻意	u			no-source;fallback
刻意為之	u			no-source;fallback
刻苦努力	u			no-source;fallback
刻苦學習	u			no-source;fallback
刻苦耐勞	u			no-source;fallback
刻苦鑽研	u			no-source;fallback
剁	u			no-source;fallback
則	u			no-source;fallback
削足適履	u			no-source;fallback
削鐵如泥	u			no-source;fallback
前不久	u			no-source;fallback
前世	u			no-source;fallback
前世姻緣	u			no-source;fallback
前仰後合	u			no-source;fallback
前便	u			no-source;fallback
前俯後仰	u			no-source;fallback
前倨後恭	u			no-source;fallback
前僕後繼	u			no-source;fallback
前列	u			no-source;fallback
前列腺素	u			no-source;fallback
前前後後	u			no-source;fallback
前呼後應	u			no-source;fallback
前因後果	u			no-source;fallback
前塵往事	u			no-source;fallback
前天	u			no-source;fallback
前寒武紀	u			no-source;fallback
前往	u			no-source;fallback
前後	u			no-source;fallback
前後左右	u			no-source;fallback
前後矛盾	u			no-source;fallback
前思後想	u			no-source;fallback
前所未有	u			no-source;fallback
前所未見	u			no-source;fallback
前提條件	u			no-source;fallback
前方	u			no-source;fallback
前日	u			no-source;fallback
前景可期	u			no-source;fallback
前沿	u			no-source;fallback
前瞻	u			no-source;fallback
前程似錦	u			no-source;fallback
前臺	u			no-source;fallback
前途	u			no-source;fallback
前途渺茫	u			no-source;fallback
前途無量	u			no-source;fallback
剎那間	u			no-source;fallback
剖白	u			no-source;fallback
剖腹自殺	u			no-source;fallback
剖腹藏珠	u			no-source;fallback
剛強	u			no-source;fallback
剛愎自用	u			no-source;fallback
剛才	u			no-source;fallback
剛柔相濟	u			no-source;fallback
剛纔	u			no-source;fallback
剝	u			no-source;fallback
剝削階級	u			no-source;fallback
剩返	u			no-source;fallback
剪草除根	u			no-source;fallback
副	u			no-source;fallback
副總司令	u			no-source;fallback
副總經理	u			no-source;fallback
副董事長	u			no-source;fallback
副駕駛員	u			no-source;fallback
割裂	u			no-source;fallback
創	u			no-source;fallback
創建	u			no-source;fallback
創意	u			no-source;fallback
創新	u			no-source;fallback
劃一不二	u			no-source;fallback
劃清界線	u			no-source;fallback
劇組	u			no-source;fallback
劈	u			no-source;fallback
劈啪	u			no-source;fallback
劈波斬浪	u			no-source;fallback
劈風斬浪	u			no-source;fallback
劉	u			no-source;fallback
劍拔弩張	u			no-source;fallback
劍走偏鋒	u			no-source;fallback
力	u			no-source;fallback
力大無比	u			no-source;fallback
力大無窮	u			no-source;fallback
力度	u			no-source;fallback
力所能及	u			no-source;fallback
力挽狂瀾	u			no-source;fallback
力排眾議	u			no-source;fallback
力竭聲嘶	u			no-source;fallback
力透紙背	u			no-source;fallback
功不可沒	u			no-source;fallback
功夫	u			no-source;fallback
功德圓滿	u			no-source;fallback
功德無量	u			no-source;fallback
功成不居	u			no-source;fallback
功成名就	u			no-source;fallback
功成身退	u			no-source;fallback
功敗垂成	u			no-source;fallback
功率輸出	u			no-source;fallback
功能模塊	u			no-source;fallback
功課	u			no-source;fallback
加之	u			no-source;fallback
加人一等	u			no-source;fallback
加價	u			no-source;fallback
加勒比海	u			no-source;fallback
加埋	u			no-source;fallback
加大油門	u			no-source;fallback
加工效率	u			no-source;fallback
加拿大	u			no-source;fallback
加拿大人	u			no-source;fallback
加油	u			no-source;fallback
加油添醋	u			no-source;fallback
加深印象	u			no-source;fallback
加深理解	u			no-source;fallback
加減乘除	u			no-source;fallback
加足馬力	u			no-source;fallback
加速踏板	u			no-source;fallback
加里波第	u			no-source;fallback
劣跡斑斑	u			no-source;fallback
助	u			no-source;fallback
助力	u			no-source;fallback
助學貸款	u			no-source;fallback
劫	u			no-source;fallback
勁	u			no-source;fallback
勃然大怒	u			no-source;fallback
勇	u			no-source;fallback
勇冠三軍	u			no-source;fallback
勇往直前	u			no-source;fallback
勇者	u			no-source;fallback
勉勉強強	u			no-source;fallback
勉強	u			no-source;fallback
勒令	u			no-source;fallback
勒緊褲帶	u			no-source;fallback
動	u			no-source;fallback
動人	u			no-source;fallback
動人心魄	u			no-source;fallback
動刀動槍	u			no-source;fallback
動感	u			no-source;fallback
動態影像	u			no-source;fallback
動態更新	u			no-source;fallback
動態網頁	u			no-source;fallback
動手動腳	u			no-source;fallback
動武	u			no-source;fallback
動物分類	u			no-source;fallback
動物學家	u			no-source;fallback
動畫	u			no-source;fallback
動畫片	u			no-source;fallback
動眼神經	u			no-source;fallback
動聽	u			no-source;fallback
動靜	u			no-source;fallback
動魄驚心	u			no-source;fallback
務	u			no-source;fallback
務實	u			no-source;fallback
勝任能力	u			no-source;fallback
勝利果實	u			no-source;fallback
勝券在握	u			no-source;fallback
勝負	u			no-source;fallback
勞保	u			no-source;fallback
勞動保護	u			no-source;fallback
勞動保險	u			no-source;fallback
勞動力	u			no-source;fallback
勞動對象	u			no-source;fallback
勞動就業	u			no-source;fallback
勞動強度	u			no-source;fallback
勞動改造	u			no-source;fallback
勞動教養	u			no-source;fallback
勞動條件	u			no-source;fallback
勞動模範	u			no-source;fallback
勞動能力	u			no-source;fallback
勞務	u			no-source;fallback
勞斯萊斯	u			no-source;fallback
勞模	u			no-source;fallback
勞民傷財	u			no-source;fallback
勞燕分飛	u			no-source;fallback
勞碌	u			no-source;fallback
勞累過度	u			no-source;fallback
勞資糾紛	u			no-source;fallback
勞逸結合	u			no-source;fallback
勢	u			no-source;fallback
勢不兩立	u			no-source;fallback
勢不可當	u			no-source;fallback
勢利小人	u			no-source;fallback
勢在必得	u			no-source;fallback
勢在必行	u			no-source;fallback
勤	u			no-source;fallback
勤儉持家	u			no-source;fallback
勤儉節約	u			no-source;fallback
勤力	u			no-source;fallback
勤勞致富	u			no-source;fallback
勤奮刻苦	u			no-source;fallback
勤工儉學	u			no-source;fallback
勤政廉政	u			no-source;fallback
勤能補拙	u			no-source;fallback
勳章	u			no-source;fallback
勻速運動	u			no-source;fallback
勾	u			no-source;fallback
勾股定理	u			no-source;fallback
勾魂攝魄	u			no-source;fallback
勿忘國恥	u			no-source;fallback
包容	u			no-source;fallback
包庇	u			no-source;fallback
包打天下	u			no-source;fallback
包治百病	u			no-source;fallback
包產到户	u			no-source;fallback
包皮環切	u			no-source;fallback
包紮	u			no-source;fallback
包辦代替	u			no-source;fallback
包辦婚姻	u			no-source;fallback
匈牙利語	u			no-source;fallback
匍匐前進	u			no-source;fallback
化	u			no-source;fallback
化妝	u			no-source;fallback
化妝舞會	u			no-source;fallback
化學分析	u			no-source;fallback
化學性質	u			no-source;fallback
化學成分	u			no-source;fallback
化學治療	u			no-source;fallback
化學纖維	u			no-source;fallback
化學肥料	u			no-source;fallback
化學變化	u			no-source;fallback
化工	u			no-source;fallback
化為	u			no-source;fallback
化為烏有	u			no-source;fallback
化爲	u			no-source;fallback
化療	u			no-source;fallback
化纖	u			no-source;fallback
化裝舞會	u			no-source;fallback
化解	u			no-source;fallback
化險為夷	u			no-source;fallback
化雨春風	u			no-source;fallback
北印度語	u			no-source;fallback
北愛爾蘭	u			no-source;fallback
北戴河區	u			no-source;fallback
北洋水師	u			no-source;fallback
北海道	u			no-source;fallback
北面	u			no-source;fallback
匙羹	u			no-source;fallback
匪夷所思	u			no-source;fallback
匪徒	u			no-source;fallback
匯市	u			no-source;fallback
匱乏	u			no-source;fallback
匿	u			no-source;fallback
匿埋	u			no-source;fallback
匿報	u			no-source;fallback
區區	u			no-source;fallback
區區小事	u			no-source;fallback
區間	u			no-source;fallback
十三太保	u			no-source;fallback
十二地支	u			no-source;fallback
十二指腸	u			no-source;fallback
十二時辰	u			no-source;fallback
十二生肖	u			no-source;fallback
十二經脈	u			no-source;fallback
十二點	u			no-source;fallback
十八羅漢	u			no-source;fallback
十六進位	u			no-source;fallback
十六進制	u			no-source;fallback
十分	u			no-source;fallback
十四行詩	u			no-source;fallback
十字街口	u			no-source;fallback
十字街頭	u			no-source;fallback
十年寒窗	u			no-source;fallback
十惡不赦	u			no-source;fallback
十指連心	u			no-source;fallback
十月革命	u			no-source;fallback
十有八九	u			no-source;fallback
十萬火急	u			no-source;fallback
十足	u			no-source;fallback
十里洋場	u			no-source;fallback
十面埋伏	u			no-source;fallback
十項全能	u			no-source;fallback
十點	u			no-source;fallback
千依百順	u			no-source;fallback
千刀萬剮	u			no-source;fallback
千古罪人	u			no-source;fallback
千呼萬喚	u			no-source;fallback
千夫所指	u			no-source;fallback
千姿百態	u			no-source;fallback
千家萬户	u			no-source;fallback
千山萬水	u			no-source;fallback
千島羣島	u			no-source;fallback
千挑萬選	u			no-source;fallback
千斤重擔	u			no-source;fallback
千真萬確	u			no-source;fallback
千祈	u			no-source;fallback
千秋	u			no-source;fallback
千篇一律	u			no-source;fallback
千萬富翁	u			no-source;fallback
千里迢迢	u			no-source;fallback
千金小姐	u			no-source;fallback
千金要方	u			no-source;fallback
千錘百鍊	u			no-source;fallback
升勢	u			no-source;fallback
升堂入室	u			no-source;fallback
升官發財	u			no-source;fallback
升斗小民	u			no-source;fallback
升溫	u			no-source;fallback
半信半疑	u			no-source;fallback
半勞動力	u			no-source;fallback
半坡遺址	u			no-source;fallback
半壁江山	u			no-source;fallback
半壁河山	u			no-source;fallback
半夜三更	u			no-source;fallback
半工半讀	u			no-source;fallback
半推半就	u			no-source;fallback
半斤八兩	u			no-source;fallback
半日	u			no-source;fallback
半明半暗	u			no-source;fallback
半機械化	u			no-source;fallback
半死不活	u			no-source;fallback
半殖民地	u			no-source;fallback
半生不熟	u			no-source;fallback
半空	u			no-source;fallback
半老徐娘	u			no-source;fallback
半自耕農	u			no-source;fallback
半身	u			no-source;fallback
半點	u			no-source;fallback
卒	u			no-source;fallback
卓爾不羣	u			no-source;fallback
卓見	u			no-source;fallback
協商	u			no-source;fallback
南京	u			no-source;fallback
南北	u			no-source;fallback
南寧	u			no-source;fallback
南斯拉夫	u			no-source;fallback
南昌	u			no-source;fallback
南昌起義	u			no-source;fallback
南沙羣島	u			no-source;fallback
南海	u			no-source;fallback
南箕北斗	u			no-source;fallback
南轅北轍	u			no-source;fallback
南邊	u			no-source;fallback
南非	u			no-source;fallback
博士學位	u			no-source;fallback
博學多才	u			no-source;fallback
博學多聞	u			no-source;fallback
博客	u			no-source;fallback
博客寫手	u			no-source;fallback
博弈	u			no-source;fallback
博茨瓦納	u			no-source;fallback
博覽羣書	u			no-source;fallback
卜	u			no-source;fallback
卡布其諾	u			no-source;fallback
卡爾加里	u			no-source;fallback
卡通	u			no-source;fallback
卡通片	u			no-source;fallback
卧薪嚐膽	u			no-source;fallback
印地安納	u			no-source;fallback
印度支那	u			no-source;fallback
印度斯坦	u			no-source;fallback
印度音樂	u			no-source;fallback
印第安人	u			no-source;fallback
危在旦夕	u			no-source;fallback
危地馬拉	u			no-source;fallback
危局	u			no-source;fallback
危急關頭	u			no-source;fallback
危機四伏	u			no-source;fallback
危機重重	u			no-source;fallback
危辭聳聽	u			no-source;fallback
危重病人	u			no-source;fallback
即	u			no-source;fallback
即使	u			no-source;fallback
即便	u			no-source;fallback
即係	u			no-source;fallback
即可	u			no-source;fallback
即將	u			no-source;fallback
即時傳譯	u			no-source;fallback
即景生情	u			no-source;fallback
即興	u			no-source;fallback
即興發揮	u			no-source;fallback
卸	u			no-source;fallback
卸任	u			no-source;fallback
卸妝	u			no-source;fallback
卻	u			no-source;fallback
卻是	u			no-source;fallback
卿卿我我	u			no-source;fallback
厄瓜多爾	u			no-source;fallback
厚利	u			no-source;fallback
厝火積薪	u			no-source;fallback
原	u			no-source;fallback
原件	u			no-source;fallback
原先	u			no-source;fallback
原原本本	u			no-source;fallback
原名	u			no-source;fallback
原地	u			no-source;fallback
原地踏步	u			no-source;fallback
原子半徑	u			no-source;fallback
原子武器	u			no-source;fallback
原封不動	u			no-source;fallback
原意	u			no-source;fallback
原本	u			no-source;fallback
原汁原味	u			no-source;fallback
原油	u			no-source;fallback
原版	u			no-source;fallback
原班人馬	u			no-source;fallback
原生動物	u			no-source;fallback
原著	u			no-source;fallback
厠	u			no-source;fallback
厭	u			no-source;fallback
厭棄	u			no-source;fallback
厭煩	u			no-source;fallback
厲害	u			no-source;fallback
去	u			no-source;fallback
去其糟粕	u			no-source;fallback
去粗取精	u			no-source;fallback
去蕪存菁	u			no-source;fallback
參差不齊	u			no-source;fallback
參差錯落	u			no-source;fallback
參數	u			no-source;fallback
參照	u			no-source;fallback
參考價值	u			no-source;fallback
參考手冊	u			no-source;fallback
參考文獻	u			no-source;fallback
參考書目	u			no-source;fallback
參考材料	u			no-source;fallback
參考消息	u			no-source;fallback
參見	u			no-source;fallback
參謀總長	u			no-source;fallback
及其	u			no-source;fallback
及時	u			no-source;fallback
及時行樂	u			no-source;fallback
友	u			no-source;fallback
友人	u			no-source;fallback
友好訪問	u			no-source;fallback
友誼萬歲	u			no-source;fallback
反作用	u			no-source;fallback
反動勢力	u			no-source;fallback
反咬一口	u			no-source;fallback
反問	u			no-source;fallback
反客為主	u			no-source;fallback
反射療法	u			no-source;fallback
反式脂肪	u			no-source;fallback
反托拉斯	u			no-source;fallback
反擊	u			no-source;fallback
反敗為勝	u			no-source;fallback
反正	u			no-source;fallback
反派	u			no-source;fallback
反璞歸真	u			no-source;fallback
反目成仇	u			no-source;fallback
反省	u			no-source;fallback
反而	u			no-source;fallback
反覆思量	u			no-source;fallback
反覆無常	u			no-source;fallback
反轉	u			no-source;fallback
反過來	u			no-source;fallback
反面人物	u			no-source;fallback
反面教材	u			no-source;fallback
叔	u			no-source;fallback
取	u			no-source;fallback
取其精華	u			no-source;fallback
取得一致	u			no-source;fallback
叛逆	u			no-source;fallback
叢林	u			no-source;fallback
口不擇言	u			no-source;fallback
口乾舌燥	u			no-source;fallback
口供	u			no-source;fallback
口出狂言	u			no-source;fallback
口口聲聲	u			no-source;fallback
口味	u			no-source;fallback
口岸	u			no-source;fallback
口服心不服	u			no-source;fallback
口服心服	u			no-source;fallback
口氣	u			no-source;fallback
口水	u			no-source;fallback
口沒遮攔	u			no-source;fallback
口沫橫飛	u			no-source;fallback
口無遮攔	u			no-source;fallback
口耳相傳	u			no-source;fallback
口若懸河	u			no-source;fallback
口誅筆伐	u			no-source;fallback
口述歷史	u			no-source;fallback
口音	u			no-source;fallback
口頭文學	u			no-source;fallback
口齒伶俐	u			no-source;fallback
口齒清楚	u			no-source;fallback
古今中外	u			no-source;fallback
古典文學	u			no-source;fallback
古典音樂	u			no-source;fallback
古吉拉特	u			no-source;fallback
古墓麗影	u			no-source;fallback
古往今來	u			no-source;fallback
古怪	u			no-source;fallback
古文字學	u			no-source;fallback
古文觀止	u			no-source;fallback
古文運動	u			no-source;fallback
古爾邦節	u			no-source;fallback
古色古香	u			no-source;fallback
古跡	u			no-source;fallback
古里古怪	u			no-source;fallback
古靈精怪	u			no-source;fallback
另一	u			no-source;fallback
另一方面	u			no-source;fallback
另外	u			no-source;fallback
另有企圖	u			no-source;fallback
另當別論	u			no-source;fallback
另眼相待	u			no-source;fallback
另眼相看	u			no-source;fallback
另行安排	u			no-source;fallback
另行通知	u			no-source;fallback
另請高明	u			no-source;fallback
另謀出路	u			no-source;fallback
另闢蹊徑	u			no-source;fallback
只	u			no-source;fallback
只得	u			no-source;fallback
只會	u			no-source;fallback
只欠東風	u			no-source;fallback
只爭朝夕	u			no-source;fallback
只能	u			no-source;fallback
只要	u			no-source;fallback
只見	u			no-source;fallback
叫做	u			no-source;fallback
叫停	u			no-source;fallback
叫苦連天	u			no-source;fallback
叫醒	u			no-source;fallback
叮叮	u			no-source;fallback
叮叮噹噹	u			no-source;fallback
叮囑	u			no-source;fallback
可	u			no-source;fallback
可供參考	u			no-source;fallback
可信	u			no-source;fallback
可再生能源	u			no-source;fallback
可取	u			no-source;fallback
可口	u			no-source;fallback
可口可樂	u			no-source;fallback
可喜	u			no-source;fallback
可喜可賀	u			no-source;fallback
可圈可點	u			no-source;fallback
可多可少	u			no-source;fallback
可大可小	u			no-source;fallback
可怕	u			no-source;fallback
可悲	u			no-source;fallback
可想而知	u			no-source;fallback
可愛	u			no-source;fallback
可憐	u			no-source;fallback
可憐巴巴	u			no-source;fallback
可持續	u			no-source;fallback
可持續發展	u			no-source;fallback
可接受性	u			no-source;fallback
可是	u			no-source;fallback
可有可無	u			no-source;fallback
可樂	u			no-source;fallback
可歌可泣	u			no-source;fallback
可比價格	u			no-source;fallback
可移植性	u			no-source;fallback
可笑	u			no-source;fallback
可見	u			no-source;fallback
可見一斑	u			no-source;fallback
可親	u			no-source;fallback
台	u			no-source;fallback
台灣	u			no-source;fallback
叱吒風雲	u			no-source;fallback
史前	u			no-source;fallback
史前時代	u			no-source;fallback
右下方	u			no-source;fallback
右手	u			no-source;fallback
右面	u			no-source;fallback
司	u			no-source;fallback
司法制度	u			no-source;fallback
司法機關	u			no-source;fallback
司法獨立	u			no-source;fallback
司法部長	u			no-source;fallback
司空見慣	u			no-source;fallback
司馬	u			no-source;fallback
叻	u			no-source;fallback
吃力	u			no-source;fallback
吃吃喝喝	u			no-source;fallback
吃啞巴虧	u			no-source;fallback
吃喝玩樂	u			no-source;fallback
吃後悔藥	u			no-source;fallback
吃苦	u			no-source;fallback
吃虧	u			no-source;fallback
吃裏爬外	u			no-source;fallback
吃閉門羹	u			no-source;fallback
吃飯	u			no-source;fallback
各不相同	u			no-source;fallback
各不相讓	u			no-source;fallback
各人	u			no-source;fallback
各位	u			no-source;fallback
各個	u			no-source;fallback
各取所需	u			no-source;fallback
各司其職	u			no-source;fallback
各執一詞	u			no-source;fallback
各執己見	u			no-source;fallback
各奔東西	u			no-source;fallback
各就各位	u			no-source;fallback
各式	u			no-source;fallback
各式各樣	u			no-source;fallback
各懷鬼胎	u			no-source;fallback
各抒己見	u			no-source;fallback
各持己見	u			no-source;fallback
各有千秋	u			no-source;fallback
各有所好	u			no-source;fallback
各有所長	u			no-source;fallback
各樣	u			no-source;fallback
各異	u			no-source;fallback
各盡所能	u			no-source;fallback
各種	u			no-source;fallback
各種各樣	u			no-source;fallback
各自	u			no-source;fallback
各自為政	u			no-source;fallback
各色各樣	u			no-source;fallback
各行各業	u			no-source;fallback
各路人馬	u			no-source;fallback
各領風騷	u			no-source;fallback
各顯神通	u			no-source;fallback
吆五喝六	u			no-source;fallback
合	u			no-source;fallback
合不來	u			no-source;fallback
合久必分	u			no-source;fallback
合乎邏輯	u			no-source;fallback
合作無間	u			no-source;fallback
合力	u			no-source;fallback
合唱	u			no-source;fallback
合埋	u			no-source;fallback
合影	u			no-source;fallback
合成石油	u			no-source;fallback
合成纖維	u			no-source;fallback
合格	u			no-source;fallback
合照	u			no-source;fallback
合肥	u			no-source;fallback
合規	u			no-source;fallback
吉卜賽人	u			no-source;fallback
吉普賽人	u			no-source;fallback
吉林	u			no-source;fallback
吉爾吉斯	u			no-source;fallback
吊	u			no-source;fallback
吊兒郎當	u			no-source;fallback
吊帶	u			no-source;fallback
吊銷執照	u			no-source;fallback
吋	u			no-source;fallback
同人	u			no-source;fallback
同伴	u			no-source;fallback
同出一轍	u			no-source;fallback
同名同姓	u			no-source;fallback
同學	u			no-source;fallback
同工不同酬	u			no-source;fallback
同工同酬	u			no-source;fallback
同工異曲	u			no-source;fallback
同性	u			no-source;fallback
同性相斥	u			no-source;fallback
同時	u			no-source;fallback
同樣	u			no-source;fallback
同歸於盡	u			no-source;fallback
同母異父	u			no-source;fallback
同氣連枝	u			no-source;fallback
同流合污	u			no-source;fallback
同父異母	u			no-source;fallback
同牀共枕	u			no-source;fallback
同班	u			no-source;fallback
同班同學	u			no-source;fallback
同生共死	u			no-source;fallback
同盟條約	u			no-source;fallback
同等學力	u			no-source;fallback
同等學歷	u			no-source;fallback
同聲傳譯	u			no-source;fallback
同聲翻譯	u			no-source;fallback
同胞兄弟	u			no-source;fallback
同類相殘	u			no-source;fallback
同黨	u			no-source;fallback
名不副實	u			no-source;fallback
名不符實	u			no-source;fallback
名人	u			no-source;fallback
名利雙收	u			no-source;fallback
名副其實	u			no-source;fallback
名單	u			no-source;fallback
名噪一時	u			no-source;fallback
名家	u			no-source;fallback
名揚四海	u			no-source;fallback
名正言順	u			no-source;fallback
名為	u			no-source;fallback
名爲	u			no-source;fallback
名牌	u			no-source;fallback
名目繁多	u			no-source;fallback
名符其實	u			no-source;fallback
名繮利鎖	u			no-source;fallback
名義工資	u			no-source;fallback
名聞遐邇	u			no-source;fallback
名聲遠播	u			no-source;fallback
名譽博士	u			no-source;fallback
名譽掃地	u			no-source;fallback
名譽會長	u			no-source;fallback
名門世家	u			no-source;fallback
名門望族	u			no-source;fallback
名門貴族	u			no-source;fallback
名門閨秀	u			no-source;fallback
后羿射日	u			no-source;fallback
吐氣揚眉	u			no-source;fallback
吐苦水	u			no-source;fallback
吐蕃王朝	u			no-source;fallback
吐血	u			no-source;fallback
向前	u			no-source;fallback
向巴平措	u			no-source;fallback
向着	u			no-source;fallback
吔	u			no-source;fallback
吖	u			no-source;fallback
君主專制	u			no-source;fallback
君主立憲	u			no-source;fallback
君子	u			no-source;fallback
君子協定	u			no-source;fallback
君臨天下	u			no-source;fallback
吞吞吐吐	u			no-source;fallback
吞噬	u			no-source;fallback
吞雲吐霧	u			no-source;fallback
吟詩作對	u			no-source;fallback
吟風弄月	u			no-source;fallback
吡拉西坦	u			no-source;fallback
否	u			no-source;fallback
否則	u			no-source;fallback
否定一切	u			no-source;fallback
吧	u			no-source;fallback
含含糊糊	u			no-source;fallback
含垢忍辱	u			no-source;fallback
含情脈脈	u			no-source;fallback
含笑九泉	u			no-source;fallback
含糊	u			no-source;fallback
含糊其詞	u			no-source;fallback
含糊其辭	u			no-source;fallback
含苞待放	u			no-source;fallback
含蓄	u			no-source;fallback
含量	u			no-source;fallback
含飴弄孫	u			no-source;fallback
吱	u			no-source;fallback
吱吱喳喳	u			no-source;fallback
吳	u			no-source;fallback
吳儂軟語	u			no-source;fallback
吳王闔閭	u			no-source;fallback
吵吵	u			no-source;fallback
吵吵鬧鬧	u			no-source;fallback
吶喊	u			no-source;fallback
吶喊助威	u			no-source;fallback
吸取教訓	u			no-source;fallback
吸吮	u			no-source;fallback
吸塵機	u			no-source;fallback
吸毒	u			no-source;fallback
吸毒成癮	u			no-source;fallback
吸食毒品	u			no-source;fallback
吹水	u			no-source;fallback
吹糠見米	u			no-source;fallback
吾	u			no-source;fallback
呀	u			no-source;fallback
呃	u			no-source;fallback
呃人	u			no-source;fallback
呆板	u			no-source;fallback
呆若木雞	u			no-source;fallback
告	u			no-source;fallback
告一段落	u			no-source;fallback
告白	u			no-source;fallback
告老還鄉	u			no-source;fallback
呔	u			no-source;fallback
呢	u			no-source;fallback
呢啲	u			no-source;fallback
呢排	u			no-source;fallback
呢種	u			no-source;fallback
呢邊	u			no-source;fallback
周全	u			no-source;fallback
周到	u			no-source;fallback
周而復始	u			no-source;fallback
周身	u			no-source;fallback
周遊世界	u			no-source;fallback
周遊列國	u			no-source;fallback
呯	u			no-source;fallback
呱	u			no-source;fallback
呲牙咧嘴	u			no-source;fallback
味	u			no-source;fallback
呵	u			no-source;fallback
呵呵	u			no-source;fallback
呵呵大笑	u			no-source;fallback
呵護	u			no-source;fallback
呷醋	u			no-source;fallback
呼來喝去	u			no-source;fallback
呼吸器官	u			no-source;fallback
呼呼大睡	u			no-source;fallback
呼和浩特	u			no-source;fallback
呼哧呼哧	u			no-source;fallback
呼喚	u			no-source;fallback
命	u			no-source;fallback
命不該絕	u			no-source;fallback
命中註定	u			no-source;fallback
命在旦夕	u			no-source;fallback
命懸一線	u			no-source;fallback
命赴黃泉	u			no-source;fallback
命運註定	u			no-source;fallback
咀	u			no-source;fallback
咁	u			no-source;fallback
咁上下	u			no-source;fallback
咁滯	u			no-source;fallback
咁鬼	u			no-source;fallback
咄咄怪事	u			no-source;fallback
咋	u			no-source;fallback
和好如初	u			no-source;fallback
和平利用	u			no-source;fallback
和平條約	u			no-source;fallback
和氣	u			no-source;fallback
和氣生財	u			no-source;fallback
和盤托出	u			no-source;fallback
和稀泥	u			no-source;fallback
和約	u			no-source;fallback
和而不同	u			no-source;fallback
和藹可親	u			no-source;fallback
和談	u			no-source;fallback
和顏悦色	u			no-source;fallback
和風細雨	u			no-source;fallback
咒	u			no-source;fallback
咔	u			no-source;fallback
咔嚓	u			no-source;fallback
咕	u			no-source;fallback
咕嚕	u			no-source;fallback
咖	u			no-source;fallback
咗	u			no-source;fallback
咚	u			no-source;fallback
咦	u			no-source;fallback
咧開嘴笑	u			no-source;fallback
咩	u			no-source;fallback
咪	u			no-source;fallback
咫尺天涯	u			no-source;fallback
咬文嚼字	u			no-source;fallback
咬牙切齒	u			no-source;fallback
咬緊牙關	u			no-source;fallback
咬舌自盡	u			no-source;fallback
咭	u			no-source;fallback
咯咯	u			no-source;fallback
咱	u			no-source;fallback
咱們	u			no-source;fallback
哀	u			no-source;fallback
哀傷	u			no-source;fallback
哀悼	u			no-source;fallback
哀求	u			no-source;fallback
哀的美敦書	u			no-source;fallback
哀號	u			no-source;fallback
品	u			no-source;fallback
品位	u			no-source;fallback
品味生活	u			no-source;fallback
品學兼優	u			no-source;fallback
品德	u			no-source;fallback
品格高尚	u			no-source;fallback
品種改良	u			no-source;fallback
品質檢查	u			no-source;fallback
品質管制	u			no-source;fallback
品頭論足	u			no-source;fallback
哂	u			no-source;fallback
哄	u			no-source;fallback
哄抬	u			no-source;fallback
哄抬物價	u			no-source;fallback
哇	u			no-source;fallback
哈	u			no-source;fallback
哈哈	u			no-source;fallback
哈哈大笑	u			no-source;fallback
哈巴雪山	u			no-source;fallback
哈根達斯	u			no-source;fallback
哈特福德	u			no-source;fallback
哈薩克語	u			no-source;fallback
哈雷彗星	u			no-source;fallback
哋	u			no-source;fallback
哎	u			no-source;fallback
哎呀	u			no-source;fallback
員	u			no-source;fallback
哥	u			no-source;fallback
哥倫比亞	u			no-source;fallback
哦	u			no-source;fallback
哩	u			no-source;fallback
哩個	u			no-source;fallback
哩哩羅羅	u			no-source;fallback
哪裏	u			no-source;fallback
哭哭啼啼	u			no-source;fallback
哭喪着臉	u			no-source;fallback
哭天抹淚	u			no-source;fallback
哲學	u			no-source;fallback
哺乳動物	u			no-source;fallback
哼	u			no-source;fallback
哼哼唧唧	u			no-source;fallback
哽咽	u			no-source;fallback
唇亡齒寒	u			no-source;fallback
唉	u			no-source;fallback
唏哩嘩啦	u			no-source;fallback
唐古拉山	u			no-source;fallback
唐山	u			no-source;fallback
唐朝	u			no-source;fallback
唔使	u			no-source;fallback
唔使客氣	u			no-source;fallback
唔切	u			no-source;fallback
唔到	u			no-source;fallback
唔只	u			no-source;fallback
唔同	u			no-source;fallback
唔多	u			no-source;fallback
唔多唔少	u			no-source;fallback
唔好意思	u			no-source;fallback
唔小心	u			no-source;fallback
唔得	u			no-source;fallback
唔怪得	u			no-source;fallback
唔捨得	u			no-source;fallback
唔知幾	u			no-source;fallback
唔經唔覺	u			no-source;fallback
唔緊要	u			no-source;fallback
唔舒服	u			no-source;fallback
唔見	u			no-source;fallback
唔覺意	u			no-source;fallback
唔記得	u			no-source;fallback
唔該	u			no-source;fallback
唔通	u			no-source;fallback
唔錯	u			no-source;fallback
唧	u			no-source;fallback
唧唧喳喳	u			no-source;fallback
售價	u			no-source;fallback
唯一	u			no-source;fallback
唯有	u			no-source;fallback
唯物史觀	u			no-source;fallback
唯物論	u			no-source;fallback
唯獨	u			no-source;fallback
唱對台戲	u			no-source;fallback
唱獨角戲	u			no-source;fallback
唱空城計	u			no-source;fallback
唸	u			no-source;fallback
唸唸有詞	u			no-source;fallback
唾手可得	u			no-source;fallback
唾棄	u			no-source;fallback
商品價值	u			no-source;fallback
商品流通	u			no-source;fallback
商品生產	u			no-source;fallback
商場	u			no-source;fallback
商業應用	u			no-source;fallback
商業版本	u			no-source;fallback
商業發票	u			no-source;fallback
商業計劃	u			no-source;fallback
商機	u			no-source;fallback
商用	u			no-source;fallback
商貿	u			no-source;fallback
商量	u			no-source;fallback
商隊	u			no-source;fallback
啊	u			no-source;fallback
問寒問暖	u			no-source;fallback
問心無愧	u			no-source;fallback
問柳尋花	u			no-source;fallback
問號	u			no-source;fallback
問長問短	u			no-source;fallback
問題少年	u			no-source;fallback
問鼎中原	u			no-source;fallback
啓用	u			no-source;fallback
啖	u			no-source;fallback
啞口無言	u			no-source;fallback
啞然失笑	u			no-source;fallback
啟程	u			no-source;fallback
啡	u			no-source;fallback
啤	u			no-source;fallback
啤啤	u			no-source;fallback
啥	u			no-source;fallback
啦	u			no-source;fallback
啦啦隊	u			no-source;fallback
啦啦隊員	u			no-source;fallback
啦啦隊長	u			no-source;fallback
啪	u			no-source;fallback
啫	u			no-source;fallback
啱	u			no-source;fallback
啱啱	u			no-source;fallback
啲	u			no-source;fallback
啵	u			no-source;fallback
啼笑皆非	u			no-source;fallback
喀	u			no-source;fallback
喃喃	u			no-source;fallback
善	u			no-source;fallback
善人	u			no-source;fallback
善始善終	u			no-source;fallback
善後事宜	u			no-source;fallback
善於	u			no-source;fallback
善有善報	u			no-source;fallback
善男信女	u			no-source;fallback
善終	u			no-source;fallback
善罷甘休	u			no-source;fallback
善解人意	u			no-source;fallback
喇	u			no-source;fallback
喎	u			no-source;fallback
喔	u			no-source;fallback
喘	u			no-source;fallback
喜	u			no-source;fallback
喜不自禁	u			no-source;fallback
喜人	u			no-source;fallback
喜從天降	u			no-source;fallback
喜怒無常	u			no-source;fallback
喜新厭舊	u			no-source;fallback
喜極而泣	u			no-source;fallback
喜氣	u			no-source;fallback
喜氣洋洋	u			no-source;fallback
喜眉笑眼	u			no-source;fallback
喜笑顏開	u			no-source;fallback
喜結連理	u			no-source;fallback
喝倒彩	u			no-source;fallback
喝茶	u			no-source;fallback
喝西北風	u			no-source;fallback
喥	u			no-source;fallback
喧嘩	u			no-source;fallback
喧賓奪主	u			no-source;fallback
喪失殆盡	u			no-source;fallback
喪屍	u			no-source;fallback
喫	u			no-source;fallback
喫飯	u			no-source;fallback
單一	u			no-source;fallback
單人	u			no-source;fallback
單人獨馬	u			no-source;fallback
單價	u			no-source;fallback
單刀直入	u			no-source;fallback
單刀赴會	u			no-source;fallback
單向	u			no-source;fallback
單單	u			no-source;fallback
單嘢	u			no-source;fallback
單幹	u			no-source;fallback
單手	u			no-source;fallback
單打一	u			no-source;fallback
單打獨鬥	u			no-source;fallback
單方面	u			no-source;fallback
單槍匹馬	u			no-source;fallback
單模光纖	u			no-source;fallback
單片機	u			no-source;fallback
單程	u			no-source;fallback
單純	u			no-source;fallback
單薄	u			no-source;fallback
單調	u			no-source;fallback
單身	u			no-source;fallback
單身貴族	u			no-source;fallback
單門獨户	u			no-source;fallback
喱	u			no-source;fallback
喲	u			no-source;fallback
喳	u			no-source;fallback
喵	u			no-source;fallback
喺度	u			no-source;fallback
嗄	u			no-source;fallback
嗌交	u			no-source;fallback
嗎	u			no-source;fallback
嗚	u			no-source;fallback
嗚乎哀哉	u			no-source;fallback
嗚呼哀哉	u			no-source;fallback
嗜殺成性	u			no-source;fallback
嗜痂成癖	u			no-source;fallback
嗜血桿菌	u			no-source;fallback
嗜酒如命	u			no-source;fallback
嗜酒成性	u			no-source;fallback
嗬	u			no-source;fallback
嗯	u			no-source;fallback
嗰	u			no-source;fallback
嗰個	u			no-source;fallback
嗰啲	u			no-source;fallback
嗰度	u			no-source;fallback
嗰日	u			no-source;fallback
嗰時	u			no-source;fallback
嗰晚	u			no-source;fallback
嗰次	u			no-source;fallback
嗰種	u			no-source;fallback
嗰陣	u			no-source;fallback
嗲	u			no-source;fallback
嗲聲嗲氣	u			no-source;fallback
嘁嘁喳喳	u			no-source;fallback
嘅	u			no-source;fallback
嘅嘢	u			no-source;fallback
嘅樣	u			no-source;fallback
嘅話	u			no-source;fallback
嘆	u			no-source;fallback
嘈	u			no-source;fallback
嘈交	u			no-source;fallback
嘈吵	u			no-source;fallback
嘈喧巴閉	u			no-source;fallback
嘉	u			no-source;fallback
嘉年華會	u			no-source;fallback
嘉賓	u			no-source;fallback
嘍	u			no-source;fallback
嘎嘎	u			no-source;fallback
嘔	u			no-source;fallback
嘔心	u			no-source;fallback
嘔心瀝血	u			no-source;fallback
嘖	u			no-source;fallback
嘖嘖稱奇	u			no-source;fallback
嘛	u			no-source;fallback
嘞	u			no-source;fallback
嘟	u			no-source;fallback
嘢	u			no-source;fallback
嘢食	u			no-source;fallback
嘥	u			no-source;fallback
嘩	u			no-source;fallback
嘩啦一聲	u			no-source;fallback
嘭	u			no-source;fallback
嘮嘮叨叨	u			no-source;fallback
嘰哩咕嚕	u			no-source;fallback
嘰嘰咕咕	u			no-source;fallback
嘰嘰喳喳	u			no-source;fallback
嘰嘰嘎嘎	u			no-source;fallback
嘰裏咕嚕	u			no-source;fallback
嘴巴	u			no-source;fallback
嘴角	u			no-source;fallback
嘻	u			no-source;fallback
嘻嘻哈哈	u			no-source;fallback
嘻皮笑臉	u			no-source;fallback
嘿	u			no-source;fallback
嘿嘿	u			no-source;fallback
噉	u			no-source;fallback
噉樣	u			no-source;fallback
噏	u			no-source;fallback
噓	u			no-source;fallback
噗	u			no-source;fallback
噠	u			no-source;fallback
噢	u			no-source;fallback
噤聲	u			no-source;fallback
器	u			no-source;fallback
器件	u			no-source;fallback
器材	u			no-source;fallback
噩耗	u			no-source;fallback
噬	u			no-source;fallback
噬臍莫及	u			no-source;fallback
噶	u			no-source;fallback
噹	u			no-source;fallback
噼	u			no-source;fallback
嚇親	u			no-source;fallback
嚓	u			no-source;fallback
嚟	u			no-source;fallback
嚟㗎	u			no-source;fallback
嚟到	u			no-source;fallback
嚟講	u			no-source;fallback
嚮	u			no-source;fallback
嚮導	u			no-source;fallback
嚴以律己	u			no-source;fallback
嚴刑峻法	u			no-source;fallback
嚴刑拷打	u			no-source;fallback
嚴刑逼供	u			no-source;fallback
嚴嚴實實	u			no-source;fallback
嚴懲不貸	u			no-source;fallback
嚴整	u			no-source;fallback
嚴於律己	u			no-source;fallback
嚴格	u			no-source;fallback
嚴正	u			no-source;fallback
嚴正聲明	u			no-source;fallback
嚴絲合縫	u			no-source;fallback
嚴辦	u			no-source;fallback
嚴酷	u			no-source;fallback
囂張	u			no-source;fallback
囂張氣焰	u			no-source;fallback
囉	u			no-source;fallback
囉嗦	u			no-source;fallback
囊中羞澀	u			no-source;fallback
四世同堂	u			no-source;fallback
四分五裂	u			no-source;fallback
四則運算	u			no-source;fallback
四周	u			no-source;fallback
四圍	u			no-source;fallback
四大名著	u			no-source;fallback
四大天王	u			no-source;fallback
四大石窟	u			no-source;fallback
四大美女	u			no-source;fallback
四季如春	u			no-source;fallback
四川	u			no-source;fallback
四散奔逃	u			no-source;fallback
四方八面	u			no-source;fallback
四書五經	u			no-source;fallback
四氯乙烯	u			no-source;fallback
四海一家	u			no-source;fallback
四肢	u			no-source;fallback
四肢無力	u			no-source;fallback
四腳朝天	u			no-source;fallback
四處	u			no-source;fallback
四處奔走	u			no-source;fallback
四處尋找	u			no-source;fallback
四處張望	u			no-source;fallback
四角號碼	u			no-source;fallback
四門轎車	u			no-source;fallback
四面八方	u			no-source;fallback
四點	u			no-source;fallback
回光反照	u			no-source;fallback
回升	u			no-source;fallback
回復	u			no-source;fallback
回應	u			no-source;fallback
回望	u			no-source;fallback
回歸	u			no-source;fallback
回眸一笑	u			no-source;fallback
回程	u			no-source;fallback
回落	u			no-source;fallback
回頭	u			no-source;fallback
因人成事	u			no-source;fallback
因公殉職	u			no-source;fallback
因小失大	u			no-source;fallback
因式分解	u			no-source;fallback
因循守舊	u			no-source;fallback
因材施教	u			no-source;fallback
因果	u			no-source;fallback
因果報應	u			no-source;fallback
因此	u			no-source;fallback
因爲	u			no-source;fallback
因紐特人	u			no-source;fallback
因緣際會	u			no-source;fallback
因而	u			no-source;fallback
囡	u			no-source;fallback
囤積居奇	u			no-source;fallback
囫圇吞棗	u			no-source;fallback
困	u			no-source;fallback
困守	u			no-source;fallback
困惑不解	u			no-source;fallback
困難重重	u			no-source;fallback
固執己見	u			no-source;fallback
固定價格	u			no-source;fallback
固定資產	u			no-source;fallback
固定資金	u			no-source;fallback
固體物理	u			no-source;fallback
固體物質	u			no-source;fallback
圈子	u			no-source;fallback
國事訪問	u			no-source;fallback
國人	u			no-source;fallback
國企	u			no-source;fallback
國債	u			no-source;fallback
國內	u			no-source;fallback
國內外	u			no-source;fallback
國內戰爭	u			no-source;fallback
國內生產	u			no-source;fallback
國內貿易	u			no-source;fallback
國務部長	u			no-source;fallback
國務院	u			no-source;fallback
國外	u			no-source;fallback
國外貿易	u			no-source;fallback
國家代碼	u			no-source;fallback
國家元首	u			no-source;fallback
國家公園	u			no-source;fallback
國家利益	u			no-source;fallback
國家制度	u			no-source;fallback
國家標準	u			no-source;fallback
國家機器	u			no-source;fallback
國家機密	u			no-source;fallback
國家機關	u			no-source;fallback
國家權力	u			no-source;fallback
國家考試	u			no-source;fallback
國家興亡	u			no-source;fallback
國家銀行	u			no-source;fallback
國家隊	u			no-source;fallback
國家預算	u			no-source;fallback
國家體委	u			no-source;fallback
國度	u			no-source;fallback
國情	u			no-source;fallback
國慶	u			no-source;fallback
國有化	u			no-source;fallback
國民大會	u			no-source;fallback
國泰民安	u			no-source;fallback
國營企業	u			no-source;fallback
國破家亡	u			no-source;fallback
國計民生	u			no-source;fallback
國防部長	u			no-source;fallback
國際	u			no-source;fallback
國際公制	u			no-source;fallback
國際公法	u			no-source;fallback
國際公約	u			no-source;fallback
國際化	u			no-source;fallback
國際慣例	u			no-source;fallback
國際新聞	u			no-source;fallback
國際標準	u			no-source;fallback
國際機場	u			no-source;fallback
國際法庭	u			no-source;fallback
國際法院	u			no-source;fallback
國際私法	u			no-source;fallback
國際聯盟	u			no-source;fallback
國際象棋	u			no-source;fallback
國際貿易	u			no-source;fallback
國際足聯	u			no-source;fallback
國際跳棋	u			no-source;fallback
國際都市	u			no-source;fallback
國際關係	u			no-source;fallback
國際音標	u			no-source;fallback
圍	u			no-source;fallback
圍觀	u			no-source;fallback
圓桌會議	u			no-source;fallback
圓鑿方枘	u			no-source;fallback
圖形	u			no-source;fallback
圖形界面	u			no-source;fallback
圖文	u			no-source;fallback
圖文並茂	u			no-source;fallback
圖書管理員	u			no-source;fallback
圖書館員	u			no-source;fallback
圖騰	u			no-source;fallback
圖騰崇拜	u			no-source;fallback
團團圍住	u			no-source;fallback
團長	u			no-source;fallback
土地改革	u			no-source;fallback
土氣	u			no-source;fallback
土生土長	u			no-source;fallback
土耳其	u			no-source;fallback
土耳其語	u			no-source;fallback
土裏土氣	u			no-source;fallback
土豪劣紳	u			no-source;fallback
在乎	u			no-source;fallback
在劫難逃	u			no-source;fallback
在商言商	u			no-source;fallback
在場	u			no-source;fallback
在家	u			no-source;fallback
在所不計	u			no-source;fallback
在所難免	u			no-source;fallback
在校	u			no-source;fallback
在真空中	u			no-source;fallback
在線	u			no-source;fallback
在職	u			no-source;fallback
地主家庭	u			no-source;fallback
地主階級	u			no-source;fallback
地利人和	u			no-source;fallback
地勤	u			no-source;fallback
地區差價	u			no-source;fallback
地區衝突	u			no-source;fallback
地學	u			no-source;fallback
地底	u			no-source;fallback
地庫	u			no-source;fallback
地心吸力	u			no-source;fallback
地心引力	u			no-source;fallback
地方停車	u			no-source;fallback
地方國營	u			no-source;fallback
地方武裝	u			no-source;fallback
地方法院	u			no-source;fallback
地標	u			no-source;fallback
地步	u			no-source;fallback
地殼運動	u			no-source;fallback
地熱資源	u			no-source;fallback
地球大氣	u			no-source;fallback
地球科學	u			no-source;fallback
地理位置	u			no-source;fallback
地理學家	u			no-source;fallback
地理環境	u			no-source;fallback
地痞	u			no-source;fallback
地痞流氓	u			no-source;fallback
地盤	u			no-source;fallback
地緣戰略	u			no-source;fallback
地緣政治	u			no-source;fallback
地老天荒	u			no-source;fallback
地覆天翻	u			no-source;fallback
地質	u			no-source;fallback
地質學家	u			no-source;fallback
地道	u			no-source;fallback
地震震級	u			no-source;fallback
地震預報	u			no-source;fallback
地靈人傑	u			no-source;fallback
地頭	u			no-source;fallback
坎坷	u			no-source;fallback
坐井觀天	u			no-source;fallback
坐享其成	u			no-source;fallback
坐以待斃	u			no-source;fallback
坐低	u			no-source;fallback
坐卧不寧	u			no-source;fallback
坐失良機	u			no-source;fallback
坐收漁利	u			no-source;fallback
坐監	u			no-source;fallback
坐立難安	u			no-source;fallback
坐視不理	u			no-source;fallback
坐骨神經	u			no-source;fallback
坑坑窪窪	u			no-source;fallback
坑蒙拐騙	u			no-source;fallback
坦桑尼亞	u			no-source;fallback
坦然	u			no-source;fallback
坦率	u			no-source;fallback
坦白從寬	u			no-source;fallback
坦蕩	u			no-source;fallback
坦言	u			no-source;fallback
坦誠	u			no-source;fallback
坦途	u			no-source;fallback
垂直	u			no-source;fallback
垂直搜索	u			no-source;fallback
垂簾聽政	u			no-source;fallback
垂頭喪氣	u			no-source;fallback
型	u			no-source;fallback
埃德蒙頓	u			no-source;fallback
埋位	u			no-source;fallback
埋嚟	u			no-source;fallback
埋沒	u			no-source;fallback
城區	u			no-source;fallback
城市區域	u			no-source;fallback
城市居民	u			no-source;fallback
城市熱島	u			no-source;fallback
城市貧民	u			no-source;fallback
城鎮居民	u			no-source;fallback
域名	u			no-source;fallback
域名搶注	u			no-source;fallback
域名註冊	u			no-source;fallback
執	u			no-source;fallback
執政方式	u			no-source;fallback
執業	u			no-source;fallback
執行董事	u			no-source;fallback
執迷不悟	u			no-source;fallback
培訓班	u			no-source;fallback
基	u			no-source;fallback
基因改造	u			no-source;fallback
基尼係數	u			no-source;fallback
基底動脈	u			no-source;fallback
基本	u			no-source;fallback
基本國策	u			no-source;fallback
基本建設	u			no-source;fallback
基本法	u			no-source;fallback
基本矛盾	u			no-source;fallback
基本詞彙	u			no-source;fallback
基礎教育	u			no-source;fallback
基礎科學	u			no-source;fallback
基礎結構	u			no-source;fallback
基站	u			no-source;fallback
基里巴斯	u			no-source;fallback
堂	u			no-source;fallback
堂吉訶德	u			no-source;fallback
堂堂正正	u			no-source;fallback
堂而皇之	u			no-source;fallback
堅	u			no-source;fallback
堅不可摧	u			no-source;fallback
堅壁清野	u			no-source;fallback
堅定	u			no-source;fallback
堅強	u			no-source;fallback
堅持不渝	u			no-source;fallback
堅挺	u			no-source;fallback
堅毅不屈	u			no-source;fallback
堅決否認	u			no-source;fallback
堅硬	u			no-source;fallback
堅貞不屈	u			no-source;fallback
堅貞不渝	u			no-source;fallback
堆積如山	u			no-source;fallback
堡	u			no-source;fallback
堪輿	u			no-source;fallback
堯天舜日	u			no-source;fallback
報刊雜誌	u			no-source;fallback
報到	u			no-source;fallback
報名	u			no-source;fallback
報告文學	u			no-source;fallback
報案	u			no-source;fallback
報警	u			no-source;fallback
場景	u			no-source;fallback
場面	u			no-source;fallback
堵	u			no-source;fallback
塑料袋	u			no-source;fallback
塔塔爾族	u			no-source;fallback
塔里木河	u			no-source;fallback
塘	u			no-source;fallback
塞內加爾	u			no-source;fallback
塞拉利昂	u			no-source;fallback
塞浦路斯	u			no-source;fallback
塞爾維亞	u			no-source;fallback
塞翁失馬	u			no-source;fallback
塞車	u			no-source;fallback
填字遊戲	u			no-source;fallback
填海造地	u			no-source;fallback
塵土飛揚	u			no-source;fallback
塵埃落定	u			no-source;fallback
境內	u			no-source;fallback
境外	u			no-source;fallback
境界	u			no-source;fallback
墊	u			no-source;fallback
墊底	u			no-source;fallback
墜	u			no-source;fallback
增收	u			no-source;fallback
增肥	u			no-source;fallback
增長速度	u			no-source;fallback
墨守成規	u			no-source;fallback
墨西哥城	u			no-source;fallback
墨西哥灣	u			no-source;fallback
墳場	u			no-source;fallback
壁紙	u			no-source;fallback
壓寨夫人	u			no-source;fallback
壞人	u			no-source;fallback
壞話	u			no-source;fallback
士多	u			no-source;fallback
士多啤梨	u			no-source;fallback
士農工商	u			no-source;fallback
壯志凌雲	u			no-source;fallback
壽終正寢	u			no-source;fallback
壽險	u			no-source;fallback
夏目漱石	u			no-source;fallback
夕	u			no-source;fallback
夕陽	u			no-source;fallback
夕陽產業	u			no-source;fallback
夕陽西下	u			no-source;fallback
外交代表	u			no-source;fallback
外交使節	u			no-source;fallback
外交特權	u			no-source;fallback
外交部	u			no-source;fallback
外交部長	u			no-source;fallback
外交關係	u			no-source;fallback
外來物種	u			no-source;fallback
外便	u			no-source;fallback
外剛內柔	u			no-source;fallback
外匯收入	u			no-source;fallback
外商	u			no-source;fallback
外國	u			no-source;fallback
外國資本	u			no-source;fallback
外圓內方	u			no-source;fallback
外地	u			no-source;fallback
外太空	u			no-source;fallback
外展神經	u			no-source;fallback
外層空間	u			no-source;fallback
外幣存款	u			no-source;fallback
外強中乾	u			no-source;fallback
外患	u			no-source;fallback
外柔內剛	u			no-source;fallback
外牆	u			no-source;fallback
外生殖器	u			no-source;fallback
外界	u			no-source;fallback
外界壓力	u			no-source;fallback
外界影響	u			no-source;fallback
外籍華人	u			no-source;fallback
外行	u			no-source;fallback
外貿	u			no-source;fallback
外資	u			no-source;fallback
外賣	u			no-source;fallback
外邊	u			no-source;fallback
外部連接	u			no-source;fallback
外部鏈接	u			no-source;fallback
外面	u			no-source;fallback
多久	u			no-source;fallback
多事	u			no-source;fallback
多位	u			no-source;fallback
多個	u			no-source;fallback
多功能表	u			no-source;fallback
多勞多得	u			no-source;fallback
多嘢	u			no-source;fallback
多嘴	u			no-source;fallback
多嘴多舌	u			no-source;fallback
多國部隊	u			no-source;fallback
多士爐	u			no-source;fallback
多多	u			no-source;fallback
多多少少	u			no-source;fallback
多姿多彩	u			no-source;fallback
多姿多采	u			no-source;fallback
多子多福	u			no-source;fallback
多少	u			no-source;fallback
多少錢	u			no-source;fallback
多年	u			no-source;fallback
多年來	u			no-source;fallback
多彩多姿	u			no-source;fallback
多得	u			no-source;fallback
多才多藝	u			no-source;fallback
多方	u			no-source;fallback
多方面	u			no-source;fallback
多模光纖	u			no-source;fallback
多次	u			no-source;fallback
多種	u			no-source;fallback
多種多樣	u			no-source;fallback
多種經營	u			no-source;fallback
多管閒事	u			no-source;fallback
多管齊下	u			no-source;fallback
多米尼克	u			no-source;fallback
多胎妊娠	u			no-source;fallback
多謀善斷	u			no-source;fallback
多謝	u			no-source;fallback
多退少補	u			no-source;fallback
多邊合作	u			no-source;fallback
多重	u			no-source;fallback
多重人格	u			no-source;fallback
多重選擇	u			no-source;fallback
多難興邦	u			no-source;fallback
多餘	u			no-source;fallback
多麼	u			no-source;fallback
夜不歸宿	u			no-source;fallback
夜以繼日	u			no-source;fallback
夜場	u			no-source;fallback
夜夜	u			no-source;fallback
夜夜笙歌	u			no-source;fallback
夜幕低垂	u			no-source;fallback
夜幕降臨	u			no-source;fallback
夜深人靜	u			no-source;fallback
夜貓	u			no-source;fallback
夜長夢多	u			no-source;fallback
夠膽	u			no-source;fallback
夠鐘	u			no-source;fallback
夢中人	u			no-source;fallback
夢中情人	u			no-source;fallback
夢境	u			no-source;fallback
夢寐以求	u			no-source;fallback
夢幻泡影	u			no-source;fallback
夢想成真	u			no-source;fallback
夢溪筆談	u			no-source;fallback
大丈夫	u			no-source;fallback
大不了	u			no-source;fallback
大不如前	u			no-source;fallback
大事	u			no-source;fallback
大事不妙	u			no-source;fallback
大事化小	u			no-source;fallback
大件	u			no-source;fallback
大件事	u			no-source;fallback
大佬	u			no-source;fallback
大便乾燥	u			no-source;fallback
大個	u			no-source;fallback
大傷元氣	u			no-source;fallback
大傷腦筋	u			no-source;fallback
大全	u			no-source;fallback
大公無私	u			no-source;fallback
大出血	u			no-source;fallback
大刀闊斧	u			no-source;fallback
大力	u			no-source;fallback
大勢已去	u			no-source;fallback
大勢所趨	u			no-source;fallback
大包大攬	u			no-source;fallback
大千世界	u			no-source;fallback
大半	u			no-source;fallback
大叔	u			no-source;fallback
大受歡迎	u			no-source;fallback
大可不必	u			no-source;fallback
大吃一驚	u			no-source;fallback
大吃大喝	u			no-source;fallback
大吉利是	u			no-source;fallback
大吉大利	u			no-source;fallback
大同世界	u			no-source;fallback
大吐苦水	u			no-source;fallback
大吹大擂	u			no-source;fallback
大呼小叫	u			no-source;fallback
大哥	u			no-source;fallback
大喊大叫	u			no-source;fallback
大喝一聲	u			no-source;fallback
大嗌	u			no-source;fallback
大地回春	u			no-source;fallback
大型	u			no-source;fallback
大型企業	u			no-source;fallback
大城市	u			no-source;fallback
大堂	u			no-source;fallback
大塊朵頤	u			no-source;fallback
大大	u			no-source;fallback
大大力	u			no-source;fallback
大大咧咧	u			no-source;fallback
大大小小	u			no-source;fallback
大大話話	u			no-source;fallback
大失所望	u			no-source;fallback
大好前程	u			no-source;fallback
大姐	u			no-source;fallback
大嬸	u			no-source;fallback
大學生	u			no-source;fallback
大家	u			no-source;fallback
大家閨秀	u			no-source;fallback
大富大貴	u			no-source;fallback
大專學生	u			no-source;fallback
大專院校	u			no-source;fallback
大小姐	u			no-source;fallback
大展宏圖	u			no-source;fallback
大展身手	u			no-source;fallback
大展鴻圖	u			no-source;fallback
大師	u			no-source;fallback
大幅度	u			no-source;fallback
大幹一場	u			no-source;fallback
大庭廣眾	u			no-source;fallback
大廈將傾	u			no-source;fallback
大張旗鼓	u			no-source;fallback
大徹大悟	u			no-source;fallback
大快朵頤	u			no-source;fallback
大惑不解	u			no-source;fallback
大戰	u			no-source;fallback
大手大腳	u			no-source;fallback
大打出手	u			no-source;fallback
大打折扣	u			no-source;fallback
大把	u			no-source;fallback
大排長龍	u			no-source;fallback
大提琴手	u			no-source;fallback
大搖大擺	u			no-source;fallback
大放厥詞	u			no-source;fallback
大放異彩	u			no-source;fallback
大政方針	u			no-source;fallback
大方	u			no-source;fallback
大於	u			no-source;fallback
大日如來	u			no-source;fallback
大是大非	u			no-source;fallback
大智若愚	u			no-source;fallback
大有	u			no-source;fallback
大有人在	u			no-source;fallback
大有可為	u			no-source;fallback
大有希望	u			no-source;fallback
大有文章	u			no-source;fallback
大材小用	u			no-source;fallback
大模大樣	u			no-source;fallback
大權在握	u			no-source;fallback
大權獨攬	u			no-source;fallback
大氣壓力	u			no-source;fallback
大氣壓強	u			no-source;fallback
大氣環流	u			no-source;fallback
大汗淋漓	u			no-source;fallback
大江南北	u			no-source;fallback
大漢	u			no-source;fallback
大漢民族	u			no-source;fallback
大火	u			no-source;fallback
大煞風景	u			no-source;fallback
大獲全勝	u			no-source;fallback
大班	u			no-source;fallback
大田作物	u			no-source;fallback
大病初癒	u			no-source;fallback
大發慈悲	u			no-source;fallback
大相徑庭	u			no-source;fallback
大眾	u			no-source;fallback
大眾運輸	u			no-source;fallback
大禍臨頭	u			no-source;fallback
大禹治水	u			no-source;fallback
大笨象	u			no-source;fallback
大粒	u			no-source;fallback
大紅大紫	u			no-source;fallback
大紅大綠	u			no-source;fallback
大綱	u			no-source;fallback
大而化之	u			no-source;fallback
大聲喊叫	u			no-source;fallback
大脾	u			no-source;fallback
大腦皮層	u			no-source;fallback
大腸桿菌	u			no-source;fallback
大腹便便	u			no-source;fallback
大膽	u			no-source;fallback
大自然	u			no-source;fallback
大興土木	u			no-source;fallback
大舉進攻	u			no-source;fallback
大衆	u			no-source;fallback
大行其道	u			no-source;fallback
大街小巷	u			no-source;fallback
大言不慚	u			no-source;fallback
大話	u			no-source;fallback
大談特談	u			no-source;fallback
大謬不然	u			no-source;fallback
大費周章	u			no-source;fallback
大起大落	u			no-source;fallback
大軍	u			no-source;fallback
大選	u			no-source;fallback
大部分	u			no-source;fallback
大都	u			no-source;fallback
大酒店	u			no-source;fallback
大醇小疵	u			no-source;fallback
大量生產	u			no-source;fallback
大錯特錯	u			no-source;fallback
大鑊	u			no-source;fallback
大門	u			no-source;fallback
大開殺戒	u			no-source;fallback
大開眼界	u			no-source;fallback
大陸	u			no-source;fallback
大陸漂移	u			no-source;fallback
大隊	u			no-source;fallback
大隻	u			no-source;fallback
大隻佬	u			no-source;fallback
大雜院	u			no-source;fallback
大難臨頭	u			no-source;fallback
大雨	u			no-source;fallback
大雪紛飛	u			no-source;fallback
大面積	u			no-source;fallback
大頭	u			no-source;fallback
大顯神威	u			no-source;fallback
大顯身手	u			no-source;fallback
大飽眼福	u			no-source;fallback
大駕光臨	u			no-source;fallback
大驚失色	u			no-source;fallback
大驚小怪	u			no-source;fallback
大魚大肉	u			no-source;fallback
大鳴大放	u			no-source;fallback
天下一家	u			no-source;fallback
天下無敵	u			no-source;fallback
天下無雙	u			no-source;fallback
天下興亡	u			no-source;fallback
天主教堂	u			no-source;fallback
天主教徒	u			no-source;fallback
天主教會	u			no-source;fallback
天人交戰	u			no-source;fallback
天人合一	u			no-source;fallback
天人永隔	u			no-source;fallback
天光	u			no-source;fallback
天兵天將	u			no-source;fallback
天台	u			no-source;fallback
天各一方	u			no-source;fallback
天地	u			no-source;fallback
天地不容	u			no-source;fallback
天地良心	u			no-source;fallback
天地萬物	u			no-source;fallback
天塌地陷	u			no-source;fallback
天外來客	u			no-source;fallback
天外有天	u			no-source;fallback
天天	u			no-source;fallback
天女散花	u			no-source;fallback
天妒英才	u			no-source;fallback
天姿國色	u			no-source;fallback
天寒地凍	u			no-source;fallback
天崩地裂	u			no-source;fallback
天差地別	u			no-source;fallback
天干地支	u			no-source;fallback
天怒人怨	u			no-source;fallback
天才兒童	u			no-source;fallback
天打雷劈	u			no-source;fallback
天搖地動	u			no-source;fallback
天擇	u			no-source;fallback
天文數字	u			no-source;fallback
天方夜譚	u			no-source;fallback
天星碼頭	u			no-source;fallback
天時地利	u			no-source;fallback
天晴	u			no-source;fallback
天朗氣清	u			no-source;fallback
天橋	u			no-source;fallback
天氣形勢	u			no-source;fallback
天氣預報	u			no-source;fallback
天氣預測	u			no-source;fallback
天河	u			no-source;fallback
天津	u			no-source;fallback
天涯海角	u			no-source;fallback
天然氣	u			no-source;fallback
天然資源	u			no-source;fallback
天理不容	u			no-source;fallback
天理難容	u			no-source;fallback
天生	u			no-source;fallback
天生麗質	u			no-source;fallback
天真	u			no-source;fallback
天真無邪	u			no-source;fallback
天網恢恢	u			no-source;fallback
天線寶寶	u			no-source;fallback
天色	u			no-source;fallback
天色已晚	u			no-source;fallback
天荒地老	u			no-source;fallback
天誅地滅	u			no-source;fallback
天賜良緣	u			no-source;fallback
天造地設	u			no-source;fallback
天長日久	u			no-source;fallback
天香國色	u			no-source;fallback
天馬行空	u			no-source;fallback
天體物理	u			no-source;fallback
天高地厚	u			no-source;fallback
天高氣爽	u			no-source;fallback
天黑	u			no-source;fallback
太上老君	u			no-source;fallback
太僕寺旗	u			no-source;fallback
太原	u			no-source;fallback
太大	u			no-source;fallback
太子	u			no-source;fallback
太少	u			no-source;fallback
太平	u			no-source;fallback
太平天國	u			no-source;fallback
太平洋	u			no-source;fallback
太平盛世	u			no-source;fallback
太平紳士	u			no-source;fallback
太平龍頭	u			no-source;fallback
太空舞步	u			no-source;fallback
太空船	u			no-source;fallback
太空行走	u			no-source;fallback
太空飛船	u			no-source;fallback
太陽活動	u			no-source;fallback
太陽眼鏡	u			no-source;fallback
太陽能板	u			no-source;fallback
太陽能電池	u			no-source;fallback
太陽輻射	u			no-source;fallback
太陽電池	u			no-source;fallback
太陽黑子	u			no-source;fallback
夫人	u			no-source;fallback
夫妻反目	u			no-source;fallback
央行	u			no-source;fallback
失	u			no-source;fallback
失信	u			no-source;fallback
失信於人	u			no-source;fallback
失傳	u			no-source;fallback
失憶	u			no-source;fallback
失戀	u			no-source;fallback
失效日期	u			no-source;fallback
失格	u			no-source;fallback
失物招領	u			no-source;fallback
失而復得	u			no-source;fallback
失聯	u			no-source;fallback
失落	u			no-source;fallback
失血過多	u			no-source;fallback
失道寡助	u			no-source;fallback
夾七夾八	u			no-source;fallback
夾手夾腳	u			no-source;fallback
夾緊	u			no-source;fallback
夾起尾巴	u			no-source;fallback
夾雜	u			no-source;fallback
奄奄一息	u			no-source;fallback
奇	u			no-source;fallback
奇妙	u			no-source;fallback
奇怪	u			no-source;fallback
奇文共賞	u			no-source;fallback
奇花異卉	u			no-source;fallback
奇花異草	u			no-source;fallback
奇裝異服	u			no-source;fallback
奇醜無比	u			no-source;fallback
奇門遁甲	u			no-source;fallback
奇風異俗	u			no-source;fallback
奈何	u			no-source;fallback
奉命行事	u			no-source;fallback
奏	u			no-source;fallback
奏鳴曲式	u			no-source;fallback
契媽	u			no-source;fallback
契約	u			no-source;fallback
奔走呼號	u			no-source;fallback
套	u			no-source;fallback
套衫	u			no-source;fallback
奧運	u			no-source;fallback
奪	u			no-source;fallback
奪眶而出	u			no-source;fallback
奪門而出	u			no-source;fallback
奮勇向前	u			no-source;fallback
奮筆疾書	u			no-source;fallback
女中豪傑	u			no-source;fallback
女主人公	u			no-source;fallback
女主角	u			no-source;fallback
女仔	u			no-source;fallback
女友	u			no-source;fallback
女士優先	u			no-source;fallback
女媧補天	u			no-source;fallback
女子	u			no-source;fallback
女孩	u			no-source;fallback
女廁	u			no-source;fallback
女扮男裝	u			no-source;fallback
女校	u			no-source;fallback
女生	u			no-source;fallback
女神	u			no-source;fallback
女繼承人	u			no-source;fallback
女聲	u			no-source;fallback
女足	u			no-source;fallback
奶媽	u			no-source;fallback
奶粉	u			no-source;fallback
奶茶	u			no-source;fallback
奶頭	u			no-source;fallback
奸笑	u			no-source;fallback
奸詐	u			no-source;fallback
她	u			no-source;fallback
她們	u			no-source;fallback
好	u			no-source;fallback
好不容易	u			no-source;fallback
好久	u			no-source;fallback
好事	u			no-source;fallback
好事者	u			no-source;fallback
好人	u			no-source;fallback
好人難做	u			no-source;fallback
好仔	u			no-source;fallback
好似	u			no-source;fallback
好勁	u			no-source;fallback
好勇鬥狠	u			no-source;fallback
好友	u			no-source;fallback
好吃	u			no-source;fallback
好味	u			no-source;fallback
好喫	u			no-source;fallback
好嘢	u			no-source;fallback
好在	u			no-source;fallback
好地地	u			no-source;fallback
好多	u			no-source;fallback
好多人	u			no-source;fallback
好多時	u			no-source;fallback
好大喜功	u			no-source;fallback
好奇	u			no-source;fallback
好奇心	u			no-source;fallback
好好地	u			no-source;fallback
好好睇睇	u			no-source;fallback
好學	u			no-source;fallback
好少	u			no-source;fallback
好幾	u			no-source;fallback
好彩	u			no-source;fallback
好意思	u			no-source;fallback
好易	u			no-source;fallback
好景不常	u			no-source;fallback
好景不長	u			no-source;fallback
好朋友	u			no-source;fallback
好極	u			no-source;fallback
好比	u			no-source;fallback
好玩	u			no-source;fallback
好看	u			no-source;fallback
好眼	u			no-source;fallback
好睇	u			no-source;fallback
好笑	u			no-source;fallback
好管閒事	u			no-source;fallback
好耐	u			no-source;fallback
好聲好氣	u			no-source;fallback
好聽	u			no-source;fallback
好衰	u			no-source;fallback
好言好語	u			no-source;fallback
好言相勸	u			no-source;fallback
好話	u			no-source;fallback
好説歹説	u			no-source;fallback
好轉	u			no-source;fallback
好返	u			no-source;fallback
好逸惡勞	u			no-source;fallback
好靚	u			no-source;fallback
好靜	u			no-source;fallback
好食	u			no-source;fallback
如	u			no-source;fallback
如上所述	u			no-source;fallback
如下所述	u			no-source;fallback
如今	u			no-source;fallback
如何	u			no-source;fallback
如何是好	u			no-source;fallback
如假包換	u			no-source;fallback
如出一轍	u			no-source;fallback
如坐針氈	u			no-source;fallback
如墜五里霧中	u			no-source;fallback
如履平地	u			no-source;fallback
如履薄冰	u			no-source;fallback
如常	u			no-source;fallback
如意算盤	u			no-source;fallback
如意郎君	u			no-source;fallback
如故	u			no-source;fallback
如是	u			no-source;fallback
如期	u			no-source;fallback
如期完成	u			no-source;fallback
如此	u			no-source;fallback
如此一來	u			no-source;fallback
如此而已	u			no-source;fallback
如此這般	u			no-source;fallback
如此類推	u			no-source;fallback
如沐春風	u			no-source;fallback
如火如茶	u			no-source;fallback
如火如荼	u			no-source;fallback
如痴如醉	u			no-source;fallback
如箭在弦	u			no-source;fallback
如花似玉	u			no-source;fallback
如花似錦	u			no-source;fallback
如蟻附羶	u			no-source;fallback
如詩如畫	u			no-source;fallback
如醉如痴	u			no-source;fallback
如釋重負	u			no-source;fallback
如願以償	u			no-source;fallback
如魚得水	u			no-source;fallback
妊娠試驗	u			no-source;fallback
妒忌	u			no-source;fallback
妖	u			no-source;fallback
妖冶	u			no-source;fallback
妖氣	u			no-source;fallback
妖言惑眾	u			no-source;fallback
妙	u			no-source;fallback
妙想天開	u			no-source;fallback
妙手回春	u			no-source;fallback
妙手空空	u			no-source;fallback
妙筆生花	u			no-source;fallback
妙語如珠	u			no-source;fallback
妙齡女子	u			no-source;fallback
妙齡女郎	u			no-source;fallback
妙齡少女	u			no-source;fallback
妝	u			no-source;fallback
妥	u			no-source;fallback
妥善處理	u			no-source;fallback
妳	u			no-source;fallback
妻兒老小	u			no-source;fallback
姊妹	u			no-source;fallback
始	u			no-source;fallback
始亂終棄	u			no-source;fallback
始料未及	u			no-source;fallback
始終不變	u			no-source;fallback
始終如一	u			no-source;fallback
姍姍來遲	u			no-source;fallback
姑妄聽之	u			no-source;fallback
姑妄言之	u			no-source;fallback
姑息養奸	u			no-source;fallback
姓	u			no-source;fallback
委以重任	u			no-source;fallback
委內瑞拉	u			no-source;fallback
委委屈屈	u			no-source;fallback
委屈求全	u			no-source;fallback
姣	u			no-source;fallback
姥姥	u			no-source;fallback
姦夫淫婦	u			no-source;fallback
姨姨	u			no-source;fallback
威	u			no-source;fallback
威信掃地	u			no-source;fallback
威力	u			no-source;fallback
威嚴	u			no-source;fallback
威懾	u			no-source;fallback
威懾力量	u			no-source;fallback
威武不屈	u			no-source;fallback
威武雄壯	u			no-source;fallback
威逼利誘	u			no-source;fallback
威震八方	u			no-source;fallback
威震天下	u			no-source;fallback
威風八面	u			no-source;fallback
威風凜凜	u			no-source;fallback
娑羅雙樹	u			no-source;fallback
娓娓而談	u			no-source;fallback
娓娓道來	u			no-source;fallback
娘親	u			no-source;fallback
娛樂場所	u			no-source;fallback
娛樂節目	u			no-source;fallback
娟	u			no-source;fallback
婆婆	u			no-source;fallback
婆婆媽媽	u			no-source;fallback
婆羅門教	u			no-source;fallback
婉拒	u			no-source;fallback
婚	u			no-source;fallback
婚喪喜慶	u			no-source;fallback
婚後	u			no-source;fallback
婚書	u			no-source;fallback
婚生子女	u			no-source;fallback
婦女運動	u			no-source;fallback
婦道人家	u			no-source;fallback
婷	u			no-source;fallback
婷婷	u			no-source;fallback
婷婷玉立	u			no-source;fallback
媳婦	u			no-source;fallback
媽	u			no-source;fallback
媽咪	u			no-source;fallback
嫁狗隨狗	u			no-source;fallback
嫁雞隨雞	u			no-source;fallback
嫂子	u			no-source;fallback
嫉惡如仇	u			no-source;fallback
嫉賢妒能	u			no-source;fallback
嫌棄	u			no-source;fallback
嫌貧愛富	u			no-source;fallback
嫣然一笑	u			no-source;fallback
嫦娥	u			no-source;fallback
嫻熟	u			no-source;fallback
嬉皮笑臉	u			no-source;fallback
嬉笑怒罵	u			no-source;fallback
嬌小	u			no-source;fallback
嬌弱	u			no-source;fallback
嬌生慣養	u			no-source;fallback
嬲	u			no-source;fallback
嬴	u			no-source;fallback
嬸	u			no-source;fallback
子子孫孫	u			no-source;fallback
子孫滿堂	u			no-source;fallback
子宮	u			no-source;fallback
子宮頸癌	u			no-source;fallback
孑然一身	u			no-source;fallback
孔子家語	u			no-source;fallback
孔武有力	u			no-source;fallback
孔融讓梨	u			no-source;fallback
孔雀開屏	u			no-source;fallback
孖	u			no-source;fallback
字字珠玉	u			no-source;fallback
字字珠璣	u			no-source;fallback
字斟句酌	u			no-source;fallback
字正腔圓	u			no-source;fallback
字母順序	u			no-source;fallback
字眼	u			no-source;fallback
字裏行間	u			no-source;fallback
字裡行間	u			no-source;fallback
存疑	u			no-source;fallback
孝子賢孫	u			no-source;fallback
孟加拉語	u			no-source;fallback
孟德斯鳩	u			no-source;fallback
孟母三遷	u			no-source;fallback
孢子植物	u			no-source;fallback
季風氣候	u			no-source;fallback
孤兒	u			no-source;fallback
孤兒寡婦	u			no-source;fallback
孤單	u			no-source;fallback
孤孤單單	u			no-source;fallback
孤家寡人	u			no-source;fallback
孤男寡女	u			no-source;fallback
孤立無援	u			no-source;fallback
孤膽英雄	u			no-source;fallback
孤苦伶仃	u			no-source;fallback
孤軍奮戰	u			no-source;fallback
孤陋寡聞	u			no-source;fallback
孤魂野鬼	u			no-source;fallback
孩提時代	u			no-source;fallback
孫仔	u			no-source;fallback
孫子	u			no-source;fallback
孫臏兵法	u			no-source;fallback
孭	u			no-source;fallback
孰真孰假	u			no-source;fallback
孰能無過	u			no-source;fallback
學以致用	u			no-source;fallback
學位論文	u			no-source;fallback
學位證書	u			no-source;fallback
學前教育	u			no-source;fallback
學士學位	u			no-source;fallback
學子	u			no-source;fallback
學富五車	u			no-source;fallback
學成歸國	u			no-source;fallback
學有所成	u			no-source;fallback
學有所長	u			no-source;fallback
學校同學	u			no-source;fallback
學校成績	u			no-source;fallback
學業	u			no-source;fallback
學歷	u			no-source;fallback
學無止境	u			no-source;fallback
學生手冊	u			no-source;fallback
學生會	u			no-source;fallback
學生運動	u			no-source;fallback
學童	u			no-source;fallback
學習刻苦	u			no-source;fallback
學習計劃	u			no-source;fallback
學而不思	u			no-source;fallback
學術	u			no-source;fallback
學術研究	u			no-source;fallback
學運	u			no-source;fallback
學齡兒童	u			no-source;fallback
孿生兄弟	u			no-source;fallback
它	u			no-source;fallback
宅	u			no-source;fallback
宅心仁厚	u			no-source;fallback
宇宙射線	u			no-source;fallback
宇宙空間	u			no-source;fallback
宇宙速度	u			no-source;fallback
宇宙飛船	u			no-source;fallback
守信	u			no-source;fallback
守口如瓶	u			no-source;fallback
守土有責	u			no-source;fallback
守恆定律	u			no-source;fallback
守法	u			no-source;fallback
守舊	u			no-source;fallback
守衛	u			no-source;fallback
守身如玉	u			no-source;fallback
安享晚年	u			no-source;fallback
安全帶	u			no-source;fallback
安全性	u			no-source;fallback
安全感	u			no-source;fallback
安全電壓	u			no-source;fallback
安分	u			no-source;fallback
安分守己	u			no-source;fallback
安守本分	u			no-source;fallback
安安心心	u			no-source;fallback
安安穩穩	u			no-source;fallback
安定	u			no-source;fallback
安居	u			no-source;fallback
安居樂業	u			no-source;fallback
安康	u			no-source;fallback
安徽	u			no-source;fallback
安撫	u			no-source;fallback
安樂窩	u			no-source;fallback
安步當車	u			no-source;fallback
安然	u			no-source;fallback
安睡	u			no-source;fallback
安穩	u			no-source;fallback
安第斯山	u			no-source;fallback
安非他命	u			no-source;fallback
完了	u			no-source;fallback
完事	u			no-source;fallback
完人	u			no-source;fallback
完全兼容	u			no-source;fallback
完全小學	u			no-source;fallback
完勝	u			no-source;fallback
完好如初	u			no-source;fallback
完好無損	u			no-source;fallback
完好無缺	u			no-source;fallback
完完全全	u			no-source;fallback
完滿	u			no-source;fallback
完畢	u			no-source;fallback
完美無瑕	u			no-source;fallback
完美無缺	u			no-source;fallback
完蛋	u			no-source;fallback
宏觀世界	u			no-source;fallback
宗教	u			no-source;fallback
宗教法庭	u			no-source;fallback
官僚作風	u			no-source;fallback
官僚政治	u			no-source;fallback
官僚資本	u			no-source;fallback
官商勾結	u			no-source;fallback
官報私仇	u			no-source;fallback
官宦人家	u			no-source;fallback
官復原職	u			no-source;fallback
官樣文章	u			no-source;fallback
官立學校	u			no-source;fallback
官逼民反	u			no-source;fallback
定	u			no-source;fallback
定係	u			no-source;fallback
定向越野	u			no-source;fallback
定性分析	u			no-source;fallback
定期	u			no-source;fallback
定期儲蓄	u			no-source;fallback
定海神針	u			no-source;fallback
定製	u			no-source;fallback
定量分析	u			no-source;fallback
宜	u			no-source;fallback
客	u			no-source;fallback
客場	u			no-source;fallback
客座教授	u			no-source;fallback
客服	u			no-source;fallback
客氣	u			no-source;fallback
客觀	u			no-source;fallback
客觀世界	u			no-source;fallback
客觀真理	u			no-source;fallback
客車	u			no-source;fallback
宣傳教育	u			no-source;fallback
室內	u			no-source;fallback
室內設計	u			no-source;fallback
宮保雞丁	u			no-source;fallback
宮廷政變	u			no-source;fallback
害	u			no-source;fallback
害人	u			no-source;fallback
害人不淺	u			no-source;fallback
害羞	u			no-source;fallback
害處	u			no-source;fallback
家人	u			no-source;fallback
家務	u			no-source;fallback
家喻户曉	u			no-source;fallback
家姐	u			no-source;fallback
家常豆腐	u			no-source;fallback
家底	u			no-source;fallback
家庭主夫	u			no-source;fallback
家庭作業	u			no-source;fallback
家庭地址	u			no-source;fallback
家庭教師	u			no-source;fallback
家庭計劃	u			no-source;fallback
家徒四壁	u			no-source;fallback
家無寧日	u			no-source;fallback
家用	u			no-source;fallback
家破人亡	u			no-source;fallback
家裏	u			no-source;fallback
家財萬貫	u			no-source;fallback
家道中落	u			no-source;fallback
家鄉	u			no-source;fallback
家長	u			no-source;fallback
家頭細務	u			no-source;fallback
容	u			no-source;fallback
容量分析	u			no-source;fallback
寄人籬下	u			no-source;fallback
寄託	u			no-source;fallback
寅吃卯糧	u			no-source;fallback
密不可分	u			no-source;fallback
密不透風	u			no-source;fallback
密切相連	u			no-source;fallback
密密匝匝	u			no-source;fallback
密密層層	u			no-source;fallback
密密麻麻	u			no-source;fallback
密碼保護	u			no-source;fallback
密鑼緊鼓	u			no-source;fallback
富可敵國	u			no-source;fallback
富國強兵	u			no-source;fallback
富家子弟	u			no-source;fallback
富得流油	u			no-source;fallback
富貴在天	u			no-source;fallback
富貴榮華	u			no-source;fallback
富貴逼人	u			no-source;fallback
寒光閃閃	u			no-source;fallback
寒意	u			no-source;fallback
寒暄	u			no-source;fallback
寒氣	u			no-source;fallback
寒酸	u			no-source;fallback
寒風刺骨	u			no-source;fallback
寓意深遠	u			no-source;fallback
察察為明	u			no-source;fallback
察言觀色	u			no-source;fallback
寡廉鮮恥	u			no-source;fallback
寡言	u			no-source;fallback
寡頭政治	u			no-source;fallback
寢食難安	u			no-source;fallback
寥寥	u			no-source;fallback
寥寥無幾	u			no-source;fallback
實	u			no-source;fallback
實不相瞞	u			no-source;fallback
實事求是	u			no-source;fallback
實力	u			no-source;fallback
實報實銷	u			no-source;fallback
實存	u			no-source;fallback
實實在在	u			no-source;fallback
實屬不易	u			no-source;fallback
實心	u			no-source;fallback
實戰	u			no-source;fallback
實況	u			no-source;fallback
實況轉播	u			no-source;fallback
實況錄音	u			no-source;fallback
實物	u			no-source;fallback
實習生	u			no-source;fallback
實而不華	u			no-source;fallback
實至名歸	u			no-source;fallback
實話	u			no-source;fallback
實話實説	u			no-source;fallback
實證	u			no-source;fallback
實變函數	u			no-source;fallback
實際	u			no-source;fallback
實際上	u			no-source;fallback
實際工資	u			no-source;fallback
寧夏	u			no-source;fallback
寧缺勿濫	u			no-source;fallback
寧缺毋濫	u			no-source;fallback
寧靜致遠	u			no-source;fallback
審	u			no-source;fallback
審核	u			no-source;fallback
審美活動	u			no-source;fallback
審美疲勞	u			no-source;fallback
審計	u			no-source;fallback
寫真	u			no-source;fallback
寬以待人	u			no-source;fallback
寬宏大度	u			no-source;fallback
寬宏大量	u			no-source;fallback
寬敞	u			no-source;fallback
寬衣解帶	u			no-source;fallback
寬鬆	u			no-source;fallback
寵愛有加	u			no-source;fallback
寶	u			no-source;fallback
寶刀未老	u			no-source;fallback
寶玉	u			no-source;fallback
寶貝疙瘩	u			no-source;fallback
寸土寸金	u			no-source;fallback
寸土必爭	u			no-source;fallback
寸步不讓	u			no-source;fallback
寸步難移	u			no-source;fallback
寸步難行	u			no-source;fallback
寸草不生	u			no-source;fallback
寸草不留	u			no-source;fallback
封山育林	u			no-source;fallback
封建思想	u			no-source;fallback
封閉療法	u			no-source;fallback
封頂儀式	u			no-source;fallback
將信將疑	u			no-source;fallback
將功補過	u			no-source;fallback
將功贖罪	u			no-source;fallback
將心比心	u			no-source;fallback
將我	u			no-source;fallback
將會	u			no-source;fallback
將計就計	u			no-source;fallback
將門虎子	u			no-source;fallback
專	u			no-source;fallback
專一	u			no-source;fallback
專區	u			no-source;fallback
專名	u			no-source;fallback
專家評價	u			no-source;fallback
專家評論	u			no-source;fallback
專心一意	u			no-source;fallback
專斷	u			no-source;fallback
專有名詞	u			no-source;fallback
專案小組	u			no-source;fallback
專業教育	u			no-source;fallback
專業知識	u			no-source;fallback
專業精神	u			no-source;fallback
專欄作家	u			no-source;fallback
專登	u			no-source;fallback
專科	u			no-source;fallback
專科學校	u			no-source;fallback
專職	u			no-source;fallback
專門	u			no-source;fallback
專項	u			no-source;fallback
專題報告	u			no-source;fallback
專題研究	u			no-source;fallback
尊姓大名	u			no-source;fallback
尊師重道	u			no-source;fallback
尊老愛幼	u			no-source;fallback
尋	u			no-source;fallback
尋人啓事	u			no-source;fallback
尋人啟事	u			no-source;fallback
尋尋覓覓	u			no-source;fallback
尋常	u			no-source;fallback
尋日	u			no-source;fallback
尋晚	u			no-source;fallback
尋根問底	u			no-source;fallback
尋歡作樂	u			no-source;fallback
尋死	u			no-source;fallback
尋死覓活	u			no-source;fallback
對不起	u			no-source;fallback
對口相聲	u			no-source;fallback
對外	u			no-source;fallback
對得住	u			no-source;fallback
對數函數	u			no-source;fallback
對方	u			no-source;fallback
對於	u			no-source;fallback
對沖基金	u			no-source;fallback
對症下藥	u			no-source;fallback
對眼	u			no-source;fallback
對立統一	u			no-source;fallback
對答如流	u			no-source;fallback
對簿公堂	u			no-source;fallback
對號入座	u			no-source;fallback
對衝基金	u			no-source;fallback
對酒當歌	u			no-source;fallback
對門	u			no-source;fallback
對面	u			no-source;fallback
導彈潛艇	u			no-source;fallback
小事	u			no-source;fallback
小人	u			no-source;fallback
小人物	u			no-source;fallback
小兒麻痺	u			no-source;fallback
小動作	u			no-source;fallback
小區	u			no-source;fallback
小國寡民	u			no-source;fallback
小姐	u			no-source;fallback
小學	u			no-source;fallback
小學生	u			no-source;fallback
小家	u			no-source;fallback
小寫	u			no-source;fallback
小寫字母	u			no-source;fallback
小小	u			no-source;fallback
小巴	u			no-source;fallback
小幅度	u			no-source;fallback
小弟	u			no-source;fallback
小心翼翼	u			no-source;fallback
小恩小惠	u			no-source;fallback
小息	u			no-source;fallback
小打小鬧	u			no-source;fallback
小於	u			no-source;fallback
小時候	u			no-source;fallback
小朋友	u			no-source;fallback
小民	u			no-source;fallback
小氣	u			no-source;fallback
小生產者	u			no-source;fallback
小矮人	u			no-source;fallback
小米	u			no-source;fallback
小組	u			no-source;fallback
小聲	u			no-source;fallback
小肚雞腸	u			no-source;fallback
小腿	u			no-source;fallback
小蘿蔔頭	u			no-source;fallback
小試牛刀	u			no-source;fallback
小說	u			no-source;fallback
小路	u			no-source;fallback
小車	u			no-source;fallback
小道消息	u			no-source;fallback
小隊	u			no-source;fallback
小雪	u			no-source;fallback
小題大作	u			no-source;fallback
小題大做	u			no-source;fallback
小食	u			no-source;fallback
小鳥依人	u			no-source;fallback
小麥胚芽	u			no-source;fallback
少不更事	u			no-source;fallback
少兒不宜	u			no-source;fallback
少女	u			no-source;fallback
少婦	u			no-source;fallback
少少	u			no-source;fallback
少年老成	u			no-source;fallback
少於	u			no-source;fallback
少有	u			no-source;fallback
少爺	u			no-source;fallback
少管閒事	u			no-source;fallback
尖	u			no-source;fallback
尖嘴猴腮	u			no-source;fallback
尚	u			no-source;fallback
尚方寶劍	u			no-source;fallback
尤其	u			no-source;fallback
就事論事	u			no-source;fallback
就嚟	u			no-source;fallback
就地取材	u			no-source;fallback
就地正法	u			no-source;fallback
就快	u			no-source;fallback
就是	u			no-source;fallback
就此	u			no-source;fallback
就算	u			no-source;fallback
就職演講	u			no-source;fallback
就要	u			no-source;fallback
就讀	u			no-source;fallback
就近	u			no-source;fallback
尹	u			no-source;fallback
尻	u			no-source;fallback
尼日利亞	u			no-source;fallback
尾大不掉	u			no-source;fallback
尿片	u			no-source;fallback
局	u			no-source;fallback
局長	u			no-source;fallback
居	u			no-source;fallback
居住環境	u			no-source;fallback
居安思危	u			no-source;fallback
居心不良	u			no-source;fallback
居無定所	u			no-source;fallback
居然	u			no-source;fallback
居高不下	u			no-source;fallback
屈指可數	u			no-source;fallback
屋	u			no-source;fallback
屋主	u			no-source;fallback
屋企	u			no-source;fallback
屋企人	u			no-source;fallback
屋頂花園	u			no-source;fallback
屌	u			no-source;fallback
屍	u			no-source;fallback
屍橫遍野	u			no-source;fallback
屏幕	u			no-source;fallback
屏氣凝神	u			no-source;fallback
展	u			no-source;fallback
展望未來	u			no-source;fallback
展翅高飛	u			no-source;fallback
展露頭角	u			no-source;fallback
屙	u			no-source;fallback
屢建奇功	u			no-source;fallback
屢戰屢敗	u			no-source;fallback
屢敗屢戰	u			no-source;fallback
屢禁不絕	u			no-source;fallback
屢見不鮮	u			no-source;fallback
屢試不爽	u			no-source;fallback
層層包圍	u			no-source;fallback
層層疊疊	u			no-source;fallback
層巒疊嶂	u			no-source;fallback
履舄交錯	u			no-source;fallback
屬	u			no-source;fallback
屬垣有耳	u			no-source;fallback
山光水色	u			no-source;fallback
山區	u			no-source;fallback
山坡	u			no-source;fallback
山崩地裂	u			no-source;fallback
山巒起伏	u			no-source;fallback
山明水秀	u			no-source;fallback
山水相連	u			no-source;fallback
山洞	u			no-source;fallback
山洪暴發	u			no-source;fallback
山珍海味	u			no-source;fallback
山盟海誓	u			no-source;fallback
山窿	u			no-source;fallback
山羊鬍子	u			no-source;fallback
山腳	u			no-source;fallback
山西	u			no-source;fallback
山路	u			no-source;fallback
山長水遠	u			no-source;fallback
山雨欲來	u			no-source;fallback
山頂	u			no-source;fallback
山頂洞人	u			no-source;fallback
山頭	u			no-source;fallback
山高水遠	u			no-source;fallback
山高水長	u			no-source;fallback
屹立	u			no-source;fallback
屹立不倒	u			no-source;fallback
峯	u			no-source;fallback
峻	u			no-source;fallback
崇拜偶像	u			no-source;fallback
崇洋媚外	u			no-source;fallback
崇高理想	u			no-source;fallback
崎嶇不平	u			no-source;fallback
崔	u			no-source;fallback
崗位培訓	u			no-source;fallback
崢嶸歲月	u			no-source;fallback
嵊泗列島	u			no-source;fallback
嶄新	u			no-source;fallback
嶄露頭角	u			no-source;fallback
嶺	u			no-source;fallback
嶽	u			no-source;fallback
巍然屹立	u			no-source;fallback
州官放火	u			no-source;fallback
巡回法庭	u			no-source;fallback
巡迴演出	u			no-source;fallback
工人運動	u			no-source;fallback
工作小組	u			no-source;fallback
工作母機	u			no-source;fallback
工作組	u			no-source;fallback
工作量	u			no-source;fallback
工力悉敵	u			no-source;fallback
工商	u			no-source;fallback
工業化	u			no-source;fallback
工業化學	u			no-source;fallback
工業區	u			no-source;fallback
工業國	u			no-source;fallback
工業園區	u			no-source;fallback
工業學校	u			no-source;fallback
工業時代	u			no-source;fallback
工業設計	u			no-source;fallback
工業革命	u			no-source;fallback
工科學生	u			no-source;fallback
工程設計	u			no-source;fallback
工程項目	u			no-source;fallback
工農聯盟	u			no-source;fallback
左下角	u			no-source;fallback
左右手	u			no-source;fallback
左右搖擺	u			no-source;fallback
左右開弓	u			no-source;fallback
左思右想	u			no-source;fallback
左手	u			no-source;fallback
左擁右抱	u			no-source;fallback
左道旁門	u			no-source;fallback
左鄰右舍	u			no-source;fallback
巧奪天工	u			no-source;fallback
巨	u			no-source;fallback
巨型	u			no-source;fallback
巨大	u			no-source;fallback
巨星	u			no-source;fallback
差佬	u			no-source;fallback
差價	u			no-source;fallback
差分方程	u			no-source;fallback
差別	u			no-source;fallback
差勁	u			no-source;fallback
差啲	u			no-source;fallback
差距	u			no-source;fallback
差點	u			no-source;fallback
己	u			no-source;fallback
已婚	u			no-source;fallback
已知	u			no-source;fallback
巴勒斯坦	u			no-source;fallback
巴基斯坦	u			no-source;fallback
巴士站	u			no-source;fallback
巴山夜雨	u			no-source;fallback
巴山蜀水	u			no-source;fallback
巴巴多斯	u			no-source;fallback
巴甫洛夫	u			no-source;fallback
巴膠	u			no-source;fallback
巴黎	u			no-source;fallback
巾	u			no-source;fallback
巾幗英雄	u			no-source;fallback
市	u			no-source;fallback
市中心	u			no-source;fallback
市井小民	u			no-source;fallback
市區	u			no-source;fallback
市場機制	u			no-source;fallback
市場準入	u			no-source;fallback
市委	u			no-source;fallback
布什	u			no-source;fallback
布朗運動	u			no-source;fallback
布爾喬亞	u			no-source;fallback
布達佩斯	u			no-source;fallback
布魯塞爾	u			no-source;fallback
希	u			no-source;fallback
希伯來人	u			no-source;fallback
希伯來書	u			no-source;fallback
希伯來語	u			no-source;fallback
希臘字母	u			no-source;fallback
帖	u			no-source;fallback
帖子	u			no-source;fallback
帝	u			no-source;fallback
帥哥	u			no-source;fallback
師傅	u			no-source;fallback
師兄	u			no-source;fallback
師出有名	u			no-source;fallback
師奶	u			no-source;fallback
師姐	u			no-source;fallback
師父	u			no-source;fallback
師範	u			no-source;fallback
師範學校	u			no-source;fallback
席地而坐	u			no-source;fallback
帳	u			no-source;fallback
帶有	u			no-source;fallback
帶罪立功	u			no-source;fallback
帶薪休假	u			no-source;fallback
帶路	u			no-source;fallback
常	u			no-source;fallback
常事	u			no-source;fallback
常來常往	u			no-source;fallback
常務	u			no-source;fallback
常務委員	u			no-source;fallback
常客	u			no-source;fallback
常常	u			no-source;fallback
常年	u			no-source;fallback
常年累月	u			no-source;fallback
常態分佈	u			no-source;fallback
常染色體	u			no-source;fallback
常見	u			no-source;fallback
常規	u			no-source;fallback
常規戰爭	u			no-source;fallback
常規武器	u			no-source;fallback
帽子戲法	u			no-source;fallback
幅	u			no-source;fallback
幡然悔悟	u			no-source;fallback
幣	u			no-source;fallback
幫倒忙	u			no-source;fallback
幫襯	u			no-source;fallback
平	u			no-source;fallback
平分秋色	u			no-source;fallback
平原	u			no-source;fallback
平和	u			no-source;fallback
平地	u			no-source;fallback
平地風波	u			no-source;fallback
平均速度	u			no-source;fallback
平坦	u			no-source;fallback
平平	u			no-source;fallback
平平安安	u			no-source;fallback
平平常常	u			no-source;fallback
平平無奇	u			no-source;fallback
平庸	u			no-source;fallback
平心而論	u			no-source;fallback
平心靜氣	u			no-source;fallback
平整	u			no-source;fallback
平方公尺	u			no-source;fallback
平方公里	u			no-source;fallback
平方呎	u			no-source;fallback
平時	u			no-source;fallback
平板玻璃	u			no-source;fallback
平步青雲	u			no-source;fallback
平津戰役	u			no-source;fallback
平淡如水	u			no-source;fallback
平淡無奇	u			no-source;fallback
平版印刷	u			no-source;fallback
平白	u			no-source;fallback
平白無故	u			no-source;fallback
平等待人	u			no-source;fallback
平等待遇	u			no-source;fallback
平緩	u			no-source;fallback
平臺	u			no-source;fallback
平行	u			no-source;fallback
平鋪直敍	u			no-source;fallback
平面幾何	u			no-source;fallback
平面設計	u			no-source;fallback
平頭百姓	u			no-source;fallback
年久失修	u			no-source;fallback
年久月深	u			no-source;fallback
年事已高	u			no-source;fallback
年初	u			no-source;fallback
年報	u			no-source;fallback
年少	u			no-source;fallback
年年	u			no-source;fallback
年年有餘	u			no-source;fallback
年幼	u			no-source;fallback
年底	u			no-source;fallback
年度大會	u			no-source;fallback
年復一年	u			no-source;fallback
年會	u			no-source;fallback
年深日久	u			no-source;fallback
年深月久	u			no-source;fallback
年紀輕輕	u			no-source;fallback
年終獎金	u			no-source;fallback
年老色衰	u			no-source;fallback
年老體弱	u			no-source;fallback
年老體衰	u			no-source;fallback
年輕有為	u			no-source;fallback
年輕氣盛	u			no-source;fallback
年輕貌美	u			no-source;fallback
年逾古稀	u			no-source;fallback
年邁	u			no-source;fallback
年長	u			no-source;fallback
年限	u			no-source;fallback
年青	u			no-source;fallback
幸福家庭	u			no-source;fallback
幸虧	u			no-source;fallback
幸運抽獎	u			no-source;fallback
幹什麼	u			no-source;fallback
幹嗎	u			no-source;fallback
幹活	u			no-source;fallback
幼嫩	u			no-source;fallback
幼稚園	u			no-source;fallback
幾乎	u			no-source;fallback
幾可亂真	u			no-source;fallback
幾咁	u			no-source;fallback
幾多	u			no-source;fallback
幾大	u			no-source;fallback
幾年	u			no-source;fallback
幾日	u			no-source;fallback
幾時	u			no-source;fallback
幾次	u			no-source;fallback
幾次三番	u			no-source;fallback
幾步	u			no-source;fallback
幾經	u			no-source;fallback
幾經周折	u			no-source;fallback
幾耐	u			no-source;fallback
幾錢	u			no-source;fallback
幾點	u			no-source;fallback
底層	u			no-source;fallback
底格里斯	u			no-source;fallback
底線	u			no-source;fallback
底褲	u			no-source;fallback
庖丁解牛	u			no-source;fallback
店舖	u			no-source;fallback
度日如年	u			no-source;fallback
度身訂造	u			no-source;fallback
座	u			no-source;fallback
座無虛席	u			no-source;fallback
庫克羣島	u			no-source;fallback
庫存現金	u			no-source;fallback
庭外和解	u			no-source;fallback
康	u			no-source;fallback
康熙字典	u			no-source;fallback
康莊大道	u			no-source;fallback
庸	u			no-source;fallback
廁紙	u			no-source;fallback
廂	u			no-source;fallback
廈門	u			no-source;fallback
廉	u			no-source;fallback
廉價	u			no-source;fallback
廉潔	u			no-source;fallback
廊	u			no-source;fallback
廖	u			no-source;fallback
廟	u			no-source;fallback
廠家直銷	u			no-source;fallback
廠房	u			no-source;fallback
廢事	u			no-source;fallback
廢寢忘食	u			no-source;fallback
廢銅爛鐵	u			no-source;fallback
廣告條幅	u			no-source;fallback
廣播地址	u			no-source;fallback
廣東話	u			no-source;fallback
廣泛影響	u			no-source;fallback
廣為人知	u			no-source;fallback
廣結善緣	u			no-source;fallback
廣角鏡頭	u			no-source;fallback
廣開言路	u			no-source;fallback
廳	u			no-source;fallback
廳長	u			no-source;fallback
延年益壽	u			no-source;fallback
延後	u			no-source;fallback
延期付款	u			no-source;fallback
建功立業	u			no-source;fallback
建國	u			no-source;fallback
建築面積	u			no-source;fallback
建設	u			no-source;fallback
廿	u			no-source;fallback
廿四小時	u			no-source;fallback
弄虛作假	u			no-source;fallback
弔唁	u			no-source;fallback
引人入勝	u			no-source;fallback
引以為戒	u			no-source;fallback
引以為鑑	u			no-source;fallback
引咎辭職	u			no-source;fallback
引導扇區	u			no-source;fallback
引火燒身	u			no-source;fallback
引狼入室	u			no-source;fallback
引蛇出洞	u			no-source;fallback
引體上升	u			no-source;fallback
弗吉尼亞	u			no-source;fallback
弗蘭西斯	u			no-source;fallback
弘揚	u			no-source;fallback
弱	u			no-source;fallback
弱不禁風	u			no-source;fallback
弱勢社羣	u			no-source;fallback
弱勢羣體	u			no-source;fallback
弱智	u			no-source;fallback
弱肉強食	u			no-source;fallback
張三李四	u			no-source;fallback
張口結舌	u			no-source;fallback
張揚	u			no-source;fallback
張燈結彩	u			no-source;fallback
張燈結綵	u			no-source;fallback
張牙舞爪	u			no-source;fallback
強人所難	u			no-source;fallback
強加於人	u			no-source;fallback
強勁	u			no-source;fallback
強忍悲痛	u			no-source;fallback
強有力	u			no-source;fallback
強求	u			no-source;fallback
強烈	u			no-source;fallback
強烈願望	u			no-source;fallback
強硬	u			no-source;fallback
強行	u			no-source;fallback
強身健體	u			no-source;fallback
強迫觀念	u			no-source;fallback
強逼	u			no-source;fallback
強項	u			no-source;fallback
彈	u			no-source;fallback
彈性	u			no-source;fallback
彈撥樂器	u			no-source;fallback
彌勒菩薩	u			no-source;fallback
彌合	u			no-source;fallback
彌天大謊	u			no-source;fallback
彎彎曲曲	u			no-source;fallback
彙報	u			no-source;fallback
形勢逼人	u			no-source;fallback
形同虛設	u			no-source;fallback
形同陌路	u			no-source;fallback
形單影隻	u			no-source;fallback
形容	u			no-source;fallback
形式邏輯	u			no-source;fallback
形跡可疑	u			no-source;fallback
彩	u			no-source;fallback
彩票	u			no-source;fallback
彩色	u			no-source;fallback
彭	u			no-source;fallback
影像	u			no-source;fallback
影影綽綽	u			no-source;fallback
影星	u			no-source;fallback
影相	u			no-source;fallback
影迷	u			no-source;fallback
彷彿	u			no-source;fallback
彼此	u			no-source;fallback
彼此彼此	u			no-source;fallback
往	u			no-source;fallback
往事	u			no-source;fallback
往事如風	u			no-source;fallback
往往	u			no-source;fallback
往後	u			no-source;fallback
往日	u			no-source;fallback
往昔	u			no-source;fallback
往時	u			no-source;fallback
往程	u			no-source;fallback
待人接物	u			no-source;fallback
待價而沽	u			no-source;fallback
待會兒	u			no-source;fallback
待續	u			no-source;fallback
後人	u			no-source;fallback
後人乘涼	u			no-source;fallback
後便	u			no-source;fallback
後勤	u			no-source;fallback
後台	u			no-source;fallback
後天	u			no-source;fallback
後尾	u			no-source;fallback
後悔不迭	u			no-source;fallback
後悔莫及	u			no-source;fallback
後患無窮	u			no-source;fallback
後方	u			no-source;fallback
後會有期	u			no-source;fallback
後會無期	u			no-source;fallback
後期製作	u			no-source;fallback
後母	u			no-source;fallback
後生	u			no-source;fallback
後知後覺	u			no-source;fallback
後繼乏人	u			no-source;fallback
後繼有人	u			no-source;fallback
後繼無人	u			no-source;fallback
後續	u			no-source;fallback
後臺	u			no-source;fallback
後製	u			no-source;fallback
後西遊記	u			no-source;fallback
後輩	u			no-source;fallback
後進先出	u			no-source;fallback
後院起火	u			no-source;fallback
徐娘半老	u			no-source;fallback
徐徐	u			no-source;fallback
徒勞無功	u			no-source;fallback
徒子徒孫	u			no-source;fallback
徒有虛名	u			no-source;fallback
得了	u			no-source;fallback
得人驚	u			no-source;fallback
得以	u			no-source;fallback
得來不易	u			no-source;fallback
得償所願	u			no-source;fallback
得切	u			no-source;fallback
得力助手	u			no-source;fallback
得多	u			no-source;fallback
得宜	u			no-source;fallback
得很	u			no-source;fallback
得心應手	u			no-source;fallback
得意	u			no-source;fallback
得意門生	u			no-source;fallback
得滯	u			no-source;fallback
得而復失	u			no-source;fallback
得過且過	u			no-source;fallback
得閒	u			no-source;fallback
得隴望蜀	u			no-source;fallback
得體	u			no-source;fallback
徘徊不前	u			no-source;fallback
從一而終	u			no-source;fallback
從不	u			no-source;fallback
從中作梗	u			no-source;fallback
從今以後	u			no-source;fallback
從前	u			no-source;fallback
從嚴處理	u			no-source;fallback
從容	u			no-source;fallback
從容不迫	u			no-source;fallback
從容就義	u			no-source;fallback
從寬處理	u			no-source;fallback
從小	u			no-source;fallback
從小到大	u			no-source;fallback
從從容容	u			no-source;fallback
從心所欲	u			no-source;fallback
從早到晚	u			no-source;fallback
從有到無	u			no-source;fallback
從未	u			no-source;fallback
從此	u			no-source;fallback
從此以後	u			no-source;fallback
從沒	u			no-source;fallback
從無到有	u			no-source;fallback
從現在起	u			no-source;fallback
從而	u			no-source;fallback
從諫如流	u			no-source;fallback
從輕發落	u			no-source;fallback
從長計議	u			no-source;fallback
從頭做起	u			no-source;fallback
從頭到尾	u			no-source;fallback
從頭到腳	u			no-source;fallback
從頭開始	u			no-source;fallback
復	u			no-source;fallback
復出	u			no-source;fallback
復合	u			no-source;fallback
復活節島	u			no-source;fallback
復興時代	u			no-source;fallback
復課	u			no-source;fallback
復闢	u			no-source;fallback
循序漸進	u			no-source;fallback
循規蹈矩	u			no-source;fallback
微	u			no-source;fallback
微不足道	u			no-source;fallback
微型	u			no-source;fallback
微小	u			no-source;fallback
微弱	u			no-source;fallback
微微	u			no-source;fallback
微細加工	u			no-source;fallback
微觀世界	u			no-source;fallback
德克薩斯	u			no-source;fallback
德才兼備	u			no-source;fallback
德智體美	u			no-source;fallback
德藝雙馨	u			no-source;fallback
徹夜不眠	u			no-source;fallback
徹底	u			no-source;fallback
徹頭徹尾	u			no-source;fallback
心中	u			no-source;fallback
心中有數	u			no-source;fallback
心中有鬼	u			no-source;fallback
心事	u			no-source;fallback
心力交瘁	u			no-source;fallback
心口	u			no-source;fallback
心地	u			no-source;fallback
心地善良	u			no-source;fallback
心地好	u			no-source;fallback
心如刀割	u			no-source;fallback
心如刀絞	u			no-source;fallback
心如止水	u			no-source;fallback
心如死灰	u			no-source;fallback
心存不滿	u			no-source;fallback
心存僥倖	u			no-source;fallback
心安	u			no-source;fallback
心安理得	u			no-source;fallback
心寒	u			no-source;fallback
心寬體胖	u			no-source;fallback
心平氣和	u			no-source;fallback
心底	u			no-source;fallback
心思	u			no-source;fallback
心急	u			no-source;fallback
心急火燎	u			no-source;fallback
心悦誠服	u			no-source;fallback
心想	u			no-source;fallback
心想事成	u			no-source;fallback
心意	u			no-source;fallback
心愛	u			no-source;fallback
心懷不滿	u			no-source;fallback
心懷不軌	u			no-source;fallback
心懷鬼胎	u			no-source;fallback
心有不甘	u			no-source;fallback
心有靈犀	u			no-source;fallback
心有餘悸	u			no-source;fallback
心機	u			no-source;fallback
心浮氣躁	u			no-source;fallback
心滿意足	u			no-source;fallback
心潮澎湃	u			no-source;fallback
心無旁騖	u			no-source;fallback
心無雜念	u			no-source;fallback
心猿意馬	u			no-source;fallback
心理因素	u			no-source;fallback
心理學系	u			no-source;fallback
心理治療	u			no-source;fallback
心理準備	u			no-source;fallback
心理系	u			no-source;fallback
心甘情願	u			no-source;fallback
心痛	u			no-source;fallback
心目	u			no-source;fallback
心知肚明	u			no-source;fallback
心硬	u			no-source;fallback
心神不安	u			no-source;fallback
心神不寧	u			no-source;fallback
心神恍惚	u			no-source;fallback
心肌梗塞	u			no-source;fallback
心肝寶貝	u			no-source;fallback
心胸狹窄	u			no-source;fallback
心胸狹隘	u			no-source;fallback
心胸開闊	u			no-source;fallback
心腹大患	u			no-source;fallback
心膽俱裂	u			no-source;fallback
心臟病發	u			no-source;fallback
心臟衰竭	u			no-source;fallback
心虛	u			no-source;fallback
心血	u			no-source;fallback
心術不正	u			no-source;fallback
心裏	u			no-source;fallback
心裏有數	u			no-source;fallback
心裏癢癢	u			no-source;fallback
心裡	u			no-source;fallback
心諗	u			no-source;fallback
心路歷程	u			no-source;fallback
心軟	u			no-source;fallback
心醉神迷	u			no-source;fallback
心電感應	u			no-source;fallback
心頭	u			no-source;fallback
心願	u			no-source;fallback
心馳神往	u			no-source;fallback
心驚膽顫	u			no-source;fallback
心高氣傲	u			no-source;fallback
必	u			no-source;fallback
必定	u			no-source;fallback
必將	u			no-source;fallback
必死無疑	u			no-source;fallback
必然	u			no-source;fallback
必然性	u			no-source;fallback
必需	u			no-source;fallback
忌	u			no-source;fallback
忌口	u			no-source;fallback
忌日	u			no-source;fallback
忍	u			no-source;fallback
忍心	u			no-source;fallback
忍氣吞聲	u			no-source;fallback
忍無可忍	u			no-source;fallback
忍者	u			no-source;fallback
忍者神龜	u			no-source;fallback
忍辱求全	u			no-source;fallback
忍辱負重	u			no-source;fallback
忍飢挨餓	u			no-source;fallback
忐忑	u			no-source;fallback
志同道合	u			no-source;fallback
志在千里	u			no-source;fallback
志在必得	u			no-source;fallback
志得意滿	u			no-source;fallback
志趣相投	u			no-source;fallback
志願	u			no-source;fallback
志願者	u			no-source;fallback
忘乎所以	u			no-source;fallback
忘了	u			no-source;fallback
忘恩	u			no-source;fallback
忘恩負義	u			no-source;fallback
忘懷	u			no-source;fallback
忘我工作	u			no-source;fallback
忘記密碼	u			no-source;fallback
忙忙碌碌	u			no-source;fallback
忙裏偷閒	u			no-source;fallback
忙進忙出	u			no-source;fallback
忠君愛國	u			no-source;fallback
忠心耿耿	u			no-source;fallback
忠肝義膽	u			no-source;fallback
忠言逆耳	u			no-source;fallback
忠貞不渝	u			no-source;fallback
快人快語	u			no-source;fallback
快感	u			no-source;fallback
快手	u			no-source;fallback
快手快腳	u			no-source;fallback
快捷方式	u			no-source;fallback
快樂幸福	u			no-source;fallback
快步流星	u			no-source;fallback
快要	u			no-source;fallback
快速	u			no-source;fallback
快遞	u			no-source;fallback
念	u			no-source;fallback
念茲在茲	u			no-source;fallback
念頭	u			no-source;fallback
忽	u			no-source;fallback
忽上忽下	u			no-source;fallback
忽冷忽熱	u			no-source;fallback
忽悠	u			no-source;fallback
忽然	u			no-source;fallback
忽隱忽現	u			no-source;fallback
忽高忽低	u			no-source;fallback
忿忿不平	u			no-source;fallback
怎麼回事	u			no-source;fallback
怎麼樣	u			no-source;fallback
怎麼辦	u			no-source;fallback
怒火中燒	u			no-source;fallback
怒目相向	u			no-source;fallback
怒目而視	u			no-source;fallback
怒髮衝冠	u			no-source;fallback
怕醜	u			no-source;fallback
怙惡不悛	u			no-source;fallback
思	u			no-source;fallback
思前想後	u			no-source;fallback
思想交流	u			no-source;fallback
思想包袱	u			no-source;fallback
思潮起伏	u			no-source;fallback
思維敏捷	u			no-source;fallback
思緒	u			no-source;fallback
思覺失調	u			no-source;fallback
思路敏捷	u			no-source;fallback
怠工	u			no-source;fallback
怡	u			no-source;fallback
怡然自得	u			no-source;fallback
急不及待	u			no-source;fallback
急促	u			no-source;fallback
急忙	u			no-source;fallback
急急腳	u			no-source;fallback
急性腸炎	u			no-source;fallback
急救	u			no-source;fallback
急躁	u			no-source;fallback
急速	u			no-source;fallback
怦然心動	u			no-source;fallback
性	u			no-source;fallback
性交	u			no-source;fallback
性別角色	u			no-source;fallback
性命	u			no-source;fallback
性命不保	u			no-source;fallback
性命攸關	u			no-source;fallback
性奴	u			no-source;fallback
性情中人	u			no-source;fallback
性感	u			no-source;fallback
性慾	u			no-source;fallback
性慾高潮	u			no-source;fallback
性格不合	u			no-source;fallback
性產業	u			no-source;fallback
怨天尤人	u			no-source;fallback
怨氣	u			no-source;fallback
怪不得	u			no-source;fallback
怪力亂神	u			no-source;fallback
怪獸	u			no-source;fallback
怪石嶙峋	u			no-source;fallback
怪聲怪氣	u			no-source;fallback
怪裏怪氣	u			no-source;fallback
怪誕不經	u			no-source;fallback
怪責	u			no-source;fallback
怯場	u			no-source;fallback
怯懦	u			no-source;fallback
怯聲怯氣	u			no-source;fallback
怯頭怯腦	u			no-source;fallback
怵目驚心	u			no-source;fallback
恃強凌弱	u			no-source;fallback
恃才傲物	u			no-source;fallback
恆常	u			no-source;fallback
恍如隔世	u			no-source;fallback
恍恍惚惚	u			no-source;fallback
恍然大悟	u			no-source;fallback
恍然醒悟	u			no-source;fallback
恍若隔世	u			no-source;fallback
恐怖份子	u			no-source;fallback
恐怖片	u			no-source;fallback
恐怖襲擊	u			no-source;fallback
恐襲	u			no-source;fallback
恐龍	u			no-source;fallback
恢復常態	u			no-source;fallback
恤衫	u			no-source;fallback
恥笑	u			no-source;fallback
恨不得	u			no-source;fallback
恩	u			no-source;fallback
恩將仇報	u			no-source;fallback
恩恩怨怨	u			no-source;fallback
恩恩愛愛	u			no-source;fallback
恩愛夫妻	u			no-source;fallback
恩斷義絕	u			no-source;fallback
恬不知恥	u			no-source;fallback
恭喜	u			no-source;fallback
恭喜發財	u			no-source;fallback
恭恭敬敬	u			no-source;fallback
恭賀新禧	u			no-source;fallback
息	u			no-source;fallback
息事寧人	u			no-source;fallback
息怒	u			no-source;fallback
息息相關	u			no-source;fallback
恰	u			no-source;fallback
恰如其分	u			no-source;fallback
恰恰相反	u			no-source;fallback
悄悄	u			no-source;fallback
悄無聲息	u			no-source;fallback
悄然無聲	u			no-source;fallback
悅耳	u			no-source;fallback
悔不當初	u			no-source;fallback
悔恨交加	u			no-source;fallback
悠哉悠哉	u			no-source;fallback
悠哉遊哉	u			no-source;fallback
悠悠	u			no-source;fallback
患難與共	u			no-source;fallback
您	u			no-source;fallback
悲	u			no-source;fallback
悲喜交集	u			no-source;fallback
悲憤填膺	u			no-source;fallback
悲歡離合	u			no-source;fallback
悲泣	u			no-source;fallback
悶	u			no-source;fallback
悶悶不樂	u			no-source;fallback
悶聲不響	u			no-source;fallback
情	u			no-source;fallback
情不自禁	u			no-source;fallback
情何以堪	u			no-source;fallback
情同手足	u			no-source;fallback
情境	u			no-source;fallback
情形	u			no-source;fallback
情意綿綿	u			no-source;fallback
情投意合	u			no-source;fallback
情文並茂	u			no-source;fallback
情景	u			no-source;fallback
情書	u			no-source;fallback
情有獨鍾	u			no-source;fallback
情真意切	u			no-source;fallback
情竇初開	u			no-source;fallback
情願	u			no-source;fallback
惘然若失	u			no-source;fallback
惜墨如金	u			no-source;fallback
惟利是圖	u			no-source;fallback
惟我獨尊	u			no-source;fallback
惡人	u			no-source;fallback
惡劣	u			no-source;fallback
惡名	u			no-source;fallback
惡名昭彰	u			no-source;fallback
惡意代碼	u			no-source;fallback
惡有惡報	u			no-source;fallback
惡言	u			no-source;fallback
惡言傷人	u			no-source;fallback
惡言相向	u			no-source;fallback
惡語傷人	u			no-source;fallback
惡鬼	u			no-source;fallback
惦	u			no-source;fallback
想問	u			no-source;fallback
想得開	u			no-source;fallback
想見	u			no-source;fallback
惶惶不安	u			no-source;fallback
惹人注意	u			no-source;fallback
惹人注目	u			no-source;fallback
惹人討厭	u			no-source;fallback
惹禍上身	u			no-source;fallback
惺忪	u			no-source;fallback
惺惺作態	u			no-source;fallback
惺惺相惜	u			no-source;fallback
愁	u			no-source;fallback
愁眉	u			no-source;fallback
愁眉苦臉	u			no-source;fallback
愁雲慘霧	u			no-source;fallback
愈	u			no-source;fallback
愈來愈	u			no-source;fallback
愈嚟愈	u			no-source;fallback
愈戰愈勇	u			no-source;fallback
愈演愈烈	u			no-source;fallback
意	u			no-source;fallback
意下如何	u			no-source;fallback
意亂情迷	u			no-source;fallback
意味深長	u			no-source;fallback
意在言外	u			no-source;fallback
意大利	u			no-source;fallback
意大利粉	u			no-source;fallback
意想不到	u			no-source;fallback
意料	u			no-source;fallback
意會	u			no-source;fallback
意猶未盡	u			no-source;fallback
意粉	u			no-source;fallback
意興闌珊	u			no-source;fallback
愕然	u			no-source;fallback
愚民政策	u			no-source;fallback
愚笨	u			no-source;fallback
愚蠢	u			no-source;fallback
愛人如己	u			no-source;fallback
愛崗敬業	u			no-source;fallback
愛心	u			no-source;fallback
愛意	u			no-source;fallback
愛民如子	u			no-source;fallback
愛沙尼亞	u			no-source;fallback
愛爾蘭語	u			no-source;fallback
愛理不理	u			no-source;fallback
愛答不理	u			no-source;fallback
愛管閒事	u			no-source;fallback
愛麗捨宮	u			no-source;fallback
感人	u			no-source;fallback
感同身受	u			no-source;fallback
感官	u			no-source;fallback
感性	u			no-source;fallback
感性認識	u			no-source;fallback
感恩	u			no-source;fallback
感慨萬千	u			no-source;fallback
感應	u			no-source;fallback
感應電流	u			no-source;fallback
感激不盡	u			no-source;fallback
感覺器官	u			no-source;fallback
感觸良多	u			no-source;fallback
愣頭愣腦	u			no-source;fallback
愧不敢當	u			no-source;fallback
慈善事業	u			no-source;fallback
慈善團體	u			no-source;fallback
慈悲為懷	u			no-source;fallback
慈眉善目	u			no-source;fallback
態勢	u			no-source;fallback
慌	u			no-source;fallback
慌慌張張	u			no-source;fallback
慎重	u			no-source;fallback
慎重其事	u			no-source;fallback
慕名而來	u			no-source;fallback
慘	u			no-source;fallback
慘不忍睹	u			no-source;fallback
慘叫	u			no-source;fallback
慘遭殺害	u			no-source;fallback
慘遭毒手	u			no-source;fallback
慢	u			no-source;fallback
慢吞吞	u			no-source;fallback
慢性疼痛	u			no-source;fallback
慢悠悠	u			no-source;fallback
慢慢	u			no-source;fallback
慢慢吞吞	u			no-source;fallback
慢條斯理	u			no-source;fallback
慢速	u			no-source;fallback
慣	u			no-source;fallback
慣性	u			no-source;fallback
慣用語	u			no-source;fallback
慧眼獨具	u			no-source;fallback
慳	u			no-source;fallback
慶幸	u			no-source;fallback
慷慨	u			no-source;fallback
慷慨就義	u			no-source;fallback
慾	u			no-source;fallback
慾火焚身	u			no-source;fallback
憂	u			no-source;fallback
憂傷	u			no-source;fallback
憂心忡忡	u			no-source;fallback
憂患意識	u			no-source;fallback
憑	u			no-source;fallback
憑着	u			no-source;fallback
憑空	u			no-source;fallback
憑空捏造	u			no-source;fallback
憤憤不平	u			no-source;fallback
憨厚	u			no-source;fallback
憨態可掬	u			no-source;fallback
憨豆先生	u			no-source;fallback
懂事	u			no-source;fallback
應付帳款	u			no-source;fallback
應付自如	u			no-source;fallback
應召女郎	u			no-source;fallback
應對	u			no-source;fallback
應承	u			no-source;fallback
應接不暇	u			no-source;fallback
應有盡有	u			no-source;fallback
應用力學	u			no-source;fallback
應用物理	u			no-source;fallback
應用科學	u			no-source;fallback
應當	u			no-source;fallback
應聲	u			no-source;fallback
應運而生	u			no-source;fallback
懊悔不已	u			no-source;fallback
懦夫	u			no-source;fallback
懦弱	u			no-source;fallback
懲一儆百	u			no-source;fallback
懲一警百	u			no-source;fallback
懵	u			no-source;fallback
懶懶散散	u			no-source;fallback
懶洋洋	u			no-source;fallback
懷念	u			no-source;fallback
懷恨在心	u			no-source;fallback
懷柔政策	u			no-source;fallback
懷璧其罪	u			no-source;fallback
懷裏	u			no-source;fallback
懸壺濟世	u			no-source;fallback
懸崖峭壁	u			no-source;fallback
懸崖絕壁	u			no-source;fallback
懸樑刺股	u			no-source;fallback
懸殊	u			no-source;fallback
懸而未決	u			no-source;fallback
戀	u			no-source;fallback
戀母情結	u			no-source;fallback
戇	u			no-source;fallback
戊戌政變	u			no-source;fallback
戎馬生涯	u			no-source;fallback
成世	u			no-source;fallback
成交量	u			no-source;fallback
成何體統	u			no-source;fallback
成個	u			no-source;fallback
成全	u			no-source;fallback
成功率	u			no-source;fallback
成千上萬	u			no-source;fallback
成千成萬	u			no-source;fallback
成家立業	u			no-source;fallback
成年累月	u			no-source;fallback
成敗得失	u			no-source;fallback
成日	u			no-source;fallback
成晚	u			no-source;fallback
成本會計	u			no-source;fallback
成爲	u			no-source;fallback
成百上千	u			no-source;fallback
成羣結隊	u			no-source;fallback
成語典故	u			no-source;fallback
成語接龍	u			no-source;fallback
成身	u			no-source;fallback
成都	u			no-source;fallback
成雙成對	u			no-source;fallback
我	u			no-source;fallback
我們	u			no-source;fallback
我嘅	u			no-source;fallback
我愛我家	u			no-source;fallback
我架	u			no-source;fallback
我見	u			no-source;fallback
我見猶憐	u			no-source;fallback
我識	u			no-source;fallback
戒備	u			no-source;fallback
戒心	u			no-source;fallback
戒菸	u			no-source;fallback
戒酒	u			no-source;fallback
戒驕戒躁	u			no-source;fallback
或是	u			no-source;fallback
或許	u			no-source;fallback
截	u			no-source;fallback
截然不同	u			no-source;fallback
截至	u			no-source;fallback
戰國時代	u			no-source;fallback
戰機	u			no-source;fallback
戰死沙場	u			no-source;fallback
戰火紛飛	u			no-source;fallback
戰無不勝	u			no-source;fallback
戰略物資	u			no-source;fallback
戰略轟炸	u			no-source;fallback
戰績	u			no-source;fallback
戰術導彈	u			no-source;fallback
戰雲密佈	u			no-source;fallback
戰鬥力	u			no-source;fallback
戰鬥意志	u			no-source;fallback
戰鬥機	u			no-source;fallback
戲	u			no-source;fallback
戲院	u			no-source;fallback
戴月披星	u			no-source;fallback
戴盆望天	u			no-source;fallback
戴綠帽子	u			no-source;fallback
戴罪立功	u			no-source;fallback
户內	u			no-source;fallback
户樞不蠹	u			no-source;fallback
房	u			no-source;fallback
房屋中介	u			no-source;fallback
房產	u			no-source;fallback
房產中介	u			no-source;fallback
房門	u			no-source;fallback
所	u			no-source;fallback
所作所為	u			no-source;fallback
所剩無幾	u			no-source;fallback
所向無敵	u			no-source;fallback
所在	u			no-source;fallback
所有	u			no-source;fallback
所見所聞	u			no-source;fallback
所見略同	u			no-source;fallback
所謂	u			no-source;fallback
扁	u			no-source;fallback
扁形動物	u			no-source;fallback
手下敗將	u			no-source;fallback
手下留情	u			no-source;fallback
手到病除	u			no-source;fallback
手剎車	u			no-source;fallback
手動	u			no-source;fallback
手寫	u			no-source;fallback
手寫識別	u			no-source;fallback
手工	u			no-source;fallback
手巾	u			no-source;fallback
手心	u			no-source;fallback
手忙腳亂	u			no-source;fallback
手急眼快	u			no-source;fallback
手感	u			no-source;fallback
手扳葫蘆	u			no-source;fallback
手抓羊肉	u			no-source;fallback
手拉葫蘆	u			no-source;fallback
手持	u			no-source;fallback
手指公	u			no-source;fallback
手指尾	u			no-source;fallback
手掌	u			no-source;fallback
手無寸鐵	u			no-source;fallback
手無縛雞之力	u			no-source;fallback
手紙	u			no-source;fallback
手緊	u			no-source;fallback
手腳	u			no-source;fallback
手裏	u			no-source;fallback
手襪	u			no-source;fallback
手足	u			no-source;fallback
手足口病	u			no-source;fallback
手足口症	u			no-source;fallback
手足情深	u			no-source;fallback
手足無措	u			no-source;fallback
手邊	u			no-source;fallback
手頭	u			no-source;fallback
手頭鬆	u			no-source;fallback
才子佳人	u			no-source;fallback
才疏學淺	u			no-source;fallback
才華橫溢	u			no-source;fallback
才華洋溢	u			no-source;fallback
才貌雙全	u			no-source;fallback
扎魯特旗	u			no-source;fallback
扐	u			no-source;fallback
打中	u			no-source;fallback
打交	u			no-source;fallback
打人	u			no-source;fallback
打入冷宮	u			no-source;fallback
打出	u			no-source;fallback
打劫	u			no-source;fallback
打嚟	u			no-source;fallback
打圈	u			no-source;fallback
打圓場	u			no-source;fallback
打定主意	u			no-source;fallback
打小報告	u			no-source;fallback
打小算盤	u			no-source;fallback
打工	u			no-source;fallback
打工仔	u			no-source;fallback
打得火熱	u			no-source;fallback
打情罵俏	u			no-source;fallback
打成一片	u			no-source;fallback
打打鬧鬧	u			no-source;fallback
打抱不平	u			no-source;fallback
打招呼	u			no-source;fallback
打拳	u			no-source;fallback
打擊樂器	u			no-source;fallback
打斜	u			no-source;fallback
打機	u			no-source;fallback
打橫	u			no-source;fallback
打氣	u			no-source;fallback
打波	u			no-source;fallback
打消	u			no-source;fallback
打牌	u			no-source;fallback
打球	u			no-source;fallback
打理	u			no-source;fallback
打畀	u			no-source;fallback
打發	u			no-source;fallback
打的	u			no-source;fallback
打直	u			no-source;fallback
打翻身仗	u			no-source;fallback
打草	u			no-source;fallback
打草驚蛇	u			no-source;fallback
打落水狗	u			no-source;fallback
打起精神	u			no-source;fallback
打車	u			no-source;fallback
打轉	u			no-source;fallback
打道回府	u			no-source;fallback
打鐵趁熱	u			no-source;fallback
打高爾夫	u			no-source;fallback
托塔天王	u			no-source;fallback
扣	u			no-source;fallback
扣式電池	u			no-source;fallback
扭力天平	u			no-source;fallback
扭扭捏捏	u			no-source;fallback
扭捏	u			no-source;fallback
扭虧為盈	u			no-source;fallback
扭轉乾坤	u			no-source;fallback
扮	u			no-source;fallback
扶	u			no-source;fallback
扶危濟困	u			no-source;fallback
扶貧	u			no-source;fallback
扶貧濟困	u			no-source;fallback
批量購買	u			no-source;fallback
找不自在	u			no-source;fallback
承上啓下	u			no-source;fallback
承先啓後	u			no-source;fallback
承包	u			no-source;fallback
承租	u			no-source;fallback
承辦	u			no-source;fallback
技	u			no-source;fallback
技壓羣雄	u			no-source;fallback
技術作物	u			no-source;fallback
技術含量	u			no-source;fallback
技術指導	u			no-source;fallback
技術援助	u			no-source;fallback
技術知識	u			no-source;fallback
技術科學	u			no-source;fallback
技術移民	u			no-source;fallback
技術裝備	u			no-source;fallback
技術規範	u			no-source;fallback
抄	u			no-source;fallback
抆	u			no-source;fallback
把兄弟	u			no-source;fallback
把酒言歡	u			no-source;fallback
抌	u			no-source;fallback
抑或	u			no-source;fallback
抑鬱寡歡	u			no-source;fallback
抓耳撓腮	u			no-source;fallback
投其所好	u			no-source;fallback
投懷送抱	u			no-source;fallback
投放	u			no-source;fallback
投桃報李	u			no-source;fallback
投案自首	u			no-source;fallback
投機倒把	u			no-source;fallback
投河自盡	u			no-source;fallback
投石問路	u			no-source;fallback
投票表決	u			no-source;fallback
投筆從戎	u			no-source;fallback
投行	u			no-source;fallback
投訴	u			no-source;fallback
投資組合	u			no-source;fallback
投資者	u			no-source;fallback
投資銀行	u			no-source;fallback
投鞭斷流	u			no-source;fallback
投鼠忌器	u			no-source;fallback
抖	u			no-source;fallback
抗壞血酸	u			no-source;fallback
抗精神病	u			no-source;fallback
披星戴月	u			no-source;fallback
披頭散髮	u			no-source;fallback
披麻戴孝	u			no-source;fallback
抬頭	u			no-source;fallback
抱憾終生	u			no-source;fallback
抱成一團	u			no-source;fallback
抱殘守缺	u			no-source;fallback
抱薪救火	u			no-source;fallback
抱頭痛哭	u			no-source;fallback
抵	u			no-source;fallback
抵賴	u			no-source;fallback
抽	u			no-source;fallback
抽查	u			no-source;fallback
抽油煙機	u			no-source;fallback
抽空	u			no-source;fallback
抽絲剝繭	u			no-source;fallback
抽菸	u			no-source;fallback
抽象勞動	u			no-source;fallback
抽象思維	u			no-source;fallback
抽離	u			no-source;fallback
拂袖而去	u			no-source;fallback
拆	u			no-source;fallback
拆台	u			no-source;fallback
拆散	u			no-source;fallback
拆臺	u			no-source;fallback
拆除	u			no-source;fallback
拈花惹草	u			no-source;fallback
拈輕怕重	u			no-source;fallback
拉丁字母	u			no-source;fallback
拉丁美洲	u			no-source;fallback
拉卜楞寺	u			no-source;fallback
拉幫結派	u			no-source;fallback
拉拉扯扯	u			no-source;fallback
拉拉隊員	u			no-source;fallback
拉拉隊長	u			no-source;fallback
拉皮	u			no-source;fallback
拉皮手術	u			no-source;fallback
拉脱維亞	u			no-source;fallback
拉鍊	u			no-source;fallback
拋低	u			no-source;fallback
拋磚引玉	u			no-source;fallback
拋諸腦後	u			no-source;fallback
拍手稱快	u			no-source;fallback
拍拖	u			no-source;fallback
拍照	u			no-source;fallback
拍片	u			no-source;fallback
拎	u			no-source;fallback
拒	u			no-source;fallback
拒不接受	u			no-source;fallback
拒收	u			no-source;fallback
拓展	u			no-source;fallback
拔刀相助	u			no-source;fallback
拔地而起	u			no-source;fallback
拔河比賽	u			no-source;fallback
拔腿就跑	u			no-source;fallback
拔足狂奔	u			no-source;fallback
拖延戰術	u			no-source;fallback
拖拖拉拉	u			no-source;fallback
拖沓	u			no-source;fallback
拖鞋	u			no-source;fallback
拗	u			no-source;fallback
拗口	u			no-source;fallback
拘謹	u			no-source;fallback
拙劣	u			no-source;fallback
拙嘴笨舌	u			no-source;fallback
招	u			no-source;fallback
招人喜歡	u			no-source;fallback
招呼	u			no-source;fallback
招惹	u			no-source;fallback
招數	u			no-source;fallback
招災惹禍	u			no-source;fallback
招財進寶	u			no-source;fallback
招風惹草	u			no-source;fallback
拜	u			no-source;fallback
拜師學藝	u			no-source;fallback
拜年	u			no-source;fallback
拜把兄弟	u			no-source;fallback
拜拜	u			no-source;fallback
拜科努爾	u			no-source;fallback
拭目以待	u			no-source;fallback
拱手相讓	u			no-source;fallback
拳打腳踢	u			no-source;fallback
拼命	u			no-source;fallback
拼命三郎	u			no-source;fallback
拼圖遊戲	u			no-source;fallback
拼寫錯誤	u			no-source;fallback
拼死拼活	u			no-source;fallback
拼花地板	u			no-source;fallback
拼音字母	u			no-source;fallback
拾人牙慧	u			no-source;fallback
拾遺補缺	u			no-source;fallback
拾金不昧	u			no-source;fallback
拿不出手	u			no-source;fallback
拿到	u			no-source;fallback
拿腔作勢	u			no-source;fallback
拿走	u			no-source;fallback
拿鐵咖啡	u			no-source;fallback
持槍搶劫	u			no-source;fallback
指名道姓	u			no-source;fallback
指尖	u			no-source;fallback
指引	u			no-source;fallback
指手劃腳	u			no-source;fallback
指手畫腳	u			no-source;fallback
指指點點	u			no-source;fallback
指教	u			no-source;fallback
指日可待	u			no-source;fallback
指示代詞	u			no-source;fallback
指腹為婚	u			no-source;fallback
指雞罵狗	u			no-source;fallback
指點迷津	u			no-source;fallback
按兵不動	u			no-source;fallback
按捺不住	u			no-source;fallback
按摩療法	u			no-source;fallback
按時完成	u			no-source;fallback
按步就班	u			no-source;fallback
按部就班	u			no-source;fallback
按需分配	u			no-source;fallback
挑	u			no-source;fallback
挑三揀四	u			no-source;fallback
挑三窩四	u			no-source;fallback
挑撥離間	u			no-source;fallback
挑燈夜戰	u			no-source;fallback
挑肥揀瘦	u			no-source;fallback
挖掘機械	u			no-source;fallback
挖肉補瘡	u			no-source;fallback
挨	u			no-source;fallback
挨家挨户	u			no-source;fallback
挨門挨户	u			no-source;fallback
振奮	u			no-source;fallback
振奮人心	u			no-source;fallback
振振有詞	u			no-source;fallback
振振有辭	u			no-source;fallback
振臂一呼	u			no-source;fallback
挺	u			no-source;fallback
挽留	u			no-source;fallback
捅馬蜂窩	u			no-source;fallback
捉	u			no-source;fallback
捉實	u			no-source;fallback
捉拿歸案	u			no-source;fallback
捏一把冷汗	u			no-source;fallback
捏一把汗	u			no-source;fallback
捐	u			no-source;fallback
捕風捉影	u			no-source;fallback
捧	u			no-source;fallback
捨	u			no-source;fallback
捨不得	u			no-source;fallback
捨己救人	u			no-source;fallback
捨得	u			no-source;fallback
捨我其誰	u			no-source;fallback
捫心自問	u			no-source;fallback
捱	u			no-source;fallback
捲	u			no-source;fallback
捲舌元音	u			no-source;fallback
捷報頻傳	u			no-source;fallback
捷足先登	u			no-source;fallback
捽	u			no-source;fallback
掀風鼓浪	u			no-source;fallback
掂	u			no-source;fallback
掂斤播兩	u			no-source;fallback
掃地出門	u			no-source;fallback
掃興	u			no-source;fallback
授人以柄	u			no-source;fallback
授受不親	u			no-source;fallback
授權範圍	u			no-source;fallback
掉以輕心	u			no-source;fallback
掉轉	u			no-source;fallback
掉頭就走	u			no-source;fallback
掌	u			no-source;fallback
掌握電腦	u			no-source;fallback
掌聲	u			no-source;fallback
掌聲雷動	u			no-source;fallback
掏空	u			no-source;fallback
掐頭去尾	u			no-source;fallback
排列次序	u			no-source;fallback
排山倒海	u			no-source;fallback
排斥異己	u			no-source;fallback
排起長隊	u			no-source;fallback
排骨	u			no-source;fallback
掙錢	u			no-source;fallback
掛在嘴上	u			no-source;fallback
掛斷	u			no-source;fallback
掛牌	u			no-source;fallback
探	u			no-source;fallback
探員	u			no-source;fallback
探明儲量	u			no-source;fallback
探親訪友	u			no-source;fallback
探賾索隱	u			no-source;fallback
探頭探腦	u			no-source;fallback
掣	u			no-source;fallback
接下來	u			no-source;fallback
接續	u			no-source;fallback
接觸不良	u			no-source;fallback
接踵而來	u			no-source;fallback
接踵而至	u			no-source;fallback
接軌	u			no-source;fallback
接通	u			no-source;fallback
控制板	u			no-source;fallback
控股	u			no-source;fallback
推倒	u			no-source;fallback
推倒重來	u			no-source;fallback
推卸責任	u			no-source;fallback
推崇	u			no-source;fallback
推拿	u			no-source;fallback
推推搡搡	u			no-source;fallback
推本溯源	u			no-source;fallback
推濤作浪	u			no-source;fallback
推而廣之	u			no-source;fallback
推辭	u			no-source;fallback
推陳出新	u			no-source;fallback
掩	u			no-source;fallback
掩面而泣	u			no-source;fallback
措手不及	u			no-source;fallback
提子	u			no-source;fallback
提心吊膽	u			no-source;fallback
提拉米蘇	u			no-source;fallback
提早	u			no-source;fallback
提綱挈領	u			no-source;fallback
提線木偶	u			no-source;fallback
提貨	u			no-source;fallback
提速	u			no-source;fallback
插	u			no-source;fallback
插科打諢	u			no-source;fallback
插隊	u			no-source;fallback
揚名立萬	u			no-source;fallback
揚眉吐氣	u			no-source;fallback
揚長而去	u			no-source;fallback
換位思考	u			no-source;fallback
換句話説	u			no-source;fallback
換衫	u			no-source;fallback
換言之	u			no-source;fallback
握	u			no-source;fallback
握手	u			no-source;fallback
握手言和	u			no-source;fallback
揪	u			no-source;fallback
揭	u			no-source;fallback
揭不開鍋	u			no-source;fallback
揭幕儀式	u			no-source;fallback
揭幕式	u			no-source;fallback
揭竿而起	u			no-source;fallback
揭開序幕	u			no-source;fallback
揮手	u			no-source;fallback
揮金如土	u			no-source;fallback
揮霍浪費	u			no-source;fallback
援助交際	u			no-source;fallback
援手	u			no-source;fallback
揸	u			no-source;fallback
揹	u			no-source;fallback
揹着	u			no-source;fallback
損	u			no-source;fallback
損公肥私	u			no-source;fallback
搏	u			no-source;fallback
搔首弄姿	u			no-source;fallback
搖搖	u			no-source;fallback
搖搖晃晃	u			no-source;fallback
搖搖板	u			no-source;fallback
搖曳多姿	u			no-source;fallback
搖頭	u			no-source;fallback
搖頭晃腦	u			no-source;fallback
搖鵝毛扇	u			no-source;fallback
搗亂	u			no-source;fallback
搗蛋	u			no-source;fallback
搜尋引擎	u			no-source;fallback
搜腸刮肚	u			no-source;fallback
搞	u			no-source;fallback
搞到	u			no-source;fallback
搞唔掂	u			no-source;fallback
搞掂	u			no-source;fallback
搞砸	u			no-source;fallback
搞笑	u			no-source;fallback
搞錯	u			no-source;fallback
搣	u			no-source;fallback
搬	u			no-source;fallback
搬弄是非	u			no-source;fallback
搭	u			no-source;fallback
搭檔	u			no-source;fallback
搶先	u			no-source;fallback
搶先一步	u			no-source;fallback
搶購一空	u			no-source;fallback
搶險救災	u			no-source;fallback
摑	u			no-source;fallback
摟	u			no-source;fallback
摩卡咖啡	u			no-source;fallback
摩天大廈	u			no-source;fallback
摩天大樓	u			no-source;fallback
摩擦阻力	u			no-source;fallback
摩爾多瓦	u			no-source;fallback
摯友	u			no-source;fallback
摷	u			no-source;fallback
摸爬滾打	u			no-source;fallback
摺	u			no-source;fallback
撈	u			no-source;fallback
撐	u			no-source;fallback
撐竿跳高	u			no-source;fallback
撒嬌	u			no-source;fallback
撒手人寰	u			no-source;fallback
撒馬爾罕	u			no-source;fallback
撕心裂肺	u			no-source;fallback
撕破臉	u			no-source;fallback
撕破臉皮	u			no-source;fallback
撚	u			no-source;fallback
撤	u			no-source;fallback
撤銷	u			no-source;fallback
撤離	u			no-source;fallback
撥號連接	u			no-source;fallback
撥雲見日	u			no-source;fallback
撩	u			no-source;fallback
撫今追昔	u			no-source;fallback
撫摸	u			no-source;fallback
撫躬自問	u			no-source;fallback
播	u			no-source;fallback
播放	u			no-source;fallback
播放列表	u			no-source;fallback
撲	u			no-source;fallback
撲面而來	u			no-source;fallback
撻	u			no-source;fallback
撼天動地	u			no-source;fallback
擁	u			no-source;fallback
擁兵自重	u			no-source;fallback
擁擠不堪	u			no-source;fallback
擁政愛民	u			no-source;fallback
擁軍優屬	u			no-source;fallback
擂台	u			no-source;fallback
擅自	u			no-source;fallback
擅離職守	u			no-source;fallback
擋	u			no-source;fallback
操作環境	u			no-source;fallback
操作規程	u			no-source;fallback
操勞過度	u			no-source;fallback
操行	u			no-source;fallback
擒	u			no-source;fallback
擒賊擒王	u			no-source;fallback
擘	u			no-source;fallback
據此	u			no-source;fallback
據為己有	u			no-source;fallback
據理力爭	u			no-source;fallback
擠來擠去	u			no-source;fallback
擠擠插插	u			no-source;fallback
擠眉弄眼	u			no-source;fallback
擢髮難數	u			no-source;fallback
擦亮眼睛	u			no-source;fallback
擦身而過	u			no-source;fallback
擰轉	u			no-source;fallback
擰頭	u			no-source;fallback
擲地有聲	u			no-source;fallback
擴容	u			no-source;fallback
擺明	u			no-source;fallback
擺脫	u			no-source;fallback
擺龍門陣	u			no-source;fallback
擾人清夢	u			no-source;fallback
攀爬	u			no-source;fallback
攜家帶口	u			no-source;fallback
攜手並肩	u			no-source;fallback
攝	u			no-source;fallback
攝像	u			no-source;fallback
攤	u			no-source;fallback
攬	u			no-source;fallback
攬實	u			no-source;fallback
支付不起	u			no-source;fallback
支付得起	u			no-source;fallback
支出費用	u			no-source;fallback
支吾以對	u			no-source;fallback
支吾其詞	u			no-source;fallback
支支吾吾	u			no-source;fallback
支行	u			no-source;fallback
支隊	u			no-source;fallback
支離破碎	u			no-source;fallback
攰	u			no-source;fallback
收	u			no-source;fallback
收回成命	u			no-source;fallback
收埋	u			no-source;fallback
收尾	u			no-source;fallback
收復失地	u			no-source;fallback
收手	u			no-source;fallback
收拾	u			no-source;fallback
收拾殘局	u			no-source;fallback
收支相抵	u			no-source;fallback
收放自如	u			no-source;fallback
收斂	u			no-source;fallback
收服	u			no-source;fallback
收款	u			no-source;fallback
收歸國有	u			no-source;fallback
收留	u			no-source;fallback
收發短信	u			no-source;fallback
收皮	u			no-source;fallback
收益率	u			no-source;fallback
收監	u			no-source;fallback
收禮	u			no-source;fallback
收線	u			no-source;fallback
收聲	u			no-source;fallback
收視率	u			no-source;fallback
收貨	u			no-source;fallback
收買人心	u			no-source;fallback
收銀	u			no-source;fallback
改	u			no-source;fallback
改制	u			no-source;fallback
改名換姓	u			no-source;fallback
改天	u			no-source;fallback
改弦易轍	u			no-source;fallback
改換門庭	u			no-source;fallback
改朝換代	u			no-source;fallback
改為	u			no-source;fallback
改爲	u			no-source;fallback
改良品種	u			no-source;fallback
改邪歸正	u			no-source;fallback
改革開放	u			no-source;fallback
攻	u			no-source;fallback
攻城掠地	u			no-source;fallback
攻城略地	u			no-source;fallback
放下包袱	u			no-source;fallback
放不下心	u			no-source;fallback
放任自流	u			no-source;fallback
放到	u			no-source;fallback
放學	u			no-source;fallback
放射治療	u			no-source;fallback
放工	u			no-source;fallback
放手一搏	u			no-source;fallback
放手去做	u			no-source;fallback
放榜	u			no-source;fallback
放浪不羈	u			no-source;fallback
放生	u			no-source;fallback
放療	u			no-source;fallback
放聲大哭	u			no-source;fallback
放膽	u			no-source;fallback
放蕩不羈	u			no-source;fallback
放行	u			no-source;fallback
放走	u			no-source;fallback
放高利貸	u			no-source;fallback
政	u			no-source;fallback
政府機關	u			no-source;fallback
政教合一	u			no-source;fallback
政治學家	u			no-source;fallback
政治權利	u			no-source;fallback
政治避難	u			no-source;fallback
政通人和	u			no-source;fallback
政黨政治	u			no-source;fallback
故	u			no-source;fallback
故仔	u			no-source;fallback
故作姿態	u			no-source;fallback
故作深沉	u			no-source;fallback
故作高深	u			no-source;fallback
故地重遊	u			no-source;fallback
故意	u			no-source;fallback
故意殺人	u			no-source;fallback
故態復萌	u			no-source;fallback
故技重施	u			no-source;fallback
故技重演	u			no-source;fallback
故步自封	u			no-source;fallback
故鄉	u			no-source;fallback
故障排除	u			no-source;fallback
效應	u			no-source;fallback
效益工資	u			no-source;fallback
敏	u			no-source;fallback
敏感	u			no-source;fallback
救	u			no-source;fallback
救世主	u			no-source;fallback
救人	u			no-source;fallback
救人一命	u			no-source;fallback
救命	u			no-source;fallback
救命恩人	u			no-source;fallback
救國救民	u			no-source;fallback
救死扶傷	u			no-source;fallback
救火員	u			no-source;fallback
救火揚沸	u			no-source;fallback
救苦救難	u			no-source;fallback
敗事有餘	u			no-source;fallback
敗家	u			no-source;fallback
敗將	u			no-source;fallback
敗筆	u			no-source;fallback
敗絮其中	u			no-source;fallback
敗興而歸	u			no-source;fallback
敗落	u			no-source;fallback
敗露	u			no-source;fallback
教員	u			no-source;fallback
教學大綱	u			no-source;fallback
教學活動	u			no-source;fallback
教學相長	u			no-source;fallback
教導有方	u			no-source;fallback
教徒	u			no-source;fallback
教書	u			no-source;fallback
教會學校	u			no-source;fallback
教畜	u			no-source;fallback
教程	u			no-source;fallback
教職員工	u			no-source;fallback
教育制度	u			no-source;fallback
教育局	u			no-source;fallback
教育局長	u			no-source;fallback
教育廳長	u			no-source;fallback
教育改革	u			no-source;fallback
教育質量	u			no-source;fallback
教育部	u			no-source;fallback
教育部長	u			no-source;fallback
教育電視	u			no-source;fallback
敞	u			no-source;fallback
敢作敢為	u			no-source;fallback
敢作敢當	u			no-source;fallback
敢為人先	u			no-source;fallback
散	u			no-source;fallback
散文	u			no-source;fallback
散漫	u			no-source;fallback
散貨	u			no-source;fallback
敦煌石窟	u			no-source;fallback
敬業精神	u			no-source;fallback
敬而遠之	u			no-source;fallback
敬若神明	u			no-source;fallback
敬請	u			no-source;fallback
敬謝不敏	u			no-source;fallback
敲山震虎	u			no-source;fallback
敲敲打打	u			no-source;fallback
敲鑼打鼓	u			no-source;fallback
敲門	u			no-source;fallback
整	u			no-source;fallback
整個	u			no-source;fallback
整到	u			no-source;fallback
整天	u			no-source;fallback
整整	u			no-source;fallback
整治	u			no-source;fallback
整裝待發	u			no-source;fallback
整風運動	u			no-source;fallback
整體	u			no-source;fallback
整齊劃一	u			no-source;fallback
敵我矛盾	u			no-source;fallback
敵眾我寡	u			no-source;fallback
敷衍塞責	u			no-source;fallback
數九寒天	u			no-source;fallback
數位信號	u			no-source;fallback
數值分析	u			no-source;fallback
數字信號	u			no-source;fallback
數字時鐘	u			no-source;fallback
數字通信	u			no-source;fallback
數學物理	u			no-source;fallback
數據	u			no-source;fallback
數據介面	u			no-source;fallback
數據庫	u			no-source;fallback
數據接口	u			no-source;fallback
數據總線	u			no-source;fallback
數據通信	u			no-source;fallback
數理邏輯	u			no-source;fallback
數碼	u			no-source;fallback
數米而炊	u			no-source;fallback
數量分析	u			no-source;fallback
數額	u			no-source;fallback
文人相輕	u			no-source;fallback
文件大小	u			no-source;fallback
文件格式	u			no-source;fallback
文具	u			no-source;fallback
文具用品	u			no-source;fallback
文化交流	u			no-source;fallback
文化遺產	u			no-source;fallback
文如其人	u			no-source;fallback
文字學家	u			no-source;fallback
文字改革	u			no-source;fallback
文字處理	u			no-source;fallback
文學巨匠	u			no-source;fallback
文學評論	u			no-source;fallback
文學語言	u			no-source;fallback
文學運動	u			no-source;fallback
文山會海	u			no-source;fallback
文房四寶	u			no-source;fallback
文武全才	u			no-source;fallback
文武兼備	u			no-source;fallback
文武百官	u			no-source;fallback
文武雙全	u			no-source;fallback
文治武功	u			no-source;fallback
文科學生	u			no-source;fallback
文筆流暢	u			no-source;fallback
文藝作品	u			no-source;fallback
文藝批評	u			no-source;fallback
文藝活動	u			no-source;fallback
文藝演出	u			no-source;fallback
文藝語言	u			no-source;fallback
文豪	u			no-source;fallback
文質彬彬	u			no-source;fallback
文過飾非	u			no-source;fallback
文集	u			no-source;fallback
文革時期	u			no-source;fallback
文風不動	u			no-source;fallback
斌	u			no-source;fallback
斑竹	u			no-source;fallback
斑駁陸離	u			no-source;fallback
料	u			no-source;fallback
料到	u			no-source;fallback
斜路	u			no-source;fallback
斟	u			no-source;fallback
斤斤計較	u			no-source;fallback
斬	u			no-source;fallback
斬草除根	u			no-source;fallback
斬釘截鐵	u			no-source;fallback
斯	u			no-source;fallback
斯威士蘭	u			no-source;fallback
斯文	u			no-source;fallback
斯洛伐克	u			no-source;fallback
斯科普里	u			no-source;fallback
斯里蘭卡	u			no-source;fallback
新	u			no-source;fallback
新事物	u			no-source;fallback
新人	u			no-source;fallback
新人新事	u			no-source;fallback
新來乍到	u			no-source;fallback
新區	u			no-source;fallback
新型	u			no-source;fallback
新增	u			no-source;fallback
新婚燕爾	u			no-source;fallback
新年快樂	u			no-source;fallback
新式	u			no-source;fallback
新手	u			no-source;fallback
新抱	u			no-source;fallback
新新人類	u			no-source;fallback
新星	u			no-source;fallback
新潮	u			no-source;fallback
新生事物	u			no-source;fallback
新疆	u			no-source;fallback
新聞公報	u			no-source;fallback
新聞週刊	u			no-source;fallback
新華日報	u			no-source;fallback
新近	u			no-source;fallback
新郎	u			no-source;fallback
新鮮空氣	u			no-source;fallback
斷	u			no-source;fallback
斷井頹垣	u			no-source;fallback
斷壁殘垣	u			no-source;fallback
斷層	u			no-source;fallback
斷氣	u			no-source;fallback
斷線風箏	u			no-source;fallback
斷裂強度	u			no-source;fallback
斷電	u			no-source;fallback
方便麪	u			no-source;fallback
方向盤	u			no-source;fallback
方寸大亂	u			no-source;fallback
方寸已亂	u			no-source;fallback
方方面面	u			no-source;fallback
方興未艾	u			no-source;fallback
於事無補	u			no-source;fallback
於心不忍	u			no-source;fallback
於心何忍	u			no-source;fallback
施加	u			no-source;fallback
施展	u			no-source;fallback
施工	u			no-source;fallback
施政報告	u			no-source;fallback
施洗約翰	u			no-source;fallback
旁	u			no-source;fallback
旁人	u			no-source;fallback
旁系血親	u			no-source;fallback
旁證	u			no-source;fallback
旁遮普省	u			no-source;fallback
旁邊	u			no-source;fallback
旁門左道	u			no-source;fallback
旅	u			no-source;fallback
旅行裝備	u			no-source;fallback
旅進旅退	u			no-source;fallback
旅遊景點	u			no-source;fallback
旅遊集散	u			no-source;fallback
旅順口區	u			no-source;fallback
旋渦星雲	u			no-source;fallback
旋轉乾坤	u			no-source;fallback
旋轉餐廳	u			no-source;fallback
旋風	u			no-source;fallback
族	u			no-source;fallback
旗袍	u			no-source;fallback
旗開得勝	u			no-source;fallback
既	u			no-source;fallback
既成事實	u			no-source;fallback
既是	u			no-source;fallback
既有	u			no-source;fallback
既然	u			no-source;fallback
日上三竿	u			no-source;fallback
日久生情	u			no-source;fallback
日以繼夜	u			no-source;fallback
日光日白	u			no-source;fallback
日光浴室	u			no-source;fallback
日內	u			no-source;fallback
日前	u			no-source;fallback
日報	u			no-source;fallback
日夜兼程	u			no-source;fallback
日常	u			no-source;fallback
日常用品	u			no-source;fallback
日後	u			no-source;fallback
日復一日	u			no-source;fallback
日文	u			no-source;fallback
日新月異	u			no-source;fallback
日日	u			no-source;fallback
日日夜夜	u			no-source;fallback
日曬雨淋	u			no-source;fallback
日月如梭	u			no-source;fallback
日月星辰	u			no-source;fallback
日本	u			no-source;fallback
日用品	u			no-source;fallback
日耳曼人	u			no-source;fallback
日落西山	u			no-source;fallback
日薄西山	u			no-source;fallback
日行一善	u			no-source;fallback
日行千里	u			no-source;fallback
日趨嚴重	u			no-source;fallback
日頭	u			no-source;fallback
旨在	u			no-source;fallback
早	u			no-source;fallback
早出晚歸	u			no-source;fallback
早就	u			no-source;fallback
早已	u			no-source;fallback
早年	u			no-source;fallback
早生貴子	u			no-source;fallback
早知	u			no-source;fallback
早點	u			no-source;fallback
旭日	u			no-source;fallback
旱澇保收	u			no-source;fallback
旺	u			no-source;fallback
旺角	u			no-source;fallback
昂山素季	u			no-source;fallback
昂揚	u			no-source;fallback
昂貴	u			no-source;fallback
昂首挺胸	u			no-source;fallback
昆明	u			no-source;fallback
昇	u			no-source;fallback
明亮	u			no-source;fallback
明來暗往	u			no-source;fallback
明十三陵	u			no-source;fallback
明升暗降	u			no-source;fallback
明哲保身	u			no-source;fallback
明天	u			no-source;fallback
明媒正娶	u			no-source;fallback
明察	u			no-source;fallback
明察秋毫	u			no-source;fallback
明心見性	u			no-source;fallback
明文規定	u			no-source;fallback
明日	u			no-source;fallback
明早	u			no-source;fallback
明明	u			no-source;fallback
明明白白	u			no-source;fallback
明星	u			no-source;fallback
明晚	u			no-source;fallback
明月清風	u			no-source;fallback
明查暗訪	u			no-source;fallback
明槍易躲	u			no-source;fallback
明火執仗	u			no-source;fallback
明珠投暗	u			no-source;fallback
明知	u			no-source;fallback
明確	u			no-source;fallback
明示	u			no-source;fallback
明窗淨几	u			no-source;fallback
明細	u			no-source;fallback
明言	u			no-source;fallback
明說	u			no-source;fallback
明説	u			no-source;fallback
明豔照人	u			no-source;fallback
明辨	u			no-source;fallback
明辨是非	u			no-source;fallback
昏	u			no-source;fallback
昏昏欲睡	u			no-source;fallback
昏昏沉沉	u			no-source;fallback
昏迷不醒	u			no-source;fallback
昏頭轉向	u			no-source;fallback
易	u			no-source;fallback
易如反掌	u			no-source;fallback
易守難攻	u			no-source;fallback
星	u			no-source;fallback
星星點點	u			no-source;fallback
星火燎原	u			no-source;fallback
星球	u			no-source;fallback
星際	u			no-source;fallback
星際爭霸	u			no-source;fallback
映照	u			no-source;fallback
春心蕩漾	u			no-source;fallback
春意盎然	u			no-source;fallback
春秋	u			no-source;fallback
春秋大夢	u			no-source;fallback
春秋戰國	u			no-source;fallback
春秋時代	u			no-source;fallback
春秋時期	u			no-source;fallback
春秋繁露	u			no-source;fallback
春節	u			no-source;fallback
春花秋月	u			no-source;fallback
春華秋實	u			no-source;fallback
春風一度	u			no-source;fallback
春風化雨	u			no-source;fallback
昨天	u			no-source;fallback
昨晚	u			no-source;fallback
是不是	u			no-source;fallback
是以	u			no-source;fallback
是但	u			no-source;fallback
是否	u			no-source;fallback
是是非非	u			no-source;fallback
是非	u			no-source;fallback
是非不分	u			no-source;fallback
時	u			no-source;fallback
時不再來	u			no-source;fallback
時光	u			no-source;fallback
時光倒流	u			no-source;fallback
時光飛逝	u			no-source;fallback
時分	u			no-source;fallback
時刻準備	u			no-source;fallback
時大時小	u			no-source;fallback
時好時壞	u			no-source;fallback
時斷時續	u			no-source;fallback
時日無多	u			no-source;fallback
時時刻刻	u			no-source;fallback
時有所聞	u			no-source;fallback
時空	u			no-source;fallback
時而	u			no-source;fallback
時至今日	u			no-source;fallback
時運不濟	u			no-source;fallback
時過境遷	u			no-source;fallback
時隔不久	u			no-source;fallback
時隱時現	u			no-source;fallback
時髦	u			no-source;fallback
晃晃悠悠	u			no-source;fallback
晏	u			no-source;fallback
晏子春秋	u			no-source;fallback
晏晝	u			no-source;fallback
晚	u			no-source;fallback
晚報	u			no-source;fallback
晚婚晚育	u			no-source;fallback
晚晚	u			no-source;fallback
晚期癌症	u			no-source;fallback
晚節不保	u			no-source;fallback
晚裝	u			no-source;fallback
晚飯	u			no-source;fallback
晚餐	u			no-source;fallback
晚黑	u			no-source;fallback
晞	u			no-source;fallback
晦	u			no-source;fallback
晨	u			no-source;fallback
晨早	u			no-source;fallback
晨鐘暮鼓	u			no-source;fallback
普利策獎	u			no-source;fallback
普查	u			no-source;fallback
普賢菩薩	u			no-source;fallback
普通人	u			no-source;fallback
普通教育	u			no-source;fallback
普通話	u			no-source;fallback
普通郵票	u			no-source;fallback
普遍	u			no-source;fallback
普選	u			no-source;fallback
普魯卡因	u			no-source;fallback
景	u			no-source;fallback
景區	u			no-source;fallback
景點	u			no-source;fallback
晴	u			no-source;fallback
晴空萬裏	u			no-source;fallback
晶	u			no-source;fallback
晶瑩剔透	u			no-source;fallback
智	u			no-source;fallback
智勇雙全	u			no-source;fallback
智取	u			no-source;fallback
智慧	u			no-source;fallback
智能手機	u			no-source;fallback
智能設計	u			no-source;fallback
智能障礙	u			no-source;fallback
暈	u			no-source;fallback
暈頭暈腦	u			no-source;fallback
暈頭轉向	u			no-source;fallback
暑假	u			no-source;fallback
暗中	u			no-source;fallback
暗度陳倉	u			no-source;fallback
暗淡	u			no-source;fallback
暗渡陳倉	u			no-source;fallback
暗無天日	u			no-source;fallback
暗箭傷人	u			no-source;fallback
暗箱操作	u			no-source;fallback
暗自	u			no-source;fallback
暗香疏影	u			no-source;fallback
暢	u			no-source;fallback
暢所欲言	u			no-source;fallback
暢談	u			no-source;fallback
暢通	u			no-source;fallback
暢通無阻	u			no-source;fallback
暢順	u			no-source;fallback
暫且	u			no-source;fallback
暫時	u			no-source;fallback
暮	u			no-source;fallback
暮色蒼茫	u			no-source;fallback
暮鼓晨鐘	u			no-source;fallback
暴殄天物	u			no-source;fallback
暴虎馮河	u			no-source;fallback
暴露文學	u			no-source;fallback
暴露無遺	u			no-source;fallback
暴風驟雨	u			no-source;fallback
暴飲暴食	u			no-source;fallback
曇花一現	u			no-source;fallback
曖昧	u			no-source;fallback
曚	u			no-source;fallback
曦	u			no-source;fallback
曱	u			no-source;fallback
曲奇	u			no-source;fallback
曲徑通幽	u			no-source;fallback
曲折離奇	u			no-source;fallback
曲目	u			no-source;fallback
曲線擬合	u			no-source;fallback
曳	u			no-source;fallback
曳曳	u			no-source;fallback
更加	u			no-source;fallback
更勝一籌	u			no-source;fallback
更弦易轍	u			no-source;fallback
更新換代	u			no-source;fallback
更是	u			no-source;fallback
更衣	u			no-source;fallback
更高性能	u			no-source;fallback
書法	u			no-source;fallback
書生	u			no-source;fallback
書畫	u			no-source;fallback
書院	u			no-source;fallback
書面許可	u			no-source;fallback
書香門第	u			no-source;fallback
曹	u			no-source;fallback
曾	u			no-source;fallback
曾幾何時	u			no-source;fallback
曾經	u			no-source;fallback
曾經滄海	u			no-source;fallback
替代燃料	u			no-source;fallback
替罪羊	u			no-source;fallback
替補	u			no-source;fallback
替身	u			no-source;fallback
替身演員	u			no-source;fallback
最低	u			no-source;fallback
最低限度	u			no-source;fallback
最多	u			no-source;fallback
最大	u			no-source;fallback
最小二乘	u			no-source;fallback
最尾	u			no-source;fallback
最差	u			no-source;fallback
最後通牒	u			no-source;fallback
最愛	u			no-source;fallback
最新消息	u			no-source;fallback
最為	u			no-source;fallback
最爲	u			no-source;fallback
最終	u			no-source;fallback
最高	u			no-source;fallback
會厭軟骨	u			no-source;fallback
會同	u			no-source;fallback
會場	u			no-source;fallback
會展	u			no-source;fallback
會考	u			no-source;fallback
會計科目	u			no-source;fallback
會議展覽	u			no-source;fallback
月下老人	u			no-source;fallback
月光	u			no-source;fallback
月初	u			no-source;fallback
月圓花好	u			no-source;fallback
月底	u			no-source;fallback
月明星稀	u			no-source;fallback
月白風清	u			no-source;fallback
月黑風高	u			no-source;fallback
有事	u			no-source;fallback
有人	u			no-source;fallback
有仇必報	u			no-source;fallback
有份	u			no-source;fallback
有何不可	u			no-source;fallback
有何指教	u			no-source;fallback
有來有往	u			no-source;fallback
有備無患	u			no-source;fallback
有備而來	u			no-source;fallback
有傷風化	u			no-source;fallback
有償	u			no-source;fallback
有兩下子	u			no-source;fallback
有利	u			no-source;fallback
有則改之	u			no-source;fallback
有力	u			no-source;fallback
有助	u			no-source;fallback
有勇有謀	u			no-source;fallback
有勇無謀	u			no-source;fallback
有口皆碑	u			no-source;fallback
有史以來	u			no-source;fallback
有名有姓	u			no-source;fallback
有問題	u			no-source;fallback
有嘢	u			no-source;fallback
有嘴無心	u			no-source;fallback
有型	u			no-source;fallback
有增無減	u			no-source;fallback
有失	u			no-source;fallback
有失身份	u			no-source;fallback
有失遠迎	u			no-source;fallback
有失體統	u			no-source;fallback
有始有終	u			no-source;fallback
有始無終	u			no-source;fallback
有害	u			no-source;fallback
有容乃大	u			no-source;fallback
有幸	u			no-source;fallback
有序	u			no-source;fallback
有形損耗	u			no-source;fallback
有心	u			no-source;fallback
有心人	u			no-source;fallback
有心無力	u			no-source;fallback
有志竟成	u			no-source;fallback
有性雜交	u			no-source;fallback
有恃無恐	u			no-source;fallback
有情	u			no-source;fallback
有意	u			no-source;fallback
有意思	u			no-source;fallback
有意無意	u			no-source;fallback
有感而發	u			no-source;fallback
有愧	u			no-source;fallback
有成	u			no-source;fallback
有所	u			no-source;fallback
有所不同	u			no-source;fallback
有所不知	u			no-source;fallback
有手有腳	u			no-source;fallback
有排	u			no-source;fallback
有損壓縮	u			no-source;fallback
有效射程	u			no-source;fallback
有效數字	u			no-source;fallback
有效期	u			no-source;fallback
有教無類	u			no-source;fallback
有數	u			no-source;fallback
有時	u			no-source;fallback
有時候	u			no-source;fallback
有朝一日	u			no-source;fallback
有期徒刑	u			no-source;fallback
有根有據	u			no-source;fallback
有條有理	u			no-source;fallback
有機	u			no-source;fallback
有機化學	u			no-source;fallback
有機合成	u			no-source;fallback
有機玻璃	u			no-source;fallback
有機結合	u			no-source;fallback
有權有勢	u			no-source;fallback
有氣無力	u			no-source;fallback
有氧運動	u			no-source;fallback
有求於人	u			no-source;fallback
有沒有	u			no-source;fallback
有理函數	u			no-source;fallback
有生以來	u			no-source;fallback
有的是	u			no-source;fallback
有目共賞	u			no-source;fallback
有眼無珠	u			no-source;fallback
有着	u			no-source;fallback
有礙觀瞻	u			no-source;fallback
有禮	u			no-source;fallback
有種	u			no-source;fallback
有空	u			no-source;fallback
有線廣播	u			no-source;fallback
有線通信	u			no-source;fallback
有耐心	u			no-source;fallback
有聲	u			no-source;fallback
有聲書	u			no-source;fallback
有聲讀物	u			no-source;fallback
有色人種	u			no-source;fallback
有色眼鏡	u			no-source;fallback
有血有肉	u			no-source;fallback
有言在先	u			no-source;fallback
有講有笑	u			no-source;fallback
有趣	u			no-source;fallback
有進取心	u			no-source;fallback
有錢	u			no-source;fallback
有錢有勢	u			no-source;fallback
有錢有閒	u			no-source;fallback
有鑑於此	u			no-source;fallback
有鑒於此	u			no-source;fallback
有關各方	u			no-source;fallback
有關方面	u			no-source;fallback
有限	u			no-source;fallback
有限元法	u			no-source;fallback
有限單元	u			no-source;fallback
有頭有臉	u			no-source;fallback
有頭無尾	u			no-source;fallback
有餘	u			no-source;fallback
有驚無險	u			no-source;fallback
有點	u			no-source;fallback
朋比為奸	u			no-source;fallback
服	u			no-source;fallback
服務器	u			no-source;fallback
服務業	u			no-source;fallback
服務質量	u			no-source;fallback
朗	u			no-source;fallback
朗朗	u			no-source;fallback
朗朗上口	u			no-source;fallback
望其項背	u			no-source;fallback
望塵莫及	u			no-source;fallback
望女成鳳	u			no-source;fallback
望子成龍	u			no-source;fallback
望文生義	u			no-source;fallback
望梅止渴	u			no-source;fallback
望洋興嘆	u			no-source;fallback
望穿秋水	u			no-source;fallback
望而卻步	u			no-source;fallback
望而興嘆	u			no-source;fallback
望聞問切	u			no-source;fallback
望風捕影	u			no-source;fallback
望風而逃	u			no-source;fallback
朝三暮四	u			no-source;fallback
朝九晚五	u			no-source;fallback
朝夕相處	u			no-source;fallback
朝思暮想	u			no-source;fallback
朝早	u			no-source;fallback
朝朝暮暮	u			no-source;fallback
朝氣蓬勃	u			no-source;fallback
朝陽產業	u			no-source;fallback
朝頭早	u			no-source;fallback
期期艾艾	u			no-source;fallback
期末	u			no-source;fallback
期末考試	u			no-source;fallback
木口木面	u			no-source;fallback
木屋	u			no-source;fallback
木已成舟	u			no-source;fallback
木然	u			no-source;fallback
木牛流馬	u			no-source;fallback
木管樂器	u			no-source;fallback
木訥	u			no-source;fallback
木馬病毒	u			no-source;fallback
未刪節版	u			no-source;fallback
未卜先知	u			no-source;fallback
未嘗不可	u			no-source;fallback
未夠	u			no-source;fallback
未完待續	u			no-source;fallback
未定	u			no-source;fallback
未成年	u			no-source;fallback
未成年人	u			no-source;fallback
未曾	u			no-source;fallback
未有	u			no-source;fallback
未知	u			no-source;fallback
未竟	u			no-source;fallback
未置可否	u			no-source;fallback
未能免俗	u			no-source;fallback
未雨綢繆	u			no-source;fallback
末	u			no-source;fallback
末日	u			no-source;fallback
末梢神經	u			no-source;fallback
末流	u			no-source;fallback
本事	u			no-source;fallback
本人	u			no-source;fallback
本分	u			no-source;fallback
本固枝榮	u			no-source;fallback
本地	u			no-source;fallback
本地人	u			no-source;fallback
本性難移	u			no-source;fallback
本期	u			no-source;fallback
本本	u			no-source;fallback
本着	u			no-source;fallback
本科	u			no-source;fallback
本色	u			no-source;fallback
本身	u			no-source;fallback
本部	u			no-source;fallback
本鄉本土	u			no-source;fallback
朵	u			no-source;fallback
朽木糞土	u			no-source;fallback
杏仁豆腐	u			no-source;fallback
村裏	u			no-source;fallback
杖	u			no-source;fallback
杖頭木偶	u			no-source;fallback
杜撰	u			no-source;fallback
杜絕	u			no-source;fallback
杜莎夫人	u			no-source;fallback
杜鵑啼血	u			no-source;fallback
杞	u			no-source;fallback
束手就擒	u			no-source;fallback
束手束腳	u			no-source;fallback
束手無策	u			no-source;fallback
杯弓蛇影	u			no-source;fallback
杯水車薪	u			no-source;fallback
東京	u			no-source;fallback
東南西北	u			no-source;fallback
東坡肘子	u			no-source;fallback
東奔西走	u			no-source;fallback
東奔西跑	u			no-source;fallback
東拼西湊	u			no-source;fallback
東方文明	u			no-source;fallback
東施效顰	u			no-source;fallback
東海	u			no-source;fallback
東西南北	u			no-source;fallback
東部	u			no-source;fallback
東郭先生	u			no-source;fallback
杳無人煙	u			no-source;fallback
杳無人跡	u			no-source;fallback
杳無音訊	u			no-source;fallback
板上釘釘	u			no-source;fallback
板塊	u			no-source;fallback
板塊構造	u			no-source;fallback
枉	u			no-source;fallback
枉費心機	u			no-source;fallback
枕	u			no-source;fallback
林	u			no-source;fallback
林林總總	u			no-source;fallback
果不其然	u			no-source;fallback
果實累累	u			no-source;fallback
果斷	u			no-source;fallback
果然	u			no-source;fallback
枝節	u			no-source;fallback
枯燥	u			no-source;fallback
枯燥乏味	u			no-source;fallback
枯燥無味	u			no-source;fallback
枯草桿菌	u			no-source;fallback
某	u			no-source;fallback
某些	u			no-source;fallback
柒	u			no-source;fallback
柒頭	u			no-source;fallback
柔	u			no-source;fallback
柔軟	u			no-source;fallback
柔順	u			no-source;fallback
查	u			no-source;fallback
查收	u			no-source;fallback
查處	u			no-source;fallback
柯南	u			no-source;fallback
柳暗花明	u			no-source;fallback
柴米油鹽	u			no-source;fallback
校	u			no-source;fallback
校園	u			no-source;fallback
校服	u			no-source;fallback
校車	u			no-source;fallback
校長	u			no-source;fallback
核子武器	u			no-source;fallback
核工業部	u			no-source;fallback
核心人物	u			no-source;fallback
核心價值	u			no-source;fallback
核突	u			no-source;fallback
根治	u			no-source;fallback
格	u			no-source;fallback
格林威治	u			no-source;fallback
格林納達	u			no-source;fallback
格格不入	u			no-source;fallback
格殺勿論	u			no-source;fallback
格蘭芬多	u			no-source;fallback
格里高利	u			no-source;fallback
格魯吉亞	u			no-source;fallback
桀驁不馴	u			no-source;fallback
桃園結義	u			no-source;fallback
桃子	u			no-source;fallback
桃李滿門	u			no-source;fallback
桃紅柳綠	u			no-source;fallback
桃色新聞	u			no-source;fallback
桃花	u			no-source;fallback
框	u			no-source;fallback
案頭工作	u			no-source;fallback
桌椅板凳	u			no-source;fallback
梅開二度	u			no-source;fallback
梗	u			no-source;fallback
梗係	u			no-source;fallback
條件刺激	u			no-source;fallback
條分縷析	u			no-source;fallback
條友	u			no-source;fallback
條女	u			no-source;fallback
條條框框	u			no-source;fallback
梯	u			no-source;fallback
梳	u			no-source;fallback
梳化	u			no-source;fallback
梳洗	u			no-source;fallback
梳理	u			no-source;fallback
棄	u			no-source;fallback
棄惡從善	u			no-source;fallback
棄舊圖新	u			no-source;fallback
棄邪歸正	u			no-source;fallback
棉紡織業	u			no-source;fallback
棉花	u			no-source;fallback
棋逢敵手	u			no-source;fallback
棋高一着	u			no-source;fallback
棘手	u			no-source;fallback
棟	u			no-source;fallback
森羅萬象	u			no-source;fallback
棵	u			no-source;fallback
椅	u			no-source;fallback
植保	u			no-source;fallback
植入	u			no-source;fallback
植物保護	u			no-source;fallback
植物纖維	u			no-source;fallback
楂	u			no-source;fallback
楔形文字	u			no-source;fallback
楚	u			no-source;fallback
楚楚	u			no-source;fallback
楚楚動人	u			no-source;fallback
楚河漢界	u			no-source;fallback
楚漢戰爭	u			no-source;fallback
楚漢相爭	u			no-source;fallback
業	u			no-source;fallback
業務員	u			no-source;fallback
業界標準	u			no-source;fallback
業精於勤	u			no-source;fallback
業餘	u			no-source;fallback
極之	u			no-source;fallback
極其	u			no-source;fallback
極力	u			no-source;fallback
極少數	u			no-source;fallback
極爲	u			no-source;fallback
極限運動	u			no-source;fallback
概莫能外	u			no-source;fallback
榮宗耀祖	u			no-source;fallback
榮歸故里	u			no-source;fallback
榮獲	u			no-source;fallback
榮華富貴	u			no-source;fallback
榮譽獎章	u			no-source;fallback
榮辱與共	u			no-source;fallback
構建	u			no-source;fallback
構造運動	u			no-source;fallback
槍林彈雨	u			no-source;fallback
槍決	u			no-source;fallback
槍聲	u			no-source;fallback
樂	u			no-source;fallback
樂在其中	u			no-source;fallback
樂府詩集	u			no-source;fallback
樂意	u			no-source;fallback
樂於助人	u			no-source;fallback
樂極生悲	u			no-source;fallback
樂觀其成	u			no-source;fallback
樑上君子	u			no-source;fallback
標	u			no-source;fallback
標新立異	u			no-source;fallback
標準尺寸	u			no-source;fallback
標準狀態	u			no-source;fallback
標準規格	u			no-source;fallback
標題新聞	u			no-source;fallback
標題音樂	u			no-source;fallback
模式標本	u			no-source;fallback
模擬信號	u			no-source;fallback
模擬器	u			no-source;fallback
模擬考試	u			no-source;fallback
模糊邏輯	u			no-source;fallback
樣	u			no-source;fallback
樣衰	u			no-source;fallback
樣貌	u			no-source;fallback
樸實	u			no-source;fallback
樸素	u			no-source;fallback
樹上開花	u			no-source;fallback
樹大根深	u			no-source;fallback
樹木	u			no-source;fallback
樹林	u			no-source;fallback
樹葉	u			no-source;fallback
樽	u			no-source;fallback
橙汁	u			no-source;fallback
機	u			no-source;fallback
機不可失	u			no-source;fallback
機動車輛	u			no-source;fallback
機器翻譯	u			no-source;fallback
機子	u			no-source;fallback
機工	u			no-source;fallback
機械工人	u			no-source;fallback
機械運動	u			no-source;fallback
機理	u			no-source;fallback
機緣巧合	u			no-source;fallback
機關刊物	u			no-source;fallback
機關算盡	u			no-source;fallback
機靈	u			no-source;fallback
橡皮圖章	u			no-source;fallback
橢圓曲線	u			no-source;fallback
橫	u			no-source;fallback
橫刀奪愛	u			no-source;fallback
橫加指責	u			no-source;fallback
橫幅標語	u			no-source;fallback
橫斷山脈	u			no-source;fallback
橫眉怒目	u			no-source;fallback
橫空出世	u			no-source;fallback
橫説豎説	u			no-source;fallback
橫躺豎卧	u			no-source;fallback
檢測	u			no-source;fallback
櫃桶	u			no-source;fallback
櫛風沐雨	u			no-source;fallback
欄目	u			no-source;fallback
權利法案	u			no-source;fallback
權利聲明	u			no-source;fallback
權利能力	u			no-source;fallback
權利要求	u			no-source;fallback
權慾薰心	u			no-source;fallback
權衡利弊	u			no-source;fallback
權貴	u			no-source;fallback
欠缺	u			no-source;fallback
次次	u			no-source;fallback
次生災害	u			no-source;fallback
次級貸款	u			no-source;fallback
次要	u			no-source;fallback
欣	u			no-source;fallback
欣喜若狂	u			no-source;fallback
欣慰	u			no-source;fallback
欣欣向榮	u			no-source;fallback
欣然	u			no-source;fallback
欲	u			no-source;fallback
欲哭無淚	u			no-source;fallback
欲振乏力	u			no-source;fallback
欲罷不能	u			no-source;fallback
欲蓋彌彰	u			no-source;fallback
欲購從速	u			no-source;fallback
欺上瞞下	u			no-source;fallback
欺世惑眾	u			no-source;fallback
欺世盜名	u			no-source;fallback
欺人太甚	u			no-source;fallback
欺善怕惡	u			no-source;fallback
欺軟怕硬	u			no-source;fallback
款	u			no-source;fallback
歌	u			no-source;fallback
歌舞昇平	u			no-source;fallback
歌詞	u			no-source;fallback
歐姆定律	u			no-source;fallback
歐陽	u			no-source;fallback
歡呼雀躍	u			no-source;fallback
歡喜冤家	u			no-source;fallback
歡欣鼓舞	u			no-source;fallback
歡笑	u			no-source;fallback
歡聲笑語	u			no-source;fallback
歡聲雷動	u			no-source;fallback
歡迎光臨	u			no-source;fallback
止咳水	u			no-source;fallback
止咳糖漿	u			no-source;fallback
止步	u			no-source;fallback
止跌回升	u			no-source;fallback
止跌回穩	u			no-source;fallback
正	u			no-source;fallback
正中	u			no-source;fallback
正中下懷	u			no-source;fallback
正中要害	u			no-source;fallback
正人君子	u			no-source;fallback
正六邊形	u			no-source;fallback
正反兩面	u			no-source;fallback
正合我意	u			no-source;fallback
正因	u			no-source;fallback
正在	u			no-source;fallback
正如	u			no-source;fallback
正常	u			no-source;fallback
正式	u			no-source;fallback
正態分佈	u			no-source;fallback
正所謂	u			no-source;fallback
正是	u			no-source;fallback
正是如此	u			no-source;fallback
正月初一	u			no-source;fallback
正月初三	u			no-source;fallback
正月初二	u			no-source;fallback
正正	u			no-source;fallback
正正經經	u			no-source;fallback
正氣	u			no-source;fallback
正氣凜然	u			no-source;fallback
正派	u			no-source;fallback
正當防衞	u			no-source;fallback
正確	u			no-source;fallback
正確路線	u			no-source;fallback
正統	u			no-source;fallback
正經	u			no-source;fallback
正經八百	u			no-source;fallback
正色	u			no-source;fallback
正視	u			no-source;fallback
正話	u			no-source;fallback
正路	u			no-source;fallback
正道	u			no-source;fallback
正選	u			no-source;fallback
正鑲白旗	u			no-source;fallback
正面	u			no-source;fallback
正題	u			no-source;fallback
此刻	u			no-source;fallback
此前	u			no-source;fallback
此外	u			no-source;fallback
此後	u			no-source;fallback
此時	u			no-source;fallback
此處	u			no-source;fallback
此起彼伏	u			no-source;fallback
此起彼落	u			no-source;fallback
此路不通	u			no-source;fallback
步	u			no-source;fallback
步伐	u			no-source;fallback
步入	u			no-source;fallback
步步高昇	u			no-source;fallback
步調一致	u			no-source;fallback
步進馬達	u			no-source;fallback
武俠小説	u			no-source;fallback
武力	u			no-source;fallback
武漢	u			no-source;fallback
武王伐紂	u			no-source;fallback
武藝高強	u			no-source;fallback
武術	u			no-source;fallback
武術指導	u			no-source;fallback
武術比賽	u			no-source;fallback
武裝力量	u			no-source;fallback
武裝警察	u			no-source;fallback
武裝部隊	u			no-source;fallback
武裝鬥爭	u			no-source;fallback
武警	u			no-source;fallback
武警戰士	u			no-source;fallback
歪七扭八	u			no-source;fallback
歪曲事實	u			no-source;fallback
歲數	u			no-source;fallback
歲月	u			no-source;fallback
歲月如流	u			no-source;fallback
歲歲平安	u			no-source;fallback
歷久不衰	u			no-source;fallback
歷久常新	u			no-source;fallback
歷久彌堅	u			no-source;fallback
歷久彌新	u			no-source;fallback
歷史久遠	u			no-source;fallback
歷史沿革	u			no-source;fallback
歷史版本	u			no-source;fallback
歷史遺產	u			no-source;fallback
歷史遺跡	u			no-source;fallback
歷歷在目	u			no-source;fallback
歷盡滄桑	u			no-source;fallback
歷盡艱辛	u			no-source;fallback
歷盡艱難	u			no-source;fallback
歷經滄桑	u			no-source;fallback
歸根到底	u			no-source;fallback
歸根究底	u			no-source;fallback
歸根結底	u			no-source;fallback
歸根結蒂	u			no-source;fallback
歸真返璞	u			no-source;fallback
歸納推理	u			no-source;fallback
歸納法	u			no-source;fallback
死不瞑目	u			no-source;fallback
死不要臉	u			no-source;fallback
死不足惜	u			no-source;fallback
死乞白賴	u			no-source;fallback
死人	u			no-source;fallback
死仔	u			no-source;fallback
死到臨頭	u			no-source;fallback
死後	u			no-source;fallback
死心	u			no-source;fallback
死敵	u			no-source;fallback
死於安樂	u			no-source;fallback
死於非命	u			no-source;fallback
死板	u			no-source;fallback
死氣沉沉	u			no-source;fallback
死氣白賴	u			no-source;fallback
死無對證	u			no-source;fallback
死者	u			no-source;fallback
死而不僵	u			no-source;fallback
死而復活	u			no-source;fallback
死而復生	u			no-source;fallback
死而無悔	u			no-source;fallback
死而無憾	u			no-source;fallback
死裏逃生	u			no-source;fallback
死路一條	u			no-source;fallback
死黨	u			no-source;fallback
殃及池魚	u			no-source;fallback
殃及無辜	u			no-source;fallback
殘	u			no-source;fallback
殘垣斷壁	u			no-source;fallback
殘留	u			no-source;fallback
殘疾人	u			no-source;fallback
殘破	u			no-source;fallback
殘缺不全	u			no-source;fallback
殘花敗柳	u			no-source;fallback
殘酷無情	u			no-source;fallback
殫精竭慮	u			no-source;fallback
殭屍	u			no-source;fallback
殺一儆百	u			no-source;fallback
殺人放火	u			no-source;fallback
殺人案件	u			no-source;fallback
殺人滅口	u			no-source;fallback
殺傷力	u			no-source;fallback
殺出重圍	u			no-source;fallback
殺富濟貧	u			no-source;fallback
殺毒	u			no-source;fallback
殺毒軟件	u			no-source;fallback
殺氣	u			no-source;fallback
殺雞儆猴	u			no-source;fallback
殺雞嚇猴	u			no-source;fallback
殿後	u			no-source;fallback
毀屍滅跡	u			no-source;fallback
毀譽	u			no-source;fallback
毀譽參半	u			no-source;fallback
毆打	u			no-source;fallback
毋庸置疑	u			no-source;fallback
母乳餵養	u			no-source;fallback
每人	u			no-source;fallback
每日	u			no-source;fallback
每晚	u			no-source;fallback
每次	u			no-source;fallback
每況愈下	u			no-source;fallback
每當	u			no-source;fallback
每週一次	u			no-source;fallback
毒	u			no-source;fallback
比利時	u			no-source;fallback
比喻	u			no-source;fallback
比如	u			no-source;fallback
比如說	u			no-source;fallback
比如説	u			no-source;fallback
比比皆是	u			no-source;fallback
比翼雙飛	u			no-source;fallback
比翼齊飛	u			no-source;fallback
比較價格	u			no-source;fallback
比較分析	u			no-source;fallback
比較而言	u			no-source;fallback
比重	u			no-source;fallback
毛	u			no-source;fallback
毛公仔	u			no-source;fallback
毛手毛腳	u			no-source;fallback
毛毛雨	u			no-source;fallback
毛細血管	u			no-source;fallback
毛絨玩具	u			no-source;fallback
毫不懷疑	u			no-source;fallback
毫子	u			no-source;fallback
毫無	u			no-source;fallback
毫無保留	u			no-source;fallback
毫無價值	u			no-source;fallback
毫無效果	u			no-source;fallback
毫無用處	u			no-source;fallback
毫無疑問	u			no-source;fallback
毫無辦法	u			no-source;fallback
毫無道理	u			no-source;fallback
毫無顧忌	u			no-source;fallback
毫髮無傷	u			no-source;fallback
毫髮無損	u			no-source;fallback
民主	u			no-source;fallback
民主生活	u			no-source;fallback
民主監督	u			no-source;fallback
民主黨派	u			no-source;fallback
民事權利	u			no-source;fallback
民事訴訟	u			no-source;fallback
民工	u			no-source;fallback
民心所向	u			no-source;fallback
民怨沸騰	u			no-source;fallback
民族平等	u			no-source;fallback
民族形式	u			no-source;fallback
民族自決	u			no-source;fallback
民族舞蹈	u			no-source;fallback
民族英雄	u			no-source;fallback
民族資本	u			no-source;fallback
民族運動	u			no-source;fallback
民眾	u			no-source;fallback
民脂民膏	u			no-source;fallback
民航	u			no-source;fallback
民衆	u			no-source;fallback
民調	u			no-source;fallback
民警	u			no-source;fallback
民間習俗	u			no-source;fallback
民間舞蹈	u			no-source;fallback
氣候暖化	u			no-source;fallback
氣力	u			no-source;fallback
氣動控制	u			no-source;fallback
氣動葫蘆	u			no-source;fallback
氣勢	u			no-source;fallback
氣勢不凡	u			no-source;fallback
氣勢如虹	u			no-source;fallback
氣勢磅礴	u			no-source;fallback
氣喘如牛	u			no-source;fallback
氣宇軒昂	u			no-source;fallback
氣定神閒	u			no-source;fallback
氣度不凡	u			no-source;fallback
氣息	u			no-source;fallback
氣息奄奄	u			no-source;fallback
氣數已盡	u			no-source;fallback
氣焰囂張	u			no-source;fallback
氣衝霄漢	u			no-source;fallback
氣象報告	u			no-source;fallback
氣象學家	u			no-source;fallback
氣象衞星	u			no-source;fallback
氣象預報	u			no-source;fallback
氣質	u			no-source;fallback
氣餒	u			no-source;fallback
氣體燃料	u			no-source;fallback
氫氧化物	u			no-source;fallback
水上人家	u			no-source;fallback
水上摩托	u			no-source;fallback
水上芭蕾	u			no-source;fallback
水上電單車	u			no-source;fallback
水中	u			no-source;fallback
水乳交融	u			no-source;fallback
水利	u			no-source;fallback
水利樞紐	u			no-source;fallback
水到渠成	u			no-source;fallback
水力發電	u			no-source;fallback
水力資源	u			no-source;fallback
水喉	u			no-source;fallback
水土不服	u			no-source;fallback
水土保持	u			no-source;fallback
水天一色	u			no-source;fallback
水平線	u			no-source;fallback
水族館	u			no-source;fallback
水木清華	u			no-source;fallback
水汪汪	u			no-source;fallback
水泡	u			no-source;fallback
水深火熱	u			no-source;fallback
水滸全傳	u			no-source;fallback
水滸後傳	u			no-source;fallback
水火不容	u			no-source;fallback
水火無情	u			no-source;fallback
水生動物	u			no-source;fallback
水稻	u			no-source;fallback
水米無交	u			no-source;fallback
水花四濺	u			no-source;fallback
水路運輸	u			no-source;fallback
水運	u			no-source;fallback
水陸兩棲	u			no-source;fallback
水面	u			no-source;fallback
永不	u			no-source;fallback
永久和平	u			no-source;fallback
永久磁鐵	u			no-source;fallback
永別	u			no-source;fallback
永垂不朽	u			no-source;fallback
永浴愛河	u			no-source;fallback
永無休止	u			no-source;fallback
永無寧日	u			no-source;fallback
永無止境	u			no-source;fallback
永生永世	u			no-source;fallback
永結同心	u			no-source;fallback
永續發展	u			no-source;fallback
永誌不忘	u			no-source;fallback
氹	u			no-source;fallback
求其	u			no-source;fallback
求同存異	u			no-source;fallback
求情	u			no-source;fallback
求才若渴	u			no-source;fallback
求救	u			no-source;fallback
求救信號	u			no-source;fallback
求求其其	u			no-source;fallback
求生	u			no-source;fallback
求田問舍	u			no-source;fallback
求神拜佛	u			no-source;fallback
求證	u			no-source;fallback
求賢若渴	u			no-source;fallback
求饒	u			no-source;fallback
汕頭	u			no-source;fallback
汗如雨下	u			no-source;fallback
汗牛充棟	u			no-source;fallback
江南	u			no-source;fallback
江河湖海	u			no-source;fallback
江洋大盜	u			no-source;fallback
江湖	u			no-source;fallback
江湖術士	u			no-source;fallback
江湖騙子	u			no-source;fallback
江蘇	u			no-source;fallback
江西	u			no-source;fallback
江郎才盡	u			no-source;fallback
池	u			no-source;fallback
污水處理	u			no-source;fallback
污濁	u			no-source;fallback
污糟	u			no-source;fallback
汪	u			no-source;fallback
汪洋大海	u			no-source;fallback
汲取教訓	u			no-source;fallback
決勝千里	u			no-source;fallback
決斷	u			no-source;fallback
決賽	u			no-source;fallback
沈	u			no-source;fallback
沉冤得雪	u			no-source;fallback
沉寂	u			no-source;fallback
沉悶	u			no-source;fallback
沉淪	u			no-source;fallback
沉着	u			no-source;fallback
沉穩	u			no-source;fallback
沉船	u			no-source;fallback
沉船事故	u			no-source;fallback
沉默是金	u			no-source;fallback
沒事兒	u			no-source;fallback
沒什麼	u			no-source;fallback
沒大沒小	u			no-source;fallback
沒完沒了	u			no-source;fallback
沒心沒肺	u			no-source;fallback
沒意思	u			no-source;fallback
沒日沒夜	u			no-source;fallback
沒有品味	u			no-source;fallback
沒有差別	u			no-source;fallback
沒有形狀	u			no-source;fallback
沒法	u			no-source;fallback
沒用	u			no-source;fallback
沒精打採	u			no-source;fallback
沒落	u			no-source;fallback
沒錯	u			no-source;fallback
沒關係	u			no-source;fallback
沖	u			no-source;fallback
沖涼	u			no-source;fallback
沙律	u			no-source;fallback
沙沙	u			no-source;fallback
沙灘	u			no-source;fallback
沙灘排球	u			no-source;fallback
沙田	u			no-source;fallback
河北	u			no-source;fallback
河北日報	u			no-source;fallback
河南	u			no-source;fallback
河東獅吼	u			no-source;fallback
油價	u			no-source;fallback
油料作物	u			no-source;fallback
油煎火燎	u			no-source;fallback
油田	u			no-source;fallback
油盡燈枯	u			no-source;fallback
油耗	u			no-source;fallback
油膩	u			no-source;fallback
油鹽醬醋	u			no-source;fallback
治外法權	u			no-source;fallback
治本	u			no-source;fallback
治病	u			no-source;fallback
治病救人	u			no-source;fallback
沼澤地帶	u			no-source;fallback
沾不上邊	u			no-source;fallback
沾花惹草	u			no-source;fallback
沿	u			no-source;fallback
沿路	u			no-source;fallback
沿途	u			no-source;fallback
況且	u			no-source;fallback
泄露天機	u			no-source;fallback
泉州	u			no-source;fallback
法例	u			no-source;fallback
法利賽人	u			no-source;fallback
法力	u			no-source;fallback
法國	u			no-source;fallback
法定人數	u			no-source;fallback
法師	u			no-source;fallback
法律	u			no-source;fallback
法律效力	u			no-source;fallback
法律責任	u			no-source;fallback
法文	u			no-source;fallback
法網難逃	u			no-source;fallback
法蘭克福	u			no-source;fallback
泡沫塑料	u			no-source;fallback
泡泡	u			no-source;fallback
波多黎各	u			no-source;fallback
波折	u			no-source;fallback
波波	u			no-source;fallback
波瀾起伏	u			no-source;fallback
波羅的海	u			no-source;fallback
波西米亞	u			no-source;fallback
波譎雲詭	u			no-source;fallback
波鞋	u			no-source;fallback
泣不成聲	u			no-source;fallback
泥膠	u			no-source;fallback
泰山壓頂	u			no-source;fallback
泰山鴻毛	u			no-source;fallback
泰晤士河	u			no-source;fallback
泰然	u			no-source;fallback
泰然自得	u			no-source;fallback
泰米爾語	u			no-source;fallback
泱泱大國	u			no-source;fallback
泳	u			no-source;fallback
泳池	u			no-source;fallback
泳衣	u			no-source;fallback
洋洋自得	u			no-source;fallback
洋為中用	u			no-source;fallback
洗劫一空	u			no-source;fallback
洗心革面	u			no-source;fallback
洗手	u			no-source;fallback
洗手不幹	u			no-source;fallback
洗手間	u			no-source;fallback
洗耳恭聽	u			no-source;fallback
洗衣機	u			no-source;fallback
洗頭	u			no-source;fallback
洗頭水	u			no-source;fallback
洗髮露	u			no-source;fallback
洛杉磯	u			no-source;fallback
洛陽	u			no-source;fallback
洛陽紙貴	u			no-source;fallback
洞天福地	u			no-source;fallback
洞察一切	u			no-source;fallback
洞房花燭	u			no-source;fallback
洞若觀火	u			no-source;fallback
津巴布韋	u			no-source;fallback
洩氣	u			no-source;fallback
洩露	u			no-source;fallback
洩露天機	u			no-source;fallback
洪亮	u			no-source;fallback
洪水猛獸	u			no-source;fallback
洪都拉斯	u			no-source;fallback
洲	u			no-source;fallback
洲際導彈	u			no-source;fallback
活力充沛	u			no-source;fallback
活力四射	u			no-source;fallback
活動看板	u			no-source;fallback
活字印刷	u			no-source;fallback
活學活用	u			no-source;fallback
活期儲蓄	u			no-source;fallback
活版印刷	u			no-source;fallback
活血止痛	u			no-source;fallback
活蹦亂跳	u			no-source;fallback
活靈活現	u			no-source;fallback
活龍活現	u			no-source;fallback
派出所	u			no-source;fallback
派對	u			no-source;fallback
流光溢彩	u			no-source;fallback
流利	u			no-source;fallback
流動資金	u			no-source;fallback
流年不利	u			no-source;fallback
流於形式	u			no-source;fallback
流星趕月	u			no-source;fallback
流氓	u			no-source;fallback
流水不腐	u			no-source;fallback
流水作業	u			no-source;fallback
流水無情	u			no-source;fallback
流眼淚	u			no-source;fallback
流程	u			no-source;fallback
流行病學	u			no-source;fallback
流裏流氣	u			no-source;fallback
流連忘返	u			no-source;fallback
流露	u			no-source;fallback
浙江	u			no-source;fallback
浩	u			no-source;fallback
浩氣長存	u			no-source;fallback
浩浩蕩蕩	u			no-source;fallback
浩然正氣	u			no-source;fallback
浪子回頭	u			no-source;fallback
浪得虛名	u			no-source;fallback
浪漫	u			no-source;fallback
浪潮	u			no-source;fallback
浪跡天涯	u			no-source;fallback
浮	u			no-source;fallback
浮光掠影	u			no-source;fallback
浮動匯率	u			no-source;fallback
浮想聯翩	u			no-source;fallback
海	u			no-source;fallback
海上運動	u			no-source;fallback
海內外	u			no-source;fallback
海南雞飯	u			no-source;fallback
海口	u			no-source;fallback
海域	u			no-source;fallback
海外	u			no-source;fallback
海外僑胞	u			no-source;fallback
海峽兩岸	u			no-source;fallback
海市蜃樓	u			no-source;fallback
海枯石爛	u			no-source;fallback
海水浴場	u			no-source;fallback
海水養殖	u			no-source;fallback
海洋館	u			no-source;fallback
海納百川	u			no-source;fallback
海角天涯	u			no-source;fallback
海誓山盟	u			no-source;fallback
海軍基地	u			no-source;fallback
海邊	u			no-source;fallback
海闊天空	u			no-source;fallback
海關官員	u			no-source;fallback
涇渭分明	u			no-source;fallback
消化器官	u			no-source;fallback
消極	u			no-source;fallback
消極影響	u			no-source;fallback
消極性	u			no-source;fallback
消毒	u			no-source;fallback
消毒藥水	u			no-source;fallback
消氣	u			no-source;fallback
消聲匿跡	u			no-source;fallback
消腫	u			no-source;fallback
消費基金	u			no-source;fallback
消費習慣	u			no-source;fallback
涉世未深	u			no-source;fallback
涎皮賴臉	u			no-source;fallback
液體燃料	u			no-source;fallback
涵蓋	u			no-source;fallback
涸澤而漁	u			no-source;fallback
涼爽	u			no-source;fallback
淋	u			no-source;fallback
淒涼	u			no-source;fallback
淘寶	u			no-source;fallback
淚水漣漣	u			no-source;fallback
淚流滿面	u			no-source;fallback
淡	u			no-source;fallback
淡化	u			no-source;fallback
淡妝濃抹	u			no-source;fallback
淡定	u			no-source;fallback
淡忘	u			no-source;fallback
淡泊名利	u			no-source;fallback
淡而無味	u			no-source;fallback
淡薄	u			no-source;fallback
淨	u			no-source;fallback
淨係	u			no-source;fallback
淨值	u			no-source;fallback
淪肌浹髓	u			no-source;fallback
淫	u			no-source;fallback
淫亂	u			no-source;fallback
淫蕩	u			no-source;fallback
淫賤	u			no-source;fallback
淮海戰役	u			no-source;fallback
深交	u			no-source;fallback
深信	u			no-source;fallback
深入人心	u			no-source;fallback
深入探討	u			no-source;fallback
深入生活	u			no-source;fallback
深切關懷	u			no-source;fallback
深刻	u			no-source;fallback
深刻印象	u			no-source;fallback
深化	u			no-source;fallback
深受其害	u			no-source;fallback
深受感動	u			no-source;fallback
深孚眾望	u			no-source;fallback
深宅大院	u			no-source;fallback
深居簡出	u			no-source;fallback
深情厚意	u			no-source;fallback
深情厚誼	u			no-source;fallback
深情款款	u			no-source;fallback
深有同感	u			no-source;fallback
深深	u			no-source;fallback
深溝高壘	u			no-source;fallback
深耕細作	u			no-source;fallback
深藏不露	u			no-source;fallback
深藏若虛	u			no-source;fallback
深處	u			no-source;fallback
深表同情	u			no-source;fallback
混	u			no-source;fallback
混世魔王	u			no-source;fallback
混合感染	u			no-source;fallback
混合模型	u			no-source;fallback
混水摸魚	u			no-source;fallback
混淆視聽	u			no-source;fallback
混淆黑白	u			no-source;fallback
混混沌沌	u			no-source;fallback
淺嘗輒止	u			no-source;fallback
淺斟低唱	u			no-source;fallback
淺淺	u			no-source;fallback
淺薄	u			no-source;fallback
淺顯易懂	u			no-source;fallback
添油加醋	u			no-source;fallback
添磚加瓦	u			no-source;fallback
清一色	u			no-source;fallback
清代	u			no-source;fallback
清倉查庫	u			no-source;fallback
清廉	u			no-source;fallback
清心寡慾	u			no-source;fallback
清明	u			no-source;fallback
清晰	u			no-source;fallback
清楚	u			no-source;fallback
清水衙門	u			no-source;fallback
清洗	u			no-source;fallback
清涼	u			no-source;fallback
清淡	u			no-source;fallback
清清楚楚	u			no-source;fallback
清清爽爽	u			no-source;fallback
清清白白	u			no-source;fallback
清湯寡水	u			no-source;fallback
清澈	u			no-source;fallback
清澈見底	u			no-source;fallback
清秀佳人	u			no-source;fallback
清純	u			no-source;fallback
清苦	u			no-source;fallback
清華	u			no-source;fallback
清貧	u			no-source;fallback
清閒	u			no-source;fallback
清閒自在	u			no-source;fallback
清靜	u			no-source;fallback
清風兩袖	u			no-source;fallback
清風徐來	u			no-source;fallback
清風明月	u			no-source;fallback
清香	u			no-source;fallback
清點人數	u			no-source;fallback
渙然冰釋	u			no-source;fallback
減	u			no-source;fallback
減免	u			no-source;fallback
減息	u			no-source;fallback
減租減息	u			no-source;fallback
減税	u			no-source;fallback
減肥	u			no-source;fallback
渣	u			no-source;fallback
温得和克	u			no-source;fallback
温文爾雅	u			no-source;fallback
温書	u			no-source;fallback
温柔	u			no-source;fallback
測算	u			no-source;fallback
測量	u			no-source;fallback
測量工具	u			no-source;fallback
港人	u			no-source;fallback
港股	u			no-source;fallback
渴求	u			no-source;fallback
渺小	u			no-source;fallback
渺無人煙	u			no-source;fallback
渺無音信	u			no-source;fallback
渾水摸魚	u			no-source;fallback
渾渾噩噩	u			no-source;fallback
渾濁	u			no-source;fallback
渾然一體	u			no-source;fallback
渾然天成	u			no-source;fallback
渾身上下	u			no-source;fallback
渾身解數	u			no-source;fallback
渾金璞玉	u			no-source;fallback
渾頭渾腦	u			no-source;fallback
湊	u			no-source;fallback
湊合	u			no-source;fallback
湖北	u			no-source;fallback
湖南	u			no-source;fallback
湧	u			no-source;fallback
湯圓	u			no-source;fallback
湯姆斯杯	u			no-source;fallback
源代碼	u			no-source;fallback
源於	u			no-source;fallback
源源不斷	u			no-source;fallback
源源不絕	u			no-source;fallback
源遠流長	u			no-source;fallback
源頭	u			no-source;fallback
準	u			no-source;fallback
準備就緒	u			no-source;fallback
準時	u			no-source;fallback
準許	u			no-source;fallback
溜達	u			no-source;fallback
溝女	u			no-source;fallback
溝溝坎坎	u			no-source;fallback
溝通	u			no-source;fallback
溢於言表	u			no-source;fallback
溫	u			no-source;fallback
溫和	u			no-source;fallback
溫度	u			no-source;fallback
溫暖	u			no-source;fallback
溫書	u			no-source;fallback
溫柔	u			no-source;fallback
溫泉	u			no-source;fallback
溫馨	u			no-source;fallback
溫馴	u			no-source;fallback
溼地	u			no-source;fallback
滂沱大雨	u			no-source;fallback
滄海遺珠	u			no-source;fallback
滅亡	u			no-source;fallback
滅火	u			no-source;fallback
滑車神經	u			no-source;fallback
滑頭滑腦	u			no-source;fallback
滔天大罪	u			no-source;fallback
滔滔不絕	u			no-source;fallback
滬	u			no-source;fallback
滯後	u			no-source;fallback
滯銷	u			no-source;fallback
滴水成冰	u			no-source;fallback
滴滴答答	u			no-source;fallback
滴裏嘟嚕	u			no-source;fallback
滴酒不沾	u			no-source;fallback
滾	u			no-source;fallback
滾動軸承	u			no-source;fallback
滾子軸承	u			no-source;fallback
滾瓜爛熟	u			no-source;fallback
滿口應承	u			no-source;fallback
滿口答應	u			no-source;fallback
滿口髒話	u			no-source;fallback
滿園春色	u			no-source;fallback
滿城風雨	u			no-source;fallback
滿天繁星	u			no-source;fallback
滿山遍野	u			no-source;fallback
滿座	u			no-source;fallback
滿心歡喜	u			no-source;fallback
滿打滿算	u			no-source;fallback
滿漢全席	u			no-source;fallback
滿盤皆輸	u			no-source;fallback
滿目瘡痍	u			no-source;fallback
滿腔熱忱	u			no-source;fallback
滿腔熱血	u			no-source;fallback
滿腹牢騷	u			no-source;fallback
滿載而歸	u			no-source;fallback
滿門抄斬	u			no-source;fallback
滿頭大汗	u			no-source;fallback
漂亮	u			no-source;fallback
漆黑一團	u			no-source;fallback
演出地點	u			no-source;fallback
演唱	u			no-source;fallback
演唱會	u			no-source;fallback
漠然	u			no-source;fallback
漢坦病毒	u			no-source;fallback
漢堡包	u			no-source;fallback
漢奸	u			no-source;fallback
漫	u			no-source;fallback
漫不經心	u			no-source;fallback
漫無目的	u			no-source;fallback
漫無邊際	u			no-source;fallback
漫長	u			no-source;fallback
漱口	u			no-source;fallback
漲價	u			no-source;fallback
漸	u			no-source;fallback
漸入佳境	u			no-source;fallback
漸漸	u			no-source;fallback
漸行漸遠	u			no-source;fallback
潑冷水	u			no-source;fallback
潑婦罵街	u			no-source;fallback
潔	u			no-source;fallback
潔身自好	u			no-source;fallback
潔身自愛	u			no-source;fallback
潛	u			no-source;fallback
潛入	u			no-source;fallback
潛意識	u			no-source;fallback
潤	u			no-source;fallback
潤腸通便	u			no-source;fallback
潮流	u			no-source;fallback
潸然淚下	u			no-source;fallback
潺潺流水	u			no-source;fallback
澀	u			no-source;fallback
澄	u			no-source;fallback
澈	u			no-source;fallback
澤	u			no-source;fallback
澧	u			no-source;fallback
澳門	u			no-source;fallback
激	u			no-source;fallback
激化	u			no-source;fallback
激昂慷慨	u			no-source;fallback
激進	u			no-source;fallback
激進派	u			no-source;fallback
濁水	u			no-source;fallback
濃墨重彩	u			no-source;fallback
濃烈	u			no-source;fallback
濃眉大眼	u			no-source;fallback
濛濛細雨	u			no-source;fallback
濟	u			no-source;fallback
濟南	u			no-source;fallback
濟困扶危	u			no-source;fallback
濟濟一堂	u			no-source;fallback
濫	u			no-source;fallback
濫伐林木	u			no-source;fallback
濫殺	u			no-source;fallback
濫殺無辜	u			no-source;fallback
濫砍濫伐	u			no-source;fallback
瀅	u			no-source;fallback
瀋陽	u			no-source;fallback
瀏覽器	u			no-source;fallback
瀏覽軟件	u			no-source;fallback
瀕危	u			no-source;fallback
瀕臨絕種	u			no-source;fallback
瀟灑	u			no-source;fallback
瀟灑自如	u			no-source;fallback
灘	u			no-source;fallback
火上加油	u			no-source;fallback
火中取栗	u			no-source;fallback
火光	u			no-source;fallback
火山地震	u			no-source;fallback
火山爆發	u			no-source;fallback
火急火燎	u			no-source;fallback
火樹銀花	u			no-source;fallback
火海刀山	u			no-source;fallback
火災保險	u			no-source;fallback
火災現場	u			no-source;fallback
火熱	u			no-source;fallback
火燒	u			no-source;fallback
火燒火燎	u			no-source;fallback
火燒眉毛	u			no-source;fallback
火球	u			no-source;fallback
火眼金睛	u			no-source;fallback
火花	u			no-source;fallback
火車票	u			no-source;fallback
火車站	u			no-source;fallback
灰心	u			no-source;fallback
灰心喪氣	u			no-source;fallback
灰暗	u			no-source;fallback
灰色	u			no-source;fallback
灰飛煙滅	u			no-source;fallback
災區	u			no-source;fallback
炎性反應	u			no-source;fallback
炎熱	u			no-source;fallback
炎黃子孫	u			no-source;fallback
炒	u			no-source;fallback
炒作	u			no-source;fallback
炒買炒賣	u			no-source;fallback
炙手可熱	u			no-source;fallback
炸	u			no-source;fallback
為主	u			no-source;fallback
為了	u			no-source;fallback
為人作嫁	u			no-source;fallback
為人師表	u			no-source;fallback
為什麼	u			no-source;fallback
為何	u			no-source;fallback
為啥	u			no-source;fallback
為善	u			no-source;fallback
為國捐軀	u			no-source;fallback
為富不仁	u			no-source;fallback
為時已晚	u			no-source;fallback
為時過早	u			no-source;fallback
為止	u			no-source;fallback
為此	u			no-source;fallback
烈日	u			no-source;fallback
烈日當空	u			no-source;fallback
烏	u			no-source;fallback
烏克蘭	u			no-source;fallback
烏煙瘴氣	u			no-source;fallback
烏爾都語	u			no-source;fallback
烏茲別克	u			no-source;fallback
烏蘭察布	u			no-source;fallback
烏蘭巴託	u			no-source;fallback
烏雲	u			no-source;fallback
烏魯木齊	u			no-source;fallback
烏黑	u			no-source;fallback
烏龜	u			no-source;fallback
烤麪包機	u			no-source;fallback
烹飪	u			no-source;fallback
烽火連天	u			no-source;fallback
烽煙四起	u			no-source;fallback
焗	u			no-source;fallback
焚書坑儒	u			no-source;fallback
焚琴煮鶴	u			no-source;fallback
無一倖免	u			no-source;fallback
無不	u			no-source;fallback
無人	u			no-source;fallback
無人問津	u			no-source;fallback
無仇無怨	u			no-source;fallback
無以為繼	u			no-source;fallback
無休無止	u			no-source;fallback
無冤無仇	u			no-source;fallback
無出其右	u			no-source;fallback
無利可圖	u			no-source;fallback
無則加勉	u			no-source;fallback
無可否認	u			no-source;fallback
無可奉告	u			no-source;fallback
無可指責	u			no-source;fallback
無可爭辯	u			no-source;fallback
無可置疑	u			no-source;fallback
無可限量	u			no-source;fallback
無名小卒	u			no-source;fallback
無名腫毒	u			no-source;fallback
無味	u			no-source;fallback
無啦啦	u			no-source;fallback
無地自容	u			no-source;fallback
無奈	u			no-source;fallback
無妨	u			no-source;fallback
無孔不入	u			no-source;fallback
無字天書	u			no-source;fallback
無定形碳	u			no-source;fallback
無師自通	u			no-source;fallback
無常	u			no-source;fallback
無庸置疑	u			no-source;fallback
無形	u			no-source;fallback
無形損耗	u			no-source;fallback
無從	u			no-source;fallback
無心	u			no-source;fallback
無性繁殖	u			no-source;fallback
無性雜交	u			no-source;fallback
無怨無悔	u			no-source;fallback
無恙	u			no-source;fallback
無恥	u			no-source;fallback
無惡不作	u			no-source;fallback
無意	u			no-source;fallback
無意中	u			no-source;fallback
無意識	u			no-source;fallback
無愧	u			no-source;fallback
無成	u			no-source;fallback
無所不在	u			no-source;fallback
無所不能	u			no-source;fallback
無所不至	u			no-source;fallback
無所作為	u			no-source;fallback
無所謂	u			no-source;fallback
無所遁形	u			no-source;fallback
無效	u			no-source;fallback
無敵	u			no-source;fallback
無時無刻	u			no-source;fallback
無業遊民	u			no-source;fallback
無機化學	u			no-source;fallback
無機可乘	u			no-source;fallback
無機肥料	u			no-source;fallback
無比	u			no-source;fallback
無法	u			no-source;fallback
無法替代	u			no-source;fallback
無濟於事	u			no-source;fallback
無牽無掛	u			no-source;fallback
無理	u			no-source;fallback
無瑕	u			no-source;fallback
無異	u			no-source;fallback
無疾而終	u			no-source;fallback
無病呻吟	u			no-source;fallback
無的放矢	u			no-source;fallback
無福消受	u			no-source;fallback
無私	u			no-source;fallback
無私奉獻	u			no-source;fallback
無私有弊	u			no-source;fallback
無私無畏	u			no-source;fallback
無窮無盡	u			no-source;fallback
無端端	u			no-source;fallback
無精打採	u			no-source;fallback
無線上網	u			no-source;fallback
無線電波	u			no-source;fallback
無緣	u			no-source;fallback
無緣無故	u			no-source;fallback
無縫接軌	u			no-source;fallback
無縫連接	u			no-source;fallback
無聊	u			no-source;fallback
無聲無息	u			no-source;fallback
無能爲力	u			no-source;fallback
無花果樹	u			no-source;fallback
無藥可救	u			no-source;fallback
無處可尋	u			no-source;fallback
無處可逃	u			no-source;fallback
無處容身	u			no-source;fallback
無補於事	u			no-source;fallback
無計可施	u			no-source;fallback
無話可説	u			no-source;fallback
無論	u			no-source;fallback
無論如何	u			no-source;fallback
無謂	u			no-source;fallback
無趣	u			no-source;fallback
無足輕重	u			no-source;fallback
無路可走	u			no-source;fallback
無軌電車	u			no-source;fallback
無遠弗屆	u			no-source;fallback
無邊無際	u			no-source;fallback
無關痛癢	u			no-source;fallback
無隙可乘	u			no-source;fallback
無需	u			no-source;fallback
然	u			no-source;fallback
然後	u			no-source;fallback
然而	u			no-source;fallback
煎炸食品	u			no-source;fallback
煙海	u			no-source;fallback
煙消雲散	u			no-source;fallback
煞有介事	u			no-source;fallback
煞有其事	u			no-source;fallback
煢煢孑立	u			no-source;fallback
煥然一新	u			no-source;fallback
照單全收	u			no-source;fallback
照射	u			no-source;fallback
照應	u			no-source;fallback
照本宣科	u			no-source;fallback
照樣	u			no-source;fallback
照舊	u			no-source;fallback
煩	u			no-source;fallback
煩躁	u			no-source;fallback
煮豆燃萁	u			no-source;fallback
煮飯	u			no-source;fallback
煲	u			no-source;fallback
熄	u			no-source;fallback
熄機	u			no-source;fallback
熊仔	u			no-source;fallback
熊熊	u			no-source;fallback
熒幕	u			no-source;fallback
熟手	u			no-source;fallback
熟睡	u			no-source;fallback
熟能生巧	u			no-source;fallback
熟門熟路	u			no-source;fallback
熱	u			no-source;fallback
熱帶	u			no-source;fallback
熱帶植物	u			no-source;fallback
熱帶氣候	u			no-source;fallback
熱帶雨林	u			no-source;fallback
熱情奔放	u			no-source;fallback
熱情接待	u			no-source;fallback
熱情洋溢	u			no-source;fallback
熱戀	u			no-source;fallback
熱核武器	u			no-source;fallback
熱氣騰騰	u			no-source;fallback
熱脹冷縮	u			no-source;fallback
熱血	u			no-source;fallback
熱血沸騰	u			no-source;fallback
熱身	u			no-source;fallback
熱身運動	u			no-source;fallback
熱辣辣	u			no-source;fallback
熱門話題	u			no-source;fallback
熱鬧	u			no-source;fallback
燃	u			no-source;fallback
燃放鞭炮	u			no-source;fallback
燃氣	u			no-source;fallback
燃氣輪機	u			no-source;fallback
燃油	u			no-source;fallback
燃煤鍋爐	u			no-source;fallback
燈光	u			no-source;fallback
燈火通明	u			no-source;fallback
燈紅酒綠	u			no-source;fallback
燒烤	u			no-source;fallback
燒賣	u			no-source;fallback
燒香拜佛	u			no-source;fallback
燕	u			no-source;fallback
燙手山芋	u			no-source;fallback
營	u			no-source;fallback
營運	u			no-source;fallback
營養	u			no-source;fallback
爆	u			no-source;fallback
爆玉米花	u			no-source;fallback
爆米花	u			no-source;fallback
爛	u			no-source;fallback
爬山涉水	u			no-source;fallback
爭	u			no-source;fallback
爭分奪秒	u			no-source;fallback
爭取	u			no-source;fallback
爭名奪利	u			no-source;fallback
爭強好勝	u			no-source;fallback
爭權奪利	u			no-source;fallback
爭論不休	u			no-source;fallback
爲	u			no-source;fallback
爲主	u			no-source;fallback
爲了	u			no-source;fallback
爲人	u			no-source;fallback
爲什麼	u			no-source;fallback
爲何	u			no-source;fallback
爲啥	u			no-source;fallback
爲止	u			no-source;fallback
爲此	u			no-source;fallback
爵士音樂	u			no-source;fallback
父母	u			no-source;fallback
父母雙亡	u			no-source;fallback
爹地	u			no-source;fallback
爺	u			no-source;fallback
爽	u			no-source;fallback
爽快	u			no-source;fallback
爽朗	u			no-source;fallback
爽身粉	u			no-source;fallback
牆角	u			no-source;fallback
牆頭草	u			no-source;fallback
片子	u			no-source;fallback
片甲不存	u			no-source;fallback
片甲不留	u			no-source;fallback
片言隻語	u			no-source;fallback
片面	u			no-source;fallback
版	u			no-source;fallback
版主	u			no-source;fallback
版權所有	u			no-source;fallback
牙刷	u			no-source;fallback
牙牙學語	u			no-source;fallback
牙籤	u			no-source;fallback
牙膏	u			no-source;fallback
牛市	u			no-source;fallback
牛年馬月	u			no-source;fallback
牛肉拉麪	u			no-source;fallback
牛郎織女	u			no-source;fallback
牛頭	u			no-source;fallback
牛頭馬面	u			no-source;fallback
牛高馬大	u			no-source;fallback
牛鬼蛇神	u			no-source;fallback
牠	u			no-source;fallback
牡丹	u			no-source;fallback
牢記在心	u			no-source;fallback
物主代詞	u			no-source;fallback
物件	u			no-source;fallback
物價指數	u			no-source;fallback
物化勞動	u			no-source;fallback
物我兩忘	u			no-source;fallback
物有所值	u			no-source;fallback
物極必反	u			no-source;fallback
物歸原主	u			no-source;fallback
物理	u			no-source;fallback
物理學家	u			no-source;fallback
物理性質	u			no-source;fallback
物理療法	u			no-source;fallback
物理結構	u			no-source;fallback
物理變化	u			no-source;fallback
物盡其用	u			no-source;fallback
物種起源	u			no-source;fallback
物競天擇	u			no-source;fallback
物質享受	u			no-source;fallback
物質損耗	u			no-source;fallback
物質文明	u			no-source;fallback
物質獎勵	u			no-source;fallback
物質生活	u			no-source;fallback
物質財富	u			no-source;fallback
物質需要	u			no-source;fallback
物超所值	u			no-source;fallback
特例	u			no-source;fallback
特地	u			no-source;fallback
特大	u			no-source;fallback
特定	u			no-source;fallback
特寫	u			no-source;fallback
特工	u			no-source;fallback
特惠關税	u			no-source;fallback
特意	u			no-source;fallback
特此通知	u			no-source;fallback
特殊	u			no-source;fallback
特殊教育	u			no-source;fallback
特殊護理	u			no-source;fallback
特派記者	u			no-source;fallback
特異功能	u			no-source;fallback
特登	u			no-source;fallback
特種部隊	u			no-source;fallback
特立獨行	u			no-source;fallback
特約記者	u			no-source;fallback
特首	u			no-source;fallback
牽涉	u			no-source;fallback
牽線搭橋	u			no-source;fallback
牽頭	u			no-source;fallback
犀利	u			no-source;fallback
犁庭掃閭	u			no-source;fallback
犯罪集團	u			no-source;fallback
狀	u			no-source;fallback
狀態參數	u			no-source;fallback
狂	u			no-source;fallback
狂人日記	u			no-source;fallback
狐朋狗友	u			no-source;fallback
狗仔	u			no-source;fallback
狗仗人勢	u			no-source;fallback
狗公	u			no-source;fallback
狗尾續貂	u			no-source;fallback
狗屁不通	u			no-source;fallback
狗急跳牆	u			no-source;fallback
狗皮膏藥	u			no-source;fallback
狗血噴頭	u			no-source;fallback
狗血淋頭	u			no-source;fallback
狗頭軍師	u			no-source;fallback
狙擊	u			no-source;fallback
狠	u			no-source;fallback
狠狠	u			no-source;fallback
狡兔三窟	u			no-source;fallback
狡詐	u			no-source;fallback
狡辯	u			no-source;fallback
狹小	u			no-source;fallback
狹隘	u			no-source;fallback
狼多肉少	u			no-source;fallback
狼奔豕突	u			no-source;fallback
狼心狗肺	u			no-source;fallback
狼狽為奸	u			no-source;fallback
猛	u			no-source;fallback
猜	u			no-source;fallback
猜忌	u			no-source;fallback
猝不及防	u			no-source;fallback
猥瑣	u			no-source;fallback
猴年馬月	u			no-source;fallback
猶如	u			no-source;fallback
猶疑	u			no-source;fallback
獄警	u			no-source;fallback
獨	u			no-source;fallback
獨一無二	u			no-source;fallback
獨來獨往	u			no-source;fallback
獨具一格	u			no-source;fallback
獨具慧眼	u			no-source;fallback
獨創	u			no-source;fallback
獨力	u			no-source;fallback
獨夫民賊	u			no-source;fallback
獨家報導	u			no-source;fallback
獨家新聞	u			no-source;fallback
獨尊儒術	u			no-source;fallback
獨居	u			no-source;fallback
獨往獨來	u			no-source;fallback
獨攬大權	u			no-source;fallback
獨斷	u			no-source;fallback
獨斷獨行	u			no-source;fallback
獨樹一幟	u			no-source;fallback
獨樹一格	u			no-source;fallback
獨特	u			no-source;fallback
獨當一面	u			no-source;fallback
獨白	u			no-source;fallback
獨立宣言	u			no-source;fallback
獨立思想	u			no-source;fallback
獨立思考	u			no-source;fallback
獨立王國	u			no-source;fallback
獨立精神	u			no-source;fallback
獨立運動	u			no-source;fallback
獨自	u			no-source;fallback
獨處	u			no-source;fallback
獨裁	u			no-source;fallback
獨裁政權	u			no-source;fallback
獨資	u			no-source;fallback
獨資經營	u			no-source;fallback
獨身生活	u			no-source;fallback
獨門獨户	u			no-source;fallback
獨闢蹊徑	u			no-source;fallback
獨霸	u			no-source;fallback
獨霸一方	u			no-source;fallback
獲悉	u			no-source;fallback
獲獎	u			no-source;fallback
獲益良多	u			no-source;fallback
獸	u			no-source;fallback
獸性大發	u			no-source;fallback
獸醫	u			no-source;fallback
率爾操觚	u			no-source;fallback
玉	u			no-source;fallback
玉樹臨風	u			no-source;fallback
玉液瓊漿	u			no-source;fallback
玉潔冰清	u			no-source;fallback
玉皇大帝	u			no-source;fallback
玉石俱焚	u			no-source;fallback
玉葉金枝	u			no-source;fallback
王侯將相	u			no-source;fallback
王朝	u			no-source;fallback
王母娘娘	u			no-source;fallback
王者	u			no-source;fallback
玩世不恭	u			no-source;fallback
玩家	u			no-source;fallback
玩火自焚	u			no-source;fallback
玩物喪志	u			no-source;fallback
玲瓏剔透	u			no-source;fallback
玻利維亞	u			no-source;fallback
珍惜	u			no-source;fallback
珍珠奶茶	u			no-source;fallback
珍禽異獸	u			no-source;fallback
珍藏	u			no-source;fallback
珠江	u			no-source;fallback
珠海	u			no-source;fallback
珠穆朗瑪	u			no-source;fallback
珠聯璧合	u			no-source;fallback
珠胎暗結	u			no-source;fallback
班主任	u			no-source;fallback
班師回朝	u			no-source;fallback
班會	u			no-source;fallback
班長	u			no-source;fallback
班門弄斧	u			no-source;fallback
現	u			no-source;fallback
現今	u			no-source;fallback
現代五項	u			no-source;fallback
現代文學	u			no-source;fallback
現在分詞	u			no-source;fallback
現場	u			no-source;fallback
現場會議	u			no-source;fallback
現場直播	u			no-source;fallback
現學現用	u			no-source;fallback
現成	u			no-source;fallback
現時	u			no-source;fallback
現行	u			no-source;fallback
現貨	u			no-source;fallback
現身	u			no-source;fallback
球墨鑄鐵	u			no-source;fallback
球迷	u			no-source;fallback
理	u			no-source;fallback
理化因素	u			no-source;fallback
理學博士	u			no-source;fallback
理屈詞窮	u			no-source;fallback
理性	u			no-source;fallback
理性認識	u			no-source;fallback
理想	u			no-source;fallback
理所當然	u			no-source;fallback
理直氣壯	u			no-source;fallback
理虧心虛	u			no-source;fallback
理論貢獻	u			no-source;fallback
琉球羣島	u			no-source;fallback
琢磨	u			no-source;fallback
琪	u			no-source;fallback
琳	u			no-source;fallback
琴	u			no-source;fallback
琴日	u			no-source;fallback
琴晚	u			no-source;fallback
琴棋書畫	u			no-source;fallback
琴瑟和鳴	u			no-source;fallback
瑕	u			no-source;fallback
瑜	u			no-source;fallback
瑞	u			no-source;fallback
瑞士	u			no-source;fallback
瑞士軍刀	u			no-source;fallback
瑟瑟發抖	u			no-source;fallback
瑣事	u			no-source;fallback
瑣瑣碎碎	u			no-source;fallback
瑣碎	u			no-source;fallback
璀璨奪目	u			no-source;fallback
璞玉渾金	u			no-source;fallback
環保	u			no-source;fallback
環保意識	u			no-source;fallback
環境保護	u			no-source;fallback
環境損害	u			no-source;fallback
環境污染	u			no-source;fallback
環境衞生	u			no-source;fallback
環氧乙烷	u			no-source;fallback
環氧樹脂	u			no-source;fallback
環狀軟骨	u			no-source;fallback
環環相扣	u			no-source;fallback
環視	u			no-source;fallback
環顧	u			no-source;fallback
瓊枝玉葉	u			no-source;fallback
瓊樓玉宇	u			no-source;fallback
瓊漿玉液	u			no-source;fallback
瓜	u			no-source;fallback
瓜子	u			no-source;fallback
瓜田李下	u			no-source;fallback
瓢潑大雨	u			no-source;fallback
瓦努阿圖	u			no-source;fallback
瓦釜雷鳴	u			no-source;fallback
甕聲甕氣	u			no-source;fallback
甘	u			no-source;fallback
甘心	u			no-source;fallback
甘肅	u			no-source;fallback
甘願	u			no-source;fallback
甚至	u			no-source;fallback
甚麼	u			no-source;fallback
甜	u			no-source;fallback
甜品	u			no-source;fallback
甜甜蜜蜜	u			no-source;fallback
甜筒	u			no-source;fallback
甜美	u			no-source;fallback
甜而不膩	u			no-source;fallback
甜蜜	u			no-source;fallback
甜言蜜語	u			no-source;fallback
甜酸苦辣	u			no-source;fallback
生不如死	u			no-source;fallback
生仔	u			no-source;fallback
生兒育女	u			no-source;fallback
生動活潑	u			no-source;fallback
生化危機	u			no-source;fallback
生命跡象	u			no-source;fallback
生平簡介	u			no-source;fallback
生性	u			no-source;fallback
生意盎然	u			no-source;fallback
生意興隆	u			no-source;fallback
生態危機	u			no-source;fallback
生態學家	u			no-source;fallback
生態平衡	u			no-source;fallback
生態環境	u			no-source;fallback
生態足跡	u			no-source;fallback
生態農業	u			no-source;fallback
生手	u			no-source;fallback
生拉硬拽	u			no-source;fallback
生搬硬套	u			no-source;fallback
生於憂患	u			no-source;fallback
生日卡	u			no-source;fallback
生日快樂	u			no-source;fallback
生日派對	u			no-source;fallback
生日蛋糕	u			no-source;fallback
生日賀卡	u			no-source;fallback
生果	u			no-source;fallback
生機勃勃	u			no-source;fallback
生機盎然	u			no-source;fallback
生死	u			no-source;fallback
生死攸關	u			no-source;fallback
生死有命	u			no-source;fallback
生死未卜	u			no-source;fallback
生死與共	u			no-source;fallback
生死關頭	u			no-source;fallback
生殖器官	u			no-source;fallback
生殺予奪	u			no-source;fallback
生殺大權	u			no-source;fallback
生氣勃勃	u			no-source;fallback
生活態度	u			no-source;fallback
生活條件	u			no-source;fallback
生活污水	u			no-source;fallback
生活環境	u			no-source;fallback
生活空間	u			no-source;fallback
生活習慣	u			no-source;fallback
生活設施	u			no-source;fallback
生涯	u			no-source;fallback
生涯規劃	u			no-source;fallback
生物化學	u			no-source;fallback
生物學家	u			no-source;fallback
生物學系	u			no-source;fallback
生物材料	u			no-source;fallback
生物測定	u			no-source;fallback
生物燃料	u			no-source;fallback
生物製品	u			no-source;fallback
生物鐘	u			no-source;fallback
生物防治	u			no-source;fallback
生物降解	u			no-source;fallback
生物電流	u			no-source;fallback
生猛海鮮	u			no-source;fallback
生理	u			no-source;fallback
生理學家	u			no-source;fallback
生理時鐘	u			no-source;fallback
生理鹽水	u			no-source;fallback
生生不息	u			no-source;fallback
生生世世	u			no-source;fallback
生產勞動	u			no-source;fallback
生產基金	u			no-source;fallback
生產工具	u			no-source;fallback
生產方式	u			no-source;fallback
生產過剩	u			no-source;fallback
生產過程	u			no-source;fallback
生產關係	u			no-source;fallback
生疏	u			no-source;fallback
生老病死	u			no-source;fallback
生肖	u			no-source;fallback
生肖屬相	u			no-source;fallback
生育	u			no-source;fallback
生蛇	u			no-source;fallback
生辰八字	u			no-source;fallback
生還	u			no-source;fallback
生離死別	u			no-source;fallback
生龍活虎	u			no-source;fallback
產值	u			no-source;fallback
產前檢查	u			no-source;fallback
產地	u			no-source;fallback
產業工人	u			no-source;fallback
產業集羣	u			no-source;fallback
產檢	u			no-source;fallback
產能	u			no-source;fallback
用人	u			no-source;fallback
用兵如神	u			no-source;fallback
用力	u			no-source;fallback
用品	u			no-source;fallback
用嚟	u			no-source;fallback
用工	u			no-source;fallback
用心	u			no-source;fallback
用心良苦	u			no-source;fallback
用心險惡	u			no-source;fallback
用於	u			no-source;fallback
用盡心機	u			no-source;fallback
用藥	u			no-source;fallback
用途	u			no-source;fallback
用量	u			no-source;fallback
用餐時間	u			no-source;fallback
甩手掌櫃	u			no-source;fallback
甩皮甩骨	u			no-source;fallback
田野工作	u			no-source;fallback
田間管理	u			no-source;fallback
由上而下	u			no-source;fallback
由下而上	u			no-source;fallback
由來已久	u			no-source;fallback
由始至終	u			no-source;fallback
由於	u			no-source;fallback
由此可知	u			no-source;fallback
由此可見	u			no-source;fallback
由此看來	u			no-source;fallback
由淺入深	u			no-source;fallback
由表及裏	u			no-source;fallback
由頭	u			no-source;fallback
甲狀軟骨	u			no-source;fallback
甲硫氨酸	u			no-source;fallback
甲骨文	u			no-source;fallback
甲骨文字	u			no-source;fallback
申冤	u			no-source;fallback
申購	u			no-source;fallback
甴	u			no-source;fallback
男主角	u			no-source;fallback
男人老狗	u			no-source;fallback
男仔	u			no-source;fallback
男兒	u			no-source;fallback
男兒本色	u			no-source;fallback
男友	u			no-source;fallback
男士	u			no-source;fallback
男女	u			no-source;fallback
男女平等	u			no-source;fallback
男女老少	u			no-source;fallback
男女老幼	u			no-source;fallback
男婚女嫁	u			no-source;fallback
男尊女卑	u			no-source;fallback
男左女右	u			no-source;fallback
男性	u			no-source;fallback
男才女貌	u			no-source;fallback
男扮女裝	u			no-source;fallback
男朋友	u			no-source;fallback
男歡女愛	u			no-source;fallback
男生	u			no-source;fallback
男男女女	u			no-source;fallback
男盜女娼	u			no-source;fallback
男神	u			no-source;fallback
男耕女織	u			no-source;fallback
男聲	u			no-source;fallback
畀	u			no-source;fallback
畀人	u			no-source;fallback
界	u			no-source;fallback
界面	u			no-source;fallback
畏畏縮縮	u			no-source;fallback
畏縮不前	u			no-source;fallback
畏首畏尾	u			no-source;fallback
留低	u			no-source;fallback
留存收益	u			no-source;fallback
留守	u			no-source;fallback
留底	u			no-source;fallback
留空	u			no-source;fallback
留言	u			no-source;fallback
留話	u			no-source;fallback
留連忘返	u			no-source;fallback
畢	u			no-source;fallback
畢恭畢敬	u			no-source;fallback
畢業禮	u			no-source;fallback
畢業論文	u			no-source;fallback
畢竟	u			no-source;fallback
略知一二	u			no-source;fallback
略見一斑	u			no-source;fallback
略跡原情	u			no-source;fallback
番	u			no-source;fallback
畫蛇添足	u			no-source;fallback
畫龍點睛	u			no-source;fallback
異亮氨酸	u			no-source;fallback
異口同聲	u			no-source;fallback
異國情調	u			no-source;fallback
異地	u			no-source;fallback
異性相吸	u			no-source;fallback
異想天開	u			no-source;fallback
異戊二烯	u			no-source;fallback
異戊橡膠	u			no-source;fallback
異曲同工	u			no-source;fallback
異樣	u			no-source;fallback
異物	u			no-source;fallback
異端邪説	u			no-source;fallback
異軍突起	u			no-source;fallback
異鄉	u			no-source;fallback
異香撲鼻	u			no-source;fallback
當	u			no-source;fallback
當且僅當	u			no-source;fallback
當中	u			no-source;fallback
當仁不讓	u			no-source;fallback
當代中國	u			no-source;fallback
當做	u			no-source;fallback
當初	u			no-source;fallback
當即	u			no-source;fallback
當地	u			no-source;fallback
當堂	u			no-source;fallback
當場	u			no-source;fallback
當家作主	u			no-source;fallback
當年	u			no-source;fallback
當成	u			no-source;fallback
當日	u			no-source;fallback
當晚	u			no-source;fallback
當然	u			no-source;fallback
當真	u			no-source;fallback
當着	u			no-source;fallback
當耳邊風	u			no-source;fallback
當頭棒喝	u			no-source;fallback
疏忽大意	u			no-source;fallback
疏肝理氣	u			no-source;fallback
疏通	u			no-source;fallback
疏離	u			no-source;fallback
疑似	u			no-source;fallback
疑問代詞	u			no-source;fallback
疑心	u			no-source;fallback
疑難解答	u			no-source;fallback
疑難雜症	u			no-source;fallback
疙疙瘩瘩	u			no-source;fallback
疲乏	u			no-source;fallback
疲勞轟炸	u			no-source;fallback
疲勞過度	u			no-source;fallback
疲弱	u			no-source;fallback
疲於奔命	u			no-source;fallback
疲軟	u			no-source;fallback
疼愛	u			no-source;fallback
疾言厲色	u			no-source;fallback
疾風勁草	u			no-source;fallback
疾風暴雨	u			no-source;fallback
疾馳而過	u			no-source;fallback
病例	u			no-source;fallback
病從口入	u			no-source;fallback
病情	u			no-source;fallback
病毒式營銷	u			no-source;fallback
病毒營銷	u			no-source;fallback
病病歪歪	u			no-source;fallback
病魔纏身	u			no-source;fallback
痕	u			no-source;fallback
痛不欲生	u			no-source;fallback
痛入骨髓	u			no-source;fallback
痛哭	u			no-source;fallback
痛哭失聲	u			no-source;fallback
痛哭流涕	u			no-source;fallback
痛定思痛	u			no-source;fallback
痛心	u			no-source;fallback
痛快	u			no-source;fallback
痛快淋漓	u			no-source;fallback
痛改前非	u			no-source;fallback
痛楚	u			no-source;fallback
痴心妄想	u			no-source;fallback
痾	u			no-source;fallback
瘀	u			no-source;fallback
瘀傷	u			no-source;fallback
瘋	u			no-source;fallback
瘋瘋癲癲	u			no-source;fallback
瘋癲	u			no-source;fallback
瘋言瘋語	u			no-source;fallback
瘦	u			no-source;fallback
瘦削	u			no-source;fallback
瘦小	u			no-source;fallback
瘦弱	u			no-source;fallback
瘦骨嶙峋	u			no-source;fallback
癌症腫瘤	u			no-source;fallback
癒合	u			no-source;fallback
癟	u			no-source;fallback
癡	u			no-source;fallback
癲	u			no-source;fallback
登	u			no-source;fallback
登入	u			no-source;fallback
登堂入室	u			no-source;fallback
登報聲明	u			no-source;fallback
登場	u			no-source;fallback
登山	u			no-source;fallback
登山運動	u			no-source;fallback
登門拜訪	u			no-source;fallback
登門造訪	u			no-source;fallback
登高望遠	u			no-source;fallback
發	u			no-source;fallback
發人深醒	u			no-source;fallback
發佈會	u			no-source;fallback
發售	u			no-source;fallback
發問	u			no-source;fallback
發夢	u			no-source;fallback
發揚	u			no-source;fallback
發揚光大	u			no-source;fallback
發揮所長	u			no-source;fallback
發明創造	u			no-source;fallback
發洩	u			no-source;fallback
發生關係	u			no-source;fallback
發瘋	u			no-source;fallback
發胖	u			no-source;fallback
發財致富	u			no-source;fallback
發貨	u			no-source;fallback
發達	u			no-source;fallback
發音器官	u			no-source;fallback
白俄羅斯	u			no-source;fallback
白兔	u			no-source;fallback
白山黑水	u			no-source;fallback
白日見鬼	u			no-source;fallback
白熾電燈	u			no-source;fallback
白璧無瑕	u			no-source;fallback
白癡	u			no-source;fallback
白白	u			no-source;fallback
白白淨淨	u			no-source;fallback
白紙	u			no-source;fallback
白紙黑字	u			no-source;fallback
白色	u			no-source;fallback
白色恐怖	u			no-source;fallback
白色污染	u			no-source;fallback
白虎	u			no-source;fallback
白衣	u			no-source;fallback
白衣天使	u			no-source;fallback
白衣戰士	u			no-source;fallback
白裏透紅	u			no-source;fallback
白話文學	u			no-source;fallback
白費	u			no-source;fallback
白費力氣	u			no-source;fallback
白費心機	u			no-source;fallback
白跑一趟	u			no-source;fallback
白道	u			no-source;fallback
白雪	u			no-source;fallback
白雪皚皚	u			no-source;fallback
白雲	u			no-source;fallback
白頭	u			no-source;fallback
白頭偕老	u			no-source;fallback
白頭到老	u			no-source;fallback
白馬雪山	u			no-source;fallback
白駒過隙	u			no-source;fallback
百事可樂	u			no-source;fallback
百口莫辯	u			no-source;fallback
百團大戰	u			no-source;fallback
百家爭鳴	u			no-source;fallback
百密一疏	u			no-source;fallback
百尺竿頭	u			no-source;fallback
百年大計	u			no-source;fallback
百年好合	u			no-source;fallback
百年樹人	u			no-source;fallback
百戰百勝	u			no-source;fallback
百折不回	u			no-source;fallback
百歲老人	u			no-source;fallback
百無一失	u			no-source;fallback
百無禁忌	u			no-source;fallback
百看不厭	u			no-source;fallback
百科全書	u			no-source;fallback
百科詞典	u			no-source;fallback
百聽不厭	u			no-source;fallback
百般刁難	u			no-source;fallback
百花齊放	u			no-source;fallback
百萬富翁	u			no-source;fallback
百萬雄師	u			no-source;fallback
百鳥朝鳳	u			no-source;fallback
的確	u			no-source;fallback
的而且確	u			no-source;fallback
的話	u			no-source;fallback
皆	u			no-source;fallback
皇冠	u			no-source;fallback
皇后	u			no-source;fallback
皇天后土	u			no-source;fallback
皇家	u			no-source;fallback
皇帝	u			no-source;fallback
皇恩浩蕩	u			no-source;fallback
皇親國戚	u			no-source;fallback
皓	u			no-source;fallback
皓月當空	u			no-source;fallback
皓首窮經	u			no-source;fallback
皮下注射	u			no-source;fallback
皮開肉綻	u			no-source;fallback
皰疹病毒	u			no-source;fallback
盈利	u			no-source;fallback
益壽延年	u			no-source;fallback
盒	u			no-source;fallback
盛	u			no-source;fallback
盛世	u			no-source;fallback
盛情難卻	u			no-source;fallback
盜亦有道	u			no-source;fallback
盡	u			no-source;fallback
盡其所能	u			no-source;fallback
盡力而為	u			no-source;fallback
盡心盡力	u			no-source;fallback
盡忠職守	u			no-source;fallback
盡快	u			no-source;fallback
盡情	u			no-source;fallback
盡收眼底	u			no-source;fallback
盡量	u			no-source;fallback
監守自盜	u			no-source;fallback
監察	u			no-source;fallback
監管	u			no-source;fallback
監管體制	u			no-source;fallback
盤古開天	u			no-source;fallback
盤尼西林	u			no-source;fallback
盤根究底	u			no-source;fallback
目不窺園	u			no-source;fallback
目不見睫	u			no-source;fallback
目不識丁	u			no-source;fallback
目光	u			no-source;fallback
目標地址	u			no-source;fallback
目標管理	u			no-source;fallback
目測	u			no-source;fallback
目無全牛	u			no-source;fallback
目無法紀	u			no-source;fallback
目眩神迷	u			no-source;fallback
目空一切	u			no-source;fallback
目送	u			no-source;fallback
盲人摸象	u			no-source;fallback
盲人瞎馬	u			no-source;fallback
盲婚啞嫁	u			no-source;fallback
盲目	u			no-source;fallback
盲目崇拜	u			no-source;fallback
直上雲霄	u			no-source;fallback
直來直去	u			no-source;fallback
直來直往	u			no-source;fallback
直到	u			no-source;fallback
直呼其名	u			no-source;fallback
直屬機關	u			no-source;fallback
直布羅陀	u			no-source;fallback
直情	u			no-source;fallback
直截了當	u			no-source;fallback
直抒己見	u			no-source;fallback
直抒胸臆	u			no-source;fallback
直接	u			no-source;fallback
直接了當	u			no-source;fallback
直接經驗	u			no-source;fallback
直接選舉	u			no-source;fallback
直搗黃龍	u			no-source;fallback
直播	u			no-source;fallback
直擊	u			no-source;fallback
直程	u			no-source;fallback
直系血親	u			no-source;fallback
直系親屬	u			no-source;fallback
直至	u			no-source;fallback
直落	u			no-source;fallback
直行	u			no-source;fallback
直視	u			no-source;fallback
直觀	u			no-source;fallback
直角三角	u			no-source;fallback
直角座標	u			no-source;fallback
直言	u			no-source;fallback
直言不諱	u			no-source;fallback
直選	u			no-source;fallback
直銷	u			no-source;fallback
直頭	u			no-source;fallback
相	u			no-source;fallback
相夫教子	u			no-source;fallback
相安無事	u			no-source;fallback
相對	u			no-source;fallback
相對密度	u			no-source;fallback
相對而坐	u			no-source;fallback
相對而言	u			no-source;fallback
相對誤差	u			no-source;fallback
相對速度	u			no-source;fallback
相差	u			no-source;fallback
相差不多	u			no-source;fallback
相形見絀	u			no-source;fallback
相愛	u			no-source;fallback
相映成趣	u			no-source;fallback
相沿成習	u			no-source;fallback
相濡以沫	u			no-source;fallback
相生相剋	u			no-source;fallback
相聚	u			no-source;fallback
相聲	u			no-source;fallback
相處	u			no-source;fallback
相視而笑	u			no-source;fallback
相談甚歡	u			no-source;fallback
相貌堂堂	u			no-source;fallback
相輔相成	u			no-source;fallback
相連	u			no-source;fallback
相隔	u			no-source;fallback
盾牌	u			no-source;fallback
省事	u			no-source;fallback
省力	u			no-source;fallback
省委	u			no-source;fallback
省直管縣	u			no-source;fallback
眉	u			no-source;fallback
眉來眼去	u			no-source;fallback
眉宇間	u			no-source;fallback
眉清目秀	u			no-source;fallback
眉目清秀	u			no-source;fallback
眉開眼笑	u			no-source;fallback
眉頭	u			no-source;fallback
眉高眼低	u			no-source;fallback
看上去	u			no-source;fallback
看不習慣	u			no-source;fallback
看不過去	u			no-source;fallback
看中	u			no-source;fallback
看人下菜	u			no-source;fallback
看人眉睫	u			no-source;fallback
看似	u			no-source;fallback
看家本領	u			no-source;fallback
看成	u			no-source;fallback
看更	u			no-source;fallback
看朱成碧	u			no-source;fallback
看樣子	u			no-source;fallback
看淡	u			no-source;fallback
看病	u			no-source;fallback
看重	u			no-source;fallback
看風使舵	u			no-source;fallback
真人	u			no-source;fallback
真人真事	u			no-source;fallback
真係	u			no-source;fallback
真假難辨	u			no-source;fallback
真偽莫辨	u			no-source;fallback
真刀真槍	u			no-source;fallback
真切	u			no-source;fallback
真名	u			no-source;fallback
真名實姓	u			no-source;fallback
真命天子	u			no-source;fallback
真心	u			no-source;fallback
真心實意	u			no-source;fallback
真心真意	u			no-source;fallback
真情	u			no-source;fallback
真情實意	u			no-source;fallback
真情流露	u			no-source;fallback
真是	u			no-source;fallback
真材實料	u			no-source;fallback
真槍實彈	u			no-source;fallback
真正	u			no-source;fallback
真真假假	u			no-source;fallback
真真正正	u			no-source;fallback
真知灼見	u			no-source;fallback
真空地帶	u			no-source;fallback
真話	u			no-source;fallback
真誠	u			no-source;fallback
真誠待人	u			no-source;fallback
真身	u			no-source;fallback
真金白銀	u			no-source;fallback
眯	u			no-source;fallback
眷屬	u			no-source;fallback
眼中	u			no-source;fallback
眼中釘	u			no-source;fallback
眼仔碌碌	u			no-source;fallback
眼光	u			no-source;fallback
眼冒金星	u			no-source;fallback
眼利	u			no-source;fallback
眼前	u			no-source;fallback
眼定定	u			no-source;fallback
眼底下	u			no-source;fallback
眼梢	u			no-source;fallback
眼淚汪汪	u			no-source;fallback
眼珠	u			no-source;fallback
眼球	u			no-source;fallback
眼甘甘	u			no-source;fallback
眼疾手快	u			no-source;fallback
眼白白	u			no-source;fallback
眼皮底下	u			no-source;fallback
眼眶	u			no-source;fallback
眼神	u			no-source;fallback
眼神不好	u			no-source;fallback
眼紅	u			no-source;fallback
眼色	u			no-source;fallback
眼裏	u			no-source;fallback
眼見	u			no-source;fallback
眼角	u			no-source;fallback
眾	u			no-source;fallback
眾人	u			no-source;fallback
眾叛親離	u			no-source;fallback
眾口一詞	u			no-source;fallback
眾多	u			no-source;fallback
眾所周知	u			no-source;fallback
眾望所歸	u			no-source;fallback
眾目昭彰	u			no-source;fallback
眾說紛紜	u			no-source;fallback
着	u			no-source;fallback
着力	u			no-source;fallback
着實	u			no-source;fallback
着數	u			no-source;fallback
着眼	u			no-source;fallback
睇唔見	u			no-source;fallback
睇唔過眼	u			no-source;fallback
睇嚟	u			no-source;fallback
睇法	u			no-source;fallback
睇穿	u			no-source;fallback
睇落	u			no-source;fallback
睇見	u			no-source;fallback
睇醫生	u			no-source;fallback
睜	u			no-source;fallback
睡	u			no-source;fallback
睡懶覺	u			no-source;fallback
睡眠不足	u			no-source;fallback
睡眠療法	u			no-source;fallback
睡眼惺忪	u			no-source;fallback
睡着	u			no-source;fallback
睡衣	u			no-source;fallback
睡袍	u			no-source;fallback
睬	u			no-source;fallback
瞇	u			no-source;fallback
瞎子摸象	u			no-source;fallback
瞎指揮	u			no-source;fallback
瞓	u			no-source;fallback
瞓低	u			no-source;fallback
瞓覺	u			no-source;fallback
瞞上欺下	u			no-source;fallback
瞞天過海	u			no-source;fallback
瞞心昧己	u			no-source;fallback
瞧不起	u			no-source;fallback
瞪	u			no-source;fallback
瞭如指掌	u			no-source;fallback
瞭若指掌	u			no-source;fallback
瞻前顧後	u			no-source;fallback
矇在鼓裏	u			no-source;fallback
矇混過關	u			no-source;fallback
矢口否認	u			no-source;fallback
矢口抵賴	u			no-source;fallback
矢志不移	u			no-source;fallback
矣	u			no-source;fallback
知	u			no-source;fallback
知名	u			no-source;fallback
知己	u			no-source;fallback
知己知彼	u			no-source;fallback
知心朋友	u			no-source;fallback
知恩圖報	u			no-source;fallback
知情	u			no-source;fallback
知情不報	u			no-source;fallback
知情同意	u			no-source;fallback
知易行難	u			no-source;fallback
知曉	u			no-source;fallback
知書識禮	u			no-source;fallback
知書達理	u			no-source;fallback
知書達禮	u			no-source;fallback
知會	u			no-source;fallback
知根知底	u			no-source;fallback
知法犯法	u			no-source;fallback
知無不言	u			no-source;fallback
知行合一	u			no-source;fallback
知識份子	u			no-source;fallback
知識寶庫	u			no-source;fallback
知識青年	u			no-source;fallback
知趣	u			no-source;fallback
知足	u			no-source;fallback
知足常樂	u			no-source;fallback
知錯必改	u			no-source;fallback
知錯能改	u			no-source;fallback
知難而退	u			no-source;fallback
短	u			no-source;fallback
短兵相接	u			no-source;fallback
短命	u			no-source;fallback
短暫	u			no-source;fallback
短期	u			no-source;fallback
短短	u			no-source;fallback
短篇小説	u			no-source;fallback
短缺	u			no-source;fallback
短視	u			no-source;fallback
短訊	u			no-source;fallback
短途	u			no-source;fallback
矮	u			no-source;fallback
矮小	u			no-source;fallback
矮細	u			no-source;fallback
矯形外科	u			no-source;fallback
石家莊	u			no-source;fallback
石蕊試紙	u			no-source;fallback
砌	u			no-source;fallback
研發	u			no-source;fallback
研磨材料	u			no-source;fallback
研究所	u			no-source;fallback
研究生	u			no-source;fallback
研製	u			no-source;fallback
研製過程	u			no-source;fallback
砰	u			no-source;fallback
破	u			no-source;fallback
破口大罵	u			no-source;fallback
破敗不堪	u			no-source;fallback
破案	u			no-source;fallback
破涕為笑	u			no-source;fallback
破瓦寒窯	u			no-source;fallback
破綻	u			no-source;fallback
破罐破摔	u			no-source;fallback
破舊不堪	u			no-source;fallback
破舊立新	u			no-source;fallback
破財免災	u			no-source;fallback
破銅爛鐵	u			no-source;fallback
破除迷信	u			no-source;fallback
砸鍋賣鐵	u			no-source;fallback
硫化橡膠	u			no-source;fallback
硬係	u			no-source;fallback
硬着頭皮	u			no-source;fallback
硬碰硬	u			no-source;fallback
碌	u			no-source;fallback
碌碌	u			no-source;fallback
碎屍萬段	u			no-source;fallback
碎片整理	u			no-source;fallback
碑	u			no-source;fallback
碧海青天	u			no-source;fallback
碩士學位	u			no-source;fallback
碩大無朋	u			no-source;fallback
碩大無比	u			no-source;fallback
碩果累累	u			no-source;fallback
碰到困難	u			no-source;fallback
確實	u			no-source;fallback
確鑿	u			no-source;fallback
磕磕巴巴	u			no-source;fallback
磕磕撞撞	u			no-source;fallback
磕磕絆絆	u			no-source;fallback
磕頭碰腦	u			no-source;fallback
磨嘴皮子	u			no-source;fallback
磨拳擦掌	u			no-source;fallback
磨擦	u			no-source;fallback
磨杵成針	u			no-source;fallback
磨磨蹭蹭	u			no-source;fallback
礙手礙腳	u			no-source;fallback
礙眼	u			no-source;fallback
礦	u			no-source;fallback
礦坑	u			no-source;fallback
礦場	u			no-source;fallback
礦山	u			no-source;fallback
礦業	u			no-source;fallback
示例代碼	u			no-source;fallback
示意	u			no-source;fallback
社	u			no-source;fallback
社交	u			no-source;fallback
社區建設	u			no-source;fallback
社工	u			no-source;fallback
社會事業	u			no-source;fallback
社會存在	u			no-source;fallback
社會工作	u			no-source;fallback
社會平等	u			no-source;fallback
社會形態	u			no-source;fallback
社會意識	u			no-source;fallback
社會效益	u			no-source;fallback
社會教育	u			no-source;fallback
社會正義	u			no-source;fallback
社會活動	u			no-source;fallback
社會科學	u			no-source;fallback
社會秩序	u			no-source;fallback
社會青年	u			no-source;fallback
祕	u			no-source;fallback
祕密	u			no-source;fallback
祕書	u			no-source;fallback
祕書長	u			no-source;fallback
祖傳秘方	u			no-source;fallback
祖祖輩輩	u			no-source;fallback
祝	u			no-source;fallback
祝願	u			no-source;fallback
神乎其技	u			no-source;fallback
神乎其神	u			no-source;fallback
神仙	u			no-source;fallback
神出鬼沒	u			no-source;fallback
神奇	u			no-source;fallback
神工鬼斧	u			no-source;fallback
神差鬼使	u			no-source;fallback
神志不清	u			no-source;fallback
神思恍惚	u			no-source;fallback
神情	u			no-source;fallback
神態自若	u			no-source;fallback
神智不清	u			no-source;fallback
神智清醒	u			no-source;fallback
神清氣爽	u			no-source;fallback
神父	u			no-source;fallback
神童	u			no-source;fallback
神經中樞	u			no-source;fallback
神經失常	u			no-source;fallback
神經末梢	u			no-source;fallback
神經膠質	u			no-source;fallback
神經錯亂	u			no-source;fallback
神聖	u			no-source;fallback
神色	u			no-source;fallback
神色自若	u			no-source;fallback
神通	u			no-source;fallback
神通廣大	u			no-source;fallback
神龍汽車	u			no-source;fallback
票房價值	u			no-source;fallback
票房毒藥	u			no-source;fallback
票據	u			no-source;fallback
祭	u			no-source;fallback
禁	u			no-source;fallback
禁止停車	u			no-source;fallback
禁止通行	u			no-source;fallback
禁藥	u			no-source;fallback
禍不單行	u			no-source;fallback
禍國殃民	u			no-source;fallback
禍從口出	u			no-source;fallback
禍起蕭牆	u			no-source;fallback
福利事業	u			no-source;fallback
福壽雙全	u			no-source;fallback
福州	u			no-source;fallback
福建	u			no-source;fallback
福星高照	u			no-source;fallback
福無雙至	u			no-source;fallback
福至心靈	u			no-source;fallback
福音	u			no-source;fallback
禮義廉恥	u			no-source;fallback
禽獸不如	u			no-source;fallback
秀色可餐	u			no-source;fallback
私人	u			no-source;fallback
私定終身	u			no-source;fallback
私家	u			no-source;fallback
私家偵探	u			no-source;fallback
私家車	u			no-source;fallback
私心	u			no-source;fallback
私營企業	u			no-source;fallback
私產	u			no-source;fallback
私立學校	u			no-source;fallback
秋後算帳	u			no-source;fallback
秋後算賬	u			no-source;fallback
秋收起義	u			no-source;fallback
秋水伊人	u			no-source;fallback
秋風	u			no-source;fallback
秋風送爽	u			no-source;fallback
秋高氣爽	u			no-source;fallback
科	u			no-source;fallback
科學幻想	u			no-source;fallback
科學普及	u			no-source;fallback
科學種田	u			no-source;fallback
科學管理	u			no-source;fallback
科學精神	u			no-source;fallback
科室	u			no-source;fallback
科幻	u			no-source;fallback
科技	u			no-source;fallback
科技成果	u			no-source;fallback
科普	u			no-source;fallback
科特迪瓦	u			no-source;fallback
科目	u			no-source;fallback
科研小組	u			no-source;fallback
科頭跣足	u			no-source;fallback
秘書長	u			no-source;fallback
秘而不宣	u			no-source;fallback
租樓	u			no-source;fallback
秦	u			no-source;fallback
秦始皇陵	u			no-source;fallback
秦樓楚館	u			no-source;fallback
秦鏡高懸	u			no-source;fallback
移	u			no-source;fallback
移山填海	u			no-source;fallback
移情別戀	u			no-source;fallback
移花接木	u			no-source;fallback
稀土	u			no-source;fallback
稀土金屬	u			no-source;fallback
稀奇古怪	u			no-source;fallback
稀少	u			no-source;fallback
稀有氣體	u			no-source;fallback
稀有金屬	u			no-source;fallback
稀稀拉拉	u			no-source;fallback
稀裏糊塗	u			no-source;fallback
稀飯	u			no-source;fallback
程	u			no-source;fallback
程序控制	u			no-source;fallback
程序設計	u			no-source;fallback
程式	u			no-source;fallback
程控	u			no-source;fallback
稍	u			no-source;fallback
稍勝一籌	u			no-source;fallback
稍安勿躁	u			no-source;fallback
稍安毋躁	u			no-source;fallback
稍微	u			no-source;fallback
稍爲	u			no-source;fallback
稍稍	u			no-source;fallback
稍等	u			no-source;fallback
稍縱即逝	u			no-source;fallback
稍遜一籌	u			no-source;fallback
稚嫩	u			no-source;fallback
稚氣未脱	u			no-source;fallback
種姓製度	u			no-source;fallback
種子植物	u			no-source;fallback
種種	u			no-source;fallback
種類	u			no-source;fallback
稱	u			no-source;fallback
稱之為	u			no-source;fallback
稱之爲	u			no-source;fallback
稱兄道弟	u			no-source;fallback
稱孤道寡	u			no-source;fallback
稱爲	u			no-source;fallback
稱臣	u			no-source;fallback
稱霸世界	u			no-source;fallback
稱霸全球	u			no-source;fallback
稽查	u			no-source;fallback
稽核	u			no-source;fallback
稿件	u			no-source;fallback
稿子	u			no-source;fallback
穆罕默德	u			no-source;fallback
積不相能	u			no-source;fallback
積分方程	u			no-source;fallback
積分變換	u			no-source;fallback
積壓物資	u			no-source;fallback
積少成多	u			no-source;fallback
積極	u			no-source;fallback
積極反應	u			no-source;fallback
積羽沉舟	u			no-source;fallback
穎	u			no-source;fallback
穩	u			no-source;fallback
穩中有降	u			no-source;fallback
穩健	u			no-source;fallback
穩如泰山	u			no-source;fallback
穩妥	u			no-source;fallback
穩定平衡	u			no-source;fallback
穩扎穩打	u			no-source;fallback
穩操勝券	u			no-source;fallback
穩步	u			no-source;fallback
穩紮穩打	u			no-source;fallback
穩重	u			no-source;fallback
穩陣	u			no-source;fallback
究其根源	u			no-source;fallback
究竟	u			no-source;fallback
空中小姐	u			no-source;fallback
空中格鬥	u			no-source;fallback
空中飛人	u			no-source;fallback
空位	u			no-source;fallback
空口無憑	u			no-source;fallback
空姐	u			no-source;fallback
空想	u			no-source;fallback
空戰	u			no-source;fallback
空手而回	u			no-source;fallback
空手而歸	u			no-source;fallback
空氣取樣	u			no-source;fallback
空氣軸承	u			no-source;fallback
空氣阻力	u			no-source;fallback
空洞	u			no-source;fallback
空洞無物	u			no-source;fallback
空無一人	u			no-source;fallback
空無所有	u			no-source;fallback
空穴來風	u			no-source;fallback
空空如也	u			no-source;fallback
空空洞洞	u			no-source;fallback
空空蕩蕩	u			no-source;fallback
空蕩蕩	u			no-source;fallback
空間探測	u			no-source;fallback
穿着打扮	u			no-source;fallback
穿越時空	u			no-source;fallback
穿金戴銀	u			no-source;fallback
穿針引線	u			no-source;fallback
突	u			no-source;fallback
突圍	u			no-source;fallback
突圍而出	u			no-source;fallback
突如其來	u			no-source;fallback
突然	u			no-source;fallback
突破	u			no-source;fallback
窒	u			no-source;fallback
窮兵黷武	u			no-source;fallback
窮則思變	u			no-source;fallback
窮奢極侈	u			no-source;fallback
窮奢極欲	u			no-source;fallback
窮山惡水	u			no-source;fallback
窮於應付	u			no-source;fallback
窮源溯流	u			no-source;fallback
窮當益堅	u			no-source;fallback
窮追不捨	u			no-source;fallback
窮追猛打	u			no-source;fallback
窮途末路	u			no-source;fallback
窮鄉僻壤	u			no-source;fallback
窿	u			no-source;fallback
竊玉偷香	u			no-source;fallback
竊竊私語	u			no-source;fallback
立交橋	u			no-source;fallback
立克次體	u			no-source;fallback
立刻	u			no-source;fallback
立功贖罪	u			no-source;fallback
立即	u			no-source;fallback
立地成佛	u			no-source;fallback
立於不敗	u			no-source;fallback
立杆見影	u			no-source;fallback
立此存照	u			no-source;fallback
立法委員	u			no-source;fallback
立竿見影	u			no-source;fallback
立等可取	u			no-source;fallback
立身處世	u			no-source;fallback
立項	u			no-source;fallback
立體幾何	u			no-source;fallback
站不住腳	u			no-source;fallback
竟	u			no-source;fallback
竟然	u			no-source;fallback
章回小説	u			no-source;fallback
童心未泯	u			no-source;fallback
童男童女	u			no-source;fallback
童言無忌	u			no-source;fallback
童話	u			no-source;fallback
端正	u			no-source;fallback
端莊	u			no-source;fallback
竹	u			no-source;fallback
竹報平安	u			no-source;fallback
竹籃打水	u			no-source;fallback
笑掉大牙	u			no-source;fallback
笑笑口	u			no-source;fallback
笑聲	u			no-source;fallback
笑臉	u			no-source;fallback
笠	u			no-source;fallback
符	u			no-source;fallback
笨	u			no-source;fallback
笨嘴拙舌	u			no-source;fallback
笨手笨腳	u			no-source;fallback
笨拙	u			no-source;fallback
笪	u			no-source;fallback
第	u			no-source;fallback
第一世界	u			no-source;fallback
第一人稱	u			no-source;fallback
第一夫人	u			no-source;fallback
第一把手	u			no-source;fallback
第一時間	u			no-source;fallback
第一桶金	u			no-source;fallback
第一次	u			no-source;fallback
第一產業	u			no-source;fallback
第三人稱	u			no-source;fallback
第二世界	u			no-source;fallback
第二人稱	u			no-source;fallback
第二個	u			no-source;fallback
第二國際	u			no-source;fallback
第二日	u			no-source;fallback
第二朝	u			no-source;fallback
第二次	u			no-source;fallback
第二產業	u			no-source;fallback
第二職業	u			no-source;fallback
第二課堂	u			no-source;fallback
第六感	u			no-source;fallback
第六感覺	u			no-source;fallback
第日	u			no-source;fallback
第時	u			no-source;fallback
筆	u			no-source;fallback
筆直	u			no-source;fallback
筆記	u			no-source;fallback
等一會兒	u			no-source;fallback
等到	u			no-source;fallback
等因奉此	u			no-source;fallback
等如	u			no-source;fallback
等比數列	u			no-source;fallback
等比級數	u			no-source;fallback
等陣	u			no-source;fallback
筋	u			no-source;fallback
答	u			no-source;fallback
答案	u			no-source;fallback
算了	u			no-source;fallback
算數	u			no-source;fallback
算是	u			no-source;fallback
算無遺策	u			no-source;fallback
算術平均數	u			no-source;fallback
管中窺豹	u			no-source;fallback
管束	u			no-source;fallback
管理功能	u			no-source;fallback
管理接口	u			no-source;fallback
管用	u			no-source;fallback
管窺所及	u			no-source;fallback
管絃樂團	u			no-source;fallback
管道運輸	u			no-source;fallback
箭在弦上	u			no-source;fallback
箭步	u			no-source;fallback
節哀順變	u			no-source;fallback
節水	u			no-source;fallback
節節上升	u			no-source;fallback
節節敗退	u			no-source;fallback
節約用水	u			no-source;fallback
節約能源	u			no-source;fallback
節能	u			no-source;fallback
節衣縮食	u			no-source;fallback
篇	u			no-source;fallback
篤	u			no-source;fallback
篳路藍縷	u			no-source;fallback
簡	u			no-source;fallback
簡介	u			no-source;fallback
簡便	u			no-source;fallback
簡化漢字	u			no-source;fallback
簡單勞動	u			no-source;fallback
簡單明瞭	u			no-source;fallback
簡單機械	u			no-source;fallback
簡樸	u			no-source;fallback
簡歷	u			no-source;fallback
簡潔	u			no-source;fallback
簡略	u			no-source;fallback
簡直	u			no-source;fallback
簡稱	u			no-source;fallback
簡簡單單	u			no-source;fallback
簡繁轉換	u			no-source;fallback
簡而言之	u			no-source;fallback
簡要介紹	u			no-source;fallback
簡陋	u			no-source;fallback
簡體	u			no-source;fallback
籃	u			no-source;fallback
籠絡人心	u			no-source;fallback
籠統	u			no-source;fallback
米飯	u			no-source;fallback
粉紅	u			no-source;fallback
粉身碎骨	u			no-source;fallback
粉飾太平	u			no-source;fallback
粒	u			no-source;fallback
粒子物理	u			no-source;fallback
粗口	u			no-source;fallback
粗心	u			no-source;fallback
粗心大意	u			no-source;fallback
粗暴	u			no-source;fallback
粗略	u			no-source;fallback
粗糙	u			no-source;fallback
粗聲大氣	u			no-source;fallback
粗聲粗氣	u			no-source;fallback
粗茶淡飯	u			no-source;fallback
粗製濫造	u			no-source;fallback
粗野	u			no-source;fallback
粘貼	u			no-source;fallback
粟米	u			no-source;fallback
粥少僧多	u			no-source;fallback
粵語	u			no-source;fallback
精	u			no-source;fallback
精仔	u			no-source;fallback
精兵簡政	u			no-source;fallback
精力旺盛	u			no-source;fallback
精叻	u			no-source;fallback
精品	u			no-source;fallback
精子密度	u			no-source;fallback
精密儀器	u			no-source;fallback
精彩	u			no-source;fallback
精彩絕倫	u			no-source;fallback
精忠報國	u			no-source;fallback
精挑細選	u			no-source;fallback
精明	u			no-source;fallback
精煉	u			no-source;fallback
精神健康	u			no-source;fallback
精神分裂	u			no-source;fallback
精神奕奕	u			no-source;fallback
精神抖擻	u			no-source;fallback
精神文明	u			no-source;fallback
精神爽利	u			no-source;fallback
精神百倍	u			no-source;fallback
精神衰弱	u			no-source;fallback
精神財富	u			no-source;fallback
精神面貌	u			no-source;fallback
精神領袖	u			no-source;fallback
精神飽滿	u			no-source;fallback
精美	u			no-source;fallback
精耕細作	u			no-source;fallback
精華	u			no-source;fallback
精衞填海	u			no-source;fallback
精雕細刻	u			no-source;fallback
精雕細琢	u			no-source;fallback
精雕細鏤	u			no-source;fallback
精靈	u			no-source;fallback
糊	u			no-source;fallback
糊塗	u			no-source;fallback
糊糊塗塗	u			no-source;fallback
糊裏糊塗	u			no-source;fallback
糕	u			no-source;fallback
糖水	u			no-source;fallback
糖醋里脊	u			no-source;fallback
糙	u			no-source;fallback
糟	u			no-source;fallback
糟糕	u			no-source;fallback
糧	u			no-source;fallback
糧草先行	u			no-source;fallback
糧食作物	u			no-source;fallback
紀念郵票	u			no-source;fallback
紀錄	u			no-source;fallback
約	u			no-source;fallback
約定俗成	u			no-source;fallback
約會對象	u			no-source;fallback
約束條件	u			no-source;fallback
約法三章	u			no-source;fallback
紅不稜登	u			no-source;fallback
紅人	u			no-source;fallback
紅光滿面	u			no-source;fallback
紅十字會	u			no-source;fallback
紅塵	u			no-source;fallback
紅杏出牆	u			no-source;fallback
紅極一時	u			no-source;fallback
紅樓夢	u			no-source;fallback
紅男綠女	u			no-source;fallback
紅白喜事	u			no-source;fallback
紅綠燈	u			no-source;fallback
紅色高棉	u			no-source;fallback
紅衣主教	u			no-source;fallback
紅頭文件	u			no-source;fallback
紅顏知己	u			no-source;fallback
紅顏薄命	u			no-source;fallback
紈絝子弟	u			no-source;fallback
紋絲不動	u			no-source;fallback
紋身	u			no-source;fallback
納米比亞	u			no-source;fallback
純	u			no-source;fallback
純情	u			no-source;fallback
純潔	u			no-source;fallback
純真	u			no-source;fallback
純粹數學	u			no-source;fallback
紙上談兵	u			no-source;fallback
紙巾	u			no-source;fallback
級數	u			no-source;fallback
紛紛	u			no-source;fallback
紛紛揚揚	u			no-source;fallback
素昧平生	u			no-source;fallback
素淨	u			no-source;fallback
素色	u			no-source;fallback
素面朝天	u			no-source;fallback
素顏	u			no-source;fallback
索性	u			no-source;fallback
紫外線	u			no-source;fallback
紫外線光	u			no-source;fallback
紫羅蘭色	u			no-source;fallback
紫色	u			no-source;fallback
紮	u			no-source;fallback
累死累活	u			no-source;fallback
累計	u			no-source;fallback
細佬	u			no-source;fallback
細個	u			no-source;fallback
細嚼慢嚥	u			no-source;fallback
細大不捐	u			no-source;fallback
細妹	u			no-source;fallback
細小	u			no-source;fallback
細微末節	u			no-source;fallback
細枝末節	u			no-source;fallback
細水長流	u			no-source;fallback
細細個	u			no-source;fallback
細細品味	u			no-source;fallback
細細聲	u			no-source;fallback
細聲	u			no-source;fallback
細聲細氣	u			no-source;fallback
細胞培養	u			no-source;fallback
細胞融合	u			no-source;fallback
細胞週期	u			no-source;fallback
細胞骨架	u			no-source;fallback
細菌武器	u			no-source;fallback
細菌肥料	u			no-source;fallback
細説	u			no-source;fallback
細路	u			no-source;fallback
細路仔	u			no-source;fallback
細隻	u			no-source;fallback
細雨	u			no-source;fallback
紹興	u			no-source;fallback
終	u			no-source;fallback
終審	u			no-source;fallback
終審法院	u			no-source;fallback
終年積雪	u			no-source;fallback
終於	u			no-source;fallback
終生伴侶	u			no-source;fallback
終究	u			no-source;fallback
終身大事	u			no-source;fallback
組	u			no-source;fallback
組合而成	u			no-source;fallback
組合音響	u			no-source;fallback
組建	u			no-source;fallback
組織生活	u			no-source;fallback
組織領導	u			no-source;fallback
結他	u			no-source;fallback
結伴	u			no-source;fallback
結伴同行	u			no-source;fallback
結婚證書	u			no-source;fallback
結拜兄弟	u			no-source;fallback
結束工作	u			no-source;fallback
結核桿菌	u			no-source;fallback
結核菌素	u			no-source;fallback
結業	u			no-source;fallback
結業證書	u			no-source;fallback
結構理論	u			no-source;fallback
結球甘藍	u			no-source;fallback
結界	u			no-source;fallback
結社自由	u			no-source;fallback
結算方式	u			no-source;fallback
結紮	u			no-source;fallback
結紮手術	u			no-source;fallback
結繩記事	u			no-source;fallback
絕	u			no-source;fallback
絕世佳人	u			no-source;fallback
絕交	u			no-source;fallback
絕代佳人	u			no-source;fallback
絕口不提	u			no-source;fallback
絕大多數	u			no-source;fallback
絕大部分	u			no-source;fallback
絕密文件	u			no-source;fallback
絕對	u			no-source;fallback
絕對優勢	u			no-source;fallback
絕對地址	u			no-source;fallback
絕對温度	u			no-source;fallback
絕對濕度	u			no-source;fallback
絕對真理	u			no-source;fallback
絕對觀念	u			no-source;fallback
絕對零度	u			no-source;fallback
絕對高度	u			no-source;fallback
絕情	u			no-source;fallback
絕技	u			no-source;fallback
絕緣材料	u			no-source;fallback
絕育	u			no-source;fallback
絕處逢生	u			no-source;fallback
絕非	u			no-source;fallback
絕頂聰明	u			no-source;fallback
絕食	u			no-source;fallback
絕食抗議	u			no-source;fallback
絞盡腦汁	u			no-source;fallback
絡	u			no-source;fallback
絡繹不絕	u			no-source;fallback
絡腮鬍子	u			no-source;fallback
絢麗多彩	u			no-source;fallback
絮絮叨叨	u			no-source;fallback
統一戰線	u			no-source;fallback
統一招生	u			no-source;fallback
統一發票	u			no-source;fallback
統一規劃	u			no-source;fallback
統一資源	u			no-source;fallback
統治階級	u			no-source;fallback
統籌兼顧	u			no-source;fallback
統購統銷	u			no-source;fallback
絲毫不差	u			no-source;fallback
絲襪	u			no-source;fallback
綁匪	u			no-source;fallback
經久不息	u			no-source;fallback
經久不衰	u			no-source;fallback
經天緯地	u			no-source;fallback
經常	u			no-source;fallback
經年累月	u			no-source;fallback
經歷風雨	u			no-source;fallback
經濟基礎	u			no-source;fallback
經濟效益	u			no-source;fallback
經濟特區	u			no-source;fallback
經濟落後	u			no-source;fallback
經濟週期	u			no-source;fallback
經濟雜交	u			no-source;fallback
經貿	u			no-source;fallback
經院哲學	u			no-source;fallback
經驗老到	u			no-source;fallback
綜上所述	u			no-source;fallback
綜合	u			no-source;fallback
綜合利用	u			no-source;fallback
綜合治理	u			no-source;fallback
綠	u			no-source;fallback
綠地	u			no-source;fallback
綠燈	u			no-source;fallback
綠色植物	u			no-source;fallback
綠草如茵	u			no-source;fallback
維吾爾族	u			no-source;fallback
維吾爾語	u			no-source;fallback
維持秩序	u			no-source;fallback
維護和平	u			no-source;fallback
綱舉目張	u			no-source;fallback
網	u			no-source;fallback
網上銀行	u			no-source;fallback
網址	u			no-source;fallback
網絡協議	u			no-source;fallback
網絡應用	u			no-source;fallback
網絡成癮	u			no-source;fallback
網絡日記	u			no-source;fallback
網絡環境	u			no-source;fallback
網絡管理	u			no-source;fallback
網絡設計	u			no-source;fallback
網絡語言	u			no-source;fallback
網誌	u			no-source;fallback
網路環境	u			no-source;fallback
網開三面	u			no-source;fallback
網頁地址	u			no-source;fallback
綺	u			no-source;fallback
綽約多姿	u			no-source;fallback
綽綽有餘	u			no-source;fallback
綽號	u			no-source;fallback
綾羅綢緞	u			no-source;fallback
綿裏藏針	u			no-source;fallback
緊密相聯	u			no-source;fallback
緊密配合	u			no-source;fallback
緊急狀態	u			no-source;fallback
緊接	u			no-source;fallback
緊緊	u			no-source;fallback
緊要	u			no-source;fallback
緊貼	u			no-source;fallback
緊身	u			no-source;fallback
緊鑼密鼓	u			no-source;fallback
緋聞	u			no-source;fallback
線形動物	u			no-source;fallback
線性規劃	u			no-source;fallback
緣	u			no-source;fallback
緣份	u			no-source;fallback
緣分	u			no-source;fallback
編制	u			no-source;fallback
編程	u			no-source;fallback
編譯	u			no-source;fallback
編輯	u			no-source;fallback
緩	u			no-source;fallback
緩不濟急	u			no-source;fallback
緩慢	u			no-source;fallback
緩期付款	u			no-source;fallback
緩緩	u			no-source;fallback
緩衝區	u			no-source;fallback
緩衝地帶	u			no-source;fallback
緬甸	u			no-source;fallback
練	u			no-source;fallback
縣城	u			no-source;fallback
縣長	u			no-source;fallback
縫縫連連	u			no-source;fallback
縮成一團	u			no-source;fallback
縮手	u			no-source;fallback
縮窄	u			no-source;fallback
縮頭	u			no-source;fallback
縮頭烏龜	u			no-source;fallback
縱	u			no-source;fallback
縱使	u			no-source;fallback
縱情聲色	u			no-source;fallback
縱橫天下	u			no-source;fallback
縱橫捭闔	u			no-source;fallback
縱橫馳騁	u			no-source;fallback
縱然	u			no-source;fallback
縱虎歸山	u			no-source;fallback
總	u			no-source;fallback
總之	u			no-source;fallback
總係	u			no-source;fallback
總價	u			no-source;fallback
總公司	u			no-source;fallback
總共	u			no-source;fallback
總務主任	u			no-source;fallback
總參謀部	u			no-source;fallback
總參謀長	u			no-source;fallback
總司令部	u			no-source;fallback
總局	u			no-source;fallback
總工程師	u			no-source;fallback
總後勤部	u			no-source;fallback
總指揮部	u			no-source;fallback
總是	u			no-source;fallback
總有	u			no-source;fallback
總理	u			no-source;fallback
總的來説	u			no-source;fallback
總監	u			no-source;fallback
總算	u			no-source;fallback
總經理	u			no-source;fallback
總而言之	u			no-source;fallback
總行	u			no-source;fallback
總領事館	u			no-source;fallback
總體目標	u			no-source;fallback
績效	u			no-source;fallback
繁	u			no-source;fallback
繁多	u			no-source;fallback
繁文縟節	u			no-source;fallback
繁星點點	u			no-source;fallback
繁榮昌盛	u			no-source;fallback
繁瑣	u			no-source;fallback
繁體	u			no-source;fallback
繞	u			no-source;fallback
繞來繞去	u			no-source;fallback
繡花枕頭	u			no-source;fallback
繳納	u			no-source;fallback
繳費	u			no-source;fallback
繼母	u			no-source;fallback
繼而	u			no-source;fallback
纏	u			no-source;fallback
纏綿悱惻	u			no-source;fallback
纖塵不染	u			no-source;fallback
纖維植物	u			no-source;fallback
缺一不可	u			no-source;fallback
缺位	u			no-source;fallback
缺口	u			no-source;fallback
缺心少肺	u			no-source;fallback
缺心眼兒	u			no-source;fallback
缺斤短兩	u			no-source;fallback
缺衣少食	u			no-source;fallback
缺貨	u			no-source;fallback
罄竹難書	u			no-source;fallback
罅	u			no-source;fallback
罕	u			no-source;fallback
罕有	u			no-source;fallback
罕見	u			no-source;fallback
罩	u			no-source;fallback
罪不可赦	u			no-source;fallback
罪孽	u			no-source;fallback
罪惡滔天	u			no-source;fallback
罪魁禍首	u			no-source;fallback
置業	u			no-source;fallback
置身事外	u			no-source;fallback
置身其中	u			no-source;fallback
罵	u			no-source;fallback
罵罵咧咧	u			no-source;fallback
罷	u			no-source;fallback
罷了	u			no-source;fallback
罷手	u			no-source;fallback
羅	u			no-source;fallback
羅曼蒂克	u			no-source;fallback
羅馬	u			no-source;fallback
羅馬尼亞	u			no-source;fallback
羅馬數字	u			no-source;fallback
羊入虎口	u			no-source;fallback
羊水穿刺	u			no-source;fallback
羊腸小道	u			no-source;fallback
美不勝收	u			no-source;fallback
美中不足	u			no-source;fallback
美人魚	u			no-source;fallback
美侖美奐	u			no-source;fallback
美味	u			no-source;fallback
美國	u			no-source;fallback
美夢	u			no-source;fallback
美夢成真	u			no-source;fallback
美女	u			no-source;fallback
美容手術	u			no-source;fallback
美工	u			no-source;fallback
美若天仙	u			no-source;fallback
美輪美奐	u			no-source;fallback
美食	u			no-source;fallback
羞	u			no-source;fallback
羞人答答	u			no-source;fallback
羞愧難當	u			no-source;fallback
羞於啓齒	u			no-source;fallback
羣眾	u			no-source;fallback
羣衆	u			no-source;fallback
羣雄逐鹿	u			no-source;fallback
羣體	u			no-source;fallback
羣龍無首	u			no-source;fallback
羥基丁酸	u			no-source;fallback
羥自由基	u			no-source;fallback
羨慕	u			no-source;fallback
義務勞動	u			no-source;fallback
義務教育	u			no-source;fallback
義士	u			no-source;fallback
義工	u			no-source;fallback
義憤填膺	u			no-source;fallback
義正詞嚴	u			no-source;fallback
義母	u			no-source;fallback
義氣	u			no-source;fallback
義薄雲天	u			no-source;fallback
羹	u			no-source;fallback
羽毛球	u			no-source;fallback
羽翼豐滿	u			no-source;fallback
翁牛特旗	u			no-source;fallback
翌日	u			no-source;fallback
習	u			no-source;fallback
習慣用法	u			no-source;fallback
習慣用語	u			no-source;fallback
習非成是	u			no-source;fallback
翩然而至	u			no-source;fallback
翩翩起舞	u			no-source;fallback
翫忽職守	u			no-source;fallback
翰林學士	u			no-source;fallback
翹	u			no-source;fallback
翹首以待	u			no-source;fallback
翻到	u			no-source;fallback
翻山越嶺	u			no-source;fallback
翻江倒海	u			no-source;fallback
翻然悔悟	u			no-source;fallback
翻身	u			no-source;fallback
耀眼	u			no-source;fallback
老人	u			no-source;fallback
老人家	u			no-source;fallback
老友	u			no-source;fallback
老味	u			no-source;fallback
老嘢	u			no-source;fallback
老土	u			no-source;fallback
老大不小	u			no-source;fallback
老太太	u			no-source;fallback
老夫少妻	u			no-source;fallback
老夫老妻	u			no-source;fallback
老奸巨猾	u			no-source;fallback
老孃	u			no-source;fallback
老實	u			no-source;fallback
老少咸宜	u			no-source;fallback
老少無欺	u			no-source;fallback
老少皆宜	u			no-source;fallback
老式	u			no-source;fallback
老弱婦孺	u			no-source;fallback
老成持重	u			no-source;fallback
老手	u			no-source;fallback
老於世故	u			no-source;fallback
老有所養	u			no-source;fallback
老死不相往來	u			no-source;fallback
老母	u			no-source;fallback
老氣橫秋	u			no-source;fallback
老淚縱橫	u			no-source;fallback
老爺	u			no-source;fallback
老生常談	u			no-source;fallback
老當益壯	u			no-source;fallback
老百姓	u			no-source;fallback
老眼昏花	u			no-source;fallback
老神在在	u			no-source;fallback
老細	u			no-source;fallback
老練	u			no-source;fallback
老總	u			no-source;fallback
老羞成怒	u			no-source;fallback
老老實實	u			no-source;fallback
老而彌堅	u			no-source;fallback
老謀深算	u			no-source;fallback
老豆	u			no-source;fallback
老鄉	u			no-source;fallback
老闆娘	u			no-source;fallback
考	u			no-source;fallback
考古	u			no-source;fallback
考核	u			no-source;fallback
考研	u			no-source;fallback
者	u			no-source;fallback
而今	u			no-source;fallback
而家	u			no-source;fallback
而已	u			no-source;fallback
而是	u			no-source;fallback
耍	u			no-source;fallback
耍嘴皮子	u			no-source;fallback
耐	u			no-source;fallback
耐心	u			no-source;fallback
耐火材料	u			no-source;fallback
耐煩	u			no-source;fallback
耗	u			no-source;fallback
耗散	u			no-source;fallback
耗時耗力	u			no-source;fallback
耳	u			no-source;fallback
耳仔	u			no-source;fallback
耳濡目染	u			no-source;fallback
耳目一新	u			no-source;fallback
耳筒	u			no-source;fallback
耳聽八方	u			no-source;fallback
耳邊風	u			no-source;fallback
耳鬢廝磨	u			no-source;fallback
耳鼻咽喉	u			no-source;fallback
耳鼻喉科	u			no-source;fallback
耶穌	u			no-source;fallback
耶路撒冷	u			no-source;fallback
耿耿於懷	u			no-source;fallback
聊	u			no-source;fallback
聊天	u			no-source;fallback
聊天記錄	u			no-source;fallback
聊齋志異	u			no-source;fallback
聖地牙哥	u			no-source;fallback
聖母教堂	u			no-source;fallback
聖盧西亞	u			no-source;fallback
聖誕	u			no-source;fallback
聖誕老人	u			no-source;fallback
聖賢	u			no-source;fallback
聖馬力諾	u			no-source;fallback
聚	u			no-source;fallback
聚訟紛紜	u			no-source;fallback
聚變反應	u			no-source;fallback
聚酯樹脂	u			no-source;fallback
聚酰亞胺	u			no-source;fallback
聞名遐邇	u			no-source;fallback
聞所未聞	u			no-source;fallback
聞風而動	u			no-source;fallback
聯合王國	u			no-source;fallback
聯席會議	u			no-source;fallback
聯機遊戲	u			no-source;fallback
聯立方程	u			no-source;fallback
聯網	u			no-source;fallback
聯繫匯率	u			no-source;fallback
聯繫方式	u			no-source;fallback
聯邦德國	u			no-source;fallback
聰明	u			no-source;fallback
聰明一世	u			no-source;fallback
聰明絕頂	u			no-source;fallback
聲	u			no-source;fallback
聲名大噪	u			no-source;fallback
聲名遠播	u			no-source;fallback
聲情並茂	u			no-source;fallback
聲浪	u			no-source;fallback
聲線	u			no-source;fallback
聲響	u			no-source;fallback
職工	u			no-source;fallback
職業素質	u			no-source;fallback
職業道德	u			no-source;fallback
職稱	u			no-source;fallback
聽不進去	u			no-source;fallback
聽信謠言	u			no-source;fallback
聽力理解	u			no-source;fallback
聽命	u			no-source;fallback
聽唔入耳	u			no-source;fallback
聽日	u			no-source;fallback
聽晚	u			no-source;fallback
聽朝	u			no-source;fallback
聽筒	u			no-source;fallback
聽聞	u			no-source;fallback
聽衆	u			no-source;fallback
聽講	u			no-source;fallback
聽風是雨	u			no-source;fallback
肅然起敬	u			no-source;fallback
肅穆	u			no-source;fallback
肅立	u			no-source;fallback
肆意妄為	u			no-source;fallback
肉中刺	u			no-source;fallback
肉眼	u			no-source;fallback
肉色	u			no-source;fallback
肉酸	u			no-source;fallback
肉食動物	u			no-source;fallback
肉麻	u			no-source;fallback
肌肉注射	u			no-source;fallback
肌肉發達	u			no-source;fallback
肌膚	u			no-source;fallback
肖	u			no-source;fallback
肚	u			no-source;fallback
肚臍	u			no-source;fallback
肚餓	u			no-source;fallback
肛門直腸	u			no-source;fallback
肝腦塗地	u			no-source;fallback
肝腸寸斷	u			no-source;fallback
肝膽俱裂	u			no-source;fallback
股四頭肌	u			no-source;fallback
股市	u			no-source;fallback
股指	u			no-source;fallback
股票代號	u			no-source;fallback
肢體暴力	u			no-source;fallback
肢體衝突	u			no-source;fallback
肥仔	u			no-source;fallback
肥妹	u			no-source;fallback
肥缺	u			no-source;fallback
肥頭大耳	u			no-source;fallback
肩摩踵接	u			no-source;fallback
肩摩轂擊	u			no-source;fallback
肯	u			no-source;fallback
肱二頭肌	u			no-source;fallback
肺結核病	u			no-source;fallback
胃口	u			no-source;fallback
胃蛋白酶	u			no-source;fallback
胃酸過多	u			no-source;fallback
背井離鄉	u			no-source;fallback
背信棄義	u			no-source;fallback
背向	u			no-source;fallback
背城借一	u			no-source;fallback
背對	u			no-source;fallback
背影	u			no-source;fallback
背心	u			no-source;fallback
背脊	u			no-source;fallback
胎死腹中	u			no-source;fallback
胖子	u			no-source;fallback
胚胎發生	u			no-source;fallback
胡	u			no-source;fallback
胡亂	u			no-source;fallback
胡作非為	u			no-source;fallback
胡志明市	u			no-source;fallback
胡編亂造	u			no-source;fallback
胡裏胡塗	u			no-source;fallback
胡説八道	u			no-source;fallback
胸中無數	u			no-source;fallback
胸口	u			no-source;fallback
胸圍	u			no-source;fallback
胸懷大志	u			no-source;fallback
胸無城府	u			no-source;fallback
胸無大志	u			no-source;fallback
胸腺嘧啶	u			no-source;fallback
能上能下	u			no-source;fallback
能屈能伸	u			no-source;fallback
能幹	u			no-source;fallback
能掐會算	u			no-source;fallback
能文能武	u			no-source;fallback
能歌善舞	u			no-source;fallback
能源危機	u			no-source;fallback
能者多勞	u			no-source;fallback
能者為師	u			no-source;fallback
能言善辯	u			no-source;fallback
能言善道	u			no-source;fallback
能量	u			no-source;fallback
能量代謝	u			no-source;fallback
脆弱	u			no-source;fallback
脆片	u			no-source;fallback
脈	u			no-source;fallback
脫	u			no-source;fallback
脫離	u			no-source;fallback
脱口而出	u			no-source;fallback
脱節	u			no-source;fallback
脱衣	u			no-source;fallback
脱貧致富	u			no-source;fallback
脱離實際	u			no-source;fallback
脾	u			no-source;fallback
腎上腺素	u			no-source;fallback
腐敗無能	u			no-source;fallback
腐臭	u			no-source;fallback
腔腸動物	u			no-source;fallback
腥風血雨	u			no-source;fallback
腦力激盪	u			no-source;fallback
腦滿腸肥	u			no-source;fallback
腦際	u			no-source;fallback
腫	u			no-source;fallback
腰椎間盤	u			no-source;fallback
腰痠背痛	u			no-source;fallback
腰纏萬貫	u			no-source;fallback
腳本	u			no-source;fallback
腳步	u			no-source;fallback
腳痛醫腳	u			no-source;fallback
腳踏實地	u			no-source;fallback
腹背受敵	u			no-source;fallback
腿	u			no-source;fallback
膀大腰圓	u			no-source;fallback
膊頭	u			no-source;fallback
膘肥體壯	u			no-source;fallback
膚淺	u			no-source;fallback
膝頭	u			no-source;fallback
膠原纖維	u			no-source;fallback
膠原蛋白	u			no-source;fallback
膠布	u			no-source;fallback
膠紙	u			no-source;fallback
膠袋	u			no-source;fallback
膽大心細	u			no-source;fallback
膽小	u			no-source;fallback
膽小如鼠	u			no-source;fallback
膽破心驚	u			no-source;fallback
膽識過人	u			no-source;fallback
膽顫心驚	u			no-source;fallback
臆測	u			no-source;fallback
臉色	u			no-source;fallback
臉都綠了	u			no-source;fallback
臨	u			no-source;fallback
臨危不亂	u			no-source;fallback
臨危不懼	u			no-source;fallback
臨危受命	u			no-source;fallback
臨時	u			no-source;fallback
臨時代辦	u			no-source;fallback
臨淵羨魚	u			no-source;fallback
臨牀	u			no-source;fallback
臨牀實驗	u			no-source;fallback
臨牀特徵	u			no-source;fallback
臨牀經驗	u			no-source;fallback
臨界壓力	u			no-source;fallback
臨終關懷	u			no-source;fallback
臨陣脱逃	u			no-source;fallback
自	u			no-source;fallback
自下而上	u			no-source;fallback
自不量力	u			no-source;fallback
自以為是	u			no-source;fallback
自作主張	u			no-source;fallback
自作多情	u			no-source;fallback
自作聰明	u			no-source;fallback
自來水	u			no-source;fallback
自來水筆	u			no-source;fallback
自來水管	u			no-source;fallback
自修	u			no-source;fallback
自動	u			no-source;fallback
自動恢復	u			no-source;fallback
自動提款	u			no-source;fallback
自動自發	u			no-source;fallback
自動鉛筆	u			no-source;fallback
自卑	u			no-source;fallback
自卑心理	u			no-source;fallback
自卑感	u			no-source;fallback
自取其辱	u			no-source;fallback
自取滅亡	u			no-source;fallback
自古以來	u			no-source;fallback
自命不凡	u			no-source;fallback
自命清高	u			no-source;fallback
自問	u			no-source;fallback
自問自答	u			no-source;fallback
自嘆弗如	u			no-source;fallback
自嘲	u			no-source;fallback
自報家門	u			no-source;fallback
自學成才	u			no-source;fallback
自尋死路	u			no-source;fallback
自尋煩惱	u			no-source;fallback
自尋短見	u			no-source;fallback
自導自演	u			no-source;fallback
自己	u			no-source;fallback
自己人	u			no-source;fallback
自強自立	u			no-source;fallback
自彈自唱	u			no-source;fallback
自得其樂	u			no-source;fallback
自從	u			no-source;fallback
自愧不如	u			no-source;fallback
自慚形穢	u			no-source;fallback
自慰	u			no-source;fallback
自成一家	u			no-source;fallback
自成一格	u			no-source;fallback
自我介紹	u			no-source;fallback
自我作古	u			no-source;fallback
自我安慰	u			no-source;fallback
自我檢討	u			no-source;fallback
自我解嘲	u			no-source;fallback
自我評價	u			no-source;fallback
自掏腰包	u			no-source;fallback
自掘墳墓	u			no-source;fallback
自暴自棄	u			no-source;fallback
自有主張	u			no-source;fallback
自有公論	u			no-source;fallback
自欺欺人	u			no-source;fallback
自此	u			no-source;fallback
自毀前程	u			no-source;fallback
自毀長城	u			no-source;fallback
自求多福	u			no-source;fallback
自治區	u			no-source;fallback
自治機關	u			no-source;fallback
自然災害	u			no-source;fallback
自然環境	u			no-source;fallback
自然科學	u			no-source;fallback
自然而然	u			no-source;fallback
自然規律	u			no-source;fallback
自甘墮落	u			no-source;fallback
自生自滅	u			no-source;fallback
自用	u			no-source;fallback
自由古巴	u			no-source;fallback
自由心證	u			no-source;fallback
自由意志	u			no-source;fallback
自由戀愛	u			no-source;fallback
自由王國	u			no-source;fallback
自由競爭	u			no-source;fallback
自由職業	u			no-source;fallback
自由自在	u			no-source;fallback
自由落體	u			no-source;fallback
自由貿易	u			no-source;fallback
自相驚擾	u			no-source;fallback
自知理虧	u			no-source;fallback
自私	u			no-source;fallback
自私自利	u			no-source;fallback
自稱	u			no-source;fallback
自立自強	u			no-source;fallback
自肥	u			no-source;fallback
自行其是	u			no-source;fallback
自行決定	u			no-source;fallback
自行解決	u			no-source;fallback
自行車賽	u			no-source;fallback
自視清高	u			no-source;fallback
自覺	u			no-source;fallback
自覺自願	u			no-source;fallback
自言自語	u			no-source;fallback
自負盈虧	u			no-source;fallback
自責	u			no-source;fallback
自費	u			no-source;fallback
自賣自誇	u			no-source;fallback
自身	u			no-source;fallback
自選	u			no-source;fallback
自選動作	u			no-source;fallback
自重	u			no-source;fallback
自食其果	u			no-source;fallback
自食其言	u			no-source;fallback
自食惡果	u			no-source;fallback
自首	u			no-source;fallback
臭	u			no-source;fallback
臭不可聞	u			no-source;fallback
臭氣熏天	u			no-source;fallback
臭狐	u			no-source;fallback
至今	u			no-source;fallback
至多	u			no-source;fallback
至始至終	u			no-source;fallback
至少	u			no-source;fallback
至愛	u			no-source;fallback
至於	u			no-source;fallback
至理名言	u			no-source;fallback
至關重要	u			no-source;fallback
致富	u			no-source;fallback
致癌物	u			no-source;fallback
臺	u			no-source;fallback
臺灣	u			no-source;fallback
臻	u			no-source;fallback
與世無爭	u			no-source;fallback
與世長辭	u			no-source;fallback
與世隔絕	u			no-source;fallback
與其	u			no-source;fallback
與時俱進	u			no-source;fallback
與此同時	u			no-source;fallback
與民同樂	u			no-source;fallback
與生俱來	u			no-source;fallback
與眾不同	u			no-source;fallback
興味索然	u			no-source;fallback
興盛	u			no-source;fallback
興致勃勃	u			no-source;fallback
興趣	u			no-source;fallback
興趣盎然	u			no-source;fallback
舉	u			no-source;fallback
舉一反三	u			no-source;fallback
舉例	u			no-source;fallback
舉措	u			no-source;fallback
舉案齊眉	u			no-source;fallback
舉棋不定	u			no-source;fallback
舉步維艱	u			no-source;fallback
舉目無親	u			no-source;fallback
舉足輕重	u			no-source;fallback
舉重若輕	u			no-source;fallback
舊事重提	u			no-source;fallback
舊地重遊	u			no-source;fallback
舊型	u			no-source;fallback
舊年	u			no-source;fallback
舊日	u			no-source;fallback
舊時	u			no-source;fallback
舊病復發	u			no-source;fallback
舊約全書	u			no-source;fallback
舌尖	u			no-source;fallback
舐犢情深	u			no-source;fallback
舒心	u			no-source;fallback
舒服	u			no-source;fallback
舒緩	u			no-source;fallback
舒舒服服	u			no-source;fallback
舖	u			no-source;fallback
舖頭	u			no-source;fallback
舞文弄墨	u			no-source;fallback
舟車勞頓	u			no-source;fallback
航天飛機	u			no-source;fallback
般	u			no-source;fallback
船堅炮利	u			no-source;fallback
良	u			no-source;fallback
良家女子	u			no-source;fallback
良家婦女	u			no-source;fallback
良師益友	u			no-source;fallback
良心發現	u			no-source;fallback
良民	u			no-source;fallback
良禽擇木	u			no-source;fallback
良種繁育	u			no-source;fallback
良苦用心	u			no-source;fallback
良莠不齊	u			no-source;fallback
良藥苦口	u			no-source;fallback
良辰吉日	u			no-source;fallback
良辰美景	u			no-source;fallback
艱苦奮鬥	u			no-source;fallback
艱難	u			no-source;fallback
艱難險阻	u			no-source;fallback
色即是空	u			no-source;fallback
色厲內荏	u			no-source;fallback
色情	u			no-source;fallback
色情片	u			no-source;fallback
色情行業	u			no-source;fallback
色情雜誌	u			no-source;fallback
芙蓉出水	u			no-source;fallback
芝士蛋糕	u			no-source;fallback
芝麻小事	u			no-source;fallback
芝麻綠豆	u			no-source;fallback
花卉	u			no-source;fallback
花名	u			no-source;fallback
花容失色	u			no-source;fallback
花容月貌	u			no-source;fallback
花心	u			no-source;fallback
花心蘿蔔	u			no-source;fallback
花拳繡腿	u			no-source;fallback
花朝月夕	u			no-source;fallback
花樣年華	u			no-source;fallback
花灑	u			no-source;fallback
花灑頭	u			no-source;fallback
花粉過敏	u			no-source;fallback
花紅	u			no-source;fallback
花紅柳綠	u			no-source;fallback
花花世界	u			no-source;fallback
花花搭搭	u			no-source;fallback
花花綠綠	u			no-source;fallback
花花腸子	u			no-source;fallback
花草樹木	u			no-source;fallback
花邊新聞	u			no-source;fallback
花錢	u			no-source;fallback
苛刻	u			no-source;fallback
苛捐雜税	u			no-source;fallback
苛責	u			no-source;fallback
若	u			no-source;fallback
若即若離	u			no-source;fallback
若干	u			no-source;fallback
若是	u			no-source;fallback
若有所失	u			no-source;fallback
若有所思	u			no-source;fallback
若有若無	u			no-source;fallback
若果	u			no-source;fallback
若無其事	u			no-source;fallback
若隱若現	u			no-source;fallback
苦	u			no-source;fallback
苦不堪言	u			no-source;fallback
苦中作樂	u			no-source;fallback
苦口良藥	u			no-source;fallback
苦心孤詣	u			no-source;fallback
苦心經營	u			no-source;fallback
苦思冥想	u			no-source;fallback
苦澀	u			no-source;fallback
苦笑	u			no-source;fallback
苦苦哀求	u			no-source;fallback
苦難深重	u			no-source;fallback
苯甲酰氯	u			no-source;fallback
英	u			no-source;fallback
英勇犧牲	u			no-source;fallback
英國	u			no-source;fallback
英年早逝	u			no-source;fallback
英文	u			no-source;fallback
英雄氣短	u			no-source;fallback
茄	u			no-source;fallback
茄子河區	u			no-source;fallback
茫然	u			no-source;fallback
茫然若失	u			no-source;fallback
茵	u			no-source;fallback
茶室	u			no-source;fallback
茶樓	u			no-source;fallback
茶飯不思	u			no-source;fallback
茶飯無心	u			no-source;fallback
茶餐廳	u			no-source;fallback
茶餘酒後	u			no-source;fallback
茶餘飯後	u			no-source;fallback
茶點	u			no-source;fallback
茹	u			no-source;fallback
茹毛飲血	u			no-source;fallback
荃灣	u			no-source;fallback
草原	u			no-source;fallback
草木皆兵	u			no-source;fallback
草本植物	u			no-source;fallback
草草	u			no-source;fallback
草草了事	u			no-source;fallback
草草收場	u			no-source;fallback
草莽	u			no-source;fallback
草菅人命	u			no-source;fallback
草食動物	u			no-source;fallback
荒時暴月	u			no-source;fallback
荒涼	u			no-source;fallback
荒淫無度	u			no-source;fallback
荒淫無恥	u			no-source;fallback
荒淫無道	u			no-source;fallback
荒蕪	u			no-source;fallback
荷槍實彈	u			no-source;fallback
莊	u			no-source;fallback
莊子	u			no-source;fallback
莊家	u			no-source;fallback
莊重	u			no-source;fallback
莎士比亞	u			no-source;fallback
莘莘學子	u			no-source;fallback
莞爾一笑	u			no-source;fallback
莫可指數	u			no-source;fallback
莫斯科	u			no-source;fallback
莫桑比克	u			no-source;fallback
莫測高深	u			no-source;fallback
莫衷一是	u			no-source;fallback
莫非	u			no-source;fallback
莽撞	u			no-source;fallback
菊花	u			no-source;fallback
菩薩心腸	u			no-source;fallback
華僑	u			no-source;fallback
華南	u			no-source;fallback
華盛頓	u			no-source;fallback
華而不實	u			no-source;fallback
華語	u			no-source;fallback
華麗	u			no-source;fallback
菲	u			no-source;fallback
菲力牛排	u			no-source;fallback
菲尼克斯	u			no-source;fallback
菲律賓人	u			no-source;fallback
菲律賓語	u			no-source;fallback
萍	u			no-source;fallback
萬丈光芒	u			no-source;fallback
萬丈深淵	u			no-source;fallback
萬世師表	u			no-source;fallback
萬事俱備	u			no-source;fallback
萬事如意	u			no-source;fallback
萬分感激	u			no-source;fallback
萬古流芳	u			no-source;fallback
萬夫不當	u			no-source;fallback
萬夫莫敵	u			no-source;fallback
萬家燈火	u			no-source;fallback
萬有引力	u			no-source;fallback
萬死一生	u			no-source;fallback
萬水千山	u			no-source;fallback
萬用手冊	u			no-source;fallback
萬箭穿心	u			no-source;fallback
萬能	u			no-source;fallback
萬能鑰匙	u			no-source;fallback
萬般無奈	u			no-source;fallback
萬萬不可	u			no-source;fallback
萬裏長城	u			no-source;fallback
萬裏長徵	u			no-source;fallback
萬貫家財	u			no-source;fallback
萬頃碧波	u			no-source;fallback
落井下石	u			no-source;fallback
落伍	u			no-source;fallback
落入法網	u			no-source;fallback
落力	u			no-source;fallback
落嚟	u			no-source;fallback
落地生根	u			no-source;fallback
落地簽證	u			no-source;fallback
落堂	u			no-source;fallback
落於下風	u			no-source;fallback
落水	u			no-source;fallback
落空	u			no-source;fallback
落網	u			no-source;fallback
落花	u			no-source;fallback
落花流水	u			no-source;fallback
落荒而逃	u			no-source;fallback
落落寡歡	u			no-source;fallback
落葉喬木	u			no-source;fallback
落葉歸根	u			no-source;fallback
落街	u			no-source;fallback
落車	u			no-source;fallback
落選	u			no-source;fallback
著	u			no-source;fallback
著作	u			no-source;fallback
著名人物	u			no-source;fallback
著書立説	u			no-source;fallback
著稱於世	u			no-source;fallback
葡萄	u			no-source;fallback
葡萄牙	u			no-source;fallback
董事會	u			no-source;fallback
葷	u			no-source;fallback
蒙古	u			no-source;fallback
蒙特利爾	u			no-source;fallback
蒙羅維亞	u			no-source;fallback
蒸	u			no-source;fallback
蒸騰	u			no-source;fallback
蒼松翠柏	u			no-source;fallback
蒼白無力	u			no-source;fallback
蒼老	u			no-source;fallback
蓄勢待發	u			no-source;fallback
蓄意	u			no-source;fallback
蓋世太保	u			no-source;fallback
蓋世英雄	u			no-source;fallback
蓋棺定論	u			no-source;fallback
蓋棺論定	u			no-source;fallback
蓬萊仙境	u			no-source;fallback
蓬蓽生輝	u			no-source;fallback
蓮	u			no-source;fallback
蔔	u			no-source;fallback
蔚為大觀	u			no-source;fallback
蔚然成風	u			no-source;fallback
蔣	u			no-source;fallback
蔫頭耷腦	u			no-source;fallback
蕃	u			no-source;fallback
蕉	u			no-source;fallback
蕙質蘭心	u			no-source;fallback
蕩	u			no-source;fallback
蕩氣迴腸	u			no-source;fallback
蕩然無存	u			no-source;fallback
蕹	u			no-source;fallback
蕾絲花邊	u			no-source;fallback
薄利多銷	u			no-source;fallback
薄弱環節	u			no-source;fallback
薛	u			no-source;fallback
薩克斯管	u			no-source;fallback
薩克斯風	u			no-source;fallback
薩拉曼卡	u			no-source;fallback
薩拉熱窩	u			no-source;fallback
薩摩耶犬	u			no-source;fallback
薩斯卡通	u			no-source;fallback
薩爾瓦多	u			no-source;fallback
薩爾茨堡	u			no-source;fallback
薪火相傳	u			no-source;fallback
薪盡火傳	u			no-source;fallback
薯	u			no-source;fallback
薯仔	u			no-source;fallback
薯條	u			no-source;fallback
薯片	u			no-source;fallback
藉	u			no-source;fallback
藉助	u			no-source;fallback
藍天白雲	u			no-source;fallback
藍田猿人	u			no-source;fallback
藍顏知己	u			no-source;fallback
藏垢納污	u			no-source;fallback
藏污納垢	u			no-source;fallback
藏頭露尾	u			no-source;fallback
藐視一切	u			no-source;fallback
藤野先生	u			no-source;fallback
藥到病除	u			no-source;fallback
藥水	u			no-source;fallback
藥膏	u			no-source;fallback
藥食同源	u			no-source;fallback
藻類植物	u			no-source;fallback
蘇打粉	u			no-source;fallback
蘇打餅乾	u			no-source;fallback
蘭	u			no-source;fallback
蘭因絮果	u			no-source;fallback
蘭州	u			no-source;fallback
蘭摧玉折	u			no-source;fallback
蘿	u			no-source;fallback
蘿蔔	u			no-source;fallback
虎口拔牙	u			no-source;fallback
虎口餘生	u			no-source;fallback
虎皮鸚鵡	u			no-source;fallback
虎視眈眈	u			no-source;fallback
虎踞龍盤	u			no-source;fallback
虎踞龍蟠	u			no-source;fallback
虎躍龍騰	u			no-source;fallback
虐	u			no-source;fallback
處	u			no-source;fallback
處世原則	u			no-source;fallback
處事原則	u			no-source;fallback
處在	u			no-source;fallback
處境	u			no-source;fallback
處理器	u			no-source;fallback
處處碰壁	u			no-source;fallback
處變不驚	u			no-source;fallback
虛位以待	u			no-source;fallback
虛報冒領	u			no-source;fallback
虛席以待	u			no-source;fallback
虛張聲勢	u			no-source;fallback
虛情假意	u			no-source;fallback
虛應故事	u			no-source;fallback
虛懷若谷	u			no-source;fallback
虛擬	u			no-source;fallback
虛擬環境	u			no-source;fallback
虛有其表	u			no-source;fallback
虛浮	u			no-source;fallback
虛無飄渺	u			no-source;fallback
虛線	u			no-source;fallback
號	u			no-source;fallback
號召	u			no-source;fallback
號碼	u			no-source;fallback
號稱	u			no-source;fallback
虧	u			no-source;fallback
虧佬	u			no-source;fallback
虧本出售	u			no-source;fallback
蚊蟲叮咬	u			no-source;fallback
蛀	u			no-source;fallback
蛇蠍心腸	u			no-source;fallback
蛇蠍美人	u			no-source;fallback
蛇鼠一窩	u			no-source;fallback
蛋蛋	u			no-source;fallback
蛛	u			no-source;fallback
蜀犬吠日	u			no-source;fallback
蜂擁而上	u			no-source;fallback
蜈蚣	u			no-source;fallback
蜕化變質	u			no-source;fallback
蜚聲國際	u			no-source;fallback
蜚聲海外	u			no-source;fallback
蜜糖	u			no-source;fallback
蝕	u			no-source;fallback
蝕錢	u			no-source;fallback
蝦子	u			no-source;fallback
蝦米	u			no-source;fallback
蝦蝦霸霸	u			no-source;fallback
蝴蝶效應	u			no-source;fallback
蝶	u			no-source;fallback
蝸行牛步	u			no-source;fallback
融	u			no-source;fallback
融入	u			no-source;fallback
融為一體	u			no-source;fallback
螢幕	u			no-source;fallback
螳臂擋車	u			no-source;fallback
螳臂當車	u			no-source;fallback
螺絲起子	u			no-source;fallback
蟻	u			no-source;fallback
蠅糞點玉	u			no-source;fallback
蠅頭小利	u			no-source;fallback
蠅頭微利	u			no-source;fallback
蠕形動物	u			no-source;fallback
蠱惑人心	u			no-source;fallback
蠶食鯨吞	u			no-source;fallback
蠻不講理	u			no-source;fallback
血債血償	u			no-source;fallback
血水	u			no-source;fallback
血汗工廠	u			no-source;fallback
血流如注	u			no-source;fallback
血液循環	u			no-source;fallback
血清	u			no-source;fallback
血清蛋白	u			no-source;fallback
血濃於水	u			no-source;fallback
血管硬化	u			no-source;fallback
血統工人	u			no-source;fallback
血緣關係	u			no-source;fallback
血肉	u			no-source;fallback
血肉模糊	u			no-source;fallback
血肉橫飛	u			no-source;fallback
血腥	u			no-source;fallback
血腥瑪麗	u			no-source;fallback
血色	u			no-source;fallback
血跡	u			no-source;fallback
血跡斑斑	u			no-source;fallback
衆	u			no-source;fallback
衆人	u			no-source;fallback
衆多	u			no-source;fallback
行事	u			no-source;fallback
行人天橋	u			no-source;fallback
行使職權	u			no-source;fallback
行俠仗義	u			no-source;fallback
行個方便	u			no-source;fallback
行動不便	u			no-source;fallback
行動自如	u			no-source;fallback
行善積德	u			no-source;fallback
行埋	u			no-source;fallback
行屍走肉	u			no-source;fallback
行山	u			no-source;fallback
行政	u			no-source;fallback
行政區劃	u			no-source;fallback
行政拘留	u			no-source;fallback
行政效率	u			no-source;fallback
行政救濟	u			no-source;fallback
行政會議	u			no-source;fallback
行政管理	u			no-source;fallback
行政院長	u			no-source;fallback
行文流暢	u			no-source;fallback
行爲	u			no-source;fallback
行禮	u			no-source;fallback
行色匆匆	u			no-source;fallback
行萬里路	u			no-source;fallback
行行	u			no-source;fallback
行行企企	u			no-source;fallback
行街	u			no-source;fallback
行路	u			no-source;fallback
行蹤不明	u			no-source;fallback
行雲流水	u			no-source;fallback
術	u			no-source;fallback
街	u			no-source;fallback
街口	u			no-source;fallback
街坊	u			no-source;fallback
街市	u			no-source;fallback
街燈	u			no-source;fallback
街談巷議	u			no-source;fallback
街頭	u			no-source;fallback
街頭巷尾	u			no-source;fallback
衛星	u			no-source;fallback
衝口而出	u			no-source;fallback
衝昏頭腦	u			no-source;fallback
衝破	u			no-source;fallback
衝鋒	u			no-source;fallback
衣	u			no-source;fallback
衣不蔽體	u			no-source;fallback
衣冠不整	u			no-source;fallback
衣冠楚楚	u			no-source;fallback
衣冠禽獸	u			no-source;fallback
衣物	u			no-source;fallback
衣著打扮	u			no-source;fallback
衣衫	u			no-source;fallback
衣衫不整	u			no-source;fallback
衣衫襤褸	u			no-source;fallback
衣食住行	u			no-source;fallback
衣食無憂	u			no-source;fallback
表情	u			no-source;fallback
表意文字	u			no-source;fallback
表白	u			no-source;fallback
表裏不一	u			no-source;fallback
表裏如一	u			no-source;fallback
表述	u			no-source;fallback
表露	u			no-source;fallback
表露無遺	u			no-source;fallback
表面張力	u			no-source;fallback
表面文章	u			no-source;fallback
衫	u			no-source;fallback
衰	u			no-source;fallback
衰人	u			no-source;fallback
衰仔	u			no-source;fallback
衷心	u			no-source;fallback
袋鼠	u			no-source;fallback
袍	u			no-source;fallback
袍笏登場	u			no-source;fallback
袖	u			no-source;fallback
裂	u			no-source;fallback
裏便	u			no-source;fallback
裏邊	u			no-source;fallback
裙帶關係	u			no-source;fallback
補偏救弊	u			no-source;fallback
補助	u			no-source;fallback
補習	u			no-source;fallback
補足	u			no-source;fallback
補釘	u			no-source;fallback
裝備齊全	u			no-source;fallback
裝傻充愣	u			no-source;fallback
裝甲兵	u			no-source;fallback
裝瘋賣傻	u			no-source;fallback
裝神弄鬼	u			no-source;fallback
裝聾作啞	u			no-source;fallback
裝點門面	u			no-source;fallback
裡	u			no-source;fallback
裡面	u			no-source;fallback
裸	u			no-source;fallback
裹足不前	u			no-source;fallback
製	u			no-source;fallback
製成	u			no-source;fallback
製藥	u			no-source;fallback
製藥企業	u			no-source;fallback
製造商	u			no-source;fallback
複印件	u			no-source;fallback
複合	u			no-source;fallback
複合元音	u			no-source;fallback
複變函數	u			no-source;fallback
複雜	u			no-source;fallback
褲	u			no-source;fallback
褲袋	u			no-source;fallback
襟	u			no-source;fallback
襪	u			no-source;fallback
襯	u			no-source;fallback
西伯利亞	u			no-source;fallback
西哈努克	u			no-source;fallback
西安	u			no-source;fallback
西撒哈拉	u			no-source;fallback
西施	u			no-source;fallback
西沙羣島	u			no-source;fallback
西班牙文	u			no-source;fallback
西班牙港	u			no-source;fallback
西班牙語	u			no-source;fallback
西瓜	u			no-source;fallback
西薩摩亞	u			no-source;fallback
西裝革履	u			no-source;fallback
西貢	u			no-source;fallback
西部	u			no-source;fallback
要不	u			no-source;fallback
要不是	u			no-source;fallback
要不然	u			no-source;fallback
要害	u			no-source;fallback
要是	u			no-source;fallback
要死不活	u			no-source;fallback
要死要活	u			no-source;fallback
要言不煩	u			no-source;fallback
要麼	u			no-source;fallback
見不得人	u			no-source;fallback
見仁見智	u			no-source;fallback
見兔顧犬	u			no-source;fallback
見好就收	u			no-source;fallback
見怪不怪	u			no-source;fallback
見招拆招	u			no-source;fallback
見步行步	u			no-source;fallback
見死不救	u			no-source;fallback
見狀	u			no-source;fallback
見獵心喜	u			no-source;fallback
見異思遷	u			no-source;fallback
見稜見角	u			no-source;fallback
見縫就鑽	u			no-source;fallback
見義勇為	u			no-source;fallback
見識	u			no-source;fallback
見財起意	u			no-source;fallback
見賢思齊	u			no-source;fallback
見過世面	u			no-source;fallback
見錢眼開	u			no-source;fallback
見風是雨	u			no-source;fallback
見風轉舵	u			no-source;fallback
見馬克思	u			no-source;fallback
規定動作	u			no-source;fallback
規律	u			no-source;fallback
規矩	u			no-source;fallback
規章	u			no-source;fallback
規範化	u			no-source;fallback
視	u			no-source;fallback
視同己出	u			no-source;fallback
視圖	u			no-source;fallback
視如己出	u			no-source;fallback
視如敝屣	u			no-source;fallback
視為	u			no-source;fallback
視爲	u			no-source;fallback
視神經	u			no-source;fallback
視線	u			no-source;fallback
視若無睹	u			no-source;fallback
視覺神經	u			no-source;fallback
視頻	u			no-source;fallback
視頻會議	u			no-source;fallback
視頻節目	u			no-source;fallback
視頻聊天	u			no-source;fallback
視頻點播	u			no-source;fallback
親上加親	u			no-source;fallback
親人	u			no-source;fallback
親力親為	u			no-source;fallback
親友	u			no-source;fallback
親口	u			no-source;fallback
親如一家	u			no-source;fallback
親子關係	u			no-source;fallback
親密	u			no-source;fallback
親愛	u			no-source;fallback
親戚關係	u			no-source;fallback
親手	u			no-source;fallback
親朋好友	u			no-source;fallback
親王	u			no-source;fallback
親生	u			no-source;fallback
親生父母	u			no-source;fallback
親疏有別	u			no-source;fallback
親眼	u			no-source;fallback
親眼所見	u			no-source;fallback
親筆簽名	u			no-source;fallback
親臨其境	u			no-source;fallback
親臨現場	u			no-source;fallback
親自出馬	u			no-source;fallback
親自掛帥	u			no-source;fallback
親身	u			no-source;fallback
親身經歷	u			no-source;fallback
覺	u			no-source;fallback
觀察入微	u			no-source;fallback
觀衆	u			no-source;fallback
觀賞植物	u			no-source;fallback
解	u			no-source;fallback
解析函數	u			no-source;fallback
解決爭端	u			no-source;fallback
解禁	u			no-source;fallback
解鈴繫鈴	u			no-source;fallback
觸手可及	u			no-source;fallback
觸摸屏	u			no-source;fallback
觸摸屏幕	u			no-source;fallback
觸景傷情	u			no-source;fallback
觸目驚心	u			no-source;fallback
觸礁	u			no-source;fallback
言人人殊	u			no-source;fallback
言出必行	u			no-source;fallback
言多必失	u			no-source;fallback
言情小説	u			no-source;fallback
言歸於好	u			no-source;fallback
言簡意賅	u			no-source;fallback
言者無罪	u			no-source;fallback
言而有信	u			no-source;fallback
言而無信	u			no-source;fallback
言聽計從	u			no-source;fallback
言行舉止	u			no-source;fallback
言語	u			no-source;fallback
言談舉止	u			no-source;fallback
言論	u			no-source;fallback
言論自由	u			no-source;fallback
言過其實	u			no-source;fallback
訂	u			no-source;fallback
訂購	u			no-source;fallback
計	u			no-source;fallback
計上心來	u			no-source;fallback
計件工資	u			no-source;fallback
計時工資	u			no-source;fallback
計時收費	u			no-source;fallback
計量	u			no-source;fallback
訊	u			no-source;fallback
討人喜歡	u			no-source;fallback
討人嫌	u			no-source;fallback
討回公道	u			no-source;fallback
訓	u			no-source;fallback
訓導主任	u			no-source;fallback
記事簿	u			no-source;fallback
記性	u			no-source;fallback
記恨	u			no-source;fallback
記載	u			no-source;fallback
訪員	u			no-source;fallback
訪問方式	u			no-source;fallback
訪貧問苦	u			no-source;fallback
設計程序	u			no-source;fallback
設計規範	u			no-source;fallback
許	u			no-source;fallback
許久	u			no-source;fallback
許可協議	u			no-source;fallback
註明	u			no-source;fallback
証	u			no-source;fallback
評委	u			no-source;fallback
評審	u			no-source;fallback
評審委員	u			no-source;fallback
評選	u			no-source;fallback
評頭論足	u			no-source;fallback
詞不達意	u			no-source;fallback
詞語	u			no-source;fallback
詠	u			no-source;fallback
試問	u			no-source;fallback
試管受孕	u			no-source;fallback
試管嬰兒	u			no-source;fallback
試點	u			no-source;fallback
詩情畫意	u			no-source;fallback
詩詞歌賦	u			no-source;fallback
詭異	u			no-source;fallback
話事	u			no-source;fallback
話到嘴邊	u			no-source;fallback
話口未完	u			no-source;fallback
話唔定	u			no-source;fallback
話裏有話	u			no-source;fallback
話費	u			no-source;fallback
話雖如此	u			no-source;fallback
話音	u			no-source;fallback
該死	u			no-source;fallback
該當何罪	u			no-source;fallback
詳	u			no-source;fallback
詳細	u			no-source;fallback
誇下海口	u			no-source;fallback
誇大其詞	u			no-source;fallback
誇大其辭	u			no-source;fallback
誇誇其談	u			no-source;fallback
認	u			no-source;fallback
認定	u			no-source;fallback
認得	u			no-source;fallback
認爲	u			no-source;fallback
認祖歸宗	u			no-source;fallback
認證	u			no-source;fallback
認識自己	u			no-source;fallback
誒	u			no-source;fallback
誓不罷休	u			no-source;fallback
誓師大會	u			no-source;fallback
語	u			no-source;fallback
語氣助詞	u			no-source;fallback
語無倫次	u			no-source;fallback
語義分析	u			no-source;fallback
語言訓練	u			no-source;fallback
語音信箱	u			no-source;fallback
語音信號	u			no-source;fallback
語音合成	u			no-source;fallback
語音識別	u			no-source;fallback
誠	u			no-source;fallback
誠懇	u			no-source;fallback
誤上賊船	u			no-source;fallback
誤人子弟	u			no-source;fallback
誤打誤撞	u			no-source;fallback
誤會	u			no-source;fallback
誨人不倦	u			no-source;fallback
說	u			no-source;fallback
說不定	u			no-source;fallback
說明	u			no-source;fallback
說服	u			no-source;fallback
說話	u			no-source;fallback
說道	u			no-source;fallback
説不定	u			no-source;fallback
説來話長	u			no-source;fallback
説唱文學	u			no-source;fallback
説實話	u			no-source;fallback
説得過去	u			no-source;fallback
説短論長	u			no-source;fallback
説道	u			no-source;fallback
課外作業	u			no-source;fallback
課外書	u			no-source;fallback
課外活動	u			no-source;fallback
課外讀物	u			no-source;fallback
課外輔導	u			no-source;fallback
課室	u			no-source;fallback
調	u			no-source;fallback
調研	u			no-source;fallback
調虎離山	u			no-source;fallback
調解	u			no-source;fallback
調試	u			no-source;fallback
調頭	u			no-source;fallback
諂上欺下	u			no-source;fallback
諄諄告誡	u			no-source;fallback
談古論今	u			no-source;fallback
談情説愛	u			no-source;fallback
談笑	u			no-source;fallback
談虎色變	u			no-source;fallback
請勿	u			no-source;fallback
請勿打擾	u			no-source;fallback
請君入甕	u			no-source;fallback
請問	u			no-source;fallback
請多關照	u			no-source;fallback
請柬	u			no-source;fallback
請示	u			no-source;fallback
論資排輩	u			no-source;fallback
諗	u			no-source;fallback
諗法	u			no-source;fallback
諸事不順	u			no-source;fallback
諸如	u			no-source;fallback
諸子百家	u			no-source;fallback
諾貝爾獎	u			no-source;fallback
謀殺案	u			no-source;fallback
謀財害命	u			no-source;fallback
謙	u			no-source;fallback
謙虛	u			no-source;fallback
謙遜	u			no-source;fallback
講乜	u			no-source;fallback
講和	u			no-source;fallback
講嘢	u			no-source;fallback
講大話	u			no-source;fallback
講法	u			no-source;fallback
講理	u			no-source;fallback
講真	u			no-source;fallback
講究	u			no-source;fallback
講笑	u			no-source;fallback
講緊	u			no-source;fallback
講聲	u			no-source;fallback
講解	u			no-source;fallback
講開又講	u			no-source;fallback
謝通門縣	u			no-source;fallback
謠言惑眾	u			no-source;fallback
謹小慎微	u			no-source;fallback
謹言慎行	u			no-source;fallback
謹防假冒	u			no-source;fallback
證券經營	u			no-source;fallback
證據確鑿	u			no-source;fallback
證明文件	u			no-source;fallback
識	u			no-source;fallback
識得	u			no-source;fallback
識文斷字	u			no-source;fallback
識時務	u			no-source;fallback
識講	u			no-source;fallback
識講嘢	u			no-source;fallback
識趣	u			no-source;fallback
警備司令	u			no-source;fallback
警員	u			no-source;fallback
警民衝突	u			no-source;fallback
警示	u			no-source;fallback
警署	u			no-source;fallback
譬如	u			no-source;fallback
議事規則	u			no-source;fallback
議案	u			no-source;fallback
議論紛紛	u			no-source;fallback
護士學校	u			no-source;fallback
護航艦隊	u			no-source;fallback
讀書	u			no-source;fallback
變做	u			no-source;fallback
變化無常	u			no-source;fallback
變化莫測	u			no-source;fallback
變味	u			no-source;fallback
變壓器	u			no-source;fallback
變幻莫測	u			no-source;fallback
變態反應	u			no-source;fallback
變本加厲	u			no-source;fallback
變為	u			no-source;fallback
變爲	u			no-source;fallback
變生肘腋	u			no-source;fallback
變臉	u			no-source;fallback
讓人羨慕	u			no-source;fallback
讚	u			no-source;fallback
讚不絕口	u			no-source;fallback
讚歎不已	u			no-source;fallback
谷	u			no-source;fallback
谷底	u			no-source;fallback
豆瓣	u			no-source;fallback
豆腐	u			no-source;fallback
豆蔻年華	u			no-source;fallback
豈敢	u			no-source;fallback
豈料	u			no-source;fallback
豈止	u			no-source;fallback
豐功偉業	u			no-source;fallback
豐功偉績	u			no-source;fallback
豐收	u			no-source;fallback
豐滿	u			no-source;fallback
豐盛	u			no-source;fallback
豐衣足食	u			no-source;fallback
象形文字	u			no-source;fallback
象牙海岸	u			no-source;fallback
豪	u			no-source;fallback
豪宅	u			no-source;fallback
豪情萬丈	u			no-source;fallback
豪放	u			no-source;fallback
豪言壯語	u			no-source;fallback
豬仔	u			no-source;fallback
豬扒	u			no-source;fallback
豬排	u			no-source;fallback
豬朋狗友	u			no-source;fallback
豬肉	u			no-source;fallback
貌不驚人	u			no-source;fallback
貌似	u			no-source;fallback
貌美如花	u			no-source;fallback
貓哭老鼠	u			no-source;fallback
貓鼠遊戲	u			no-source;fallback
貞	u			no-source;fallback
貞潔	u			no-source;fallback
貞節牌坊	u			no-source;fallback
負債累累	u			no-source;fallback
負荊請罪	u			no-source;fallback
負責人	u			no-source;fallback
負面	u			no-source;fallback
負面影響	u			no-source;fallback
財務報表	u			no-source;fallback
財務總監	u			no-source;fallback
財務軟件	u			no-source;fallback
財團法人	u			no-source;fallback
財大氣粗	u			no-source;fallback
財政	u			no-source;fallback
財政危機	u			no-source;fallback
財政部	u			no-source;fallback
財政部長	u			no-source;fallback
財政預算	u			no-source;fallback
財源廣進	u			no-source;fallback
財源滾滾	u			no-source;fallback
財產價值	u			no-source;fallback
財產公證	u			no-source;fallback
財運亨通	u			no-source;fallback
貢	u			no-source;fallback
貧下中農	u			no-source;fallback
貧富懸殊	u			no-source;fallback
貧寒	u			no-source;fallback
貧弱	u			no-source;fallback
貧病交加	u			no-source;fallback
貧病交迫	u			no-source;fallback
貨	u			no-source;fallback
貨到付款	u			no-source;fallback
貨櫃	u			no-source;fallback
貨款	u			no-source;fallback
貨源	u			no-source;fallback
貨真價實	u			no-source;fallback
販夫走卒	u			no-source;fallback
販賣人口	u			no-source;fallback
貪	u			no-source;fallback
貪婪無厭	u			no-source;fallback
貪官	u			no-source;fallback
貪小便宜	u			no-source;fallback
貪小失大	u			no-source;fallback
貪得無厭	u			no-source;fallback
貪心	u			no-source;fallback
貪心不足	u			no-source;fallback
貪污受賄	u			no-source;fallback
貪生怕死	u			no-source;fallback
貪贓枉法	u			no-source;fallback
貫徹始終	u			no-source;fallback
貫穿	u			no-source;fallback
責任事故	u			no-source;fallback
責任心	u			no-source;fallback
責任感	u			no-source;fallback
貴妃醉酒	u			no-source;fallback
貴族身份	u			no-source;fallback
貴陽	u			no-source;fallback
貶	u			no-source;fallback
貶抑	u			no-source;fallback
貶損	u			no-source;fallback
貶斥	u			no-source;fallback
買櫝還珠	u			no-source;fallback
費事	u			no-source;fallback
費利克斯	u			no-source;fallback
費力	u			no-source;fallback
費勁	u			no-source;fallback
費盡心思	u			no-source;fallback
費盡心機	u			no-source;fallback
貼	u			no-source;fallback
貼紙	u			no-source;fallback
貽害無窮	u			no-source;fallback
貽笑大方	u			no-source;fallback
資不抵債	u			no-source;fallback
資料傳輸	u			no-source;fallback
資料庫	u			no-source;fallback
資本外逃	u			no-source;fallback
資產剝離	u			no-source;fallback
資產階級	u			no-source;fallback
資訊	u			no-source;fallback
資訊科技	u			no-source;fallback
賈	u			no-source;fallback
賊	u			no-source;fallback
賊喊捉賊	u			no-source;fallback
賊眉鼠眼	u			no-source;fallback
賊頭賊腦	u			no-source;fallback
賓至如歸	u			no-source;fallback
賜	u			no-source;fallback
賞心悦目	u			no-source;fallback
賞心樂事	u			no-source;fallback
賠錢	u			no-source;fallback
賢	u			no-source;fallback
賢人	u			no-source;fallback
賢達	u			no-source;fallback
賣國求榮	u			no-source;fallback
賣官鬻爵	u			no-source;fallback
賣身投靠	u			no-source;fallback
質次價高	u			no-source;fallback
質疑問難	u			no-source;fallback
質素	u			no-source;fallback
質量	u			no-source;fallback
質量保障	u			no-source;fallback
質量檢查	u			no-source;fallback
賬房	u			no-source;fallback
賬房先生	u			no-source;fallback
賭	u			no-source;fallback
賴	u			no-source;fallback
賴牀	u			no-source;fallback
賽車	u			no-source;fallback
赤膽忠心	u			no-source;fallback
赤身露體	u			no-source;fallback
赫爾墨斯	u			no-source;fallback
赫耳墨斯	u			no-source;fallback
赫赫	u			no-source;fallback
走下坡	u			no-source;fallback
走人	u			no-source;fallback
走勢	u			no-source;fallback
走投無路	u			no-source;fallback
走樣	u			no-source;fallback
走漏風聲	u			no-source;fallback
走火	u			no-source;fallback
走火入魔	u			no-source;fallback
走親訪友	u			no-source;fallback
走馬上任	u			no-source;fallback
走馬觀花	u			no-source;fallback
走馬赴任	u			no-source;fallback
赴湯蹈火	u			no-source;fallback
起勢	u			no-source;fallback
起嚟	u			no-source;fallback
起始	u			no-source;fallback
起居飲食	u			no-source;fallback
起承轉合	u			no-source;fallback
起早摸黑	u			no-source;fallback
起碼	u			no-source;fallback
起行	u			no-source;fallback
起身	u			no-source;fallback
起重葫蘆	u			no-source;fallback
起頭	u			no-source;fallback
趁	u			no-source;fallback
趁機	u			no-source;fallback
趁火打劫	u			no-source;fallback
趁虛而入	u			no-source;fallback
超人	u			no-source;fallback
超前	u			no-source;fallback
超前意識	u			no-source;fallback
超前消費	u			no-source;fallback
超導電性	u			no-source;fallback
超敏反應	u			no-source;fallback
超級	u			no-source;fallback
超級大國	u			no-source;fallback
超級女生	u			no-source;fallback
超級鏈接	u			no-source;fallback
超羣絕倫	u			no-source;fallback
超脱	u			no-source;fallback
超連結	u			no-source;fallback
超額利潤	u			no-source;fallback
越	u			no-source;fallback
越來越	u			no-source;fallback
越俎代庖	u			no-source;fallback
越冬作物	u			no-source;fallback
越南	u			no-source;fallback
越嚟越	u			no-source;fallback
越幫越忙	u			no-source;fallback
越獄	u			no-source;fallback
越王勾踐	u			no-source;fallback
越發	u			no-source;fallback
趕	u			no-source;fallback
趕到	u			no-source;fallback
趕盡殺絕	u			no-source;fallback
趙	u			no-source;fallback
趙公元帥	u			no-source;fallback
趣味	u			no-source;fallback
趨利避害	u			no-source;fallback
趨於	u			no-source;fallback
足不出户	u			no-source;fallback
足以	u			no-source;fallback
足智多謀	u			no-source;fallback
足足	u			no-source;fallback
趴	u			no-source;fallback
跋山涉水	u			no-source;fallback
跌	u			no-source;fallback
跌市	u			no-source;fallback
跌打	u			no-source;fallback
跌打損傷	u			no-source;fallback
跌破眼鏡	u			no-source;fallback
跌跌撞撞	u			no-source;fallback
跑跑跳跳	u			no-source;fallback
跑跑顛顛	u			no-source;fallback
跑車	u			no-source;fallback
跟	u			no-source;fallback
跟從	u			no-source;fallback
跟手	u			no-source;fallback
跡象	u			no-source;fallback
跨學科	u			no-source;fallback
跨海大橋	u			no-source;fallback
跪低	u			no-source;fallback
跪地求饒	u			no-source;fallback
路人皆知	u			no-source;fallback
路子	u			no-source;fallback
路段	u			no-source;fallback
路由協議	u			no-source;fallback
路由器	u			no-source;fallback
跳樓	u			no-source;fallback
踉踉蹌蹌	u			no-source;fallback
踊躍	u			no-source;fallback
踏入	u			no-source;fallback
踏實	u			no-source;fallback
踏雪尋梅	u			no-source;fallback
踏青賞花	u			no-source;fallback
踟躕不前	u			no-source;fallback
踢波	u			no-source;fallback
踽踽獨行	u			no-source;fallback
蹉跎歲月	u			no-source;fallback
蹤	u			no-source;fallback
蹤影	u			no-source;fallback
躉	u			no-source;fallback
躍躍欲試	u			no-source;fallback
身	u			no-source;fallback
身不由己	u			no-source;fallback
身世	u			no-source;fallback
身份證	u			no-source;fallback
身先士卒	u			no-source;fallback
身兼數職	u			no-source;fallback
身分	u			no-source;fallback
身子	u			no-source;fallback
身家性命	u			no-source;fallback
身強力壯	u			no-source;fallback
身形	u			no-source;fallback
身影	u			no-source;fallback
身心交瘁	u			no-source;fallback
身心健康	u			no-source;fallback
身懷六甲	u			no-source;fallback
身懷絕技	u			no-source;fallback
身手	u			no-source;fallback
身旁	u			no-source;fallback
身材	u			no-source;fallback
身歷其境	u			no-source;fallback
身為	u			no-source;fallback
身爲	u			no-source;fallback
身經百戰	u			no-source;fallback
身臨其境	u			no-source;fallback
身處	u			no-source;fallback
身負重任	u			no-source;fallback
身負重傷	u			no-source;fallback
身軀	u			no-source;fallback
身邊	u			no-source;fallback
身首異處	u			no-source;fallback
身體健康	u			no-source;fallback
身體力行	u			no-source;fallback
身體部分	u			no-source;fallback
身高	u			no-source;fallback
車仔	u			no-source;fallback
車型	u			no-source;fallback
車夫	u			no-source;fallback
車尾	u			no-source;fallback
車廂	u			no-source;fallback
車牌號碼	u			no-source;fallback
車禍	u			no-source;fallback
車程	u			no-source;fallback
車站	u			no-source;fallback
車轆	u			no-source;fallback
車頂	u			no-source;fallback
車頭	u			no-source;fallback
軍事委員	u			no-source;fallback
軍事學校	u			no-source;fallback
軍事法庭	u			no-source;fallback
軍事演習	u			no-source;fallback
軍事科學	u			no-source;fallback
軍事訓練	u			no-source;fallback
軍事顧問	u			no-source;fallback
軍事體育	u			no-source;fallback
軍令如山	u			no-source;fallback
軍委	u			no-source;fallback
軍官學校	u			no-source;fallback
軍工	u			no-source;fallback
軍方	u			no-source;fallback
軍校	u			no-source;fallback
軍火交易	u			no-source;fallback
軍用機場	u			no-source;fallback
軍用物資	u			no-source;fallback
軍訓	u			no-source;fallback
軍閥混戰	u			no-source;fallback
軒	u			no-source;fallback
軟	u			no-source;fallback
軟件企業	u			no-source;fallback
軟弱	u			no-source;fallback
軟弱無力	u			no-source;fallback
軟硬兼施	u			no-source;fallback
較	u			no-source;fallback
較為	u			no-source;fallback
較爲	u			no-source;fallback
載入史冊	u			no-source;fallback
載歌載舞	u			no-source;fallback
輔助貨幣	u			no-source;fallback
輕便	u			no-source;fallback
輕口薄舌	u			no-source;fallback
輕嘴薄舌	u			no-source;fallback
輕巧方便	u			no-source;fallback
輕微	u			no-source;fallback
輕快	u			no-source;fallback
輕慢	u			no-source;fallback
輕易	u			no-source;fallback
輕柔	u			no-source;fallback
輕機關槍	u			no-source;fallback
輕浮	u			no-source;fallback
輕率	u			no-source;fallback
輕省	u			no-source;fallback
輕而易舉	u			no-source;fallback
輕聲	u			no-source;fallback
輕舉妄動	u			no-source;fallback
輕裘肥馬	u			no-source;fallback
輕言細語	u			no-source;fallback
輕車熟路	u			no-source;fallback
輕輕	u			no-source;fallback
輕輕鬆鬆	u			no-source;fallback
輕量	u			no-source;fallback
輕鬆	u			no-source;fallback
輕鬆愉快	u			no-source;fallback
輛	u			no-source;fallback
輸入法	u			no-source;fallback
輸油管線	u			no-source;fallback
輻射劑量	u			no-source;fallback
輻射強度	u			no-source;fallback
輻射防護	u			no-source;fallback
輾轉反側	u			no-source;fallback
轄區	u			no-source;fallback
轆	u			no-source;fallback
轆轆	u			no-source;fallback
轉入地下	u			no-source;fallback
轉動慣量	u			no-source;fallback
轉危為安	u			no-source;fallback
轉向	u			no-source;fallback
轉向信號	u			no-source;fallback
轉向燈	u			no-source;fallback
轉型	u			no-source;fallback
轉學	u			no-source;fallback
轉悲為喜	u			no-source;fallback
轉會	u			no-source;fallback
轉校	u			no-source;fallback
轉機	u			no-source;fallback
轉氨基酶	u			no-source;fallback
轉眼	u			no-source;fallback
轉眼即逝	u			no-source;fallback
轉瞬即逝	u			no-source;fallback
轉瞬間	u			no-source;fallback
轉移安置	u			no-source;fallback
轉移視線	u			no-source;fallback
轉角	u			no-source;fallback
轉變過程	u			no-source;fallback
轉賬	u			no-source;fallback
轉載	u			no-source;fallback
轉速	u			no-source;fallback
轉頭	u			no-source;fallback
轍亂旗靡	u			no-source;fallback
轎車	u			no-source;fallback
轟	u			no-source;fallback
轟動一時	u			no-source;fallback
轟動效應	u			no-source;fallback
轟隆	u			no-source;fallback
辛丑條約	u			no-source;fallback
辛亥革命	u			no-source;fallback
辛辛苦苦	u			no-source;fallback
辜負	u			no-source;fallback
辣	u			no-source;fallback
辣手摧花	u			no-source;fallback
辦事處	u			no-source;fallback
辦公地址	u			no-source;fallback
辦公時間	u			no-source;fallback
辦公會議	u			no-source;fallback
辦妥	u			no-source;fallback
辦學	u			no-source;fallback
辦案	u			no-source;fallback
辨證施治	u			no-source;fallback
辨證論治	u			no-source;fallback
辭	u			no-source;fallback
辭不達意	u			no-source;fallback
辭典	u			no-source;fallback
辮	u			no-source;fallback
辯證邏輯	u			no-source;fallback
農事活動	u			no-source;fallback
農曆新年	u			no-source;fallback
農業工人	u			no-source;fallback
農機	u			no-source;fallback
農民工	u			no-source;fallback
農民戰爭	u			no-source;fallback
農民起義	u			no-source;fallback
農民階級	u			no-source;fallback
農田水利	u			no-source;fallback
農藥	u			no-source;fallback
迂迴曲折	u			no-source;fallback
迄今為止	u			no-source;fallback
迅速	u			no-source;fallback
迎來送往	u			no-source;fallback
迎戰	u			no-source;fallback
迎擊	u			no-source;fallback
迎面	u			no-source;fallback
迎頭痛擊	u			no-source;fallback
近在咫尺	u			no-source;fallback
近年來	u			no-source;fallback
近排	u			no-source;fallback
近況	u			no-source;fallback
近鄉情怯	u			no-source;fallback
返嚟	u			no-source;fallback
返學	u			no-source;fallback
返屋企	u			no-source;fallback
返工	u			no-source;fallback
返璞歸真	u			no-source;fallback
返轉頭	u			no-source;fallback
返還	u			no-source;fallback
迫不及待	u			no-source;fallback
迫於無奈	u			no-source;fallback
述而不作	u			no-source;fallback
迴	u			no-source;fallback
迴光返照	u			no-source;fallback
迴天乏術	u			no-source;fallback
迴心轉意	u			no-source;fallback
迷	u			no-source;fallback
迷人	u			no-source;fallback
迷惑不解	u			no-source;fallback
迷惘	u			no-source;fallback
迷茫	u			no-source;fallback
迷走神經	u			no-source;fallback
迷途知返	u			no-source;fallback
追悔	u			no-source;fallback
追憶往事	u			no-source;fallback
追擊	u			no-source;fallback
追本溯源	u			no-source;fallback
追本窮源	u			no-source;fallback
追根問底	u			no-source;fallback
追根溯源	u			no-source;fallback
追根究底	u			no-source;fallback
追究責任	u			no-source;fallback
退	u			no-source;fallback
退一步	u			no-source;fallback
退休年齡	u			no-source;fallback
退守	u			no-source;fallback
退役	u			no-source;fallback
退後	u			no-source;fallback
退燒	u			no-source;fallback
退訂	u			no-source;fallback
退貨	u			no-source;fallback
退避三舍	u			no-source;fallback
退還	u			no-source;fallback
送到	u			no-source;fallback
送禮	u			no-source;fallback
送貨上門	u			no-source;fallback
送貨到家	u			no-source;fallback
逃出生天	u			no-source;fallback
逃離	u			no-source;fallback
逃離現場	u			no-source;fallback
逆反心理	u			no-source;fallback
逆向行駛	u			no-source;fallback
逆我者亡	u			no-source;fallback
逆水行舟	u			no-source;fallback
逆風而行	u			no-source;fallback
逍遙自得	u			no-source;fallback
透	u			no-source;fallback
透明	u			no-source;fallback
逐一	u			no-source;fallback
逐個	u			no-source;fallback
逐字逐句	u			no-source;fallback
逐漸	u			no-source;fallback
逐鹿中原	u			no-source;fallback
途中	u			no-source;fallback
逗人喜愛	u			no-source;fallback
這些	u			no-source;fallback
這個	u			no-source;fallback
這兒	u			no-source;fallback
這就是説	u			no-source;fallback
這時	u			no-source;fallback
這時候	u			no-source;fallback
這樣	u			no-source;fallback
這樣一來	u			no-source;fallback
這次	u			no-source;fallback
這裏	u			no-source;fallback
這裡	u			no-source;fallback
這邊	u			no-source;fallback
這麼	u			no-source;fallback
通	u			no-source;fallback
通俗	u			no-source;fallback
通俗文學	u			no-source;fallback
通俗易懂	u			no-source;fallback
通俗讀物	u			no-source;fallback
通信地址	u			no-source;fallback
通信網	u			no-source;fallback
通信線路	u			no-source;fallback
通商口岸	u			no-source;fallback
通宵	u			no-source;fallback
通常	u			no-source;fallback
通心粉	u			no-source;fallback
通情達理	u			no-source;fallback
通明	u			no-source;fallback
通用電器	u			no-source;fallback
通縮	u			no-source;fallback
通融	u			no-source;fallback
通行無阻	u			no-source;fallback
通訊員	u			no-source;fallback
通話	u			no-source;fallback
通通	u			no-source;fallback
通關	u			no-source;fallback
通順	u			no-source;fallback
通風報信	u			no-source;fallback
通風報訊	u			no-source;fallback
逛來逛去	u			no-source;fallback
逛街	u			no-source;fallback
速	u			no-source;fallback
速戰速決	u			no-source;fallback
速效肥料	u			no-source;fallback
速溶咖啡	u			no-source;fallback
速遞	u			no-source;fallback
造作	u			no-source;fallback
造假	u			no-source;fallback
造就人才	u			no-source;fallback
造福人類	u			no-source;fallback
造船業	u			no-source;fallback
造謠中傷	u			no-source;fallback
造謠惑眾	u			no-source;fallback
逢	u			no-source;fallback
逢低買進	u			no-source;fallback
逢凶化吉	u			no-source;fallback
逢場作戲	u			no-source;fallback
逢年過節	u			no-source;fallback
逢高賣出	u			no-source;fallback
連中三元	u			no-source;fallback
連同	u			no-source;fallback
連名帶姓	u			no-source;fallback
連哄帶騙	u			no-source;fallback
連帶	u			no-source;fallback
連帶責任	u			no-source;fallback
連本帶利	u			no-source;fallback
連根拔起	u			no-source;fallback
連滾帶爬	u			no-source;fallback
連綿不絕	u			no-source;fallback
連續劇	u			no-source;fallback
連軸轉	u			no-source;fallback
連鎖反應	u			no-source;fallback
連體嬰	u			no-source;fallback
連體嬰兒	u			no-source;fallback
週報	u			no-source;fallback
週年	u			no-source;fallback
週末愉快	u			no-source;fallback
週而復始	u			no-source;fallback
進一步	u			no-source;fallback
進出	u			no-source;fallback
進出口商	u			no-source;fallback
進取	u			no-source;fallback
進度	u			no-source;fallback
進發	u			no-source;fallback
進行性交	u			no-source;fallback
進行編程	u			no-source;fallback
進貨	u			no-source;fallback
進退失據	u			no-source;fallback
進退維谷	u			no-source;fallback
進退自如	u			no-source;fallback
進食	u			no-source;fallback
逼上梁山	u			no-source;fallback
逼於無奈	u			no-source;fallback
遁入空門	u			no-source;fallback
遂心如意	u			no-source;fallback
遇	u			no-source;fallback
遇到	u			no-source;fallback
遇害	u			no-source;fallback
遊	u			no-source;fallback
遊人如織	u			no-source;fallback
遊刃有餘	u			no-source;fallback
遊吟詩人	u			no-source;fallback
遊戲人間	u			no-source;fallback
遊戲機	u			no-source;fallback
遊手好閒	u			no-source;fallback
遊牧民族	u			no-source;fallback
遊行示威	u			no-source;fallback
遊逛	u			no-source;fallback
遊魂	u			no-source;fallback
運動方程	u			no-source;fallback
運動會	u			no-source;fallback
運動神經	u			no-source;fallback
運營	u			no-source;fallback
運算法則	u			no-source;fallback
運籌帷幄	u			no-source;fallback
運行方式	u			no-source;fallback
遍地開花	u			no-source;fallback
遍體鱗傷	u			no-source;fallback
過人	u			no-source;fallback
過份	u			no-source;fallback
過冬作物	u			no-source;fallback
過分	u			no-source;fallback
過問	u			no-source;fallback
過嚟	u			no-source;fallback
過境簽證	u			no-source;fallback
過失殺人	u			no-source;fallback
過後	u			no-source;fallback
過意不去	u			no-source;fallback
過於	u			no-source;fallback
過日子	u			no-source;fallback
過時不候	u			no-source;fallback
過氣	u			no-source;fallback
過渡內閣	u			no-source;fallback
過渡金屬	u			no-source;fallback
過生日	u			no-source;fallback
過癮	u			no-source;fallback
過眼雲煙	u			no-source;fallback
過街天橋	u			no-source;fallback
過街老鼠	u			no-source;fallback
過路財神	u			no-source;fallback
過關	u			no-source;fallback
過關斬將	u			no-source;fallback
過頭	u			no-source;fallback
道	u			no-source;fallback
道具	u			no-source;fallback
道別	u			no-source;fallback
道士	u			no-source;fallback
道德	u			no-source;fallback
道德品質	u			no-source;fallback
道德認識	u			no-source;fallback
道理	u			no-source;fallback
道門	u			no-source;fallback
達	u			no-source;fallback
達坂城區	u			no-source;fallback
達官貴人	u			no-source;fallback
達斡爾族	u			no-source;fallback
達魯花赤	u			no-source;fallback
違禁物品	u			no-source;fallback
違禁藥品	u			no-source;fallback
違章	u			no-source;fallback
遙控	u			no-source;fallback
遙控器	u			no-source;fallback
遙遙無期	u			no-source;fallback
遙遙領先	u			no-source;fallback
遜色	u			no-source;fallback
遠交近攻	u			no-source;fallback
遠大理想	u			no-source;fallback
遠房親戚	u			no-source;fallback
遠水不解近渴	u			no-source;fallback
遠洋漁業	u			no-source;fallback
遠洋運輸	u			no-source;fallback
遠渡重洋	u			no-source;fallback
遠程	u			no-source;fallback
遠程導彈	u			no-source;fallback
遠程登錄	u			no-source;fallback
遠程監控	u			no-source;fallback
遠處	u			no-source;fallback
遠行	u			no-source;fallback
遠近聞名	u			no-source;fallback
遠近馳名	u			no-source;fallback
遠道而來	u			no-source;fallback
遠遠	u			no-source;fallback
遠隔千里	u			no-source;fallback
遠隔重洋	u			no-source;fallback
適中	u			no-source;fallback
適可而止	u			no-source;fallback
適度	u			no-source;fallback
適者生存	u			no-source;fallback
適逢其會	u			no-source;fallback
適量	u			no-source;fallback
遮	u			no-source;fallback
遮遮掩掩	u			no-source;fallback
遮風擋雨	u			no-source;fallback
遮風避雨	u			no-source;fallback
遲到	u			no-source;fallback
遲到早退	u			no-source;fallback
遲啲	u			no-source;fallback
遲早	u			no-source;fallback
遲遲	u			no-source;fallback
選修	u			no-source;fallback
選取	u			no-source;fallback
選秀	u			no-source;fallback
選秀節目	u			no-source;fallback
選美皇后	u			no-source;fallback
遺傳信息	u			no-source;fallback
遺傳學家	u			no-source;fallback
遺傳物質	u			no-source;fallback
遺失啓事	u			no-source;fallback
遺害無窮	u			no-source;fallback
遺憾終生	u			no-source;fallback
遺書	u			no-source;fallback
遺臭萬年	u			no-source;fallback
遼寧	u			no-source;fallback
避	u			no-source;fallback
避坑落井	u			no-source;fallback
避實就虛	u			no-source;fallback
避而不談	u			no-source;fallback
避避風頭	u			no-source;fallback
避重就輕	u			no-source;fallback
避險	u			no-source;fallback
避風頭	u			no-source;fallback
還有	u			no-source;fallback
還款	u			no-source;fallback
邊位	u			no-source;fallback
邊個	u			no-source;fallback
邊境衝突	u			no-source;fallback
邊度	u			no-source;fallback
邊有	u			no-source;fallback
邊框	u			no-source;fallback
邊緣科學	u			no-source;fallback
邊間	u			no-source;fallback
邊防警察	u			no-source;fallback
邏輯思維	u			no-source;fallback
那些	u			no-source;fallback
那個	u			no-source;fallback
那時候	u			no-source;fallback
那樣	u			no-source;fallback
那裏	u			no-source;fallback
那邊	u			no-source;fallback
那麼	u			no-source;fallback
邪不勝正	u			no-source;fallback
邪氣	u			no-source;fallback
邪魔外道	u			no-source;fallback
邯鄲學步	u			no-source;fallback
郎	u			no-source;fallback
部	u			no-source;fallback
部落	u			no-source;fallback
部隊	u			no-source;fallback
郵局	u			no-source;fallback
郵政局	u			no-source;fallback
郵政編碼	u			no-source;fallback
郵編	u			no-source;fallback
郵遞區號	u			no-source;fallback
都會	u			no-source;fallback
鄉鎮	u			no-source;fallback
鄙夷	u			no-source;fallback
鄭州	u			no-source;fallback
酌情處理	u			no-source;fallback
酌情辦理	u			no-source;fallback
配	u			no-source;fallback
配方	u			no-source;fallback
配送	u			no-source;fallback
酒後失態	u			no-source;fallback
酒杯	u			no-source;fallback
酒樓	u			no-source;fallback
酒水飲料	u			no-source;fallback
酒池肉林	u			no-source;fallback
酒色財氣	u			no-source;fallback
酒足飯飽	u			no-source;fallback
酒過三巡	u			no-source;fallback
酒酣耳熱	u			no-source;fallback
酩酊大醉	u			no-source;fallback
酸楚	u			no-source;fallback
醉酒駕車	u			no-source;fallback
醋酸乙酯	u			no-source;fallback
醋酸纖維	u			no-source;fallback
醍醐灌頂	u			no-source;fallback
醒世恆言	u			no-source;fallback
醒目	u			no-source;fallback
醜	u			no-source;fallback
醜怪	u			no-source;fallback
醜惡	u			no-source;fallback
醜樣	u			no-source;fallback
醜陋	u			no-source;fallback
醫	u			no-source;fallback
醫學檢驗	u			no-source;fallback
醫療	u			no-source;fallback
醫療經驗	u			no-source;fallback
醬油	u			no-source;fallback
醺	u			no-source;fallback
釋	u			no-source;fallback
釋然	u			no-source;fallback
釋迦牟尼	u			no-source;fallback
重任	u			no-source;fallback
重修舊好	u			no-source;fallback
重出江湖	u			no-source;fallback
重力異常	u			no-source;fallback
重啓	u			no-source;fallback
重巒疊嶂	u			no-source;fallback
重心	u			no-source;fallback
重慶	u			no-source;fallback
重振旗鼓	u			no-source;fallback
重提舊事	u			no-source;fallback
重操舊業	u			no-source;fallback
重整旗鼓	u			no-source;fallback
重新	u			no-source;fallback
重新做人	u			no-source;fallback
重新啟動	u			no-source;fallback
重新開機	u			no-source;fallback
重有	u			no-source;fallback
重機關槍	u			no-source;fallback
重用	u			no-source;fallback
重男輕女	u			no-source;fallback
重色輕友	u			no-source;fallback
重覆	u			no-source;fallback
重見光明	u			no-source;fallback
重見天日	u			no-source;fallback
重蹈覆轍	u			no-source;fallback
重逢	u			no-source;fallback
重重	u			no-source;fallback
重重包圍	u			no-source;fallback
野合	u			no-source;fallback
野外工作	u			no-source;fallback
野外求生	u			no-source;fallback
野心勃勃	u			no-source;fallback
野戰軍	u			no-source;fallback
野戰部隊	u			no-source;fallback
量具	u			no-source;fallback
量力而行	u			no-source;fallback
量子力學	u			no-source;fallback
量度	u			no-source;fallback
量產	u			no-source;fallback
量身定製	u			no-source;fallback
量體裁衣	u			no-source;fallback
金光閃閃	u			no-source;fallback
金剛薩埵	u			no-source;fallback
金城湯池	u			no-source;fallback
金字塔	u			no-source;fallback
金屬材料	u			no-source;fallback
金戈鐵馬	u			no-source;fallback
金毛	u			no-source;fallback
金無足赤	u			no-source;fallback
金玉良言	u			no-source;fallback
金甌無缺	u			no-source;fallback
金睛火眼	u			no-source;fallback
金碧輝煌	u			no-source;fallback
金科玉律	u			no-source;fallback
金童玉女	u			no-source;fallback
金縷玉衣	u			no-source;fallback
金色	u			no-source;fallback
金華火腿	u			no-source;fallback
金融寡頭	u			no-source;fallback
金融槓桿	u			no-source;fallback
金融風波	u			no-source;fallback
金錢萬能	u			no-source;fallback
金雞獨立	u			no-source;fallback
金雞納霜	u			no-source;fallback
金髮女郎	u			no-source;fallback
金髮碧眼	u			no-source;fallback
金魚	u			no-source;fallback
金黃	u			no-source;fallback
金黃色	u			no-source;fallback
釘	u			no-source;fallback
釜底抽薪	u			no-source;fallback
針砭時弊	u			no-source;fallback
針頭線腦	u			no-source;fallback
釣	u			no-source;fallback
釣魚執法	u			no-source;fallback
鈍	u			no-source;fallback
鈴	u			no-source;fallback
銀仔	u			no-source;fallback
銀包	u			no-source;fallback
銀行利息	u			no-source;fallback
銀行卡	u			no-source;fallback
銅筋鐵骨	u			no-source;fallback
銅管樂	u			no-source;fallback
銅管樂器	u			no-source;fallback
銖兩悉稱	u			no-source;fallback
銘心刻骨	u			no-source;fallback
銘記在心	u			no-source;fallback
銷毀	u			no-source;fallback
銷聲匿跡	u			no-source;fallback
鋒芒畢露	u			no-source;fallback
鋤強扶弱	u			no-source;fallback
鋪	u			no-source;fallback
鋪天蓋地	u			no-source;fallback
錄	u			no-source;fallback
錄取	u			no-source;fallback
錄製	u			no-source;fallback
錄音	u			no-source;fallback
錦上添花	u			no-source;fallback
錦心繡口	u			no-source;fallback
錦繡前程	u			no-source;fallback
錦衣玉食	u			no-source;fallback
錯	u			no-source;fallback
錯失	u			no-source;fallback
錯愕	u			no-source;fallback
錯綜複雜	u			no-source;fallback
錶	u			no-source;fallback
鍊	u			no-source;fallback
鍚	u			no-source;fallback
鍵盤樂器	u			no-source;fallback
鍾意	u			no-source;fallback
鎖匙	u			no-source;fallback
鎩羽而歸	u			no-source;fallback
鎮定	u			no-source;fallback
鏡	u			no-source;fallback
鏡像	u			no-source;fallback
鏡像站點	u			no-source;fallback
鏡花水月	u			no-source;fallback
鐘	u			no-source;fallback
鐘樓怪人	u			no-source;fallback
鐘點	u			no-source;fallback
鐵塔	u			no-source;fallback
鐵板一塊	u			no-source;fallback
鐵板牛肉	u			no-source;fallback
鐵石心腸	u			no-source;fallback
鐵證如山	u			no-source;fallback
鐵達尼號	u			no-source;fallback
鐵門	u			no-source;fallback
鐵閘	u			no-source;fallback
鐸	u			no-source;fallback
鑊	u			no-source;fallback
鑑別	u			no-source;fallback
鑑於	u			no-source;fallback
鑑貌辨色	u			no-source;fallback
鑑賞力	u			no-source;fallback
鑑賞能力	u			no-source;fallback
鑠石流金	u			no-source;fallback
鑫	u			no-source;fallback
鑽木取火	u			no-source;fallback
鑽牛角尖	u			no-source;fallback
鑿	u			no-source;fallback
鑿壁偷光	u			no-source;fallback
長假	u			no-source;fallback
長命百歲	u			no-source;fallback
長夜漫漫	u			no-source;fallback
長存	u			no-source;fallback
長孫無忌	u			no-source;fallback
長安	u			no-source;fallback
長年累月	u			no-source;fallback
長幼有序	u			no-source;fallback
長得	u			no-source;fallback
長春	u			no-source;fallback
長期以來	u			no-source;fallback
長期共存	u			no-source;fallback
長期投資	u			no-source;fallback
長此下去	u			no-source;fallback
長此以往	u			no-source;fallback
長江	u			no-source;fallback
長沙	u			no-source;fallback
長治久安	u			no-source;fallback
長生	u			no-source;fallback
長生不死	u			no-source;fallback
長生不老	u			no-source;fallback
長相	u			no-source;fallback
長篇大論	u			no-source;fallback
長篇小説	u			no-source;fallback
長舌婦	u			no-source;fallback
長袍馬褂	u			no-source;fallback
長袖善舞	u			no-source;fallback
長話短説	u			no-source;fallback
長足進步	u			no-source;fallback
長途旅行	u			no-source;fallback
長途話費	u			no-source;fallback
長途跋涉	u			no-source;fallback
長途飛行	u			no-source;fallback
長達	u			no-source;fallback
長風破浪	u			no-source;fallback
長驅直入	u			no-source;fallback
門內	u			no-source;fallback
門可羅雀	u			no-source;fallback
門外	u			no-source;fallback
門外漢	u			no-source;fallback
門庭若市	u			no-source;fallback
門徒	u			no-source;fallback
門捷列夫	u			no-source;fallback
門牌號碼	u			no-source;fallback
門牙	u			no-source;fallback
門窗	u			no-source;fallback
門鐘	u			no-source;fallback
閃	u			no-source;fallback
閃爍其詞	u			no-source;fallback
閃閃縮縮	u			no-source;fallback
閃電	u			no-source;fallback
閉上嘴巴	u			no-source;fallback
閉卷考試	u			no-source;fallback
閉口	u			no-source;fallback
閉口不言	u			no-source;fallback
閉口不談	u			no-source;fallback
閉口無言	u			no-source;fallback
閉月羞花	u			no-source;fallback
閉目養神	u			no-source;fallback
閉門思過	u			no-source;fallback
閉門謝客	u			no-source;fallback
閉門造車	u			no-source;fallback
閉關自守	u			no-source;fallback
開元盛世	u			no-source;fallback
開國元勳	u			no-source;fallback
開天闢地	u			no-source;fallback
開始以前	u			no-source;fallback
開始比賽	u			no-source;fallback
開學	u			no-source;fallback
開學禮	u			no-source;fallback
開山祖師	u			no-source;fallback
開山鼻祖	u			no-source;fallback
開工	u			no-source;fallback
開幕式	u			no-source;fallback
開張大吉	u			no-source;fallback
開懷大笑	u			no-source;fallback
開拓創新	u			no-source;fallback
開採	u			no-source;fallback
開支	u			no-source;fallback
開放政策	u			no-source;fallback
開放電路	u			no-source;fallback
開明	u			no-source;fallback
開曼羣島	u			no-source;fallback
開會時間	u			no-source;fallback
開朗	u			no-source;fallback
開業大吉	u			no-source;fallback
開機	u			no-source;fallback
開波	u			no-source;fallback
開源節流	u			no-source;fallback
開燈	u			no-source;fallback
開發商	u			no-source;fallback
開發環境	u			no-source;fallback
開發週期	u			no-source;fallback
開發過程	u			no-source;fallback
開盤	u			no-source;fallback
開眼	u			no-source;fallback
開眼界	u			no-source;fallback
開聲	u			no-source;fallback
開言	u			no-source;fallback
開誠佈公	u			no-source;fallback
開課	u			no-source;fallback
開賽	u			no-source;fallback
開足馬力	u			no-source;fallback
開路先鋒	u			no-source;fallback
開辦	u			no-source;fallback
開門	u			no-source;fallback
開門揖盜	u			no-source;fallback
開閉幕式	u			no-source;fallback
開闢	u			no-source;fallback
開頭	u			no-source;fallback
閒情逸緻	u			no-source;fallback
閒置	u			no-source;fallback
閒聊	u			no-source;fallback
閒言碎語	u			no-source;fallback
閒言閒語	u			no-source;fallback
閒雲野鶴	u			no-source;fallback
間中	u			no-source;fallback
間房	u			no-source;fallback
間接	u			no-source;fallback
間接證據	u			no-source;fallback
間接選舉	u			no-source;fallback
間斷	u			no-source;fallback
闆	u			no-source;fallback
闊綽	u			no-source;fallback
闖蕩江湖	u			no-source;fallback
關你屁事	u			no-source;fallback
關你鬼事	u			no-source;fallback
關愛	u			no-source;fallback
關懷	u			no-source;fallback
關我事	u			no-source;fallback
關於	u			no-source;fallback
關機	u			no-source;fallback
關鍵字	u			no-source;fallback
關門	u			no-source;fallback
關門大吉	u			no-source;fallback
關門捉賊	u			no-source;fallback
防	u			no-source;fallback
防備	u			no-source;fallback
防患未然	u			no-source;fallback
防毒軟件	u			no-source;fallback
防治	u			no-source;fallback
防禦	u			no-source;fallback
防衛	u			no-source;fallback
防護眼鏡	u			no-source;fallback
防風固沙	u			no-source;fallback
阻	u			no-source;fallback
阻抗匹配	u			no-source;fallback
阻頭阻勢	u			no-source;fallback
阿	u			no-source;fallback
阿仔	u			no-source;fallback
阿伯	u			no-source;fallback
阿公	u			no-source;fallback
阿叔	u			no-source;fallback
阿哥	u			no-source;fallback
阿塞拜疆	u			no-source;fallback
阿奇黴素	u			no-source;fallback
阿妹	u			no-source;fallback
阿姐	u			no-source;fallback
阿婆	u			no-source;fallback
阿媽	u			no-source;fallback
阿嬸	u			no-source;fallback
阿彌陀佛	u			no-source;fallback
阿拉斯加	u			no-source;fallback
阿斯匹林	u			no-source;fallback
阿爸	u			no-source;fallback
阿爾伯塔	u			no-source;fallback
阿特拉斯	u			no-source;fallback
阿貓阿狗	u			no-source;fallback
阿麗	u			no-source;fallback
附和	u			no-source;fallback
附庸	u			no-source;fallback
附庸風雅	u			no-source;fallback
陌生	u			no-source;fallback
陌生人	u			no-source;fallback
陌路	u			no-source;fallback
降	u			no-source;fallback
降低利率	u			no-source;fallback
降温	u			no-source;fallback
降級	u			no-source;fallback
降職	u			no-source;fallback
陝西	u			no-source;fallback
院	u			no-source;fallback
院長	u			no-source;fallback
陣	u			no-source;fallback
陣間	u			no-source;fallback
陣陣	u			no-source;fallback
除	u			no-source;fallback
除了	u			no-source;fallback
除外	u			no-source;fallback
除衫	u			no-source;fallback
除非	u			no-source;fallback
陰丹士林	u			no-source;fallback
陰晴不定	u			no-source;fallback
陰曹地府	u			no-source;fallback
陰森	u			no-source;fallback
陰極射線	u			no-source;fallback
陰毛	u			no-source;fallback
陰沉沉	u			no-source;fallback
陰盛陽衰	u			no-source;fallback
陰笑	u			no-source;fallback
陰莖	u			no-source;fallback
陰道	u			no-source;fallback
陰陰沉沉	u			no-source;fallback
陰陽怪氣	u			no-source;fallback
陰險毒辣	u			no-source;fallback
陰霾	u			no-source;fallback
陰鬱	u			no-source;fallback
陰魂不散	u			no-source;fallback
陳	u			no-source;fallback
陳橋兵變	u			no-source;fallback
陳腔濫調	u			no-source;fallback
陳舊	u			no-source;fallback
陳詞濫調	u			no-source;fallback
陶冶性情	u			no-source;fallback
陶冶情操	u			no-source;fallback
陶醉	u			no-source;fallback
陷入絕境	u			no-source;fallback
陸	u			no-source;fallback
陸海空軍	u			no-source;fallback
陸續	u			no-source;fallback
陸陸續續	u			no-source;fallback
陽具	u			no-source;fallback
陽性反應	u			no-source;fallback
陽春白雪	u			no-source;fallback
陽臺	u			no-source;fallback
陽間	u			no-source;fallback
陽關大道	u			no-source;fallback
隊伍	u			no-source;fallback
隊友	u			no-source;fallback
隊長	u			no-source;fallback
隋唐演義	u			no-source;fallback
隔熱材料	u			no-source;fallback
隔牆有耳	u			no-source;fallback
隔空	u			no-source;fallback
隔絕	u			no-source;fallback
隔行掃描	u			no-source;fallback
隔靴搔癢	u			no-source;fallback
隔音符號	u			no-source;fallback
隨便	u			no-source;fallback
隨傳隨到	u			no-source;fallback
隨口	u			no-source;fallback
隨叫隨到	u			no-source;fallback
隨和	u			no-source;fallback
隨地吐痰	u			no-source;fallback
隨大流	u			no-source;fallback
隨心	u			no-source;fallback
隨意	u			no-source;fallback
隨手	u			no-source;fallback
隨時	u			no-source;fallback
隨時待命	u			no-source;fallback
隨時歡迎	u			no-source;fallback
隨機存取	u			no-source;fallback
隨處可見	u			no-source;fallback
隨身攜帶	u			no-source;fallback
隨身行李	u			no-source;fallback
隨遇平衡	u			no-source;fallback
隨鄉入鄉	u			no-source;fallback
隨隨便便	u			no-source;fallback
隨風倒	u			no-source;fallback
隱形	u			no-source;fallback
隱形飛機	u			no-source;fallback
隱晦	u			no-source;fallback
隱私政策	u			no-source;fallback
隱秘	u			no-source;fallback
隱約	u			no-source;fallback
隱花植物	u			no-source;fallback
隱隱作痛	u			no-source;fallback
隻	u			no-source;fallback
隻字不提	u			no-source;fallback
隻字未提	u			no-source;fallback
隻手遮天	u			no-source;fallback
隻言片語	u			no-source;fallback
雀仔	u			no-source;fallback
雀巢咖啡	u			no-source;fallback
雁過拔毛	u			no-source;fallback
雄心壯志	u			no-source;fallback
雄心萬丈	u			no-source;fallback
雄性不育	u			no-source;fallback
雄性激素	u			no-source;fallback
雅俗共賞	u			no-source;fallback
雅趣	u			no-source;fallback
集市貿易	u			no-source;fallback
集思廣益	u			no-source;fallback
集成	u			no-source;fallback
集腋成裘	u			no-source;fallback
集體	u			no-source;fallback
雌	u			no-source;fallback
雌性激素	u			no-source;fallback
雌雄異株	u			no-source;fallback
雌雄異體	u			no-source;fallback
雍容華貴	u			no-source;fallback
雕樑畫棟	u			no-source;fallback
雖	u			no-source;fallback
雖則	u			no-source;fallback
雖敗猶榮	u			no-source;fallback
雙人	u			no-source;fallback
雙宿雙飛	u			no-source;fallback
雙手	u			no-source;fallback
雙方	u			no-source;fallback
雙方同意	u			no-source;fallback
雙目失明	u			no-source;fallback
雙眼	u			no-source;fallback
雙管齊下	u			no-source;fallback
雙臂	u			no-source;fallback
雙邊會談	u			no-source;fallback
雙重人格	u			no-source;fallback
雙重國籍	u			no-source;fallback
雙重標準	u			no-source;fallback
雜	u			no-source;fallback
雜七雜八	u			no-source;fallback
雜技表演	u			no-source;fallback
雜牌	u			no-source;fallback
雜物	u			no-source;fallback
雜糧	u			no-source;fallback
雞仔	u			no-source;fallback
雞同鴨講	u			no-source;fallback
雞新城疫	u			no-source;fallback
雞毛蒜皮	u			no-source;fallback
雞犬昇天	u			no-source;fallback
雞皮疙瘩	u			no-source;fallback
雞翼	u			no-source;fallback
雞雞	u			no-source;fallback
雞飛狗走	u			no-source;fallback
雞飛狗跳	u			no-source;fallback
雞鳴狗盜	u			no-source;fallback
離	u			no-source;fallback
離場	u			no-source;fallback
離子	u			no-source;fallback
離家出走	u			no-source;fallback
離席	u			no-source;fallback
離心離德	u			no-source;fallback
離情別緒	u			no-source;fallback
離校	u			no-source;fallback
離線	u			no-source;fallback
離譜	u			no-source;fallback
離遠	u			no-source;fallback
離開故鄉	u			no-source;fallback
難上加難	u			no-source;fallback
難以名狀	u			no-source;fallback
難以啓齒	u			no-source;fallback
難以形容	u			no-source;fallback
難以想像	u			no-source;fallback
難以想象	u			no-source;fallback
難以抹去	u			no-source;fallback
難以捉摸	u			no-source;fallback
難以相信	u			no-source;fallback
難以置信	u			no-source;fallback
難以解決	u			no-source;fallback
難以言喻	u			no-source;fallback
難免	u			no-source;fallback
難分高下	u			no-source;fallback
難受	u			no-source;fallback
難吃	u			no-source;fallback
難喫	u			no-source;fallback
難度	u			no-source;fallback
難得	u			no-source;fallback
難得一見	u			no-source;fallback
難忘	u			no-source;fallback
難怪	u			no-source;fallback
難捨難分	u			no-source;fallback
難捨難離	u			no-source;fallback
難爲	u			no-source;fallback
難看	u			no-source;fallback
難聽	u			no-source;fallback
難辭其咎	u			no-source;fallback
難逃一死	u			no-source;fallback
難逃法網	u			no-source;fallback
難道	u			no-source;fallback
難關	u			no-source;fallback
難食	u			no-source;fallback
難點	u			no-source;fallback
雨天	u			no-source;fallback
雨後春筍	u			no-source;fallback
雨過天晴	u			no-source;fallback
雨過天青	u			no-source;fallback
雪上加霜	u			no-source;fallback
雪中送炭	u			no-source;fallback
雪山	u			no-source;fallback
雪條	u			no-source;fallback
雪櫃	u			no-source;fallback
雪泥鴻爪	u			no-source;fallback
雪白	u			no-source;fallback
雪花	u			no-source;fallback
雯	u			no-source;fallback
雲岡石窟	u			no-source;fallback
雲淡風輕	u			no-source;fallback
雲霄飛車	u			no-source;fallback
零度以下	u			no-source;fallback
零打碎敲	u			no-source;fallback
零散	u			no-source;fallback
零星	u			no-source;fallback
零碎	u			no-source;fallback
雷	u			no-source;fallback
雷厲風行	u			no-source;fallback
雷轟電閃	u			no-source;fallback
雷達天線	u			no-source;fallback
雷雨交加	u			no-source;fallback
雷電交加	u			no-source;fallback
雷霆萬鈞	u			no-source;fallback
電信	u			no-source;fallback
電光火石	u			no-source;fallback
電光石火	u			no-source;fallback
電力機車	u			no-source;fallback
電化教學	u			no-source;fallback
電化教育	u			no-source;fallback
電台	u			no-source;fallback
電單車	u			no-source;fallback
電器	u			no-source;fallback
電報掛號	u			no-source;fallback
電子信箱	u			no-source;fallback
電子文件	u			no-source;fallback
電子版	u			no-source;fallback
電子警察	u			no-source;fallback
電子貨幣	u			no-source;fallback
電子郵件	u			no-source;fallback
電子電路	u			no-source;fallback
電容	u			no-source;fallback
電廠	u			no-source;fallback
電弧焊接	u			no-source;fallback
電影劇本	u			no-source;fallback
電影明星	u			no-source;fallback
電機	u			no-source;fallback
電氣	u			no-source;fallback
電波	u			no-source;fallback
電源開關	u			no-source;fallback
電熱水壺	u			no-source;fallback
電磁感應	u			no-source;fallback
電磁理論	u			no-source;fallback
電磁輻射	u			no-source;fallback
電筒	u			no-source;fallback
電腦病毒	u			no-source;fallback
電臺	u			no-source;fallback
電芯	u			no-source;fallback
電視劇	u			no-source;fallback
電視台	u			no-source;fallback
電視廣播	u			no-source;fallback
電視直播	u			no-source;fallback
電視節目	u			no-source;fallback
電視臺	u			no-source;fallback
電視頻道	u			no-source;fallback
電解電容	u			no-source;fallback
電話信號	u			no-source;fallback
電話會議	u			no-source;fallback
電郵	u			no-source;fallback
震	u			no-source;fallback
震古爍今	u			no-source;fallback
震撼	u			no-source;fallback
霉運	u			no-source;fallback
霍比特人	u			no-source;fallback
霍爾木茲	u			no-source;fallback
霞	u			no-source;fallback
露出馬腳	u			no-source;fallback
霸	u			no-source;fallback
霸氣	u			no-source;fallback
霸王	u			no-source;fallback
霹靂啪啦	u			no-source;fallback
靈	u			no-source;fallback
靈機	u			no-source;fallback
靈活	u			no-source;fallback
靈犀相通	u			no-source;fallback
靈魂深處	u			no-source;fallback
青	u			no-source;fallback
青山	u			no-source;fallback
青山綠水	u			no-source;fallback
青島	u			no-source;fallback
青年	u			no-source;fallback
青春不再	u			no-source;fallback
青春永駐	u			no-source;fallback
青海	u			no-source;fallback
青藏高原	u			no-source;fallback
青衣	u			no-source;fallback
青銅器時代	u			no-source;fallback
青黴素	u			no-source;fallback
靚	u			no-source;fallback
靚仔	u			no-source;fallback
靚女	u			no-source;fallback
靚靚	u			no-source;fallback
靜	u			no-source;fallback
靜坐	u			no-source;fallback
靜悄悄	u			no-source;fallback
靜物	u			no-source;fallback
靜脈點滴	u			no-source;fallback
靜觀其變	u			no-source;fallback
靜電感應	u			no-source;fallback
靜靜	u			no-source;fallback
靜默	u			no-source;fallback
非同凡響	u			no-source;fallback
非常時期	u			no-source;fallback
非得	u			no-source;fallback
非我族類	u			no-source;fallback
非比尋常	u			no-source;fallback
非禮	u			no-source;fallback
面不改色	u			no-source;fallback
面前	u			no-source;fallback
面壁思過	u			no-source;fallback
面孔	u			no-source;fallback
面容	u			no-source;fallback
面對現實	u			no-source;fallback
面對面	u			no-source;fallback
面帶微笑	u			no-source;fallback
面帶笑容	u			no-source;fallback
面授機宜	u			no-source;fallback
面有難色	u			no-source;fallback
面無人色	u			no-source;fallback
面無血色	u			no-source;fallback
面目	u			no-source;fallback
面目全非	u			no-source;fallback
面目猙獰	u			no-source;fallback
面紅	u			no-source;fallback
面紙	u			no-source;fallback
面臨困難	u			no-source;fallback
面色	u			no-source;fallback
面色蒼白	u			no-source;fallback
面試	u			no-source;fallback
面試工作	u			no-source;fallback
面貌一新	u			no-source;fallback
面部	u			no-source;fallback
面青	u			no-source;fallback
面面相覷	u			no-source;fallback
革命先烈	u			no-source;fallback
革命委員	u			no-source;fallback
革命意志	u			no-source;fallback
革命戰爭	u			no-source;fallback
革命文學	u			no-source;fallback
鞍前馬後	u			no-source;fallback
鞍馬勞頓	u			no-source;fallback
鞠躬盡瘁	u			no-source;fallback
鞭闢入裏	u			no-source;fallback
韓國	u			no-source;fallback
韓國泡菜	u			no-source;fallback
韜光養晦	u			no-source;fallback
音容笑貌	u			no-source;fallback
音準	u			no-source;fallback
音箱	u			no-source;fallback
音節文字	u			no-source;fallback
音訊全無	u			no-source;fallback
音響	u			no-source;fallback
音頻	u			no-source;fallback
音頻文件	u			no-source;fallback
韻	u			no-source;fallback
響度	u			no-source;fallback
響應時間	u			no-source;fallback
頁面	u			no-source;fallback
頂唔順	u			no-source;fallback
頂撞	u			no-source;fallback
頂頭上司	u			no-source;fallback
項	u			no-source;fallback
項上人頭	u			no-source;fallback
順	u			no-source;fallback
順便	u			no-source;fallback
順其自然	u			no-source;fallback
順利	u			no-source;fallback
順勢	u			no-source;fallback
順勢療法	u			no-source;fallback
順境	u			no-source;fallback
順帶	u			no-source;fallback
順手	u			no-source;fallback
順暢	u			no-source;fallback
順水人情	u			no-source;fallback
順眼	u			no-source;fallback
順着	u			no-source;fallback
順藤摸瓜	u			no-source;fallback
順遂	u			no-source;fallback
順風吹火	u			no-source;fallback
順風順水	u			no-source;fallback
須臾	u			no-source;fallback
頌	u			no-source;fallback
預	u			no-source;fallback
預先	u			no-source;fallback
預習	u			no-source;fallback
預計	u			no-source;fallback
預防接種	u			no-source;fallback
頑皮	u			no-source;fallback
頑石點頭	u			no-source;fallback
頒佈	u			no-source;fallback
頓時	u			no-source;fallback
頓開茅塞	u			no-source;fallback
頗感興趣	u			no-source;fallback
頗為	u			no-source;fallback
頗爲	u			no-source;fallback
領取	u			no-source;fallback
領導有方	u			no-source;fallback
領銜主演	u			no-source;fallback
頤指氣使	u			no-source;fallback
頤養天年	u			no-source;fallback
頭先	u			no-source;fallback
頭型	u			no-source;fallback
頭昏目眩	u			no-source;fallback
頭昏眼花	u			no-source;fallback
頭昏腦脹	u			no-source;fallback
頭暈目眩	u			no-source;fallback
頭暈眼花	u			no-source;fallback
頭暈腦脹	u			no-source;fallback
頭條	u			no-source;fallback
頭疼腦熱	u			no-source;fallback
頭皮	u			no-source;fallback
頭等大事	u			no-source;fallback
頭緒	u			no-source;fallback
頭腦清楚	u			no-source;fallback
頭角崢嶸	u			no-source;fallback
頭部	u			no-source;fallback
頭重腳輕	u			no-source;fallback
頭頭	u			no-source;fallback
頭頭是道	u			no-source;fallback
頸鍊	u			no-source;fallback
頹	u			no-source;fallback
頻率合成	u			no-source;fallback
額度	u			no-source;fallback
額爾古納	u			no-source;fallback
顏面掃地	u			no-source;fallback
願	u			no-source;fallback
顛來倒去	u			no-source;fallback
顛倒過來	u			no-source;fallback
顛倒黑白	u			no-source;fallback
顛鸞倒鳳	u			no-source;fallback
類	u			no-source;fallback
類木行星	u			no-source;fallback
顧	u			no-source;fallback
顧全大局	u			no-source;fallback
顧客至上	u			no-source;fallback
顧惜	u			no-source;fallback
顧此失彼	u			no-source;fallback
顯	u			no-source;fallback
顯卡	u			no-source;fallback
顯然	u			no-source;fallback
顯示卡	u			no-source;fallback
顯示屏	u			no-source;fallback
顯花植物	u			no-source;fallback
風俗人情	u			no-source;fallback
風俗習慣	u			no-source;fallback
風光明媚	u			no-source;fallback
風刀霜劍	u			no-source;fallback
風口浪尖	u			no-source;fallback
風吹草動	u			no-source;fallback
風和日暖	u			no-source;fallback
風和日麗	u			no-source;fallback
風土人情	u			no-source;fallback
風塵僕僕	u			no-source;fallback
風姿綽約	u			no-source;fallback
風平浪靜	u			no-source;fallback
風度翩翩	u			no-source;fallback
風情萬種	u			no-source;fallback
風景區	u			no-source;fallback
風月場所	u			no-source;fallback
風水	u			no-source;fallback
風水先生	u			no-source;fallback
風水師	u			no-source;fallback
風流人物	u			no-source;fallback
風流倜儻	u			no-source;fallback
風流成性	u			no-source;fallback
風流瀟灑	u			no-source;fallback
風花雪月	u			no-source;fallback
風言風語	u			no-source;fallback
風車	u			no-source;fallback
風險管理	u			no-source;fallback
風雨交加	u			no-source;fallback
風雨如晦	u			no-source;fallback
風雨如磐	u			no-source;fallback
風雨欲來	u			no-source;fallback
風雨無阻	u			no-source;fallback
風雨雷電	u			no-source;fallback
風雲變幻	u			no-source;fallback
風雷	u			no-source;fallback
風靡一時	u			no-source;fallback
風韻猶存	u			no-source;fallback
風風火火	u			no-source;fallback
風風雨雨	u			no-source;fallback
風餐露宿	u			no-source;fallback
飄	u			no-source;fallback
飄洋過海	u			no-source;fallback
飄飄欲仙	u			no-source;fallback
飛來飛去	u			no-source;fallback
飛快	u			no-source;fallback
飛檐走壁	u			no-source;fallback
飛潛動植	u			no-source;fallback
飛砂走石	u			no-source;fallback
飛禽走獸	u			no-source;fallback
飛蛾投火	u			no-source;fallback
飛蛾撲火	u			no-source;fallback
飛車走壁	u			no-source;fallback
飛針走線	u			no-source;fallback
飛鴿傳書	u			no-source;fallback
食不知味	u			no-source;fallback
食嘢	u			no-source;fallback
食得	u			no-source;fallback
食慾不佳	u			no-source;fallback
食慾不振	u			no-source;fallback
食煙	u			no-source;fallback
食肉獸	u			no-source;fallback
食色性也	u			no-source;fallback
食飯	u			no-source;fallback
食髓知味	u			no-source;fallback
飯堂	u			no-source;fallback
飯後服用	u			no-source;fallback
飲彈自盡	u			no-source;fallback
飲水	u			no-source;fallback
飲茶	u			no-source;fallback
飲酒	u			no-source;fallback
飲食男女	u			no-source;fallback
飲食療法	u			no-source;fallback
飲食起居	u			no-source;fallback
飽和溶液	u			no-source;fallback
飽經滄桑	u			no-source;fallback
餅	u			no-source;fallback
養	u			no-source;fallback
養兒防老	u			no-source;fallback
養兵千日	u			no-source;fallback
養家活口	u			no-source;fallback
養家餬口	u			no-source;fallback
養尊處優	u			no-source;fallback
養殖	u			no-source;fallback
養父	u			no-source;fallback
養生	u			no-source;fallback
養老送終	u			no-source;fallback
餓虎撲食	u			no-source;fallback
餘	u			no-source;fallback
餘情未了	u			no-source;fallback
餘震不斷	u			no-source;fallback
館	u			no-source;fallback
餵	u			no-source;fallback
餸	u			no-source;fallback
饒有興趣	u			no-source;fallback
首先	u			no-source;fallback
首尾相接	u			no-source;fallback
首屆	u			no-source;fallback
首席代表	u			no-source;fallback
首戰告捷	u			no-source;fallback
首批	u			no-source;fallback
首映式	u			no-source;fallback
首次	u			no-source;fallback
首腦會晤	u			no-source;fallback
首要	u			no-source;fallback
首開紀錄	u			no-source;fallback
首頁	u			no-source;fallback
香	u			no-source;fallback
香味撲鼻	u			no-source;fallback
香消玉殞	u			no-source;fallback
香港人	u			no-source;fallback
香甜可口	u			no-source;fallback
馬不停蹄	u			no-source;fallback
馬仰人翻	u			no-source;fallback
馬來西亞	u			no-source;fallback
馬可波羅	u			no-source;fallback
馬失前蹄	u			no-source;fallback
馬尾	u			no-source;fallback
馬戲	u			no-source;fallback
馬拉多納	u			no-source;fallback
馬爾代夫	u			no-source;fallback
馬爾康縣	u			no-source;fallback
馬甲	u			no-source;fallback
馬路新聞	u			no-source;fallback
馬馬虎虎	u			no-source;fallback
馬騮	u			no-source;fallback
馴養繁殖	u			no-source;fallback
駁	u			no-source;fallback
駐車制動	u			no-source;fallback
駐顏有術	u			no-source;fallback
駕照	u			no-source;fallback
駕駛執照	u			no-source;fallback
駕鶴西去	u			no-source;fallback
駕鶴西歸	u			no-source;fallback
駛	u			no-source;fallback
駭人聽聞	u			no-source;fallback
騎兵	u			no-source;fallback
騎馬找馬	u			no-source;fallback
騙人	u			no-source;fallback
騰雲駕霧	u			no-source;fallback
騷	u			no-source;fallback
驀然回首	u			no-source;fallback
驅動程序	u			no-source;fallback
驅動程式	u			no-source;fallback
驍勇善戰	u			no-source;fallback
驕	u			no-source;fallback
驕傲自大	u			no-source;fallback
驕傲自滿	u			no-source;fallback
驕兵必敗	u			no-source;fallback
驗孕	u			no-source;fallback
驗收	u			no-source;fallback
驗明正身	u			no-source;fallback
驚	u			no-source;fallback
驚世駭俗	u			no-source;fallback
驚人	u			no-source;fallback
驚動	u			no-source;fallback
驚呼	u			no-source;fallback
驚喜	u			no-source;fallback
驚喜交集	u			no-source;fallback
驚奇不已	u			no-source;fallback
驚愕	u			no-source;fallback
驚慌	u			no-source;fallback
驚慌失措	u			no-source;fallback
驚歎不已	u			no-source;fallback
驚醒	u			no-source;fallback
驚險刺激	u			no-source;fallback
驚鴻一瞥	u			no-source;fallback
驢年馬月	u			no-source;fallback
骨牌效應	u			no-source;fallback
骨瘦如柴	u			no-source;fallback
骨肉相殘	u			no-source;fallback
骨頭架子	u			no-source;fallback
骷髏	u			no-source;fallback
髀	u			no-source;fallback
髒話	u			no-source;fallback
體內	u			no-source;fallback
體力	u			no-source;fallback
體外	u			no-source;fallback
體外受精	u			no-source;fallback
體外循環	u			no-source;fallback
體弱多病	u			no-source;fallback
體格檢查	u			no-source;fallback
體檢	u			no-source;fallback
體温	u			no-source;fallback
體溫	u			no-source;fallback
體無完膚	u			no-source;fallback
體能	u			no-source;fallback
高不可攀	u			no-source;fallback
高中	u			no-source;fallback
高人	u			no-source;fallback
高人一等	u			no-source;fallback
高低	u			no-source;fallback
高傲	u			no-source;fallback
高分辨率	u			no-source;fallback
高壽	u			no-source;fallback
高大	u			no-source;fallback
高層	u			no-source;fallback
高層建築	u			no-source;fallback
高山反應	u			no-source;fallback
高山流水	u			no-source;fallback
高度評價	u			no-source;fallback
高手如雲	u			no-source;fallback
高抬貴手	u			no-source;fallback
高效	u			no-source;fallback
高於	u			no-source;fallback
高朋滿座	u			no-source;fallback
高枕無憂	u			no-source;fallback
高樓大廈	u			no-source;fallback
高檔服裝	u			no-source;fallback
高氣壓區	u			no-source;fallback
高深莫測	u			no-source;fallback
高清晰度	u			no-source;fallback
高温作業	u			no-source;fallback
高潮迭起	u			no-source;fallback
高爾夫	u			no-source;fallback
高矮胖瘦	u			no-source;fallback
高科技	u			no-source;fallback
高空作業	u			no-source;fallback
高等代數	u			no-source;fallback
高等動物	u			no-source;fallback
高等教育	u			no-source;fallback
高等植物	u			no-source;fallback
高等法院	u			no-source;fallback
高等院校	u			no-source;fallback
高級	u			no-source;fallback
高級小學	u			no-source;fallback
高級職務	u			no-source;fallback
高級職員	u			no-source;fallback
高聲	u			no-source;fallback
高舉	u			no-source;fallback
高薪養廉	u			no-source;fallback
高見	u			no-source;fallback
高調	u			no-source;fallback
高談闊論	u			no-source;fallback
高速	u			no-source;fallback
高速緩存	u			no-source;fallback
高院	u			no-source;fallback
高音喇叭	u			no-source;fallback
高頭大馬	u			no-source;fallback
高額	u			no-source;fallback
高風險區	u			no-source;fallback
高高在上	u			no-source;fallback
高高興興	u			no-source;fallback
高麗王朝	u			no-source;fallback
髮	u			no-source;fallback
鬆	u			no-source;fallback
鬆一口氣	u			no-source;fallback
鬆散	u			no-source;fallback
鬆綁	u			no-source;fallback
鬆身	u			no-source;fallback
鬆鬆垮垮	u			no-source;fallback
鬍	u			no-source;fallback
鬚	u			no-source;fallback
鬥	u			no-source;fallback
鬥智鬥力	u			no-source;fallback
鬥智鬥勇	u			no-source;fallback
鬧	u			no-source;fallback
鬧中取靜	u			no-source;fallback
鬧交	u			no-source;fallback
鬧着玩兒	u			no-source;fallback
鬧鈴時鐘	u			no-source;fallback
鬱鬱而終	u			no-source;fallback
鬼使神差	u			no-source;fallback
鬼哭狼嚎	u			no-source;fallback
鬼子	u			no-source;fallback
鬼怪	u			no-source;fallback
鬼話連篇	u			no-source;fallback
鬼鬼祟祟	u			no-source;fallback
魂	u			no-source;fallback
魂不附體	u			no-source;fallback
魂飛天外	u			no-source;fallback
魂飛魄散	u			no-source;fallback
魏	u			no-source;fallback
魑魅魍魎	u			no-source;fallback
魔王	u			no-source;fallback
魔術方塊	u			no-source;fallback
魔鬼	u			no-source;fallback
魚丸	u			no-source;fallback
魚死網破	u			no-source;fallback
魚目混珠	u			no-source;fallback
魚肉百姓	u			no-source;fallback
魚肉鄉裏	u			no-source;fallback
魚與熊掌	u			no-source;fallback
魚蛋	u			no-source;fallback
魚貫而出	u			no-source;fallback
魚遊釜中	u			no-source;fallback
魚香茄子	u			no-source;fallback
魯莽行事	u			no-source;fallback
魯魚亥豕	u			no-source;fallback
鮮奶	u			no-source;fallback
鮮明個性	u			no-source;fallback
鮮明對比	u			no-source;fallback
鮮有	u			no-source;fallback
鮮為人知	u			no-source;fallback
鮮血	u			no-source;fallback
鮮血淋漓	u			no-source;fallback
鮮豔	u			no-source;fallback
鰥寡孤獨	u			no-source;fallback
鱷魚眼淚	u			no-source;fallback
鳥不生蛋	u			no-source;fallback
鳥槍換炮	u			no-source;fallback
鳥語花香	u			no-source;fallback
鳩	u			no-source;fallback
鳩佔鵲巢	u			no-source;fallback
鳳	u			no-source;fallback
鳳凰	u			no-source;fallback
鳳毛麟角	u			no-source;fallback
鳴金收兵	u			no-source;fallback
鴉片戰爭	u			no-source;fallback
鴉片貿易	u			no-source;fallback
鴉雀無聲	u			no-source;fallback
鴕鳥政策	u			no-source;fallback
鴛鴦戲水	u			no-source;fallback
鴨仔	u			no-source;fallback
鴻雁傳書	u			no-source;fallback
鵝毛大雪	u			no-source;fallback
鵬程萬裏	u			no-source;fallback
鵲巢鳩佔	u			no-source;fallback
鵲橋相會	u			no-source;fallback
鶯歌燕舞	u			no-source;fallback
鶼鰈情深	u			no-source;fallback
鷸蚌相爭	u			no-source;fallback
鸚鵡	u			no-source;fallback
鹹魚翻身	u			no-source;fallback
麗	u			no-source;fallback
麟角鳳觜	u			no-source;fallback
麥克米蘭	u			no-source;fallback
麥田怪圈	u			no-source;fallback
麥芽糖醇	u			no-source;fallback
麥蓋提縣	u			no-source;fallback
麪	u			no-source;fallback
麪條	u			no-source;fallback
麵	u			no-source;fallback
麵包	u			no-source;fallback
麻	u			no-source;fallback
麻將	u			no-source;fallback
麻木不仁	u			no-source;fallback
麻甩佬	u			no-source;fallback
麻醉藥品	u			no-source;fallback
麻雀	u			no-source;fallback
黃	u			no-source;fallback
黃巢起義	u			no-source;fallback
黃巾起義	u			no-source;fallback
黃毛丫頭	u			no-source;fallback
黃河	u			no-source;fallback
黃粱美夢	u			no-source;fallback
黃色	u			no-source;fallback
黃色書刊	u			no-source;fallback
黃花梨木	u			no-source;fallback
黃花閨女	u			no-source;fallback
黃袍加身	u			no-source;fallback
黃道吉日	u			no-source;fallback
黃金	u			no-source;fallback
黃麴黴菌	u			no-source;fallback
黎	u			no-source;fallback
黎明時分	u			no-source;fallback
黏	u			no-source;fallback
黐	u			no-source;fallback
黐線	u			no-source;fallback
黑不溜秋	u			no-source;fallback
黑人	u			no-source;fallback
黑咕隆咚	u			no-source;fallback
黑夜	u			no-source;fallback
黑客帝國	u			no-source;fallback
黑影	u			no-source;fallback
黑洞	u			no-source;fallback
黑白	u			no-source;fallback
黑白不分	u			no-source;fallback
黑白兩道	u			no-source;fallback
黑白分明	u			no-source;fallback
黑白電視	u			no-source;fallback
黑社會	u			no-source;fallback
黑箱操作	u			no-source;fallback
黑色幽默	u			no-source;fallback
黑色火藥	u			no-source;fallback
黑芝麻糊	u			no-source;fallback
黑衣	u			no-source;fallback
黑道家族	u			no-source;fallback
黑髮	u			no-source;fallback
默	u			no-source;fallback
默不作聲	u			no-source;fallback
默罕默德	u			no-source;fallback
默默	u			no-source;fallback
點做	u			no-source;fallback
點到即止	u			no-source;fallback
點呀	u			no-source;fallback
點呢	u			no-source;fallback
點啊	u			no-source;fallback
點會	u			no-source;fallback
點樣	u			no-source;fallback
點球	u			no-source;fallback
點睇	u			no-source;fallback
點知	u			no-source;fallback
點石成金	u			no-source;fallback
點算	u			no-source;fallback
點解	u			no-source;fallback
點評	u			no-source;fallback
點講	u			no-source;fallback
點都	u			no-source;fallback
黨同伐異	u			no-source;fallback
黨員	u			no-source;fallback
黨委	u			no-source;fallback
黯淡無光	u			no-source;fallback
黯然	u			no-source;fallback
黯然失色	u			no-source;fallback
黯然神傷	u			no-source;fallback
鼎力支持	u			no-source;fallback
鼓	u			no-source;fallback
鼓舞人心	u			no-source;fallback
鼓鼓囊囊	u			no-source;fallback
鼠目寸光	u			no-source;fallback
鼠竊狗偷	u			no-source;fallback
鼻	u			no-source;fallback
鼻化元音	u			no-source;fallback
鼻哥	u			no-source;fallback
鼻涕	u			no-source;fallback
鼻青臉腫	u			no-source;fallback
鼾聲如雷	u			no-source;fallback
齊	u			no-source;fallback
齊全	u			no-source;fallback
齊天大聖	u			no-source;fallback
齊心合力	u			no-source;fallback
齊東野語	u			no-source;fallback
齊民要術	u			no-source;fallback
齊聚一堂	u			no-source;fallback
齊頭並進	u			no-source;fallback
齋	u			no-source;fallback
齒輪傳動	u			no-source;fallback
齜牙咧嘴	u			no-source;fallback
齟齬	u			no-source;fallback
龍兄虎弟	u			no-source;fallback
龍口奪食	u			no-source;fallback
龍樹菩薩	u			no-source;fallback
龍潭虎穴	u			no-source;fallback
龍盤虎踞	u			no-source;fallback
龍蛇混雜	u			no-source;fallback
龍蟠虎踞	u			no-source;fallback
龍袍加身	u			no-source;fallback
龍門石窟	u			no-source;fallback
龍飛鳳舞	u			no-source;fallback
龍馬精神	u			no-source;fallback
龍鳳呈祥	u			no-source;fallback
龐大	u			no-source;fallback
龐氏騙局	u			no-source;fallback
龜	u			no-source;fallback
龜頭	u			no-source;fallback
一下	n			cow-single
一世	n			cow-single
一代	n			cow-single
一個	n			cow-single
一切	a			cow-single
一半	n			cow-single
一口	n			cow-single
一堆	n			cow-single
一場	n			cow-single
一天	n			cow-single
一夫一妻制	n			cow-single
一夫多妻	n			cow-single
一套	n			cow-single
一妻多夫	n			cow-single
一會兒	n			cow-single
一月	n			cow-single
一桿進洞	v			cow-single
一段	n			cow-single
一氧化碳	n			cow-single
一流	n			cow-single
一片	n			cow-single
一直	r			cow-single
一瞬間	n			cow-single
一笑置之	v			cow-single
一絲不掛	n			cow-single
一觸即發	n			cow-single
一起	r			cow-single
一點	n			cow-single
丈夫	n			cow-single
三氯甲烷	n			cow-single
三角	n			cow-single
三角函數	n			cow-single
三角形	n			cow-single
上傳	v			cow-single
上午	n			cow-single
上司	n			cow-single
上學	v			cow-single
上岸	v			cow-single
上帝	n			cow-single
上當	v			cow-single
上調	v			cow-single
上載	v			cow-single
下來	v			cow-single
下午	n			cow-single
下巴	n			cow-single
下班時間	n			cow-single
下落	v			cow-single
下車	v			cow-single
下載	v			cow-single
下面	n			cow-single
下顎	n			cow-single
不便	n			cow-single
不分勝負	r			cow-single
不利	n			cow-single
不可思議	n			cow-single
不可抗力	n			cow-single
不可知論	n			cow-single
不同	v			cow-single
不在	n			cow-single
不在場	n			cow-single
不幸	n			cow-single
不成文法	n			cow-single
不準	v			cow-single
不滿	n			cow-single
不理	v			cow-single
不用	n			cow-single
不相上下	r			cow-single
不符	v			cow-single
不能	v			cow-single
不良	a			cow-single
不足	n			cow-single
不辭而別	v			cow-single
不鏽鋼	n			cow-single
世人	n			cow-single
世界	n			cow-single
世界強國	n			cow-single
世界末日	n			cow-single
世紀	n			cow-single
丙烯酸酯	n			cow-single
丟失	v			cow-single
丟掉	v			cow-single
丟臉	n			cow-single
並駕齊驅	r			cow-single
中世紀	n			cow-single
中午	n			cow-single
中古時代	n			cow-single
中央	n			cow-single
中心	n			cow-single
中規中矩	n			cow-single
中間	n			cow-single
串	n			cow-single
主人	n			cow-single
主任	n			cow-single
主動免疫	n			cow-single
主婦	n			cow-single
主席	n			cow-single
主意	n			cow-single
主持人	n			cow-single
主教	n			cow-single
主演	v			cow-single
主義	n			cow-single
主角	n			cow-single
主題	n			cow-single
久	a			cow-single
乏味	v			cow-single
乘車	n			cow-single
乙酰膽鹼	n			cow-single
九月	n			cow-single
乳房	n			cow-single
乳酪	n			cow-single
乾旱	n			cow-single
亂七八糟	n			cow-single
事件	n			cow-single
事實	n			cow-single
事業	n			cow-single
事與願違	v			cow-single
二氧化硅	n			cow-single
二氧化碳	n			cow-single
二氯甲烷	n			cow-single
二硫化碳	n			cow-single
五月	n			cow-single
井	n			cow-single
些	a			cow-single
亞硝酸鈉	n			cow-single
亞美尼亞	n			cow-single
亞馬遜河	n			cow-single
交互	v			cow-single
交付	v			cow-single
交易所	n			cow-single
交易日	n			cow-single
交流電	n			cow-single
交託	v			cow-single
交通	n			cow-single
交還	v			cow-single
享受	v			cow-single
亮度	n			cow-single
亮點	n			cow-single
人們	n			cow-single
人力資源	n			cow-single
人口	n			cow-single
人員	n			cow-single
人均收入	n			cow-single
人士	n			cow-single
人壽保險	n			cow-single
人家	n			cow-single
人工受孕	n			cow-single
人工授精	n			cow-single
人工智能	n			cow-single
人性	n			cow-single
人才	n			cow-single
人格	n			cow-single
人格分裂	n			cow-single
人民幣	n			cow-single
人物	n			cow-single
人羣	n			cow-single
人質	n			cow-single
人際關係	n			cow-single
人類	n			cow-single
人類學家	n			cow-single
人類起源	n			cow-single
人體	n			cow-single
仁慈	n			cow-single
仇人	n			cow-single
仇敵	n			cow-single
今晚	n			cow-single
介意	v			cow-single
付出	v			cow-single
仙女	n			cow-single
代價	n			cow-single
代替	v			cow-single
代理	v			cow-single
代理人	n			cow-single
代號	n			cow-single
代表團	n			cow-single
代言人	n			cow-single
代謝	n			cow-single
令	n			cow-single
以往	r			cow-single
以後	n			cow-single
以為	v			cow-single
以牙還牙	n			cow-single
仲裁	n			cow-single
任何	a			cow-single
任務	n			cow-single
任性	n			cow-single
份	n			cow-single
份額	n			cow-single
企業	n			cow-single
伯伯	n			cow-single
伯母	n			cow-single
伯父	n			cow-single
估計	n			cow-single
伴隨	v			cow-single
伸	n			cow-single
伸懶腰	v			cow-single
似	v			cow-single
似乎	v			cow-single
佈滿	v			cow-single
位於	v			cow-single
位置	n			cow-single
低價	n			cow-single
低垂	v			cow-single
低潮	n			cow-single
低音提琴	n			cow-single
住	v			cow-single
住址	n			cow-single
住宅	n			cow-single
住房	n			cow-single
住所	n			cow-single
佔	v			cow-single
佔據	v			cow-single
作	v			cow-single
作嘔	v			cow-single
作家	n			cow-single
作戰	v			cow-single
作文	n			cow-single
作為	n			cow-single
作者	n			cow-single
你好	n			cow-single
使用	v			cow-single
使館	n			cow-single
來	v			cow-single
來世	n			cow-single
來源	n			cow-single
來自	v			cow-single
來電顯示	n			cow-single
例	n			cow-single
例外	n			cow-single
例子	n			cow-single
侍應	v			cow-single
侍者	n			cow-single
依託	v			cow-single
依靠	v			cow-single
侵佔	n			cow-single
侷限	n			cow-single
便利	n			cow-single
便利店	n			cow-single
保佑	v			cow-single
保姆	n			cow-single
保守	v			cow-single
保密	n			cow-single
保持	v			cow-single
保留	v			cow-single
保證金	n			cow-single
保護關税	n			cow-single
保險	n			cow-single
保齡球	n			cow-single
信仰	n			cow-single
信封	n			cow-single
信心	n			cow-single
信息	n			cow-single
信息時代	n			cow-single
信用卡	n			cow-single
信譽	n			cow-single
信貸	v			cow-single
修復	v			cow-single
修補	v			cow-single
修訂	v			cow-single
倉庫	n			cow-single
個人	n			cow-single
個體	n			cow-single
倒	v			cow-single
倒下	v			cow-single
倒退	v			cow-single
倒霉	n			cow-single
倖存	n			cow-single
候	v			cow-single
借	v			cow-single
倦怠	n			cow-single
假日	n			cow-single
假期	n			cow-single
做	v			cow-single
做到	v			cow-single
做夢	v			cow-single
做工	v			cow-single
做法	n			cow-single
做生意	v			cow-single
停	v			cow-single
停戰協定	n			cow-single
停機	v			cow-single
停泊	v			cow-single
停車	v			cow-single
停車場	n			cow-single
健在	v			cow-single
健康	n			cow-single
健身	n			cow-single
偶然	n			cow-single
偷	v			cow-single
偷懶	v			cow-single
偷窺	v			cow-single
偷聽	v			cow-single
傍晚	n			cow-single
備份	n			cow-single
傢俱	n			cow-single
傳	v			cow-single
傳動裝置	n			cow-single
傳家寶	n			cow-single
傳感器	n			cow-single
傳染病	n			cow-single
傳真	n			cow-single
傳統	n			cow-single
傳聞	n			cow-single
傳説	n			cow-single
傳送	v			cow-single
債券	n			cow-single
傷	v			cow-single
傷口	n			cow-single
傷心	n			cow-single
傷痕	n			cow-single
傷風	n			cow-single
傻子	n			cow-single
傻瓜	n			cow-single
傾盆大雨	v			cow-single
傾聽	v			cow-single
僅僅	r			cow-single
像	v			cow-single
僕人	n			cow-single
僥倖	n			cow-single
價錢	n			cow-single
儀器	n			cow-single
儀式	n			cow-single
優勢	n			cow-single
優柔寡斷	v			cow-single
優點	n			cow-single
元	n			cow-single
元件	n			cow-single
元素	n			cow-single
元首	n			cow-single
兄弟	n			cow-single
充分利用	v			cow-single
充分就業	n			cow-single
兇手	n			cow-single
先決條件	n			cow-single
先生	n			cow-single
光亮	n			cow-single
光學玻璃	n			cow-single
光盤	n			cow-single
光線	n			cow-single
兔子	n			cow-single
入口	n			cow-single
入場	n			cow-single
入庫	v			cow-single
入會	n			cow-single
入門	n			cow-single
內向	n			cow-single
內在	n			cow-single
內存	n			cow-single
內容	n			cow-single
內心	n			cow-single
內褲	n			cow-single
內部	n			cow-single
全	r			cow-single
全新	n			cow-single
全權處理	n			cow-single
全盛時期	n			cow-single
全盛期	n			cow-single
全能	n			cow-single
全身麻醉	n			cow-single
全速前進	v			cow-single
全部	n			cow-single
兩個	a			cow-single
兩棲作戰	n			cow-single
兩棲動物	n			cow-single
八月	n			cow-single
八爪魚	n			cow-single
八角茴香	n			cow-single
公主	n			cow-single
公佈	v			cow-single
公元	r			cow-single
公共廁所	n			cow-single
公共汽車	n			cow-single
公共財產	n			cow-single
公務員	n			cow-single
公園	n			cow-single
公平	n			cow-single
公正	n			cow-single
公民	n			cow-single
公產	n			cow-single
公約	n			cow-single
公證	v			cow-single
公路	n			cow-single
公車	n			cow-single
公里	n			cow-single
公開	v			cow-single
公開指責	v			cow-single
六氟化硫	n			cow-single
共和政體	n			cow-single
共計	v			cow-single
共識	n			cow-single
兵器	n			cow-single
其它	a			cow-single
典型	n			cow-single
典範	n			cow-single
再會	n			cow-single
再現	v			cow-single
再見	n			cow-single
冠軍	n			cow-single
冤枉	v			cow-single
冥思苦想	v			cow-single
冬天	n			cow-single
冬菇	n			cow-single
冰	n			cow-single
冰冷	v			cow-single
冰凍	v			cow-single
冰淇淋	n			cow-single
冰糕	n			cow-single
冷汗	n			cow-single
冷淡	n			cow-single
冷漠	n			cow-single
冷落	n			cow-single
冷靜	v			cow-single
凌晨	n			cow-single
凝視	v			cow-single
凡人	n			cow-single
凳子	n			cow-single
出乎意料	v			cow-single
出來	v			cow-single
出去	v			cow-single
出場	v			cow-single
出版社	n			cow-single
出租	v			cow-single
出租車	n			cow-single
出賣	v			cow-single
出走	v			cow-single
出身	n			cow-single
出門	v			cow-single
函數	n			cow-single
刀	n			cow-single
刀槍不入	n			cow-single
分別	n			cow-single
分子	n			cow-single
分崩離析	v			cow-single
分成	v			cow-single
分數	n			cow-single
分期付款	n			cow-single
分清	v			cow-single
分解代謝	n			cow-single
分辨	v			cow-single
分鐘	n			cow-single
刑警	n			cow-single
列車	n			cow-single
初	a			cow-single
判斷	n			cow-single
利害衝突	n			cow-single
利益	n			cow-single
刮	v			cow-single
到	v			cow-single
到來	v			cow-single
到底	n			cow-single
到達	v			cow-single
制	v			cow-single
制度	n			cow-single
刺眼	v			cow-single
刺耳	v			cow-single
刻	a			cow-single
刻薄	n			cow-single
剃	v			cow-single
前列腺炎	n			cow-single
前台	n			cow-single
前夕	n			cow-single
前提	n			cow-single
前期	n			cow-single
前者	n			cow-single
前輩	n			cow-single
前面	n			cow-single
剛剛	r			cow-single
剝奪	v			cow-single
剩	v			cow-single
剩下	v			cow-single
剪	n			cow-single
副作用	n			cow-single
副手	n			cow-single
創作	v			cow-single
創始人	n			cow-single
劇情	n			cow-single
劇本	n			cow-single
劇烈	n			cow-single
劍	n			cow-single
劑量	n			cow-single
力氣	n			cow-single
力量	n			cow-single
功能	n			cow-single
加	v			cow-single
加快	v			cow-single
加油站	n			cow-single
加深	n			cow-single
加速	v			cow-single
加重	n			cow-single
助理	n			cow-single
勇敢	n			cow-single
勇氣	n			cow-single
動作	n			cow-single
動力	n			cow-single
動態平衡	n			cow-single
動手	v			cow-single
動機	n			cow-single
動物	n			cow-single
動物園	n			cow-single
動盪	n			cow-single
動脈硬化	n			cow-single
勝人一籌	n			cow-single
勝過	v			cow-single
勞動者	n			cow-single
勢力	n			cow-single
勢力範圍	n			cow-single
勤奮	n			cow-single
勸	v			cow-single
勸阻	v			cow-single
勾引	v			cow-single
包住	v			cow-single
包圍	v			cow-single
包袱	n			cow-single
匆匆離去	v			cow-single
化學	n			cow-single
化學反應	n			cow-single
化學平衡	n			cow-single
化學武器	n			cow-single
化石燃料	n			cow-single
化肥	n			cow-single
北京猿人	n			cow-single
北方	n			cow-single
匯款	n			cow-single
匯率	n			cow-single
匿名	n			cow-single
區	n			cow-single
區別	v			cow-single
區域	n			cow-single
十二月	n			cow-single
十字路口	n			cow-single
十月	n			cow-single
升	n			cow-single
升值	n			cow-single
升空	v			cow-single
升降機	n			cow-single
午夜	n			cow-single
午後	n			cow-single
午餐	n			cow-single
半	n			cow-single
半夜	n			cow-single
半年	n			cow-single
半胱氨酸	n			cow-single
半身不遂	n			cow-single
卑鄙無恥	a			cow-single
卓越	n			cow-single
協會	n			cow-single
協議	n			cow-single
南方	n			cow-single
南瓜	n			cow-single
博士	n			cow-single
博物館	n			cow-single
博覽會	n			cow-single
占卜	v			cow-single
卡	n			cow-single
卡片	n			cow-single
印象	n			cow-single
印象派	n			cow-single
危機	n			cow-single
危言聳聽	n			cow-single
危險	n			cow-single
即時	n			cow-single
即興表演	v			cow-single
卷	n			cow-single
厚顏無恥	n			cow-single
原則	n			cow-single
原因	n			cow-single
原子	n			cow-single
原子光譜	n			cow-single
原子序數	n			cow-single
原子筆	n			cow-single
原材料	n			cow-single
原理	n			cow-single
原諒	v			cow-single
去世	v			cow-single
去掉	v			cow-single
參考	n			cow-single
參與者	n			cow-single
叉	n			cow-single
友善	v			cow-single
友情	n			cow-single
友誼	n			cow-single
反作用力	n			cow-single
反常	n			cow-single
反式脂肪酸	n			cow-single
反感	n			cow-single
反應	n			cow-single
反應堆	n			cow-single
反映	v			cow-single
反目	n			cow-single
反芻動物	n			cow-single
反詰	v			cow-single
反饋	n			cow-single
叔叔	n			cow-single
取得	v			cow-single
受傷	v			cow-single
受到	v			cow-single
受孕	n			cow-single
受害人	n			cow-single
受害者	n			cow-single
口	n			cow-single
口交	v			cow-single
口吻	n			cow-single
口罩	n			cow-single
口腔	n			cow-single
口袋	n			cow-single
口角	n			cow-single
古希臘語	n			cow-single
句子	n			cow-single
句號	n			cow-single
另	a			cow-single
只不過	r			cow-single
只是	r			cow-single
只有	r			cow-single
叫	v			cow-single
召喚	v			cow-single
可惜	n			cow-single
可能性	n			cow-single
可行	v			cow-single
史	n			cow-single
右邊	n			cow-single
司令部	n			cow-single
司機	n			cow-single
吃	v			cow-single
合成	n			cow-single
合成代謝	n			cow-single
合成橡膠	n			cow-single
合攏	n			cow-single
合理	v			cow-single
合約	n			cow-single
合適	v			cow-single
合金	n			cow-single
吉他	n			cow-single
吉祥	a			cow-single
同一	n			cow-single
同事	n			cow-single
同居	v			cow-single
同情	n			cow-single
同感	n			cow-single
同業公會	n			cow-single
同步	n			cow-single
同行	n			cow-single
同軸電纜	n			cow-single
名字	n			cow-single
名片	n			cow-single
名稱	n			cow-single
名詞	n			cow-single
吐	v			cow-single
吐出	v			cow-single
吝嗇	v			cow-single
吞	v			cow-single
吠	v			cow-single
否定	v			cow-single
否決	v			cow-single
否認	n			cow-single
吩咐	n			cow-single
含	v			cow-single
含糊不清	n			cow-single
吵	a			cow-single
吸	v			cow-single
吸入	v			cow-single
吸塵器	n			cow-single
吸引力	n			cow-single
吹	v			cow-single
吹牛	v			cow-single
吻	v			cow-single
吻合	v			cow-single
吼	v			cow-single
告密	v			cow-single
告訴	v			cow-single
周	n			cow-single
周圍	n			cow-single
周邊	n			cow-single
味道	n			cow-single
呻吟	v			cow-single
呼叫	v			cow-single
呼吸	v			cow-single
呼吸困難	n			cow-single
呼嘯而過	v			cow-single
命運	n			cow-single
命題	n			cow-single
咆哮	v			cow-single
和好	n			cow-single
和尚	n			cow-single
和平	n			cow-single
和平共處	v			cow-single
和平談判	n			cow-single
和服	n			cow-single
和睦	n			cow-single
和解	n			cow-single
咒罵	v			cow-single
咒語	n			cow-single
咖啡	n			cow-single
咬	v			cow-single
咯	v			cow-single
咳	n			cow-single
品質	n			cow-single
品質管理	n			cow-single
員工	n			cow-single
哥哥	n			cow-single
哭	v			cow-single
哭泣	v			cow-single
唇膏	n			cow-single
售	v			cow-single
唱和	n			cow-single
唱歌	v			cow-single
商品	n			cow-single
商店	n			cow-single
商標	n			cow-single
問題	n			cow-single
啓動	v			cow-single
啓發	n			cow-single
啜	v			cow-single
啞	n			cow-single
啤酒	n			cow-single
喂	n			cow-single
喃喃自語	v			cow-single
善良	n			cow-single
喇叭	n			cow-single
喉嚨	n			cow-single
喊	v			cow-single
喘氣	v			cow-single
喚醒	v			cow-single
喜歡	v			cow-single
喝	v			cow-single
喝彩	n			cow-single
單位	n			cow-single
單元	n			cow-single
單子	n			cow-single
單獨	n			cow-single
單純皰疹	n			cow-single
單詞	n			cow-single
單車	n			cow-single
嗓音	n			cow-single
嘆氣	v			cow-single
嘈雜	n			cow-single
嘴	n			cow-single
嘴唇	n			cow-single
噁心	n			cow-single
器官	n			cow-single
噪聲	n			cow-single
噪聲污染	n			cow-single
噪音污染	n			cow-single
噴	v			cow-single
嚇	v			cow-single
嚴懲	v			cow-single
嚴肅	n			cow-single
四捨五入	n			cow-single
四月	n			cow-single
四氯化碳	n			cow-single
四輪馬車	n			cow-single
回	v			cow-single
回到	v			cow-single
回去	v			cow-single
回合	n			cow-single
回味	n			cow-single
回國	v			cow-single
回家	v			cow-single
回想	v			cow-single
回收	v			cow-single
回覆	n			cow-single
因子	n			cow-single
因果關係	n			cow-single
因素	n			cow-single
困擾	n			cow-single
困難	n			cow-single
固守	v			cow-single
固體	n			cow-single
國	n			cow-single
國定假日	n			cow-single
國家	n			cow-single
國旗	n			cow-single
國會議員	n			cow-single
國民收入	n			cow-single
圍裙	n			cow-single
園	n			cow-single
園林	n			cow-single
圓	n			cow-single
圓圈	n			cow-single
圓形	n			cow-single
圓錐曲線	n			cow-single
圖	n			cow-single
圖書館	n			cow-single
圖案	n			cow-single
圖片	n			cow-single
圖畫	n			cow-single
圖紙	n			cow-single
圖表	n			cow-single
團	n			cow-single
團隊精神	n			cow-single
土	n			cow-single
土地	n			cow-single
土豆	n			cow-single
在外	n			cow-single
在意	v			cow-single
在於	v			cow-single
地下鐵路	n			cow-single
地下鐵道	n			cow-single
地位	n			cow-single
地區	n			cow-single
地圖	n			cow-single
地址	n			cow-single
地帶	n			cow-single
地方	n			cow-single
地方自治	n			cow-single
地板	n			cow-single
地毯	n			cow-single
地獄	n			cow-single
地球	n			cow-single
地產	n			cow-single
地鐵	n			cow-single
地面	n			cow-single
地點	n			cow-single
均	v			cow-single
坐	v			cow-single
坐下	v			cow-single
坐冷板凳	v			cow-single
坐立不安	v			cow-single
坦白	n			cow-single
垂	v			cow-single
垃圾	n			cow-single
埋	v			cow-single
埋怨	v			cow-single
城堡	n			cow-single
城市	n			cow-single
基因突變	n			cow-single
基地	n			cow-single
基層	n			cow-single
基建	n			cow-single
基於	v			cow-single
基本上	r			cow-single
基礎	n			cow-single
基礎代謝	n			cow-single
基金會	n			cow-single
堅持	v			cow-single
報	n			cow-single
報告	n			cow-single
報導	n			cow-single
報復	n			cow-single
報應	n			cow-single
報答	v			cow-single
報紙	n			cow-single
報道	n			cow-single
場	n			cow-single
場合	n			cow-single
場地	n			cow-single
塊	n			cow-single
塑料	n			cow-single
塔	n			cow-single
塗抹	v			cow-single
填補	v			cow-single
塵	n			cow-single
墓	n			cow-single
墓地	n			cow-single
墓碑	n			cow-single
增強	v			cow-single
增長率	n			cow-single
壓	v			cow-single
壓力	n			cow-single
壓縮空氣	n			cow-single
壞事	n			cow-single
壞處	n			cow-single
壞蛋	n			cow-single
士兵	n			cow-single
壺	n			cow-single
壽命	n			cow-single
夏天	n			cow-single
外人	n			cow-single
外出	n			cow-single
外匯	n			cow-single
外國人	n			cow-single
外圍	n			cow-single
外地人	n			cow-single
外套	n			cow-single
外科手術	n			cow-single
外衣	n			cow-single
外表	n			cow-single
外貌	n			cow-single
外部	n			cow-single
多愁善感	n			cow-single
多數	n			cow-single
夜晚	n			cow-single
夜裏	n			cow-single
夠	n			cow-single
夢想	n			cow-single
夢見	v			cow-single
夥伴	n			cow-single
大人	n			cow-single
大公國	n			cow-single
大多數	n			cow-single
大學	n			cow-single
大寫字母	n			cow-single
大年初一	n			cow-single
大廈	n			cow-single
大廳	n			cow-single
大意	n			cow-single
大會	n			cow-single
大樓	n			cow-single
大氣	n			cow-single
大氣壓	n			cow-single
大洋	n			cow-single
大笑	v			cow-single
大約	r			cow-single
大聲	a			cow-single
大腦	n			cow-single
大腿	n			cow-single
大臣	n			cow-single
大街	n			cow-single
大豆	n			cow-single
大象	n			cow-single
大路	n			cow-single
大部份	r			cow-single
大量	n			cow-single
大麻	n			cow-single
大麻哈魚	n			cow-single
天亮	n			cow-single
天使	n			cow-single
天冬氨酸	n			cow-single
天堂	n			cow-single
天性	n			cow-single
天意	n			cow-single
天才	n			cow-single
天文台	n			cow-single
天文學家	n			cow-single
天氣	n			cow-single
天然	n			cow-single
天然免疫	n			cow-single
天然橡膠	n			cow-single
天然纖維	n			cow-single
天空	n			cow-single
天花	n			cow-single
天花板	n			cow-single
太太	n			cow-single
太空	n			cow-single
太陽	n			cow-single
太陽穴	n			cow-single
夫妻	n			cow-single
夫婦	n			cow-single
失去	v			cow-single
失望	n			cow-single
失眠	n			cow-single
失蹤	v			cow-single
夾	n			cow-single
奇蹟	n			cow-single
奔	v			cow-single
套裝	n			cow-single
奧匈帝國	n			cow-single
奧斯卡	n			cow-single
女人	n			cow-single
女僕	n			cow-single
女兒	n			cow-single
女士	n			cow-single
女孩子	n			cow-single
女性	n			cow-single
女朋友	n			cow-single
女權運動	n			cow-single
女皇	n			cow-single
奴隸制度	n			cow-single
奶	n			cow-single
奶嘴	n			cow-single
奶奶	n			cow-single
奶油	n			cow-single
奶牛	n			cow-single
好意	n			cow-single
好感	n			cow-single
好手	n			cow-single
好處	n			cow-single
好運	n			cow-single
如同	v			cow-single
妄想	n			cow-single
妊娠	n			cow-single
妖怪	n			cow-single
妹妹	n			cow-single
始終	n			cow-single
姐妹	n			cow-single
姐姐	n			cow-single
姑	n			cow-single
姑姑	n			cow-single
姑娘	n			cow-single
姑媽	n			cow-single
姑息	v			cow-single
委屈	v			cow-single
委託	v			cow-single
姨	n			cow-single
姿勢	n			cow-single
姿態	n			cow-single
威士忌酒	n			cow-single
威逼	v			cow-single
娃娃	n			cow-single
婚姻	n			cow-single
婚禮	n			cow-single
婚紗	n			cow-single
媽媽	n			cow-single
嫌	v			cow-single
嫦娥奔月	n			cow-single
子彈	n			cow-single
子虛烏有	n			cow-single
字	n			cow-single
字典	n			cow-single
字母	n			cow-single
存儲	n			cow-single
存檔	v			cow-single
存貨	n			cow-single
孤僻	n			cow-single
孤獨	n			cow-single
孤雌生殖	n			cow-single
孩子	n			cow-single
學位	n			cow-single
學期	n			cow-single
學校	n			cow-single
學生	n			cow-single
學習	v			cow-single
學者	n			cow-single
學術自由	n			cow-single
學識	n			cow-single
學費	n			cow-single
學院	n			cow-single
宇宙	n			cow-single
守	v			cow-single
守護	v			cow-single
安全	n			cow-single
安心	n			cow-single
安然無恙	a			cow-single
安逸	n			cow-single
完	v			cow-single
完全變態	n			cow-single
完整	n			cow-single
完美	n			cow-single
定時炸彈	n			cow-single
定期存款	n			cow-single
定義	n			cow-single
定金	n			cow-single
客人	n			cow-single
客廳	n			cow-single
室	n			cow-single
家	n			cow-single
家庭	n			cow-single
家庭主婦	n			cow-single
家族	n			cow-single
家用電腦	n			cow-single
家畜	n			cow-single
容易	n			cow-single
容許	v			cow-single
容貌	n			cow-single
宿舍	n			cow-single
寂靜	n			cow-single
寄	v			cow-single
密封	v			cow-single
密碼	n			cow-single
富有	n			cow-single
富裕	n			cow-single
寒冷	n			cow-single
察覺	v			cow-single
寢具	n			cow-single
實在	n			cow-single
實習	v			cow-single
實驗室	n			cow-single
實體	n			cow-single
寧靜	n			cow-single
寧願	v			cow-single
寬大	v			cow-single
寬容	v			cow-single
寬度	n			cow-single
寬裕	n			cow-single
寵物	n			cow-single
寶寶	n			cow-single
寶石	n			cow-single
寶貝	n			cow-single
封	v			cow-single
封殺	v			cow-single
封鎖	n			cow-single
封閉	v			cow-single
射	v			cow-single
射門	n			cow-single
將來	n			cow-single
將軍	n			cow-single
專家	n			cow-single
專心致志	v			cow-single
專業	n			cow-single
專業化	n			cow-single
專注	v			cow-single
專門知識	n			cow-single
尊嚴	n			cow-single
對付	v			cow-single
對峙	n			cow-single
對待	v			cow-single
對手	n			cow-single
對接	n			cow-single
對比	n			cow-single
對照	n			cow-single
對白	n			cow-single
對立	n			cow-single
對話	n			cow-single
對象	n			cow-single
導出	n			cow-single
導向	v			cow-single
導致	v			cow-single
小丑	n			cow-single
小亞細亞	n			cow-single
小便	n			cow-single
小偷小摸	n			cow-single
小兒麻痹	n			cow-single
小夥子	n			cow-single
小孩	n			cow-single
小心	n			cow-single
小時	n			cow-single
小號	n			cow-single
小行星帶	n			cow-single
小説	n			cow-single
小鳥	n			cow-single
少年	n			cow-single
少數	n			cow-single
尖叫	v			cow-single
就任	v			cow-single
就寢	v			cow-single
就座	v			cow-single
就職	v			cow-single
就醫	v			cow-single
尷尬	n			cow-single
尼	n			cow-single
尾巴	n			cow-single
尿	n			cow-single
尿布	n			cow-single
局部	n			cow-single
局面	n			cow-single
屁股	n			cow-single
居住	v			cow-single
居民	n			cow-single
屈	v			cow-single
屋頂	n			cow-single
屍體	n			cow-single
屍體解剖	v			cow-single
屎	n			cow-single
展望	n			cow-single
展現	v			cow-single
展覽會	n			cow-single
層	n			cow-single
屬性	n			cow-single
屬於	v			cow-single
山	n			cow-single
山寨	n			cow-single
峯會	n			cow-single
島	n			cow-single
川	n			cow-single
川流不息	v			cow-single
巡邏	v			cow-single
工人	n			cow-single
工人階級	n			cow-single
工作室	n			cow-single
工作日	n			cow-single
工作者	n			cow-single
工具	n			cow-single
工廠	n			cow-single
工會	n			cow-single
工業	n			cow-single
工程	n			cow-single
工藝美術	n			cow-single
左邊	n			cow-single
左面	n			cow-single
巧合	n			cow-single
巨人	n			cow-single
巨響	v			cow-single
巫婆	n			cow-single
差不多	r			cow-single
差別待遇	v			cow-single
巴	n			cow-single
巴士	n			cow-single
市場	n			cow-single
市民	n			cow-single
布	n			cow-single
帕金森病	n			cow-single
帳篷	n			cow-single
帶來	v			cow-single
帶狀皰疹	n			cow-single
帶領	v			cow-single
帶頭	v			cow-single
常綠植物	n			cow-single
常識	n			cow-single
帽	n			cow-single
幕	n			cow-single
幫手	n			cow-single
平凡	n			cow-single
平台	n			cow-single
平均	v			cow-single
平安	a			cow-single
平安夜	n			cow-single
平安無事	a			cow-single
平常	n			cow-single
平方米	n			cow-single
平方英尺	n			cow-single
平日	n			cow-single
平民	n			cow-single
平淡	a			cow-single
平淡無味	v			cow-single
平穩	n			cow-single
平等	n			cow-single
平靜	n			cow-single
年	n			cow-single
年代	n			cow-single
年末	n			cow-single
年紀	n			cow-single
年級	n			cow-single
年老	n			cow-single
年輕	n			cow-single
年輕人	n			cow-single
年頭	n			cow-single
年齡	n			cow-single
幸福	n			cow-single
幸運	n			cow-single
幹掉	v			cow-single
幻想	n			cow-single
幻覺	n			cow-single
幼年	n			cow-single
幼稚	n			cow-single
幼蟲	n			cow-single
幽靈	n			cow-single
幽默	n			cow-single
幾個	n			cow-single
序列	n			cow-single
底	n			cow-single
底盤	n			cow-single
店	n			cow-single
店員	n			cow-single
店鋪	n			cow-single
度過	v			cow-single
座位	n			cow-single
座談會	n			cow-single
康復	n			cow-single
廁所	n			cow-single
廚師	n			cow-single
廚房	n			cow-single
廠	n			cow-single
廠家	n			cow-single
廢	v			cow-single
廢話	n			cow-single
廣告	n			cow-single
廣場	n			cow-single
延續	v			cow-single
建材	n			cow-single
建築	n			cow-single
建築物	n			cow-single
弄	n			cow-single
弄糟	v			cow-single
弄錯	n			cow-single
式	n			cow-single
弓	n			cow-single
引	v			cow-single
引人注目	v			cow-single
引來	v			cow-single
引導	v			cow-single
引擎	n			cow-single
引誘	v			cow-single
引起	v			cow-single
引退	v			cow-single
引體向上	n			cow-single
弟子	n			cow-single
弟弟	n			cow-single
弦	n			cow-single
弱點	n			cow-single
張開	v			cow-single
強	a			cow-single
強制	v			cow-single
強買強賣	v			cow-single
強迫	v			cow-single
彈性模量	n			cow-single
彈道導彈	n			cow-single
彌補	v			cow-single
彎腰	v			cow-single
彎腰駝背	n			cow-single
彙總	n			cow-single
形勢	n			cow-single
形式	n			cow-single
形狀	n			cow-single
形象	n			cow-single
彩虹	n			cow-single
彩電	n			cow-single
彬彬有禮	n			cow-single
影子	n			cow-single
影片	n			cow-single
影響力	n			cow-single
待	v			cow-single
律師	n			cow-single
後期	n			cow-single
後者	n			cow-single
後退	v			cow-single
後門	n			cow-single
後面	n			cow-single
徒弟	n			cow-single
得到	v			cow-single
徘徊	v			cow-single
復仇	n			cow-single
復活	n			cow-single
復職	n			cow-single
循環小數	n			cow-single
微生物	n			cow-single
徵收	v			cow-single
德	n			cow-single
德國馬克	n			cow-single
心	n			cow-single
心不在焉	n			cow-single
心力衰竭	n			cow-single
心情	n			cow-single
心態	n			cow-single
心理	n			cow-single
心理健康	n			cow-single
心理學	n			cow-single
心理學家	n			cow-single
心肌梗死	n			cow-single
心臟	n			cow-single
心臟病	n			cow-single
心跳	n			cow-single
心靈	n			cow-single
忍受	v			cow-single
忘卻	v			cow-single
忘記	v			cow-single
忠誠	n			cow-single
快餐	n			cow-single
忽略	v			cow-single
怒	n			cow-single
怒火	n			cow-single
思念	v			cow-single
思想	n			cow-single
思想意識	n			cow-single
思維	n			cow-single
性別	n			cow-single
性情	n			cow-single
性格	n			cow-single
怪	v			cow-single
怪人	n			cow-single
怪模怪樣	a			cow-single
怪物	n			cow-single
恐嚇	v			cow-single
恐怖	n			cow-single
恐懼	n			cow-single
恥辱	n			cow-single
恨	v			cow-single
恰好	r			cow-single
悍然不顧	v			cow-single
悠閒	n			cow-single
悲傷	n			cow-single
悲劇	n			cow-single
情人	n			cow-single
情人節	n			cow-single
情侶	n			cow-single
情報	n			cow-single
情感	n			cow-single
情況	n			cow-single
情節	n			cow-single
情緒	n			cow-single
情緒狀態	n			cow-single
惡夢	n			cow-single
惡性循環	n			cow-single
惡意	n			cow-single
惡臭	n			cow-single
惰性氣體	n			cow-single
想	v			cow-single
想像	v			cow-single
想念	v			cow-single
想法	n			cow-single
想要	v			cow-single
想起	v			cow-single
惹	v			cow-single
愉快	n			cow-single
意味着	v			cow-single
意圖	n			cow-single
意外	n			cow-single
意志	n			cow-single
意志消沉	n			cow-single
意思	n			cow-single
意義	n			cow-single
意見	n			cow-single
意識	n			cow-single
意識形態	n			cow-single
愚	a			cow-single
愚弄	v			cow-single
愚昧	n			cow-single
愛	v			cow-single
愛人	n			cow-single
愛好者	n			cow-single
愛情	n			cow-single
感	v			cow-single
感冒	n			cow-single
感到	v			cow-single
感動	v			cow-single
感情	n			cow-single
感應線圈	n			cow-single
感激萬分	v			cow-single
感興趣	v			cow-single
慈悲	n			cow-single
態度	n			cow-single
慰藉	n			cow-single
慶祝	v			cow-single
慶賀	v			cow-single
慾望	n			cow-single
憋悶	n			cow-single
憎	v			cow-single
憑藉	v			cow-single
憑證	n			cow-single
憔悴	v			cow-single
懂	v			cow-single
懂得	v			cow-single
懈怠	v			cow-single
應付	v			cow-single
應用程式	n			cow-single
應酬	v			cow-single
懶	a			cow-single
懶惰	n			cow-single
懷	v			cow-single
懷抱	v			cow-single
戀愛	n			cow-single
成人教育	n			cow-single
成份	n			cow-single
成員	n			cow-single
成就	n			cow-single
成年人	n			cow-single
成本	n			cow-single
成為	v			cow-single
成立	v			cow-single
成績	n			cow-single
成長	n			cow-single
戒指	n			cow-single
或多或少	r			cow-single
戰場	n			cow-single
戰士	n			cow-single
戰爭	n			cow-single
戴	v			cow-single
房價	n			cow-single
房子	n			cow-single
房間	n			cow-single
所有權	n			cow-single
扁桃體炎	n			cow-single
手冊	n			cow-single
手勢	n			cow-single
手套	n			cow-single
手工藝品	n			cow-single
手指	n			cow-single
手提電腦	n			cow-single
手槍	n			cow-single
手機	n			cow-single
手段	n			cow-single
手法	n			cow-single
手續	n			cow-single
手續費	n			cow-single
手腕	n			cow-single
手臂	n			cow-single
手術	n			cow-single
手袋	n			cow-single
手錶	n			cow-single
才能	n			cow-single
打印機	n			cow-single
打成平手	v			cow-single
打掃	v			cow-single
打探	v			cow-single
打敗	v			cow-single
打架	n			cow-single
打量	v			cow-single
打開	v			cow-single
打電話	v			cow-single
扔	v			cow-single
扣留	v			cow-single
扮演	v			cow-single
扶手	n			cow-single
批	n			cow-single
批發	v			cow-single
找	v			cow-single
承受	v			cow-single
承擔	v			cow-single
技巧	n			cow-single
技能	n			cow-single
技術	n			cow-single
抄襲	v			cow-single
把手	n			cow-single
把持	v			cow-single
把握	n			cow-single
抓	v			cow-single
抓住	v			cow-single
抓獲	v			cow-single
投	v			cow-single
投入	v			cow-single
投降	v			cow-single
抗拒	v			cow-single
抗生素	n			cow-single
折扣	n			cow-single
抱	v			cow-single
抱怨	v			cow-single
抱歉	n			cow-single
抵達	v			cow-single
抹	v			cow-single
押金	n			cow-single
抽屜	n			cow-single
抽水	v			cow-single
抽水馬桶	n			cow-single
抽象	v			cow-single
拂曉	n			cow-single
拆毀	v			cow-single
拆開	n			cow-single
拇指	n			cow-single
拉米夫定	n			cow-single
拉開	v			cow-single
拋	v			cow-single
拋售	v			cow-single
拋棄	v			cow-single
拍	v			cow-single
拍手	v			cow-single
拐彎抹角	n			cow-single
拓寬	n			cow-single
拔	v			cow-single
拔出	v			cow-single
拖	v			cow-single
拖延	v			cow-single
拘束	v			cow-single
招手	v			cow-single
招牌	n			cow-single
拜託	v			cow-single
拳	n			cow-single
拳頭	n			cow-single
拷貝	n			cow-single
拼音文字	n			cow-single
拾	v			cow-single
拾起	v			cow-single
拿	v			cow-single
持續	v			cow-single
指	v			cow-single
指出	v			cow-single
指向	v			cow-single
指數	n			cow-single
指甲	n			cow-single
指示	v			cow-single
按	v			cow-single
按摩	v			cow-single
挑剔	v			cow-single
挑釁	n			cow-single
挫敗	v			cow-single
振	v			cow-single
振作	v			cow-single
挺直	v			cow-single
挺身而出	v			cow-single
挽回	v			cow-single
捏造	v			cow-single
捕捉	v			cow-single
捨棄	v			cow-single
掃	v			cow-single
掃把	n			cow-single
掃視	v			cow-single
授權	v			cow-single
掉	v			cow-single
排外	n			cow-single
排泄	n			cow-single
排除異己	v			cow-single
排隊	n			cow-single
掘出	v			cow-single
掙	v			cow-single
掛	v			cow-single
掠過	v			cow-single
接	v			cow-single
接吻	v			cow-single
接手	v			cow-single
推	v			cow-single
推出	v			cow-single
推動	v			cow-single
推卸	v			cow-single
推理	n			cow-single
推論	n			cow-single
推進	v			cow-single
掩蓋	v			cow-single
掩護	v			cow-single
掩飾	v			cow-single
措施	n			cow-single
揀	v			cow-single
揉	v			cow-single
提	v			cow-single
提出	v			cow-single
提到	v			cow-single
提及	v			cow-single
提問	v			cow-single
提示	v			cow-single
提起	v			cow-single
提醒	v			cow-single
插入	v			cow-single
插嘴	v			cow-single
揚名	v			cow-single
揚聲器	n			cow-single
換	v			cow-single
握住	v			cow-single
揩	v			cow-single
揭發	v			cow-single
揭開	v			cow-single
揭露	v			cow-single
揮	v			cow-single
揮動	n			cow-single
揮霍無度	v			cow-single
搓	v			cow-single
搖	v			cow-single
搖搖欲墜	v			cow-single
搖擺不定	v			cow-single
搖晃	v			cow-single
搭車	n			cow-single
搶	v			cow-single
搽	v			cow-single
摔	v			cow-single
摘	v			cow-single
摧毀	v			cow-single
摩托車	n			cow-single
摸	v			cow-single
撕	n			cow-single
撞	v			cow-single
撤退	v			cow-single
撥	v			cow-single
撫	v			cow-single
撳	v			cow-single
撿	v			cow-single
擅長	v			cow-single
擊	v			cow-single
擊中	v			cow-single
操場	n			cow-single
擔	n			cow-single
擔任	v			cow-single
擔憂	n			cow-single
據	a			cow-single
擲	v			cow-single
擺	v			cow-single
攀升	v			cow-single
攝像機	n			cow-single
攝影	n			cow-single
攝影師	n			cow-single
攪	v			cow-single
支氣管炎	n			cow-single
支票	n			cow-single
收入	n			cow-single
收到	v			cow-single
收場	n			cow-single
收工	v			cow-single
收攏	v			cow-single
收支平衡	v			cow-single
收盤	v			cow-single
收盤價格	n			cow-single
收看	v			cow-single
收緊	v			cow-single
收藏	v			cow-single
收費	v			cow-single
收音機	n			cow-single
改名	v			cow-single
改造	v			cow-single
改過自新	v			cow-single
攻其不備	v			cow-single
攻勢	n			cow-single
放	v			cow-single
放下	v			cow-single
放任	v			cow-single
放低	v			cow-single
放假	v			cow-single
放寬	n			cow-single
放射防護	n			cow-single
放心	n			cow-single
放慢	v			cow-single
放手	v			cow-single
放熱反應	n			cow-single
放開	v			cow-single
政府	n			cow-single
政治	n			cow-single
政黨	n			cow-single
故事	n			cow-single
故伎重演	v			cow-single
效忠	n			cow-single
效果	n			cow-single
效率	n			cow-single
救活	v			cow-single
救濟	n			cow-single
救護車	n			cow-single
教主	n			cow-single
教堂	n			cow-single
教學	n			cow-single
教室	n			cow-single
教師	n			cow-single
教會	n			cow-single
教練	n			cow-single
教訓	v			cow-single
敢	v			cow-single
敢於	v			cow-single
散落	v			cow-single
散開	v			cow-single
敲	v			cow-single
整改	n			cow-single
整潔	n			cow-single
整齊	n			cow-single
敵人	n			cow-single
敵意	n			cow-single
敷衍	v			cow-single
敷衍了事	r			cow-single
數字	n			cow-single
數學	n			cow-single
數據挖掘	n			cow-single
數目	n			cow-single
數碼相機	n			cow-single
數量	n			cow-single
文件夾	n			cow-single
文化	n			cow-single
文字	n			cow-single
文學作品	n			cow-single
文明	n			cow-single
文章	n			cow-single
文藝復興	n			cow-single
斜	n			cow-single
斤	n			cow-single
斧頭	n			cow-single
新娘	n			cow-single
新年	n			cow-single
新生	n			cow-single
新聞	n			cow-single
新鮮	n			cow-single
斷斷續續	n			cow-single
斷絕	v			cow-single
斷食	v			cow-single
方位	n			cow-single
方便	n			cow-single
方向	n			cow-single
方式	n			cow-single
方形	n			cow-single
方法	n			cow-single
方程	n			cow-single
方舟	n			cow-single
方面	n			cow-single
於是	r			cow-single
施捨	n			cow-single
旁觀	v			cow-single
旅程	n			cow-single
旅行	n			cow-single
旅行支票	n			cow-single
旅遊	n			cow-single
旅遊業	n			cow-single
旅館	n			cow-single
旋轉木馬	n			cow-single
旋轉運動	v			cow-single
旗	n			cow-single
日元	n			cow-single
日出	n			cow-single
日子	n			cow-single
日期	n			cow-single
日落	n			cow-single
日記	n			cow-single
早上	n			cow-single
早晨	n			cow-single
早期	n			cow-single
早飯	n			cow-single
早餐	n			cow-single
昂首闊步	v			cow-single
昆蟲	n			cow-single
明信片	n			cow-single
明智	n			cow-single
明白	v			cow-single
明顯	v			cow-single
昏暗	n			cow-single
星座	n			cow-single
星星	n			cow-single
星期	n			cow-single
星期一	n			cow-single
星期三	n			cow-single
星期二	n			cow-single
星期五	n			cow-single
星期六	n			cow-single
星期四	n			cow-single
星期天	n			cow-single
星期日	n			cow-single
昨日	n			cow-single
昭雪	n			cow-single
時代	n			cow-single
時候	n			cow-single
時刻	n			cow-single
時尚	n			cow-single
時期	n			cow-single
時機	n			cow-single
時鐘	n			cow-single
時間	n			cow-single
晚上	n			cow-single
普通	n			cow-single
景色	n			cow-single
景象	n			cow-single
晴天	n			cow-single
晾	v			cow-single
暗	n			cow-single
暗示	v			cow-single
暢快	n			cow-single
暴利	n			cow-single
暴力	n			cow-single
暴政	n			cow-single
暴虐	n			cow-single
曉得	v			cow-single
曬	v			cow-single
曲終人散	v			cow-single
曲線	n			cow-single
更衣室	n			cow-single
書	n			cow-single
書包	n			cow-single
書房	n			cow-single
替	v			cow-single
最低工資	n			cow-single
最佳	r			cow-single
最初	r			cow-single
最好	v			cow-single
最少	n			cow-single
最近	n			cow-single
會	v			cow-single
會合	v			cow-single
會堂	n			cow-single
會所	n			cow-single
會計	n			cow-single
會話	n			cow-single
會議	n			cow-single
會議室	n			cow-single
會長	n			cow-single
月	n			cow-single
月亮	n			cow-single
月台	n			cow-single
有些	a			cow-single
有助於	v			cow-single
有性生殖	n			cow-single
有效	v			cow-single
有機肥料	n			cow-single
有病	n			cow-single
有的	a			cow-single
有線電視	n			cow-single
有軌電車	n			cow-single
朋友	n			cow-single
服侍	v			cow-single
服務員	n			cow-single
望見	v			cow-single
期	n			cow-single
期刊	n			cow-single
期間	n			cow-single
木	n			cow-single
木本植物	n			cow-single
木板	n			cow-single
木薯澱粉	n			cow-single
木頭	n			cow-single
木馬	n			cow-single
未來	n			cow-single
未婚	n			cow-single
未能	v			cow-single
末日審判	n			cow-single
末路	n			cow-single
本子	n			cow-single
本能	n			cow-single
朱古力	n			cow-single
李	n			cow-single
杏樹	n			cow-single
材料	n			cow-single
村	n			cow-single
杯	n			cow-single
杯子	n			cow-single
東南	n			cow-single
東張西望	v			cow-single
東方	n			cow-single
東盟	n			cow-single
東西	n			cow-single
松鼠	n			cow-single
板	n			cow-single
板子	n			cow-single
枕頭	n			cow-single
林可黴素	n			cow-single
果汁	n			cow-single
枝	n			cow-single
架	n			cow-single
架構	n			cow-single
柄	n			cow-single
柏金遜症	n			cow-single
查找	n			cow-single
柱	n			cow-single
柴油	n			cow-single
核反應堆	n			cow-single
核實	v			cow-single
核心	n			cow-single
核算	v			cow-single
核糖核酸	n			cow-single
核聚變	n			cow-single
根本	n			cow-single
桃花心木	n			cow-single
案	n			cow-single
案件	n			cow-single
桶	n			cow-single
條	n			cow-single
條件	n			cow-single
條件反射	n			cow-single
棄權	v			cow-single
棋逢對手	r			cow-single
棍	n			cow-single
棒	n			cow-single
棘皮動物	n			cow-single
棚	n			cow-single
森林	n			cow-single
棺材	n			cow-single
植物	n			cow-single
椰子	n			cow-single
業餘愛好	n			cow-single
極	r			cow-single
極度	n			cow-single
極端	n			cow-single
極限	n			cow-single
極點	n			cow-single
概念	n			cow-single
概要	n			cow-single
概述	v			cow-single
槍	n			cow-single
槍彈	n			cow-single
樂園	n			cow-single
樂觀	n			cow-single
樓	n			cow-single
樓梯	n			cow-single
標明	v			cow-single
標準	n			cow-single
標準化	n			cow-single
標記	n			cow-single
標題	n			cow-single
標點	n			cow-single
標點符號	n			cow-single
模具	n			cow-single
模式	n			cow-single
模樣	n			cow-single
模稜兩可	n			cow-single
模糊	n			cow-single
樣品	n			cow-single
樣子	n			cow-single
樹	n			cow-single
樹幹	n			cow-single
樹枝	n			cow-single
樹立	v			cow-single
樹脂	n			cow-single
橋	n			cow-single
橘	n			cow-single
橙	n			cow-single
橙色	n			cow-single
機動車	n			cow-single
機器	n			cow-single
機器人	n			cow-single
機場	n			cow-single
機會	n			cow-single
機械	n			cow-single
機構	n			cow-single
機票	n			cow-single
機身	n			cow-single
機體	n			cow-single
橢圓	n			cow-single
橫幅	n			cow-single
檔	n			cow-single
檢索	n			cow-single
檸檬	n			cow-single
櫃	n			cow-single
櫃子	n			cow-single
櫥櫃	n			cow-single
櫥窗	n			cow-single
櫻花	n			cow-single
欄杆	n			cow-single
權	n			cow-single
權利	n			cow-single
權力	n			cow-single
權勢	n			cow-single
權益	n			cow-single
欠	v			cow-single
欠債	v			cow-single
次序	n			cow-single
次數	n			cow-single
欣賞	v			cow-single
欺凌	v			cow-single
款式	n			cow-single
款項	n			cow-single
歇斯底里	n			cow-single
歌曲	n			cow-single
歐	n			cow-single
歐元	n			cow-single
歐洲	n			cow-single
歡天喜地	n			cow-single
歡樂	n			cow-single
止血	v			cow-single
正三角形	n			cow-single
正午	n			cow-single
正多邊形	n			cow-single
正方形	n			cow-single
正直	n			cow-single
正義	n			cow-single
步行	v			cow-single
武器	n			cow-single
歲	n			cow-single
歷史	n			cow-single
歷史學家	n			cow-single
歸	v			cow-single
歸來	n			cow-single
死屍	n			cow-single
殘廢	n			cow-single
殘忍	n			cow-single
殘羹剩飯	n			cow-single
殘酷	n			cow-single
段	n			cow-single
殺	v			cow-single
殺人	n			cow-single
殺害	v			cow-single
殺手	n			cow-single
殼	n			cow-single
毀約	v			cow-single
母親	n			cow-single
每年	a			cow-single
毒癮	n			cow-single
毒藥	n			cow-single
比	v			cow-single
比例	n			cow-single
比薩斜塔	n			cow-single
比賽	n			cow-single
毗鄰	v			cow-single
毛巾	n			cow-single
毛蟲	n			cow-single
毛衣	n			cow-single
毫不	r			cow-single
毫米	n			cow-single
民俗	n			cow-single
民族	n			cow-single
氣	n			cow-single
氣候變化	n			cow-single
氣味	n			cow-single
氣喘	n			cow-single
氣喘吁吁	v			cow-single
氣壓	n			cow-single
氣氛	n			cow-single
氣體	n			cow-single
氫氧化鋁	n			cow-single
氯丁橡膠	n			cow-single
氯仿	n			cow-single
水土流失	n			cow-single
水塘	n			cow-single
水壺	n			cow-single
水平	n			cow-single
水晶	n			cow-single
水果	n			cow-single
水桶	n			cow-single
水池	n			cow-single
水生植物	n			cow-single
水龍頭	n			cow-single
永恆	n			cow-single
永遠	n			cow-single
汁	n			cow-single
求助	v			cow-single
求婚	n			cow-single
汗	n			cow-single
汗水	n			cow-single
污	n			cow-single
污穢	n			cow-single
污點	n			cow-single
決心	n			cow-single
汽水	n			cow-single
汽車	n			cow-single
沉	v			cow-single
沉思	v			cow-single
沉默	n			cow-single
沉默寡言	n			cow-single
沙	n			cow-single
沙丁胺醇	n			cow-single
沙拉	n			cow-single
沙漠	n			cow-single
沙發	n			cow-single
沮喪	n			cow-single
河	n			cow-single
油	n			cow-single
油門	n			cow-single
治理	v			cow-single
治癒	v			cow-single
沾	v			cow-single
泄漏	v			cow-single
泉	n			cow-single
法	n			cow-single
法官	n			cow-single
法定貨幣	n			cow-single
法庭	n			cow-single
法律顧問	n			cow-single
波	n			cow-single
波浪	n			cow-single
泥	n			cow-single
泥土	n			cow-single
注意力	n			cow-single
泰然自若	n			cow-single
洋	n			cow-single
洋娃娃	n			cow-single
洗	v			cow-single
洞	n			cow-single
活力	n			cow-single
活動	n			cow-single
活期存款	n			cow-single
洽談	v			cow-single
派出	v			cow-single
流入	n			cow-single
流動資產	n			cow-single
流淌	v			cow-single
流淚	n			cow-single
流產	n			cow-single
流行音樂	n			cow-single
流逝	v			cow-single
浪	n			cow-single
浮現	v			cow-single
浴室	n			cow-single
浴缸	n			cow-single
海拔	n			cow-single
海洋	n			cow-single
海灘	n			cow-single
海軍	n			cow-single
浸	v			cow-single
消化	n			cow-single
消化不良	n			cow-single
消失	v			cow-single
消息	n			cow-single
消瘦	n			cow-single
消費品	n			cow-single
消費者	n			cow-single
消退	n			cow-single
消逝	v			cow-single
消防員	n			cow-single
消防車	n			cow-single
液	n			cow-single
液壓傳動	n			cow-single
液體	n			cow-single
涼快	a			cow-single
涼鞋	n			cow-single
淚	n			cow-single
淚水	n			cow-single
淨化	n			cow-single
深夜	n			cow-single
深水炸彈	n			cow-single
混凝土	n			cow-single
添	v			cow-single
清晨	n			cow-single
清潔	n			cow-single
清理	v			cow-single
清白	n			cow-single
清醒	n			cow-single
清除	v			cow-single
減慢	v			cow-single
減產	n			cow-single
減速	v			cow-single
渡過	v			cow-single
温	a			cow-single
温度	n			cow-single
温泉	n			cow-single
測定	n			cow-single
測驗	n			cow-single
港	n			cow-single
游水	v			cow-single
湖	n			cow-single
湮沒	n			cow-single
湯	n			cow-single
湯匙	n			cow-single
源	n			cow-single
溜	v			cow-single
溝	n			cow-single
滋味	n			cow-single
滑	v			cow-single
滑梯	n			cow-single
滑落	v			cow-single
滑雪運動	n			cow-single
滑鼠	n			cow-single
滯留	n			cow-single
滾柱軸承	n			cow-single
滾珠軸承	n			cow-single
漆黑	n			cow-single
漏	v			cow-single
演員	n			cow-single
演練	n			cow-single
漠不關心	n			cow-single
漢	a			cow-single
漫畫	n			cow-single
潤滑	n			cow-single
澄清	v			cow-single
澳洲	n			cow-single
激光	n			cow-single
激情	n			cow-single
濕	n			cow-single
濕地	n			cow-single
瀑布	n			cow-single
灣	n			cow-single
火星	n			cow-single
火柴	n			cow-single
火炬	n			cow-single
火焰	n			cow-single
火車	n			cow-single
火險	n			cow-single
灰	n			cow-single
炎症	n			cow-single
炸彈	n			cow-single
無力	n			cow-single
無助	n			cow-single
無動於衷	v			cow-single
無可避免	a			cow-single
無名	n			cow-single
無影無蹤	n			cow-single
無性生殖	n			cow-single
無情	n			cow-single
無所事事	v			cow-single
無拘無束	v			cow-single
無數	n			cow-single
無期徒刑	n			cow-single
無法無天	n			cow-single
無煙火藥	n			cow-single
無知	n			cow-single
無神論者	n			cow-single
無線電台	n			cow-single
無聲	n			cow-single
無能	n			cow-single
無處不在	n			cow-single
無視	n			cow-single
無言	n			cow-single
無辜	n			cow-single
無關緊要	r			cow-single
無限	n			cow-single
焦急	n			cow-single
焦點	n			cow-single
煎	v			cow-single
煎熬	n			cow-single
煙	n			cow-single
煙花	n			cow-single
煙霧	n			cow-single
煞費苦心	v			cow-single
煤炭	n			cow-single
照	v			cow-single
照片	n			cow-single
照顧	v			cow-single
煮	v			cow-single
熄滅	v			cow-single
熄火	v			cow-single
熊	n			cow-single
熊貓	n			cow-single
熟人	n			cow-single
熱心	n			cow-single
熱情	n			cow-single
熱核反應	n			cow-single
熱氣	n			cow-single
熱線	n			cow-single
燈	n			cow-single
燈塔	n			cow-single
燈籠	n			cow-single
營銷	n			cow-single
營養不良	n			cow-single
燦爛奪目	v			cow-single
爆炸	n			cow-single
爪	n			cow-single
爬	v			cow-single
爬行動物	n			cow-single
爵士樂	n			cow-single
父親	n			cow-single
爸	n			cow-single
爸爸	n			cow-single
爹爹	n			cow-single
爺爺	n			cow-single
牀上用品	n			cow-single
牆	n			cow-single
牆壁	n			cow-single
片	n			cow-single
片刻	n			cow-single
片段	n			cow-single
版本	n			cow-single
牌	n			cow-single
牌子	n			cow-single
牙	n			cow-single
牙醫	n			cow-single
牙齒	n			cow-single
牛	n			cow-single
牛仔褲	n			cow-single
牛奶	n			cow-single
牛油	n			cow-single
牛肉	n			cow-single
物品	n			cow-single
物資	n			cow-single
物質	n			cow-single
物體	n			cow-single
特寫鏡頭	n			cow-single
特色	n			cow-single
特點	n			cow-single
犯	v			cow-single
犯人	n			cow-single
犯法	v			cow-single
狀態	n			cow-single
狀況	n			cow-single
狂熱	n			cow-single
狐	n			cow-single
狐狸	n			cow-single
狗	n			cow-single
狡猾	n			cow-single
狩獵	n			cow-single
狹窄	n			cow-single
狼	n			cow-single
猛烈	v			cow-single
猴子	n			cow-single
猶豫不決	v			cow-single
獅子	n			cow-single
獎品	n			cow-single
獨立	n			cow-single
獨立自主	n			cow-single
獲	v			cow-single
獲利	v			cow-single
獵人	n			cow-single
獵物	n			cow-single
率	n			cow-single
玉米	n			cow-single
王	n			cow-single
玩偶	n			cow-single
玩兒	v			cow-single
玩具	n			cow-single
玩弄	v			cow-single
玩笑	n			cow-single
玫瑰	n			cow-single
玻璃	n			cow-single
玻璃纖維	n			cow-single
珠	n			cow-single
珠寶	n			cow-single
班	n			cow-single
班房	n			cow-single
班機	n			cow-single
現代	n			cow-single
現代化	v			cow-single
現在	n			cow-single
現實	n			cow-single
現象	n			cow-single
球	n			cow-single
球場	n			cow-single
球鞋	n			cow-single
理應	v			cow-single
理智	n			cow-single
理會	v			cow-single
理由	n			cow-single
理論	n			cow-single
瑞士法郎	n			cow-single
環	n			cow-single
環境	n			cow-single
環節	n			cow-single
環節動物	n			cow-single
生命	n			cow-single
生存空間	n			cow-single
生意	n			cow-single
生日	n			cow-single
生活方式	n			cow-single
生活費	n			cow-single
生物	n			cow-single
生物武器	n			cow-single
生物質能	n			cow-single
生產力	n			cow-single
生產線	n			cow-single
產品	n			cow-single
產權	n			cow-single
產生	v			cow-single
產量	n			cow-single
甦醒	v			cow-single
用	v			cow-single
甩	v			cow-single
田	n			cow-single
甲型肝炎	n			cow-single
甲殼動物	n			cow-single
甲氧西林	n			cow-single
甲蟲	n			cow-single
男人	n			cow-single
男子	n			cow-single
男孩	n			cow-single
男孩子	n			cow-single
男廁	n			cow-single
界線	n			cow-single
畏縮	v			cow-single
留下	v			cow-single
留心	v			cow-single
留戀	v			cow-single
畢業	v			cow-single
番茄紅素	n			cow-single
番薯	n			cow-single
畫家	n			cow-single
畫畫	v			cow-single
畫面	n			cow-single
異常	v			cow-single
異性	n			cow-single
當代	n			cow-single
當作	v			cow-single
當時	n			cow-single
疊	v			cow-single
疏遠	n			cow-single
疑問	n			cow-single
疑惑	n			cow-single
疤痕	n			cow-single
疲倦	n			cow-single
疲憊	n			cow-single
疲憊不堪	n			cow-single
病	n			cow-single
病人	n			cow-single
病房	n			cow-single
病毒	n			cow-single
症	n			cow-single
痊癒	v			cow-single
痕跡	n			cow-single
痛苦	n			cow-single
瘋狂	n			cow-single
癮	n			cow-single
登出	v			cow-single
發佈	v			cow-single
發作	n			cow-single
發出	v			cow-single
發動	v			cow-single
發呆	n			cow-single
發揮	v			cow-single
發明	n			cow-single
發泄	v			cow-single
發火	n			cow-single
發燒	n			cow-single
發狂	n			cow-single
發票	n			cow-single
發育	n			cow-single
發脾氣	n			cow-single
發號施令	v			cow-single
發表	v			cow-single
發言	n			cow-single
發言人	n			cow-single
發誓	v			cow-single
白	a			cow-single
白天	n			cow-single
百合	n			cow-single
百米	n			cow-single
百貨商場	n			cow-single
百貨商店	n			cow-single
的士	n			cow-single
皇族	n			cow-single
皮	n			cow-single
皮帶	n			cow-single
皮膚	n			cow-single
皺	n			cow-single
盆	n			cow-single
盈餘	n			cow-single
盛夏	n			cow-single
盟約	n			cow-single
盡釋前嫌	v			cow-single
盡頭	n			cow-single
監測	v			cow-single
監獄	n			cow-single
監督	v			cow-single
監視	v			cow-single
盤	n			cow-single
盤子	n			cow-single
目前	n			cow-single
目標	n			cow-single
目的	n			cow-single
目的地	n			cow-single
目錄	n			cow-single
盯	v			cow-single
直	a			cow-single
直升飛機	n			cow-single
直線	n			cow-single
直覺	n			cow-single
直角	n			cow-single
直角三角形	n			cow-single
相反	n			cow-single
相同	n			cow-single
相對濕度	n			cow-single
相機	n			cow-single
相比	n			cow-single
相片	n			cow-single
相異	v			cow-single
相當	v			cow-single
相等	n			cow-single
相見	n			cow-single
相識	n			cow-single
相遇	v			cow-single
相關	n			cow-single
省份	n			cow-single
眉目傳情	v			cow-single
看	v			cow-single
看來	v			cow-single
看到	v			cow-single
看法	n			cow-single
看看	v			cow-single
看穿	v			cow-single
看見	v			cow-single
看起來	v			cow-single
真	a			cow-single
真實性	n			cow-single
真理	n			cow-single
真的	a			cow-single
真相	n			cow-single
眨	v			cow-single
眨眼	v			cow-single
眼	n			cow-single
眼淚	n			cow-single
眼皮	n			cow-single
眼睛	n			cow-single
眼罩	n			cow-single
眼花繚亂	v			cow-single
眼鏡	n			cow-single
睇	v			cow-single
睾丸激素	n			cow-single
瞞	v			cow-single
瞬間	n			cow-single
瞳孔	n			cow-single
矛盾	n			cow-single
矢	n			cow-single
知覺	n			cow-single
知識	n			cow-single
知識產權	n			cow-single
矩陣	n			cow-single
短裙	n			cow-single
短褲	n			cow-single
矮凳	n			cow-single
矯揉造作	v			cow-single
石	n			cow-single
石頭	n			cow-single
砍	n			cow-single
研究院	n			cow-single
研討會	n			cow-single
破曉	n			cow-single
硝化甘油	n			cow-single
硝酸甘油	n			cow-single
硬幣	n			cow-single
硬盤	n			cow-single
碎	v			cow-single
碎片	n			cow-single
碗	n			cow-single
碟	n			cow-single
碟子	n			cow-single
碰	v			cow-single
碰到	v			cow-single
碳酸氫鈉	n			cow-single
確保	v			cow-single
確定	v			cow-single
碼頭	n			cow-single
磁帶	n			cow-single
磁盤	n			cow-single
磅	n			cow-single
磨料	n			cow-single
礦物燃料	n			cow-single
社會	n			cow-single
社會福利	n			cow-single
社會等級	n			cow-single
社長	n			cow-single
祈求	n			cow-single
祖先	n			cow-single
祝福	v			cow-single
神	n			cow-single
神經	n			cow-single
神經毒素	n			cow-single
神經病	n			cow-single
神經衰弱	n			cow-single
神經質	n			cow-single
神經過敏	n			cow-single
票	n			cow-single
禁慾	n			cow-single
禁用	v			cow-single
福利	n			cow-single
禮	n			cow-single
禮堂	n			cow-single
禮拜	n			cow-single
禮拜六	n			cow-single
禮拜日	n			cow-single
禮物	n			cow-single
禮貌	n			cow-single
私有財產	n			cow-single
科學	n			cow-single
科學家	n			cow-single
秒	n			cow-single
秒鐘	n			cow-single
秘書	n			cow-single
租	v			cow-single
租用	v			cow-single
租賃	v			cow-single
秩序	n			cow-single
移交	v			cow-single
稀疏	n			cow-single
程序	n			cow-single
程度	n			cow-single
種	v			cow-single
種子選手	n			cow-single
種族	n			cow-single
種族歧視	n			cow-single
稱為	v			cow-single
積木	n			cow-single
積極性	n			cow-single
穩固	n			cow-single
穴	n			cow-single
空	n			cow-single
空中	n			cow-single
空地導彈	n			cow-single
空氣	n			cow-single
空氣動力	n			cow-single
空氣污染	n			cow-single
空白	n			cow-single
空空導彈	n			cow-single
空虛	n			cow-single
空調	n			cow-single
空間	n			cow-single
穿	v			cow-single
穿梭	v			cow-single
穿過	v			cow-single
突擊	n			cow-single
突發	v			cow-single
窗	n			cow-single
窗口	n			cow-single
窗簾	n			cow-single
窩	n			cow-single
窮	a			cow-single
立	v			cow-single
立場	n			cow-single
立法機關	n			cow-single
立體交叉	n			cow-single
立體照片	n			cow-single
站	v			cow-single
章魚	n			cow-single
童年	n			cow-single
端	n			cow-single
笑容	n			cow-single
笑臉相迎	v			cow-single
笑話	n			cow-single
符咒	n			cow-single
符號	n			cow-single
第一	n			cow-single
第三	a			cow-single
第三者	n			cow-single
第二	n			cow-single
筆記本	n			cow-single
筆記本電腦	n			cow-single
等	v			cow-single
等候	v			cow-single
等同	v			cow-single
等差數列	n			cow-single
等待	v			cow-single
等於	v			cow-single
等等	n			cow-single
等級	n			cow-single
等邊三角形	n			cow-single
等離子體	n			cow-single
筋疲力盡	n			cow-single
筒	n			cow-single
答應	v			cow-single
答辯	n			cow-single
筷子	n			cow-single
箍	n			cow-single
算	v			cow-single
算法	n			cow-single
算術平均	n			cow-single
管	n			cow-single
管理員	n			cow-single
箭	n			cow-single
箱	n			cow-single
箸	n			cow-single
節	n			cow-single
節奏	n			cow-single
節日	n			cow-single
節目	n			cow-single
節省	v			cow-single
節肢動物	n			cow-single
節食	n			cow-single
節點	n			cow-single
範圍	n			cow-single
簡單	n			cow-single
簽署	v			cow-single
簿	n			cow-single
籃球	n			cow-single
籠	n			cow-single
米	n			cow-single
粉	n			cow-single
粥	n			cow-single
精力	n			cow-single
精液	n			cow-single
精確	n			cow-single
精神	n			cow-single
精神錯亂	n			cow-single
精英	n			cow-single
糖	n			cow-single
糟蹋	v			cow-single
系	n			cow-single
系列	n			cow-single
系統	n			cow-single
糾纏	n			cow-single
糾纏不清	n			cow-single
約定	n			cow-single
約束	v			cow-single
紅包	n			cow-single
紅色	n			cow-single
紅蘿蔔	n			cow-single
紅豆	n			cow-single
純淨	n			cow-single
純粹	n			cow-single
紙	n			cow-single
級	n			cow-single
紡織品	n			cow-single
索	n			cow-single
索取	v			cow-single
紫	a			cow-single
累	a			cow-single
累積	n			cow-single
累贅	n			cow-single
細心	n			cow-single
細看	v			cow-single
細節	n			cow-single
細粒	n			cow-single
細胞因子	n			cow-single
細胞毒性	n			cow-single
細胞色素	n			cow-single
細讀	v			cow-single
紳士	n			cow-single
終極	n			cow-single
終結	v			cow-single
終點	n			cow-single
組成部分	n			cow-single
結	n			cow-single
結婚儀式	n			cow-single
結尾	v			cow-single
結局	n			cow-single
結構	n			cow-single
結結巴巴	n			cow-single
結論	n			cow-single
絕不	r			cow-single
絕境	n			cow-single
絕望	n			cow-single
絕跡	v			cow-single
給予	v			cow-single
絲	n			cow-single
絲毫	n			cow-single
綁	v			cow-single
經典	n			cow-single
經濟	n			cow-single
經濟作物	n			cow-single
經濟危機	n			cow-single
經濟學	n			cow-single
經濟活動	n			cow-single
經理	n			cow-single
綜述	n			cow-single
綠化	v			cow-single
綠色	n			cow-single
維生素	n			cow-single
網球	n			cow-single
網站	n			cow-single
網絡	n			cow-single
線	n			cow-single
線條	n			cow-single
線索	n			cow-single
緩解	n			cow-single
練習	n			cow-single
縣	n			cow-single
縮減	n			cow-single
縱容	v			cow-single
總會	a			cow-single
總線	n			cow-single
總部	n			cow-single
繁殖	n			cow-single
織	v			cow-single
繩	n			cow-single
繪製	v			cow-single
繼續	v			cow-single
纖維蛋白	n			cow-single
纜車	n			cow-single
缸	n			cow-single
缺	v			cow-single
缺點	n			cow-single
罐	n			cow-single
罐頭	n			cow-single
罪犯	n			cow-single
置	v			cow-single
羊	n			cow-single
美元	n			cow-single
美學	n			cow-single
美式足球	n			cow-single
羞恥	n			cow-single
羞愧	n			cow-single
羽毛	n			cow-single
翅膀	n			cow-single
習慣	n			cow-single
翻	v			cow-single
翻版	n			cow-single
翻譯	v			cow-single
翼	n			cow-single
老	a			cow-single
老公	n			cow-single
老外	n			cow-single
老婆	n			cow-single
老師	n			cow-single
老年人	n			cow-single
老虎	n			cow-single
老資格	n			cow-single
老闆	n			cow-single
老鼠	n			cow-single
考試	n			cow-single
耐性	n			cow-single
耕地	n			cow-single
耳朵	n			cow-single
耳機	n			cow-single
耳環	n			cow-single
耽誤	v			cow-single
聆聽	v			cow-single
聖	a			cow-single
聖經	n			cow-single
聖誕樹	n			cow-single
聖誕節	n			cow-single
聚苯乙烯	n			cow-single
聚酯纖維	n			cow-single
聞	v			cow-single
聯	v			cow-single
聯想	n			cow-single
聯絡	n			cow-single
聲名狼藉	n			cow-single
聲音	n			cow-single
職位	n			cow-single
職員	n			cow-single
職業	n			cow-single
聽	v			cow-single
聽到	v			cow-single
聽取	v			cow-single
聽眾	n			cow-single
聽見	v			cow-single
聽話	v			cow-single
肉	n			cow-single
肉體	n			cow-single
肌動蛋白	n			cow-single
肌肉	n			cow-single
股	n			cow-single
股本	n			cow-single
股票	n			cow-single
肥胖	n			cow-single
肩	n			cow-single
肯定	v			cow-single
肺	n			cow-single
肺結核	n			cow-single
背	n			cow-single
背囊	n			cow-single
背後	n			cow-single
背景	n			cow-single
背部	n			cow-single
胎兒	n			cow-single
胡蘿蔔	n			cow-single
胡蘿蔔素	n			cow-single
胡言亂語	n			cow-single
胸	n			cow-single
胸罩	n			cow-single
胸膛	n			cow-single
胸部	n			cow-single
能	a			cow-single
能力	n			cow-single
脂肪	n			cow-single
脊椎動物	n			cow-single
脾氣	n			cow-single
腦	n			cow-single
腦海	n			cow-single
腦袋	n			cow-single
腮	n			cow-single
腰	n			cow-single
腰部	n			cow-single
腳板	n			cow-single
腳趾	n			cow-single
腹	n			cow-single
腹部	n			cow-single
膜	n			cow-single
膝	n			cow-single
膠	n			cow-single
膠帶	n			cow-single
膠水	n			cow-single
膠體溶液	n			cow-single
膽鹼酯酶	n			cow-single
臂	n			cow-single
臉	n			cow-single
臉紅	v			cow-single
臉頰	n			cow-single
臨牀試驗	n			cow-single
臨界	n			cow-single
臨界狀態	n			cow-single
自主	n			cow-single
自信	n			cow-single
自力更生	n			cow-single
自助餐	n			cow-single
自助餐廳	n			cow-single
自動化	n			cow-single
自動控制	n			cow-single
自動步槍	n			cow-single
自在	n			cow-single
自我	n			cow-single
自找苦吃	v			cow-single
自找麻煩	v			cow-single
自救	n			cow-single
自殺	n			cow-single
自治	n			cow-single
自然	n			cow-single
自然選擇	n			cow-single
自由	n			cow-single
自相殘殺	n			cow-single
自行車	n			cow-single
自討苦吃	v			cow-single
自誇	v			cow-single
自豪	n			cow-single
自願	v			cow-single
臭名	n			cow-single
臭味	n			cow-single
致使	v			cow-single
致力	n			cow-single
致命	v			cow-single
致癌物質	n			cow-single
舅母	n			cow-single
舅父	n			cow-single
興奮	n			cow-single
興高采烈	n			cow-single
舉動	n			cow-single
舉起	v			cow-single
舌	n			cow-single
舌頭	n			cow-single
舐	v			cow-single
舒適	n			cow-single
舔	v			cow-single
舞	v			cow-single
舞台	n			cow-single
航天	v			cow-single
航母	n			cow-single
航空母艦	n			cow-single
航線	n			cow-single
船	n			cow-single
船舶	n			cow-single
良久	n			cow-single
良心	n			cow-single
良性腫瘤	n			cow-single
色	n			cow-single
色彩	n			cow-single
艾滋病	n			cow-single
艾滋病毒	n			cow-single
芝士	n			cow-single
芬芳	n			cow-single
芯片	n			cow-single
花園	n			cow-single
花生	n			cow-single
花粉症	n			cow-single
苦行	n			cow-single
苯丙氨酸	n			cow-single
英寸	n			cow-single
英鎊	n			cow-single
英雄	n			cow-single
茅屋	n			cow-single
茶	n			cow-single
茶几	n			cow-single
茶花	n			cow-single
草	n			cow-single
草叢	n			cow-single
草地	n			cow-single
荒地	n			cow-single
荒謬	n			cow-single
莫名其妙	a			cow-single
菜	n			cow-single
菜刀	n			cow-single
菠蘿	n			cow-single
華	a			cow-single
萎縮	n			cow-single
萎靡不振	n			cow-single
落	v			cow-single
落地	v			cow-single
落後	v			cow-single
葉	n			cow-single
葡萄酒	n			cow-single
董事	n			cow-single
葬禮	n			cow-single
蒐集	v			cow-single
蒸汽	n			cow-single
蒼蠅	n			cow-single
蓋	v			cow-single
蔓生植物	n			cow-single
蕨類植物	n			cow-single
蕭條	n			cow-single
薪水	n			cow-single
藉口	n			cow-single
藍	a			cow-single
藍色	n			cow-single
藝術	n			cow-single
藝術品	n			cow-single
藝術家	n			cow-single
藤本植物	n			cow-single
藥	n			cow-single
蘇	n			cow-single
蘋果	n			cow-single
虎	n			cow-single
虎頭蛇尾	n			cow-single
處女	n			cow-single
處於	v			cow-single
虛假	a			cow-single
虛偽	n			cow-single
虛度光陰	v			cow-single
虛弱	n			cow-single
虛無	n			cow-single
虛飾	n			cow-single
虧本	n			cow-single
蚊	n			cow-single
蚊子	n			cow-single
蛇	n			cow-single
蛋	n			cow-single
蛋糕	n			cow-single
蜘蛛	n			cow-single
蝕本	n			cow-single
蝙蝠	n			cow-single
蝦	n			cow-single
蝴蝶	n			cow-single
融洽	n			cow-single
螞蟻	n			cow-single
螯	n			cow-single
蟲	n			cow-single
蟲子	n			cow-single
蟹	n			cow-single
蠟燭	n			cow-single
蠟筆	n			cow-single
蠢	a			cow-single
血	n			cow-single
血吸蟲病	n			cow-single
血栓形成	n			cow-single
血液	n			cow-single
血紅蛋白	n			cow-single
血統	n			cow-single
行人	n			cow-single
行李	n			cow-single
行業	n			cow-single
行程	n			cow-single
行走	v			cow-single
街道	n			cow-single
衚衕	n			cow-single
衝	v			cow-single
衝力	n			cow-single
衝動	n			cow-single
衞星	n			cow-single
衣服	n			cow-single
衣架	n			cow-single
衣櫃	n			cow-single
衣櫥	n			cow-single
衣着	n			cow-single
表	n			cow-single
表哥	n			cow-single
表妹	n			cow-single
表姐	n			cow-single
表示	v			cow-single
表面	n			cow-single
衰敗	n			cow-single
衰老	n			cow-single
袋	n			cow-single
袖手旁觀	v			cow-single
被動免疫	n			cow-single
被子植物	n			cow-single
裏面	n			cow-single
裙	n			cow-single
補	v			cow-single
補丁	n			cow-single
補救	v			cow-single
裝	v			cow-single
裝作	v			cow-single
裝修	v			cow-single
裝甲車	n			cow-single
裝甲車輛	n			cow-single
裝甲部隊	n			cow-single
裝置	n			cow-single
裝配	n			cow-single
裸露	n			cow-single
裹	v			cow-single
製造業	n			cow-single
複印	v			cow-single
複合材料	n			cow-single
複習	n			cow-single
褲子	n			cow-single
褻瀆	v			cow-single
襪子	n			cow-single
襯衫	n			cow-single
西北	n			cow-single
西方	n			cow-single
西紅柿	n			cow-single
西裝	n			cow-single
要	v			cow-single
要素	n			cow-single
要緊	v			cow-single
要點	n			cow-single
覆	v			cow-single
覆蓋	v			cow-single
見	v			cow-single
見到	v			cow-single
見面	v			cow-single
規則	n			cow-single
規避	v			cow-single
視而不見	v			cow-single
視覺	n			cow-single
親兄弟	n			cow-single
親切	n			cow-single
親吻	v			cow-single
親密關係	n			cow-single
親屬關係	n			cow-single
親戚	n			cow-single
親自	r			cow-single
親近	v			cow-single
覺得	v			cow-single
觀	v			cow-single
觀察	v			cow-single
觀察員	n			cow-single
觀念	n			cow-single
觀眾	n			cow-single
角	n			cow-single
角度	n			cow-single
角色	n			cow-single
角落	n			cow-single
解剖	v			cow-single
解放運動	n			cow-single
解散	v			cow-single
解析	n			cow-single
解析幾何	n			cow-single
解開	n			cow-single
訊息	n			cow-single
討價還價	v			cow-single
討厭	v			cow-single
討好	v			cow-single
訓導	v			cow-single
託	n			cow-single
託管	v			cow-single
記住	v			cow-single
記得	v			cow-single
記者	n			cow-single
設備	n			cow-single
設施	n			cow-single
設計師	n			cow-single
許可證	n			cow-single
許多	n			cow-single
診所	n			cow-single
詛咒	v			cow-single
詞	n			cow-single
試	v			cow-single
試探	v			cow-single
詩	n			cow-single
詩人	n			cow-single
詩歌	n			cow-single
話	n			cow-single
話筒	n			cow-single
話題	n			cow-single
認同	v			cow-single
認真	n			cow-single
認知	n			cow-single
語氣	n			cow-single
語言	n			cow-single
語調	n			cow-single
誠實	n			cow-single
誤入歧途	v			cow-single
誤導	v			cow-single
誤解	v			cow-single
説	v			cow-single
課	n			cow-single
課本	n			cow-single
課程	n			cow-single
調動	v			cow-single
談	v			cow-single
請	v			cow-single
論	n			cow-single
論證	v			cow-single
諷刺	n			cow-single
諸如此類	n			cow-single
謊言	n			cow-single
謙卑	n			cow-single
講	v			cow-single
謝絕	v			cow-single
謹慎	n			cow-single
證據	n			cow-single
識破	v			cow-single
警察	n			cow-single
警方	n			cow-single
警車	n			cow-single
護士	n			cow-single
護目鏡	n			cow-single
護花使者	n			cow-single
護身符	n			cow-single
讀	v			cow-single
讀寫能力	n			cow-single
讀者	n			cow-single
變	v			cow-single
變態	n			cow-single
變成	v			cow-single
變更	n			cow-single
變節	v			cow-single
變革	n			cow-single
讓路	v			cow-single
讚美	n			cow-single
豆	n			cow-single
豐富	v			cow-single
豬	n			cow-single
貓	n			cow-single
貓仔	n			cow-single
貓頭鷹	n			cow-single
負債	n			cow-single
負擔	n			cow-single
負有責任	v			cow-single
負責	v			cow-single
負載	n			cow-single
財政年度	n			cow-single
貧乏	n			cow-single
貧困	n			cow-single
貧窮	n			cow-single
貨倉	n			cow-single
貨車	n			cow-single
責令	v			cow-single
責任	n			cow-single
貴族	n			cow-single
買進	v			cow-single
費	n			cow-single
費用	n			cow-single
貼近	v			cow-single
資料	n			cow-single
資格	n			cow-single
資源	n			cow-single
資產	n			cow-single
賠	v			cow-single
賣出	v			cow-single
質量管理	n			cow-single
賭場	n			cow-single
賺	v			cow-single
賺錢	v			cow-single
購買	v			cow-single
赤字	n			cow-single
赤裸	n			cow-single
走向	v			cow-single
走廊	n			cow-single
走路	v			cow-single
走近	v			cow-single
走過	v			cow-single
走開	v			cow-single
起伏	v			cow-single
起來	v			cow-single
起初	r			cow-single
起牀	v			cow-single
起草	v			cow-single
起飛	v			cow-single
起點	n			cow-single
超	v			cow-single
超市	n			cow-single
越過	v			cow-single
趕上	v			cow-single
趕快	v			cow-single
趕走	v			cow-single
足球	n			cow-single
跌倒	v			cow-single
跌落	v			cow-single
跑	v			cow-single
跛	n			cow-single
距離	n			cow-single
跟着	v			cow-single
跟蹤	v			cow-single
跟隨	v			cow-single
跪	v			cow-single
跪下	v			cow-single
路	n			cow-single
路線	n			cow-single
跳	v			cow-single
跳動	v			cow-single
踏	v			cow-single
踢	v			cow-single
踩	v			cow-single
踹	v			cow-single
蹦蹦跳跳	v			cow-single
身份	n			cow-single
身體	n			cow-single
躲	v			cow-single
躲藏	v			cow-single
躲躲閃閃	v			cow-single
躲避	v			cow-single
躺	v			cow-single
車	n			cow-single
車身	n			cow-single
車輛	n			cow-single
車輪	n			cow-single
車門	n			cow-single
車間	n			cow-single
軍事基地	n			cow-single
軍事行動	n			cow-single
軍人	n			cow-single
軍備競賽	n			cow-single
軟體動物	n			cow-single
軸承	n			cow-single
載體	n			cow-single
輕描淡寫	v			cow-single
輟學	v			cow-single
輪	n			cow-single
輪流	v			cow-single
輪胎	n			cow-single
輪迴	v			cow-single
輿論調查	n			cow-single
轉	v			cow-single
轉發	v			cow-single
轉移支付	n			cow-single
轟炸	v			cow-single
辛苦	n			cow-single
辣椒	n			cow-single
辦公室	n			cow-single
辦法	n			cow-single
辭職	v			cow-single
農事	n			cow-single
農場	n			cow-single
農夫	n			cow-single
農村	n			cow-single
農民	n			cow-single
農產品	n			cow-single
農莊	n			cow-single
迎風招展	v			cow-single
近乎	v			cow-single
返老還童	n			cow-single
迫	v			cow-single
迴避	v			cow-single
迷宮	n			cow-single
迷糊	v			cow-single
追	v			cow-single
追上	v			cow-single
追問	v			cow-single
追溯	v			cow-single
追隨	v			cow-single
退回	v			cow-single
退場	v			cow-single
退學	v			cow-single
退步	v			cow-single
退縮	v			cow-single
退讓	v			cow-single
逃	v			cow-single
逃生	v			cow-single
逃走	v			cow-single
逃避	v			cow-single
逃避現實	n			cow-single
逆流而上	v			cow-single
逆行	v			cow-single
逆轉錄酶	n			cow-single
透露	v			cow-single
逐	v			cow-single
通訊	n			cow-single
通訊衞星	n			cow-single
通訊錄	n			cow-single
通貨緊縮	n			cow-single
通貨膨脹	n			cow-single
通道	n			cow-single
逝去	v			cow-single
速度	n			cow-single
造山運動	n			cow-single
造成	v			cow-single
連	v			cow-single
連續	v			cow-single
連載	n			cow-single
週一	n			cow-single
週三	n			cow-single
週二	n			cow-single
週五	n			cow-single
週六	n			cow-single
週四	n			cow-single
週年紀念	n			cow-single
週日	n			cow-single
進展	n			cow-single
進行	v			cow-single
逼	v			cow-single
遇見	v			cow-single
遊客	n			cow-single
遊戲規則	n			cow-single
遊樂場	n			cow-single
遊移不定	n			cow-single
運	v			cow-single
運作	n			cow-single
運動	n			cow-single
運動員	n			cow-single
運氣	n			cow-single
運行狀況	n			cow-single
過多	n			cow-single
過夜	v			cow-single
過山車	n			cow-single
過往	n			cow-single
過從甚密	v			cow-single
過時	v			cow-single
過氧化氫	n			cow-single
過氧化物	n			cow-single
過火	v			cow-single
過程	n			cow-single
遏制	v			cow-single
道謝	v			cow-single
道路	n			cow-single
達到	v			cow-single
達成	v			cow-single
達成協議	v			cow-single
違抗	v			cow-single
違約	v			cow-single
違背	v			cow-single
遞	v			cow-single
適合	v			cow-single
遮掩	v			cow-single
遲緩	v			cow-single
選	v			cow-single
遺址	n			cow-single
遺憾	n			cow-single
遺棄	v			cow-single
避免	v			cow-single
還原	n			cow-single
邊	n			cow-single
邊界	n			cow-single
邊緣	n			cow-single
邋遢	a			cow-single
那時	n			cow-single
邪惡	n			cow-single
郊區	n			cow-single
部位	n			cow-single
部分	n			cow-single
部門	n			cow-single
郵差	n			cow-single
郵票	n			cow-single
都市	n			cow-single
鄉下	n			cow-single
鄉村	n			cow-single
鄰居	n			cow-single
酒	n			cow-single
酒吧	n			cow-single
酒店	n			cow-single
酒精	n			cow-single
酒精中毒	n			cow-single
酚醛塑料	n			cow-single
酣睡	n			cow-single
酸	n			cow-single
酸奶	n			cow-single
醇酸樹脂	n			cow-single
醉	n			cow-single
醒	v			cow-single
醒來	v			cow-single
醒覺	a			cow-single
醫生	n			cow-single
醫院	n			cow-single
醬	n			cow-single
重新統一	n			cow-single
重現	v			cow-single
重要	v			cow-single
重要性	n			cow-single
重量	n			cow-single
重點	n			cow-single
野獸	n			cow-single
野生動物	n			cow-single
野生植物	n			cow-single
野蠻	n			cow-single
釐米	n			cow-single
金	n			cow-single
金子	n			cow-single
金屬	n			cow-single
金幣	n			cow-single
金融	n			cow-single
金錢	n			cow-single
鈕	n			cow-single
鉗口	n			cow-single
銀	n			cow-single
銀色	n			cow-single
銀行	n			cow-single
銅	n			cow-single
銅器時代	n			cow-single
鋪張浪費	n			cow-single
鋸	n			cow-single
鋼琴	n			cow-single
錄像	n			cow-single
錄音機	n			cow-single
錘子	n			cow-single
錢	n			cow-single
錢包	n			cow-single
錫	n			cow-single
錯覺	n			cow-single
錯誤	n			cow-single
錯過	v			cow-single
鍋爐	n			cow-single
鍵盤	n			cow-single
鍾	n			cow-single
鍾情	n			cow-single
鎖上	v			cow-single
鎖鏈	n			cow-single
鏈	n			cow-single
鏈式反應	n			cow-single
鏈接	v			cow-single
鏟	v			cow-single
鏡頭	n			cow-single
鐘樓	n			cow-single
鐘頭	n			cow-single
鐵	n			cow-single
鐵器時代	n			cow-single
鐵路	n			cow-single
鑰匙	n			cow-single
鑽	n			cow-single
鑽石	n			cow-single
長久	r			cow-single
長城	n			cow-single
長大	v			cow-single
長大成人	v			cow-single
長度	n			cow-single
長方形	n			cow-single
長期	n			cow-single
長老	n			cow-single
長處	n			cow-single
長頸鹿	n			cow-single
門	n			cow-single
門口	n			cow-single
門檻	n			cow-single
門牌	n			cow-single
門鈴	n			cow-single
閂	n			cow-single
閃光燈	n			cow-single
閃避	v			cow-single
閃閃發光	v			cow-single
閉合電路	n			cow-single
閉塞	n			cow-single
閉路電視	n			cow-single
開口	n			cow-single
開啓	v			cow-single
開會	v			cow-single
開玩笑	v			cow-single
開發	v			cow-single
開發區	n			cow-single
開端	n			cow-single
開花	n			cow-single
開車	v			cow-single
開銷	n			cow-single
開關	n			cow-single
間	n			cow-single
閘口	n			cow-single
閣下	n			cow-single
關上	v			cow-single
關掉	v			cow-single
關注	v			cow-single
關節	n			cow-single
關鍵	n			cow-single
關鍵時刻	n			cow-single
關頭	n			cow-single
闡述	n			cow-single
防守	v			cow-single
防止	v			cow-single
防毒面具	n			cow-single
防火牆	n			cow-single
防禦工事	n			cow-single
防護	v			cow-single
阻撓	v			cow-single
阻隔	v			cow-single
阿司匹林	n			cow-single
阿姨	n			cow-single
阿富汗	n			cow-single
阿布哈茲	n			cow-single
阿拉伯語	n			cow-single
阿米巴病	n			cow-single
降價	n			cow-single
降臨	v			cow-single
院士	n			cow-single
院子	n			cow-single
陣亡	v			cow-single
陪	v			cow-single
陰天	n			cow-single
陰影	n			cow-single
陰暗	n			cow-single
陰間	n			cow-single
陳述	v			cow-single
陷入	v			cow-single
陸軍	n			cow-single
陽光	n			cow-single
陽台	n			cow-single
隊	n			cow-single
隊員	n			cow-single
階段	n			cow-single
隔	v			cow-single
隔離	n			cow-single
障礙	n			cow-single
隧道	n			cow-single
隨	v			cow-single
隨即	r			cow-single
隨後	a			cow-single
隨筆	n			cow-single
隱形眼鏡	n			cow-single
隱患	n			cow-single
隱瞞	v			cow-single
隱藏	v			cow-single
雀	n			cow-single
集	n			cow-single
集中	v			cow-single
集團	n			cow-single
集成電路	n			cow-single
集裝箱	n			cow-single
雌雄同體	n			cow-single
雜技	n			cow-single
雜技演員	n			cow-single
雜誌	n			cow-single
雜食動物	n			cow-single
雞	n			cow-single
雞尾酒會	n			cow-single
雞蛋	n			cow-single
離別	n			cow-single
離去	v			cow-single
離子交換	n			cow-single
離職	v			cow-single
難	a			cow-single
難以	a			cow-single
難題	n			cow-single
雨	n			cow-single
雨水	n			cow-single
雪	n			cow-single
雪糕	n			cow-single
雲	n			cow-single
零售	v			cow-single
零錢	n			cow-single
零食	n			cow-single
雷電	n			cow-single
電	n			cow-single
電動車	n			cow-single
電子	n			cow-single
電子器件	n			cow-single
電影	n			cow-single
電影院	n			cow-single
電梯	n			cow-single
電池	n			cow-single
電流強度	n			cow-single
電腦	n			cow-single
電視	n			cow-single
電視機	n			cow-single
電話號碼	n			cow-single
電路	n			cow-single
電車	n			cow-single
震動	n			cow-single
震顫麻痹	n			cow-single
震驚	v			cow-single
霧	n			cow-single
霧氣	n			cow-single
露	n			cow-single
露出	v			cow-single
露面	v			cow-single
靈丹妙藥	n			cow-single
靈機一動	n			cow-single
靈魂	n			cow-single
青春	n			cow-single
青睞	v			cow-single
青色	n			cow-single
青蛙	n			cow-single
青銅時代	n			cow-single
靜止	n			cow-single
靜脈曲張	n			cow-single
靠	v			cow-single
靠岸	v			cow-single
靠近	v			cow-single
面	n			cow-single
面具	n			cow-single
面向	v			cow-single
面對	v			cow-single
面積	n			cow-single
面臨	v			cow-single
革新	n			cow-single
鞋	n			cow-single
鞋帶	n			cow-single
鞠躬	v			cow-single
鞭	n			cow-single
音樂	n			cow-single
音樂會	n			cow-single
響	v			cow-single
響亮	v			cow-single
頁	n			cow-single
頂	n			cow-single
項鍊	n			cow-single
順從	v			cow-single
順應	n			cow-single
預告	v			cow-single
預感	v			cow-single
預示	v			cow-single
頒發	v			cow-single
頭暈	n			cow-single
頭痛	n			cow-single
頭盔	n			cow-single
頭腦	n			cow-single
頭銜	n			cow-single
頭頂	n			cow-single
頭髮	n			cow-single
頰	n			cow-single
頸	n			cow-single
頹廢	n			cow-single
顆粒	n			cow-single
題目	n			cow-single
額	n			cow-single
額頭	n			cow-single
顏色	n			cow-single
願意	v			cow-single
類型	n			cow-single
類比	n			cow-single
顧忌	v			cow-single
顯得	v			cow-single
風	n			cow-single
風度	n			cow-single
風扇	n			cow-single
風景	n			cow-single
風格	n			cow-single
風氣	n			cow-single
風流韻事	n			cow-single
飛	v			cow-single
飛機	n			cow-single
飛機場	n			cow-single
飛行	v			cow-single
飛行員	n			cow-single
飛過	v			cow-single
食	v			cow-single
食指	n			cow-single
食物	n			cow-single
食物中毒	n			cow-single
食言	v			cow-single
飯	n			cow-single
飯盒	n			cow-single
飲	v			cow-single
飲食	n			cow-single
飼養	v			cow-single
飽	a			cow-single
飽和	n			cow-single
飽和狀態	n			cow-single
飽食	n			cow-single
餅乾	n			cow-single
餐	n			cow-single
餐廳	n			cow-single
餓	a			cow-single
餘地	n			cow-single
餘額	n			cow-single
首領	n			cow-single
香味	n			cow-single
香水	n			cow-single
香腸	n			cow-single
香蕉	n			cow-single
馬	n			cow-single
馬上	r			cow-single
馬虎	n			cow-single
馬路	n			cow-single
馬車	n			cow-single
馬鈴薯	n			cow-single
駁回	v			cow-single
駕駛	v			cow-single
駕駛員	n			cow-single
駝背	n			cow-single
騎	v			cow-single
騙子	n			cow-single
騰出	v			cow-single
驅使	v			cow-single
驅散	v			cow-single
驚嚇	v			cow-single
驚奇	n			cow-single
驚恐	v			cow-single
骨	n			cow-single
骨折	n			cow-single
骨頭	n			cow-single
骯髒	n			cow-single
體	n			cow-single
體制	n			cow-single
體會	v			cow-single
體育	n			cow-single
體育場	n			cow-single
體育運動	n			cow-single
體育鍛煉	n			cow-single
體育館	n			cow-single
體諒	n			cow-single
體貼	n			cow-single
體驗	v			cow-single
高價	n			cow-single
高尚	n			cow-single
高峯	n			cow-single
高度	n			cow-single
高手	n			cow-single
高潮	n			cow-single
高爾夫球	n			cow-single
高興	n			cow-single
高速公路	n			cow-single
高錳酸鉀	n			cow-single
髮型	n			cow-single
鬆弛	v			cow-single
鬆懈	v			cow-single
鬆手	v			cow-single
鬆開	n			cow-single
鬍子	n			cow-single
鬍鬚	n			cow-single
鬥志	n			cow-single
鬧鐘	n			cow-single
鬼	n			cow-single
鬼魂	n			cow-single
魅力	n			cow-single
魔力	n			cow-single
魔方	n			cow-single
魔法	n			cow-single
魔術	n			cow-single
魚	n			cow-single
魚排	n			cow-single
魯莽	n			cow-single
鮑	n			cow-single
鮑魚	n			cow-single
鮮	a			cow-single
鯊魚	n			cow-single
鯨魚	n			cow-single
鳥	n			cow-single
鳴	v			cow-single
鴨	n			cow-single
鴿子	n			cow-single
鷹	n			cow-single
鹼	n			cow-single
鹿	n			cow-single
麥	n			cow-single
麪包	n			cow-single
麪粉	n			cow-single
麻木	n			cow-single
麻醉	n			cow-single
麻醉藥	n			cow-single
黃昏	n			cow-single
黃色炸藥	n			cow-single
黃金分割	n			cow-single
黃金時代	n			cow-single
黎明	n			cow-single
黏合	v			cow-single
黏土	n			cow-single
黑暗	n			cow-single
黑板	n			cow-single
黑色	n			cow-single
默契	n			cow-single
默默無聞	n			cow-single
點心	n			cow-single
點滴	n			cow-single
點火開關	n			cow-single
點鐘	n			cow-single
點頭	v			cow-single
點頭哈腰	v			cow-single
黯淡	n			cow-single
黴菌毒素	n			cow-single
鼓勵	v			cow-single
鼠	n			cow-single
鼠標	n			cow-single
鼻子	n			cow-single
鼻血	n			cow-single
龍	n			cow-single
同	v,x			heuristic;p1
多	a,r			heuristic;p1
無	a,v,x			heuristic;p1
是	v,x			heuristic;p1
將	v,x			heuristic;p1
和	x			heuristic;p1
沒	r,x			heuristic;p1
此	x			heuristic;p1
還	r,x			heuristic;p1
十五	x			numeral;p1;heuristic
這個問題	n			len4-noun-heuristic;p1
有關部門	n			len4-noun-heuristic;p1
相信	n,v			cow-multi;p1
拉	n,v			cow-multi;p1
分	n,v			cow-multi;p1
接受	n,v			cow-multi;p1
賣	n,v			cow-multi;p1
驚訝	a,n			cow-multi;p1
同意	n,v			cow-multi;p1
關	a,v			cow-multi;p1
滿意	a,n			cow-multi;p1
承認	n,v			cow-multi;p1
期望	n,v			cow-multi;p1
迎接	n,v			cow-multi;p1
勝利	n,v			cow-multi;p1
尋找	n,v			cow-multi;p1
講完	v			verb-suffix;p1;heuristic
講過	v			verb-suffix;p1;heuristic
咗去	v			verb-suffix;p1;heuristic
咗好	v			verb-suffix;p1;heuristic
對住	v			verb-suffix;p1;heuristic
試下	v			verb-suffix;p1;heuristic
返起	v			verb-suffix;p1;heuristic
很好	v			verb-suffix;p1;heuristic
行過	v			verb-suffix;p1;heuristic
行去	v			verb-suffix;p1;heuristic
做過	v			verb-suffix;p1;heuristic
着住	v			verb-suffix;p1;heuristic
問下	v			verb-suffix;p1;heuristic
拖住	v			verb-suffix;p1;heuristic
做好	v			verb-suffix;p1;heuristic
忍住	v			verb-suffix;p1;heuristic
幾下	v			verb-suffix;p1;heuristic
食完	v			verb-suffix;p1;heuristic
圍住	v			verb-suffix;p1;heuristic
帶住	v			verb-suffix;p1;heuristic
問過	v			verb-suffix;p1;heuristic
去過	v			verb-suffix;p1;heuristic
寫住	v			verb-suffix;p1;heuristic
接過	v			verb-suffix;p1;heuristic
拉住	v			verb-suffix;p1;heuristic
越來	v			verb-suffix;p1;heuristic
食過	v			verb-suffix;p1;heuristic
傾下	v			verb-suffix;p1;heuristic
更好	v			verb-suffix;p1;heuristic
我去	v			verb-suffix;p1;heuristic
講好	v			verb-suffix;p1;heuristic
要去	v			verb-suffix;p1;heuristic
咗下	v			verb-suffix;p1;heuristic
求下	v			verb-suffix;p1;heuristic
不起	v			verb-suffix;p1;heuristic
聽住	v			verb-suffix;p1;heuristic
您好	v			verb-suffix;p1;heuristic
打過	v			verb-suffix;p1;heuristic
繞過	v			verb-suffix;p1;heuristic
我過	v			verb-suffix;p1;heuristic
行下	v			verb-suffix;p1;heuristic
話過	v			verb-suffix;p1;heuristic
一去	v			verb-suffix;p1;heuristic
返上	v			verb-suffix;p1;heuristic
看完	v			verb-suffix;p1;heuristic
難過	v			verb-suffix;p1;heuristic
含住	v			verb-suffix;p1;heuristic
臉上	v			verb-suffix;p1;heuristic
牀上	v			verb-suffix;p1;heuristic
多過	v			verb-suffix;p1;heuristic
被人	v		passive	prefix-passive;p1;heuristic
地	n			cow-single;p1
人	n			cow-single;p1
入	v			cow-single;p1
過	v			cow-single;p1
手	n			cow-single;p1
望	v			cow-single;p1
笑	v			cow-single;p1
買	v			cow-single;p1
問	v			cow-single;p1
頭	n			cow-single;p1
後	n			cow-single;p1
日	n			cow-single;p1
水	n			cow-single;p1
腳	n			cow-single;p1
前	a			cow-single;p1
高	v			cow-single;p1
成	v			cow-single;p1
學	v			cow-single;p1
依	a			cow-single;p1
送	v			cow-single;p1
教	v			cow-single;p1
名	n			cow-single;p1
唱	v			cow-single;p1
右	a			cow-single;p1
信	n			cow-single;p1
嫁	v			cow-single;p1
支	n			cow-single;p1
妹	n			cow-single;p1
火	n			cow-single;p1
裏	n			cow-single;p1
附近	n			cow-single;p1
肥	n			cow-single;p1
親	v			cow-single;p1
壞	a			cow-single;p1
感受	v			cow-single;p1
重	v			cow-single;p1
受	v			cow-single;p1
尾	n			cow-single;p1
天	n			cow-single;p1
夜	n			cow-single;p1
一般	n			cow-single;p1
西	n			cow-single;p1
熟悉	n			cow-single;p1
城	n			cow-single;p1
反	a			cow-single;p1
會見	v			cow-single;p1
惡	n			cow-single;p1
師	n			cow-single;p1
求	v			cow-single;p1
南	n			cow-single;p1
娘	n			cow-single;p1
贏	v			cow-single;p1
嚴重	n			cow-single;p1
陰	n			cow-single;p1
軍	n			cow-single;p1
東	n			cow-single;p1
兵	n			cow-single;p1
寂寞	n			cow-single;p1
忘	v			cow-single;p1
活	v			cow-single;p1
進	v			cow-single;p1
母	n			cow-single;p1
足	n			cow-single;p1
首	a			cow-single;p1
寒	a			cow-single;p1
沉重	v			cow-single;p1
北	n			cow-single;p1
反駁	v			cow-single;p1
曲	v			cow-single;p1
爹	n			cow-single;p1
朝	v			cow-single;p1
㗎	u			no-source;p1;fallback
左	u			no-source;p1;fallback
得	u			no-source;p1;fallback
先	u			no-source;p1;fallback
下	u			no-source;p1;fallback
搵	u			no-source;p1;fallback
大	u			no-source;p1;fallback
出	u			no-source;p1;fallback
快	u			no-source;p1;fallback
返	u			no-source;p1;fallback
、	u			no-source;p1;fallback
緊	u			no-source;p1;fallback
野	u			no-source;p1;fallback
吓	u			no-source;p1;fallback
行	u			no-source;p1;fallback
起	u			no-source;p1;fallback
小	u			no-source;p1;fallback
次	u			no-source;p1;fallback
回覆日期	u			no-source;p1;fallback
女	u			no-source;p1;fallback
晒	u			no-source;p1;fallback
俊俊	u			no-source;p1;fallback
張	u			no-source;p1;fallback
涼	u			no-source;p1;fallback
我同	u			no-source;p1;fallback
低	u			no-source;p1;fallback
芷純	u			no-source;p1;fallback
我講	u			no-source;p1;fallback
長	u			no-source;p1;fallback
都是	u			no-source;p1;fallback
車車	u			no-source;p1;fallback
小貞	u			no-source;p1;fallback
本	u			no-source;p1;fallback
我望	u			no-source;p1;fallback
細	u			no-source;p1;fallback
果	u			no-source;p1;fallback
我要	u			no-source;p1;fallback
我個	u			no-source;p1;fallback
姐	u			no-source;p1;fallback
我會	u			no-source;p1;fallback
有個	u			no-source;p1;fallback
謙謙	u			no-source;p1;fallback
男	u			no-source;p1;fallback
特別	u			no-source;p1;fallback
床	u			no-source;p1;fallback
很多	u			no-source;p1;fallback
皓臻	u			no-source;p1;fallback
記	u			no-source;p1;fallback
明	u			no-source;p1;fallback
一望	u			no-source;p1;fallback
也是	u			no-source;p1;fallback
生	u			no-source;p1;fallback
阿心	u			no-source;p1;fallback
舊	u			no-source;p1;fallback
我地	u			no-source;p1;fallback
三葉	u			no-source;p1;fallback
我問	u			no-source;p1;fallback
咗個	u			no-source;p1;fallback
的人	u			no-source;p1;fallback
一聲	u			no-source;p1;fallback
返到	u			no-source;p1;fallback
郁	u			no-source;p1;fallback
阿明	u			no-source;p1;fallback
溼	u			no-source;p1;fallback
番鹼	u			no-source;p1;fallback
我話	u			no-source;p1;fallback
你講	u			no-source;p1;fallback
方	u			no-source;p1;fallback
當我	u			no-source;p1;fallback
一句	u			no-source;p1;fallback
一種	u			no-source;p1;fallback
阿政	u			no-source;p1;fallback
我的	u			no-source;p1;fallback
一條	u			no-source;p1;fallback
遠	u			no-source;p1;fallback
個樣	u			no-source;p1;fallback
影	u			no-source;p1;fallback
我知	u			no-source;p1;fallback
你的	u			no-source;p1;fallback
嘅人	u			no-source;p1;fallback
變得	u			no-source;p1;fallback
詩音	u			no-source;p1;fallback
貓貓	u			no-source;p1;fallback
游	u			no-source;p1;fallback
講到	u			no-source;p1;fallback
好的	u			no-source;p1;fallback
鐘意	u			no-source;p1;fallback
內	u			no-source;p1;fallback
紅	u			no-source;p1;fallback
近	u			no-source;p1;fallback
我仲	u			no-source;p1;fallback
魔	u			no-source;p1;fallback
問我	u			no-source;p1;fallback
三個	u			no-source;p1;fallback
我點	u			no-source;p1;fallback
嘉琪	u			no-source;p1;fallback
檯	u			no-source;p1;fallback
一間	u			no-source;p1;fallback
中的	u			no-source;p1;fallback
交	u			no-source;p1;fallback
工	u			no-source;p1;fallback
准	u			no-source;p1;fallback
利利	u			no-source;p1;fallback
一件	u			no-source;p1;fallback
我用	u			no-source;p1;fallback
軒轅	u			no-source;p1;fallback
他的	u			no-source;p1;fallback
我將	u			no-source;p1;fallback
個頭	u			no-source;p1;fallback
阿文	u			no-source;p1;fallback
無事	u			no-source;p1;fallback
仆	u			no-source;p1;fallback
小熙	u			no-source;p1;fallback
雙	u			no-source;p1;fallback
行到	u			no-source;p1;fallback
今	u			no-source;p1;fallback
硬	u			no-source;p1;fallback
阿南	u			no-source;p1;fallback
嘅事	u			no-source;p1;fallback
深	u			no-source;p1;fallback
暖	u			no-source;p1;fallback
熟	u			no-source;p1;fallback
應	u			no-source;p1;fallback
急	u			no-source;p1;fallback
到了	u			no-source;p1;fallback
阿嘉	u			no-source;p1;fallback
讓我	u			no-source;p1;fallback
雪琪	u			no-source;p1;fallback
一笑	u			no-source;p1;fallback
去邊	u			no-source;p1;fallback
星華	u			no-source;p1;fallback
講得	u			no-source;p1;fallback
好了	u			no-source;p1;fallback
外	u			no-source;p1;fallback
時侯	u			no-source;p1;fallback
遲	u			no-source;p1;fallback
一年	u			no-source;p1;fallback
我是	u			no-source;p1;fallback
扑	u			no-source;p1;fallback
來說	u			no-source;p1;fallback
子	u			no-source;p1;fallback
阿晴	u			no-source;p1;fallback
一張	u			no-source;p1;fallback
我行	u			no-source;p1;fallback
宜家	u			no-source;p1;fallback
我也	u			no-source;p1;fallback
書書	u			no-source;p1;fallback
輸	u			no-source;p1;fallback
音	u			no-source;p1;fallback
也不	u			no-source;p1;fallback
也有	u			no-source;p1;fallback
𥄫	u			no-source;p1;fallback
嚇到	u			no-source;p1;fallback
天凡	u			no-source;p1;fallback
岩	u			no-source;p1;fallback
星儀	u			no-source;p1;fallback
一份	u			no-source;p1;fallback
都有	u			no-source;p1;fallback
無錯	u			no-source;p1;fallback
單	u			no-source;p1;fallback
寶萱	u			no-source;p1;fallback
我心	u			no-source;p1;fallback
一臉	u			no-source;p1;fallback
是個	u			no-source;p1;fallback
小柔	u			no-source;p1;fallback
輕	u			no-source;p1;fallback
上的	u			no-source;p1;fallback
先會	u			no-source;p1;fallback
小海	u			no-source;p1;fallback
文	u			no-source;p1;fallback
哈哈哈	u			no-source;p1;fallback
詩詩	u			no-source;p1;fallback
嘉浩	u			no-source;p1;fallback
幹嘛	u			no-source;p1;fallback
我先	u			no-source;p1;fallback
止	u			no-source;p1;fallback
呼	u			no-source;p1;fallback
一位	u			no-source;p1;fallback
令人	u			no-source;p1;fallback
那是	u			no-source;p1;fallback
清	u			no-source;p1;fallback
巨龍	u			no-source;p1;fallback
擡頭	u			no-source;p1;fallback
癡線	u			no-source;p1;fallback
銀茹	u			no-source;p1;fallback
我估	u			no-source;p1;fallback
阿銘	u			no-source;p1;fallback
好心	u			no-source;p1;fallback
因	u			no-source;p1;fallback
想點	u			no-source;p1;fallback
金零	u			no-source;p1;fallback
我就	u			no-source;p1;fallback
新的	u			no-source;p1;fallback
美	u			no-source;p1;fallback
讓人	u			no-source;p1;fallback
公	u			no-source;p1;fallback
麥當奴	u			no-source;p1;fallback
兒	u			no-source;p1;fallback
同個	u			no-source;p1;fallback
每個	u			no-source;p1;fallback
是啊	u			no-source;p1;fallback
看了	u			no-source;p1;fallback
量	u			no-source;p1;fallback
知點	u			no-source;p1;fallback
唔肯	u			no-source;p1;fallback
來了	u			no-source;p1;fallback
貴	u			no-source;p1;fallback
好痛	u			no-source;p1;fallback
肥龍	u			no-source;p1;fallback
不會	u			no-source;p1;fallback
小依	u			no-source;p1;fallback
兩條	u			no-source;p1;fallback
我忍	u			no-source;p1;fallback
森宿	u			no-source;p1;fallback
嵐嵐	u			no-source;p1;fallback
那就	u			no-source;p1;fallback
我想	u			no-source;p1;fallback
形	u			no-source;p1;fallback
講呢	u			no-source;p1;fallback
變到	u			no-source;p1;fallback
她的	u			no-source;p1;fallback
好快	u			no-source;p1;fallback
婆	u			no-source;p1;fallback
一見	u			no-source;p1;fallback
兩日	u			no-source;p1;fallback
神祕	u			no-source;p1;fallback
擡	u			no-source;p1;fallback
你是	u			no-source;p1;fallback
一晚	u			no-source;p1;fallback
阿詩	u			no-source;p1;fallback
去了	u			no-source;p1;fallback
好難	u			no-source;p1;fallback
講啦	u			no-source;p1;fallback
十年	u			no-source;p1;fallback
莎莎	u			no-source;p1;fallback
您的	u			no-source;p1;fallback
咗落	u			no-source;p1;fallback
白石鎮	u			no-source;p1;fallback
講返	u			no-source;p1;fallback
不乖	u			no-source;p1;fallback
你點	u			no-source;p1;fallback
兩位	u			no-source;p1;fallback
物	u			no-source;p1;fallback
弊	u			no-source;p1;fallback
我入	u			no-source;p1;fallback
好大	u			no-source;p1;fallback
返個	u			no-source;p1;fallback
咗嚟	u			no-source;p1;fallback
四個	u			no-source;p1;fallback
巨哥	u			no-source;p1;fallback
個陣	u			no-source;p1;fallback
地說	u			no-source;p1;fallback
阿龍	u			no-source;p1;fallback
的事	u			no-source;p1;fallback
是在	u			no-source;p1;fallback
林布	u			no-source;p1;fallback
過我	u			no-source;p1;fallback
也就	u			no-source;p1;fallback
放在	u			no-source;p1;fallback
一班	u			no-source;p1;fallback
我在	u			no-source;p1;fallback
讓你	u			no-source;p1;fallback
都在	u			no-source;p1;fallback
思哥	u			no-source;p1;fallback
眼訓	u			no-source;p1;fallback
阿洛	u			no-source;p1;fallback
周景臻	u			no-source;p1;fallback
想講	u			no-source;p1;fallback
地要	u			no-source;p1;fallback
條線	u			no-source;p1;fallback
講我	u			no-source;p1;fallback
都要	u			no-source;p1;fallback
成了	u			no-source;p1;fallback
蘭卡特	u			no-source;p1;fallback
又點	u			no-source;p1;fallback
耳邊	u			no-source;p1;fallback
話說	u			no-source;p1;fallback
也會	u			no-source;p1;fallback
我怕	u			no-source;p1;fallback
阿俊	u			no-source;p1;fallback
阿盈	u			no-source;p1;fallback
也要	u			no-source;p1;fallback
就像	u			no-source;p1;fallback
兩年	u			no-source;p1;fallback
太多	u			no-source;p1;fallback
沈澈	u			no-source;p1;fallback
都不	u			no-source;p1;fallback
我嗰	u			no-source;p1;fallback
我不	u			no-source;p1;fallback
張床	u			no-source;p1;fallback
香香	u			no-source;p1;fallback
人會	u			no-source;p1;fallback
幫到	u			no-source;p1;fallback
講咗句	u			no-source;p1;fallback
伏	u			no-source;p1;fallback
咳咳	u			no-source;p1;fallback
做了	u			no-source;p1;fallback
幫我	u			no-source;p1;fallback
對了	u			no-source;p1;fallback
一支	u			no-source;p1;fallback
將個	u			no-source;p1;fallback
靈風	u			no-source;p1;fallback
一拳	u			no-source;p1;fallback
兔兔	u			no-source;p1;fallback
來看	u			no-source;p1;fallback
京香	u			no-source;p1;fallback
言	u			no-source;p1;fallback
過咗	u			no-source;p1;fallback
買了	u			no-source;p1;fallback
是一種	u			no-source;p1;fallback
個心	u			no-source;p1;fallback
落到	u			no-source;p1;fallback
更多的	u			no-source;p1;fallback
人的	u			no-source;p1;fallback
就將	u			no-source;p1;fallback
我條	u			no-source;p1;fallback
王胤瀅	u			no-source;p1;fallback
有了	u			no-source;p1;fallback
我嚟	u			no-source;p1;fallback
菲兒	u			no-source;p1;fallback
過得	u			no-source;p1;fallback
一人	u			no-source;p1;fallback
丫嘛	u			no-source;p1;fallback
咗一個	u			no-source;p1;fallback
爲食	u			no-source;p1;fallback
再問	u			no-source;p1;fallback
咗入	u			no-source;p1;fallback
蔣泳	u			no-source;p1;fallback
一睇	u			no-source;p1;fallback
再望	u			no-source;p1;fallback
大樹	u			no-source;p1;fallback
成班	u			no-source;p1;fallback
這是	u			no-source;p1;fallback
非	u			no-source;p1;fallback
手仔	u			no-source;p1;fallback
架車	u			no-source;p1;fallback
雙腳	u			no-source;p1;fallback
多了	u			no-source;p1;fallback
最大的	u			no-source;p1;fallback
它的	u			no-source;p1;fallback
就在	u			no-source;p1;fallback
你識	u			no-source;p1;fallback
凌嘯峰	u			no-source;p1;fallback
地講	u			no-source;p1;fallback
就連	u			no-source;p1;fallback
一入	u			no-source;p1;fallback
扑嘢	u			no-source;p1;fallback
打到	u			no-source;p1;fallback
無用	u			no-source;p1;fallback
王源	u			no-source;p1;fallback
不懂	u			no-source;p1;fallback
地個	u			no-source;p1;fallback
你要	u			no-source;p1;fallback
小燁	u			no-source;p1;fallback
鍼	u			no-source;p1;fallback
走了	u			no-source;p1;fallback
又是	u			no-source;p1;fallback
纔是	u			no-source;p1;fallback
地會	u			no-source;p1;fallback
小明	u			no-source;p1;fallback
歐子	u			no-source;p1;fallback
縮	u			no-source;p1;fallback
大盤	u			no-source;p1;fallback
時話	u			no-source;p1;fallback
就能	u			no-source;p1;fallback
白波	u			no-source;p1;fallback
嘻嘻	u			no-source;p1;fallback
好吧	u			no-source;p1;fallback
一講	u			no-source;p1;fallback
二哥	u			no-source;p1;fallback
你問	u			no-source;p1;fallback
就問	u			no-source;p1;fallback
講出	u			no-source;p1;fallback
雷米	u			no-source;p1;fallback
你說	u			no-source;p1;fallback
發叔	u			no-source;p1;fallback
紅鈴	u			no-source;p1;fallback
良生	u			no-source;p1;fallback
講咗	u			no-source;p1;fallback
讓他	u			no-source;p1;fallback
也沒	u			no-source;p1;fallback
就響	u			no-source;p1;fallback
變返	u			no-source;p1;fallback
站在	u			no-source;p1;fallback
企咗	u			no-source;p1;fallback
出到	u			no-source;p1;fallback
樣嘢	u			no-source;p1;fallback
走到	u			no-source;p1;fallback
雪菲兒	u			no-source;p1;fallback
我說	u			no-source;p1;fallback
個妹	u			no-source;p1;fallback
地行	u			no-source;p1;fallback
邪	u			no-source;p1;fallback
我間	u			no-source;p1;fallback
打個	u			no-source;p1;fallback
鳳初	u			no-source;p1;fallback
給他	u			no-source;p1;fallback
就不	u			no-source;p1;fallback
我訓	u			no-source;p1;fallback
靚妹	u			no-source;p1;fallback
鞋仔	u			no-source;p1;fallback
出了	u			no-source;p1;fallback
你就	u			no-source;p1;fallback
就有	u			no-source;p1;fallback
嘢都	u			no-source;p1;fallback
威廉	u			no-source;p1;fallback
余	u			no-source;p1;fallback
几	u			no-source;p1;fallback
埋個	u			no-source;p1;fallback
對波	u			no-source;p1;fallback
我部	u			no-source;p1;fallback
扮汗	u			no-source;p1;fallback
粗	u			no-source;p1;fallback
街街	u			no-source;p1;fallback
坐在	u			no-source;p1;fallback
大黃貓	u			no-source;p1;fallback
張相	u			no-source;p1;fallback
我仲有	u			no-source;p1;fallback
片片	u			no-source;p1;fallback
很有	u			no-source;p1;fallback
一輪	u			no-source;p1;fallback
怨	u			no-source;p1;fallback
成件	u			no-source;p1;fallback
知㗎	u			no-source;p1;fallback
腳仔	u			no-source;p1;fallback
兩天	u			no-source;p1;fallback
一隻	u			no-source;p1;fallback
咗一下	u			no-source;p1;fallback
我連	u			no-source;p1;fallback
泳茹	u			no-source;p1;fallback
賤	u			no-source;p1;fallback
邊到	u			no-source;p1;fallback
仲會	u			no-source;p1;fallback
經	u			no-source;p1;fallback
貧大宅	u			no-source;p1;fallback
峰	u			no-source;p1;fallback
幫人	u			no-source;p1;fallback
張紙	u			no-source;p1;fallback
農	u			no-source;p1;fallback
地問	u			no-source;p1;fallback
我道	u			no-source;p1;fallback
淺	u			no-source;p1;fallback
阿土	u			no-source;p1;fallback
萬元	u			no-source;p1;fallback
說了	u			no-source;p1;fallback
一到	u			no-source;p1;fallback
一層	u			no-source;p1;fallback
一股	u			no-source;p1;fallback
兩次	u			no-source;p1;fallback
單止	u			no-source;p1;fallback
帽帽	u			no-source;p1;fallback
燈燈	u			no-source;p1;fallback
罰	u			no-source;p1;fallback
跟我	u			no-source;p1;fallback
三年	u			no-source;p1;fallback
吳非	u			no-source;p1;fallback
唇	u			no-source;p1;fallback
目	u			no-source;p1;fallback
都能	u			no-source;p1;fallback
我答	u			no-source;p1;fallback
所講	u			no-source;p1;fallback
條路	u			no-source;p1;fallback
知有	u			no-source;p1;fallback
豪叔	u			no-source;p1;fallback
這種	u			no-source;p1;fallback
是我	u			no-source;p1;fallback
我仲未	u			no-source;p1;fallback
無諗過	u			no-source;p1;fallback
用手	u			no-source;p1;fallback
魚魚	u			no-source;p1;fallback
到死	u			no-source;p1;fallback
問道	u			no-source;p1;fallback
就會	u			no-source;p1;fallback
我輕輕	u			no-source;p1;fallback
杰	u			no-source;p1;fallback
次見	u			no-source;p1;fallback
薄	u			no-source;p1;fallback
對我	u			no-source;p1;fallback
模塊	u			no-source;p1;fallback
六姨	u			no-source;p1;fallback
我返	u			no-source;p1;fallback
畀個	u			no-source;p1;fallback
阿輝	u			no-source;p1;fallback
做的	u			no-source;p1;fallback
先講	u			no-source;p1;fallback
死了	u			no-source;p1;fallback
眼望	u			no-source;p1;fallback
講埋	u			no-source;p1;fallback
連我	u			no-source;p1;fallback
幫你	u			no-source;p1;fallback
都沒	u			no-source;p1;fallback
跟你	u			no-source;p1;fallback
一名	u			no-source;p1;fallback
一招	u			no-source;p1;fallback
咗張	u			no-source;p1;fallback
幼	u			no-source;p1;fallback
而不是	u			no-source;p1;fallback
個腦	u			no-source;p1;fallback
咗條	u			no-source;p1;fallback
地三個	u			no-source;p1;fallback
思聽	u			no-source;p1;fallback
會令	u			no-source;p1;fallback
畫到	u			no-source;p1;fallback
白石	u			no-source;p1;fallback
檯面	u			no-source;p1;fallback
你在	u			no-source;p1;fallback
地望	u			no-source;p1;fallback
完涼	u			no-source;p1;fallback
強大	u			no-source;p1;fallback
易面	u			no-source;p1;fallback
一把	u			no-source;p1;fallback
他說	u			no-source;p1;fallback
我成	u			no-source;p1;fallback
花花	u			no-source;p1;fallback
講錯	u			no-source;p1;fallback
凳凳	u			no-source;p1;fallback
小貞同	u			no-source;p1;fallback
我明	u			no-source;p1;fallback
條命	u			no-source;p1;fallback
水水	u			no-source;p1;fallback
澄澄	u			no-source;p1;fallback
義	u			no-source;p1;fallback
最好的	u			no-source;p1;fallback
還不	u			no-source;p1;fallback
你當	u			no-source;p1;fallback
偏	u			no-source;p1;fallback
做緊	u			no-source;p1;fallback
全班	u			no-source;p1;fallback
兩人	u			no-source;p1;fallback
看着	u			no-source;p1;fallback
腳腳	u			no-source;p1;fallback
靈兒	u			no-source;p1;fallback
喫了	u			no-source;p1;fallback
全市	u			no-source;p1;fallback
一滴	u			no-source;p1;fallback
五個	u			no-source;p1;fallback
依句	u			no-source;p1;fallback
個名	u			no-source;p1;fallback
思語	u			no-source;p1;fallback
搵錢	u			no-source;p1;fallback
有陣	u			no-source;p1;fallback
條褲	u			no-source;p1;fallback
異	u			no-source;p1;fallback
訓醒	u			no-source;p1;fallback
我都	u			no-source;p1;fallback
和你	u			no-source;p1;fallback
你也	u			no-source;p1;fallback
寫的	u			no-source;p1;fallback
后	u			no-source;p1;fallback
我企	u			no-source;p1;fallback
我度	u			no-source;p1;fallback
會點	u			no-source;p1;fallback
當你	u			no-source;p1;fallback
白眼	u			no-source;p1;fallback
行入	u			no-source;p1;fallback
豬豬	u			no-source;p1;fallback
走入	u			no-source;p1;fallback
黑衣人	u			no-source;p1;fallback
本站	u			no-source;p1;fallback
但我	u			no-source;p1;fallback
好象	u			no-source;p1;fallback
傳黎	u			no-source;p1;fallback
好悶	u			no-source;p1;fallback
就當	u			no-source;p1;fallback
船船	u			no-source;p1;fallback
食到	u			no-source;p1;fallback
首歌	u			no-source;p1;fallback
兩個人	u			no-source;p1;fallback
三日	u			no-source;p1;fallback
我邊	u			no-source;p1;fallback
無幾耐	u			no-source;p1;fallback
真㗎	u			no-source;p1;fallback
訓覺	u			no-source;p1;fallback
說罷	u			no-source;p1;fallback
利於	u			no-source;p1;fallback
日誌	u			no-source;p1;fallback
今個	u			no-source;p1;fallback
伊曼	u			no-source;p1;fallback
半個	u			no-source;p1;fallback
同小貞	u			no-source;p1;fallback
希仔	u			no-source;p1;fallback
我身	u			no-source;p1;fallback
有條	u			no-source;p1;fallback
阿金	u			no-source;p1;fallback
他是	u			no-source;p1;fallback
了嗎	u			no-source;p1;fallback
也能	u			no-source;p1;fallback
這款	u			no-source;p1;fallback
主	u			no-source;p1;fallback
人知	u			no-source;p1;fallback
嗰邊	u			no-source;p1;fallback
塊面	u			no-source;p1;fallback
成間	u			no-source;p1;fallback
晨哥	u			no-source;p1;fallback
杏堂	u			no-source;p1;fallback
條仔	u			no-source;p1;fallback
說的	u			no-source;p1;fallback
一架	u			no-source;p1;fallback
人同	u			no-source;p1;fallback
依間	u			no-source;p1;fallback
再用	u			no-source;p1;fallback
半個鐘	u			no-source;p1;fallback
右行	u			no-source;p1;fallback
咗一聲	u			no-source;p1;fallback
咗線	u			no-source;p1;fallback
嘉穎	u			no-source;p1;fallback
尚健	u			no-source;p1;fallback
我食	u			no-source;p1;fallback
每一次	u			no-source;p1;fallback
群	u			no-source;p1;fallback
講呀	u			no-source;p1;fallback
閒	u			no-source;p1;fallback
看你	u			no-source;p1;fallback
又有	u			no-source;p1;fallback
纔會	u			no-source;p1;fallback
更爲	u			no-source;p1;fallback
一舊	u			no-source;p1;fallback
咸	u			no-source;p1;fallback
小木魚	u			no-source;p1;fallback
正想	u			no-source;p1;fallback
糖糖	u			no-source;p1;fallback
阿玲	u			no-source;p1;fallback
本網	u			no-source;p1;fallback
這麼多	u			no-source;p1;fallback
比我	u			no-source;p1;fallback
一粒	u			no-source;p1;fallback
一腳	u			no-source;p1;fallback
也在	u			no-source;p1;fallback
好熱	u			no-source;p1;fallback
完飯	u			no-source;p1;fallback
幾句	u			no-source;p1;fallback
我想問	u			no-source;p1;fallback
手手	u			no-source;p1;fallback
條路線	u			no-source;p1;fallback
阿志	u			no-source;p1;fallback
黑妹	u			no-source;p1;fallback
歲的	u			no-source;p1;fallback
在此	u			no-source;p1;fallback
沒有什麼	u			no-source;p1;fallback
說是	u			no-source;p1;fallback
模板	u			no-source;p1;fallback
要不要	u			no-source;p1;fallback
和我	u			no-source;p1;fallback
一對	u			no-source;p1;fallback
好煩	u			no-source;p1;fallback
思講	u			no-source;p1;fallback
我並	u			no-source;p1;fallback
玩緊	u			no-source;p1;fallback
講句	u			no-source;p1;fallback
是指	u			no-source;p1;fallback
那就是	u			no-source;p1;fallback
把我	u			no-source;p1;fallback
還得	u			no-source;p1;fallback
很高	u			no-source;p1;fallback
將在	u			no-source;p1;fallback
入房	u			no-source;p1;fallback
咗件	u			no-source;p1;fallback
嘢講	u			no-source;p1;fallback
張彥	u			no-source;p1;fallback
成條	u			no-source;p1;fallback
每一	u			no-source;p1;fallback
突如	u			no-source;p1;fallback
大連	u			no-source;p1;fallback
每個人	u			no-source;p1;fallback
全省	u			no-source;p1;fallback
賬戶	u			no-source;p1;fallback
請您	u			no-source;p1;fallback
人講	u			no-source;p1;fallback
他在	u			no-source;p1;fallback
包包	u			no-source;p1;fallback
士	u			no-source;p1;fallback
愛我	u			no-source;p1;fallback
搖搖頭	u			no-source;p1;fallback
晴晴	u			no-source;p1;fallback
訓教	u			no-source;p1;fallback
話晒	u			no-source;p1;fallback
講個	u			no-source;p1;fallback
插件	u			no-source;p1;fallback
我看	u			no-source;p1;fallback
也很	u			no-source;p1;fallback
等着	u			no-source;p1;fallback
是從	u			no-source;p1;fallback
黨的	u			no-source;p1;fallback
是不	u			no-source;p1;fallback
是誰	u			no-source;p1;fallback
說說	u			no-source;p1;fallback
上了	u			no-source;p1;fallback
一段時間	u			no-source;p1;fallback
一大堆	u			no-source;p1;fallback
好慘	u			no-source;p1;fallback
提碑	u			no-source;p1;fallback
星月	u			no-source;p1;fallback
知講	u			no-source;p1;fallback
美麗	u			no-source;p1;fallback
豪仔	u			no-source;p1;fallback
要有	u			no-source;p1;fallback
下了	u			no-source;p1;fallback
一吓	u			no-source;p1;fallback
人群	u			no-source;p1;fallback
哩樣	u			no-source;p1;fallback
嗰間	u			no-source;p1;fallback
回事	u			no-source;p1;fallback
要講	u			no-source;p1;fallback
返入	u			no-source;p1;fallback
沒錢	u			no-source;p1;fallback
你有	u			no-source;p1;fallback
溼潤	u			no-source;p1;fallback
較高	u			no-source;p1;fallback
做什麼	u			no-source;p1;fallback
一臺	u			no-source;p1;fallback
上行	u			no-source;p1;fallback
依件	u			no-source;p1;fallback
北山	u			no-source;p1;fallback
哈哈哈哈	u			no-source;p1;fallback
安	u			no-source;p1;fallback
心裡面	u			no-source;p1;fallback
機機	u			no-source;p1;fallback
行返	u			no-source;p1;fallback
衝入	u			no-source;p1;fallback
阿信	u			no-source;p1;fallback
靈力	u			no-source;p1;fallback
食食	u			no-source;p1;fallback
我市	u			no-source;p1;fallback
還行	u			no-source;p1;fallback
好不好	u			no-source;p1;fallback
的新	u			no-source;p1;fallback
很好的	u			no-source;p1;fallback
讓她	u			no-source;p1;fallback
先有	u			no-source;p1;fallback
再加	u			no-source;p1;fallback
前行	u			no-source;p1;fallback
好多嘢	u			no-source;p1;fallback
就夠	u			no-source;p1;fallback
展文	u			no-source;p1;fallback
心怡	u			no-source;p1;fallback
胸前	u			no-source;p1;fallback
著著	u			no-source;p1;fallback
貧	u			no-source;p1;fallback
起個	u			no-source;p1;fallback
阿傑	u			no-source;p1;fallback
雙腿	u			no-source;p1;fallback
年的	u			no-source;p1;fallback
在這	u			no-source;p1;fallback
對你	u			no-source;p1;fallback
買的	u			no-source;p1;fallback
的是	u			no-source;p1;fallback
很容易	u			no-source;p1;fallback
塊錢	u			no-source;p1;fallback
一個鐘	u			no-source;p1;fallback
一摸	u			no-source;p1;fallback
你條	u			no-source;p1;fallback
又講	u			no-source;p1;fallback
嘉嘉	u			no-source;p1;fallback
就講	u			no-source;p1;fallback
成病	u			no-source;p1;fallback
日本妹	u			no-source;p1;fallback
梁曉晴	u			no-source;p1;fallback
注定	u			no-source;p1;fallback
淡淡	u			no-source;p1;fallback
紅都面	u			no-source;p1;fallback
講唔	u			no-source;p1;fallback
轉個	u			no-source;p1;fallback
是嗎	u			no-source;p1;fallback
的心	u			no-source;p1;fallback
把它	u			no-source;p1;fallback
又要	u			no-source;p1;fallback
哪有	u			no-source;p1;fallback
傳心	u			no-source;p1;fallback
呢條	u			no-source;p1;fallback
咗陣	u			no-source;p1;fallback
咗響	u			no-source;p1;fallback
文傑	u			no-source;p1;fallback
會講	u			no-source;p1;fallback
無講	u			no-source;p1;fallback
諸葛象	u			no-source;p1;fallback
是要	u			no-source;p1;fallback
你不	u			no-source;p1;fallback
新浪	u			no-source;p1;fallback
來的	u			no-source;p1;fallback
是由	u			no-source;p1;fallback
好嗎	u			no-source;p1;fallback
在我	u			no-source;p1;fallback
老蔫	u			no-source;p1;fallback
一樓	u			no-source;p1;fallback
一聽	u			no-source;p1;fallback
上到	u			no-source;p1;fallback
下回	u			no-source;p1;fallback
余二十	u			no-source;p1;fallback
依位	u			no-source;p1;fallback
問你	u			no-source;p1;fallback
幾有	u			no-source;p1;fallback
憂店	u			no-source;p1;fallback
打落	u			no-source;p1;fallback
會有	u			no-source;p1;fallback
會變	u			no-source;p1;fallback
詠雯	u			no-source;p1;fallback
講晒	u			no-source;p1;fallback
豆豆	u			no-source;p1;fallback
過你	u			no-source;p1;fallback
驚到	u			no-source;p1;fallback
是你	u			no-source;p1;fallback
這部	u			no-source;p1;fallback
給她	u			no-source;p1;fallback
纔有	u			no-source;p1;fallback
你看	u			no-source;p1;fallback
客戶端	u			no-source;p1;fallback
都很	u			no-source;p1;fallback
小貞好	u			no-source;p1;fallback
巨熊	u			no-source;p1;fallback
張家琪	u			no-source;p1;fallback
行近	u			no-source;p1;fallback
阿嵐	u			no-source;p1;fallback
餅餅	u			no-source;p1;fallback
把你	u			no-source;p1;fallback
更好地	u			no-source;p1;fallback
最重要的	u			no-source;p1;fallback
這也是	u			no-source;p1;fallback
支付寶	u			no-source;p1;fallback
漲停	u			no-source;p1;fallback
很大的	u			no-source;p1;fallback
之處	u			no-source;p1;fallback
咗成	u			no-source;p1;fallback
太遲	u			no-source;p1;fallback
好長	u			no-source;p1;fallback
幾秒	u			no-source;p1;fallback
我仲好	u			no-source;p1;fallback
我攬	u			no-source;p1;fallback
抽出	u			no-source;p1;fallback
望到	u			no-source;p1;fallback
李天	u			no-source;p1;fallback
袋袋	u			no-source;p1;fallback
講都	u			no-source;p1;fallback
點幾	u			no-source;p1;fallback
的一種	u			no-source;p1;fallback
越來越多	u			no-source;p1;fallback
等你	u			no-source;p1;fallback
這點	u			no-source;p1;fallback
拿着	u			no-source;p1;fallback
啥子	u			no-source;p1;fallback
的基礎上	u			no-source;p1;fallback
已有	u			no-source;p1;fallback
我也是	u			no-source;p1;fallback
調用	u			no-source;p1;fallback
不讓	u			no-source;p1;fallback
一出	u			no-source;p1;fallback
一提	u			no-source;p1;fallback
人㗎	u			no-source;p1;fallback
兩句	u			no-source;p1;fallback
同雪琪	u			no-source;p1;fallback
小貓	u			no-source;p1;fallback
巨乳	u			no-source;p1;fallback
思個	u			no-source;p1;fallback
我件	u			no-source;p1;fallback
我嚇	u			no-source;p1;fallback
政仔	u			no-source;p1;fallback
有樣	u			no-source;p1;fallback
望着	u			no-source;p1;fallback
琴琴	u			no-source;p1;fallback
用口	u			no-source;p1;fallback
畀小貞	u			no-source;p1;fallback
翠詩	u			no-source;p1;fallback
關你事	u			no-source;p1;fallback
高高	u			no-source;p1;fallback
魔風	u			no-source;p1;fallback
的錢	u			no-source;p1;fallback
這句話	u			no-source;p1;fallback
所說	u			no-source;p1;fallback
一羣	u			no-source;p1;fallback
你能	u			no-source;p1;fallback
億元	u			no-source;p1;fallback
寧波	u			no-source;p1;fallback
發動機	u			no-source;p1;fallback
要把	u			no-source;p1;fallback
抱着	u			no-source;p1;fallback
仲講	u			no-source;p1;fallback
低域	u			no-source;p1;fallback
住部	u			no-source;p1;fallback
依到	u			no-source;p1;fallback
兩個鐘	u			no-source;p1;fallback
咗人	u			no-source;p1;fallback
哩度	u			no-source;p1;fallback
套戲	u			no-source;p1;fallback
張俊謙	u			no-source;p1;fallback
忠	u			no-source;p1;fallback
我仲要	u			no-source;p1;fallback
我塊面	u			no-source;p1;fallback
易面容	u			no-source;p1;fallback
窗外	u			no-source;p1;fallback
符紙	u			no-source;p1;fallback
行得	u			no-source;p1;fallback
裙裙	u			no-source;p1;fallback
要將	u			no-source;p1;fallback
講喇	u			no-source;p1;fallback
講講	u			no-source;p1;fallback
返房	u			no-source;p1;fallback
好啊	u			no-source;p1;fallback
會在	u			no-source;p1;fallback
報表	u			no-source;p1;fallback
很喜歡	u			no-source;p1;fallback
沒有任何	u			no-source;p1;fallback
三星	u			no-source;p1;fallback
去看	u			no-source;p1;fallback
人都	u			no-source;p1;fallback
你記	u			no-source;p1;fallback
個天	u			no-source;p1;fallback
先算	u			no-source;p1;fallback
利	u			no-source;p1;fallback
咗部	u			no-source;p1;fallback
地將	u			no-source;p1;fallback
地用	u			no-source;p1;fallback
埋眼	u			no-source;p1;fallback
多人	u			no-source;p1;fallback
夠啦	u			no-source;p1;fallback
婉玲	u			no-source;p1;fallback
寧風	u			no-source;p1;fallback
我扮	u			no-source;p1;fallback
敏姨	u			no-source;p1;fallback
條頸	u			no-source;p1;fallback
由細到	u			no-source;p1;fallback
